epoch,loss,lr
1,476.5545349121094,0.003000000026077032
2,461.396484375,0.003000000026077032
3,446.48419189453125,0.003000000026077032
4,431.81756591796875,0.003000000026077032
5,417.39697265625,0.003000000026077032
6,403.2220153808594,0.003000000026077032
7,389.2928161621094,0.003000000026077032
8,375.6095275878906,0.003000000026077032
9,362.171875,0.003000000026077032
10,348.97998046875,0.003000000026077032
11,336.03387451171875,0.003000000026077032
12,323.33355712890625,0.003000000026077032
13,310.87890625,0.003000000026077032
14,298.6700134277344,0.003000000026077032
15,286.70684814453125,0.003000000026077032
16,274.98931884765625,0.003000000026077032
17,263.5175476074219,0.003000000026077032
18,252.29153442382812,0.003000000026077032
19,241.3112335205078,0.003000000026077032
20,230.5765380859375,0.003000000026077032
21,220.0876007080078,0.003000000026077032
22,209.84432983398438,0.003000000026077032
23,199.8468017578125,0.003000000026077032
24,190.09494018554688,0.003000000026077032
25,180.5888214111328,0.003000000026077032
26,171.32839965820312,0.003000000026077032
27,162.3136749267578,0.003000000026077032
28,153.5446319580078,0.003000000026077032
29,145.02133178710938,0.003000000026077032
30,136.7436981201172,0.003000000026077032
31,128.71176147460938,0.003000000026077032
32,120.92559814453125,0.003000000026077032
33,113.38516998291016,0.003000000026077032
34,106.09043884277344,0.003000000026077032
35,99.04149627685547,0.003000000026077032
36,92.23829650878906,0.003000000026077032
37,85.68086242675781,0.003000000026077032
38,79.36920166015625,0.003000000026077032
39,73.30332946777344,0.003000000026077032
40,67.48331451416016,0.003000000026077032
41,61.90912628173828,0.003000000026077032
42,56.5807991027832,0.003000000026077032
43,51.4983024597168,0.003000000026077032
44,46.66176223754883,0.003000000026077032
45,42.07111740112305,0.003000000026077032
46,37.72648620605469,0.003000000026077032
47,33.627845764160156,0.003000000026077032
48,29.775283813476562,0.003000000026077032
49,26.168811798095703,0.003000000026077032
50,22.80852699279785,0.003000000026077032
51,19.6944580078125,0.003000000026077032
52,16.82671356201172,0.003000000026077032
53,14.2053804397583,0.003000000026077032
54,11.830560684204102,0.003000000026077032
55,9.70237922668457,0.003000000026077032
56,7.820992946624756,0.003000000026077032
57,6.186606407165527,0.003000000026077032
58,4.799460411071777,0.003000000026077032
59,3.6598708629608154,0.003000000026077032
60,2.7682647705078125,0.003000000026077032
61,2.1252384185791016,0.003000000026077032
62,1.7317206859588623,0.003000000026077032
63,1.5892219543457031,0.003000000026077032
64,1.67486572265625,0.003000000026077032
65,1.8973945379257202,0.003000000026077032
66,2.165680408477783,0.003000000026077032
67,2.4173102378845215,0.003000000026077032
68,2.613661289215088,0.003000000026077032
69,2.7344205379486084,0.003000000026077032
70,2.7729861736297607,0.003000000026077032
71,2.73270845413208,0.003000000026077032
72,2.6239867210388184,0.003000000026077032
73,2.4619197845458984,0.003000000026077032
74,2.2645809650421143,0.003000000026077032
75,2.0516326427459717,0.003000000026077032
76,1.8432576656341553,0.003000000026077032
77,1.6593574285507202,0.003000000026077032
78,1.518689751625061,0.003000000026077032
79,1.4376803636550903,0.003000000026077032
80,1.4255688190460205,0.003000000026077032
81,1.4527803659439087,0.003000000026077032
82,1.4800750017166138,0.003000000026077032
83,1.4861648082733154,0.003000000026077032
84,1.464451789855957,0.003000000026077032
85,1.418678641319275,0.003000000026077032
86,1.3596903085708618,0.003000000026077032
87,1.3029899597167969,0.003000000026077032
88,1.2661049365997314,0.003000000026077032
89,1.2557780742645264,0.003000000026077032
90,1.2563436031341553,0.003000000026077032
91,1.2518011331558228,0.003000000026077032
92,1.2340139150619507,0.003000000026077032
93,1.202001690864563,0.003000000026077032
94,1.1601696014404297,0.003000000026077032
95,1.1163899898529053,0.003000000026077032
96,1.0797746181488037,0.003000000026077032
97,1.0562783479690552,0.003000000026077032
98,1.038028597831726,0.003000000026077032
99,1.0136430263519287,0.003000000026077032
100,0.9801582098007202,0.003000000026077032
101,0.9424903988838196,0.003000000026077032
102,0.9089213609695435,0.003000000026077032
103,0.8818607330322266,0.003000000026077032
104,0.8555514216423035,0.003000000026077032
105,0.8258197903633118,0.003000000026077032
106,0.7925739288330078,0.003000000026077032
107,0.7589113116264343,0.003000000026077032
108,0.7287030816078186,0.003000000026077032
109,0.7015959620475769,0.003000000026077032
110,0.6724405288696289,0.003000000026077032
111,0.6395789384841919,0.003000000026077032
112,0.6063616871833801,0.003000000026077032
113,0.5760501027107239,0.003000000026077032
114,0.5471999645233154,0.003000000026077032
115,0.5177788734436035,0.003000000026077032
116,0.4880819320678711,0.003000000026077032
117,0.4599483907222748,0.003000000026077032
118,0.4336209297180176,0.003000000026077032
119,0.4066994786262512,0.003000000026077032
120,0.3786895275115967,0.003000000026077032
121,0.3520605266094208,0.003000000026077032
122,0.3271186947822571,0.003000000026077032
123,0.3027808964252472,0.003000000026077032
124,0.27903133630752563,0.003000000026077032
125,0.2567918598651886,0.003000000026077032
126,0.23610691726207733,0.003000000026077032
127,0.21578535437583923,0.003000000026077032
128,0.19635334610939026,0.003000000026077032
129,0.17869997024536133,0.003000000026077032
130,0.1621403992176056,0.003000000026077032
131,0.14622092247009277,0.003000000026077032
132,0.1316610872745514,0.003000000026077032
133,0.11853782832622528,0.003000000026077032
134,0.1061859130859375,0.003000000026077032
135,0.09473735094070435,0.003000000026077032
136,0.08459644019603729,0.003000000026077032
137,0.07538866251707077,0.003000000026077032
138,0.06683051586151123,0.003000000026077032
139,0.05923447757959366,0.003000000026077032
140,0.052578069269657135,0.003000000026077032
141,0.046493228524923325,0.003000000026077032
142,0.04104258865118027,0.003000000026077032
143,0.036374859511852264,0.003000000026077032
144,0.03224620968103409,0.003000000026077032
145,0.028531605377793312,0.003000000026077032
146,0.02537624165415764,0.003000000026077032
147,0.02269962802529335,0.003000000026077032
148,0.020316973328590393,0.003000000026077032
149,0.018287962302565575,0.003000000026077032
150,0.01663786917924881,0.003000000026077032
151,0.015215178951621056,0.003000000026077032
152,0.013996509835124016,0.003000000026077032
153,0.013041669502854347,0.003000000026077032
154,0.012266363017261028,0.003000000026077032
155,0.011603370308876038,0.003000000026077032
156,0.011100133880972862,0.003000000026077032
157,0.01073133759200573,0.003000000026077032
158,0.010424387641251087,0.003000000026077032
159,0.01019885204732418,0.003000000026077032
160,0.010064484551548958,0.003000000026077032
161,0.00996551476418972,0.003000000026077032
162,0.009897717274725437,0.003000000026077032
163,0.00988333486020565,0.003000000026077032
164,0.009890006855130196,0.003000000026077032
165,0.009900257922708988,0.003000000026077032
166,0.009935309179127216,0.003000000026077032
167,0.009982592426240444,0.003000000026077032
168,0.010021415539085865,0.003000000026077032
169,0.010066044516861439,0.003000000026077032
170,0.010116863064467907,0.003000000026077032
171,0.010156256146728992,0.003000000026077032
172,0.010191195644438267,0.003000000026077032
173,0.010228163562715054,0.003000000026077032
174,0.010254999622702599,0.003000000026077032
175,0.01027323305606842,0.003000000026077032
176,0.010291186161339283,0.003000000026077032
177,0.010301871225237846,0.003000000026077032
178,0.010303517803549767,0.003000000026077032
179,0.010303888469934464,0.003000000026077032
180,0.010299930348992348,0.003000000026077032
181,0.010288676247000694,0.003000000026077032
182,0.010276013985276222,0.003000000026077032
183,0.010261381976306438,0.003000000026077032
184,0.010241774842143059,0.003000000026077032
185,0.01022116094827652,0.003000000026077032
186,0.010200368240475655,0.003000000026077032
187,0.010176842100918293,0.003000000026077032
188,0.01015282142907381,0.003000000026077032
189,0.010129844769835472,0.003000000026077032
190,0.01010584644973278,0.003000000026077032
191,0.010081890039145947,0.003000000026077032
192,0.010059623047709465,0.003000000026077032
193,0.01003745011985302,0.003000000026077032
194,0.010015865787863731,0.003000000026077032
195,0.009996099397540092,0.003000000026077032
196,0.009977114386856556,0.003000000026077032
197,0.00995896477252245,0.003000000026077032
198,0.009942636825144291,0.003000000026077032
199,0.009927401319146156,0.003000000026077032
200,0.009912987239658833,0.003000000026077032
201,0.009900317527353764,0.003000000026077032
202,0.009888541884720325,0.003000000026077032
203,0.009877778589725494,0.003000000026077032
204,0.009868308901786804,0.003000000026077032
205,0.009859748184680939,0.003000000026077032
206,0.009851992130279541,0.003000000026077032
207,0.009845301508903503,0.003000000026077032
208,0.009839311242103577,0.003000000026077032
209,0.009833870455622673,0.003000000026077032
210,0.00982922688126564,0.003000000026077032
211,0.009825192391872406,0.003000000026077032
212,0.009821551851928234,0.003000000026077032
213,0.009818358346819878,0.003000000026077032
214,0.009815621189773083,0.003000000026077032
215,0.009813090786337852,0.003000000026077032
216,0.00981092918664217,0.003000000026077032
217,0.00980906467884779,0.003000000026077032
218,0.009807228110730648,0.003000000026077032
219,0.009805604815483093,0.003000000026077032
220,0.009804117493331432,0.003000000026077032
221,0.009802737273275852,0.003000000026077032
222,0.009801452048122883,0.003000000026077032
223,0.009800247848033905,0.003000000026077032
224,0.0097989272326231,0.003000000026077032
225,0.009797784499824047,0.003000000026077032
226,0.009796583093702793,0.003000000026077032
227,0.00979537796229124,0.003000000026077032
228,0.009794200770556927,0.003000000026077032
229,0.009792993776500225,0.003000000026077032
230,0.009791700169444084,0.003000000026077032
231,0.0097904521971941,0.003000000026077032
232,0.009789219126105309,0.003000000026077032
233,0.00978788174688816,0.003000000026077032
234,0.009786611422896385,0.003000000026077032
235,0.009785295464098454,0.003000000026077032
236,0.009783884510397911,0.003000000026077032
237,0.009782517328858376,0.003000000026077032
238,0.009781105443835258,0.003000000026077032
239,0.009779741056263447,0.003000000026077032
240,0.009778316132724285,0.003000000026077032
241,0.00977693684399128,0.003000000026077032
242,0.009775456972420216,0.003000000026077032
243,0.009774008765816689,0.003000000026077032
244,0.00977257639169693,0.003000000026077032
245,0.009771143086254597,0.003000000026077032
246,0.009769627824425697,0.003000000026077032
247,0.009768249467015266,0.003000000026077032
248,0.009766754694283009,0.003000000026077032
249,0.00976528413593769,0.003000000026077032
250,0.009763805195689201,0.003000000026077032
251,0.00976236630231142,0.003000000026077032
252,0.009760917164385319,0.003000000026077032
253,0.009759468026459217,0.003000000026077032
254,0.009757941588759422,0.003000000026077032
255,0.00975651852786541,0.003000000026077032
256,0.009755067527294159,0.003000000026077032
257,0.009753575548529625,0.003000000026077032
258,0.009752189740538597,0.003000000026077032
259,0.009750695899128914,0.003000000026077032
260,0.00974934734404087,0.003000000026077032
261,0.009747856296598911,0.003000000026077032
262,0.009746413677930832,0.003000000026077032
263,0.009744971059262753,0.003000000026077032
264,0.00974354986101389,0.003000000026077032
265,0.009742067195475101,0.003000000026077032
266,0.009740645997226238,0.003000000026077032
267,0.00973924994468689,0.003000000026077032
268,0.009737764485180378,0.003000000026077032
269,0.009736299514770508,0.003000000026077032
270,0.00973491556942463,0.003000000026077032
271,0.009733371436595917,0.003000000026077032
272,0.009731931611895561,0.003000000026077032
273,0.00973045639693737,0.003000000026077032
274,0.009729066863656044,0.003000000026077032
275,0.009727587923407555,0.003000000026077032
276,0.00972613226622343,0.003000000026077032
277,0.009724725037813187,0.003000000026077032
278,0.009723223745822906,0.003000000026077032
279,0.009721768088638783,0.003000000026077032
280,0.009720263071358204,0.003000000026077032
281,0.009718813002109528,0.003000000026077032
282,0.009717336855828762,0.003000000026077032
283,0.00971590168774128,0.003000000026077032
284,0.009714431129395962,0.003000000026077032
285,0.009712914004921913,0.003000000026077032
286,0.00971140805631876,0.003000000026077032
287,0.009709911420941353,0.003000000026077032
288,0.009708428755402565,0.003000000026077032
289,0.009706923738121986,0.003000000026077032
290,0.0097055584192276,0.003000000026077032
291,0.009703965857625008,0.003000000026077032
292,0.009702511131763458,0.003000000026077032
293,0.00970092136412859,0.003000000026077032
294,0.009699513204395771,0.003000000026077032
295,0.009697968140244484,0.003000000026077032
296,0.0096964780241251,0.003000000026077032
297,0.00969496089965105,0.003000000026077032
298,0.009693454019725323,0.003000000026077032
299,0.009691931307315826,0.003000000026077032
300,0.009690423496067524,0.003000000026077032
301,0.009688903577625751,0.003000000026077032
302,0.00968736968934536,0.003000000026077032
303,0.009685814380645752,0.003000000026077032
304,0.009684341959655285,0.003000000026077032
305,0.009682714939117432,0.003000000026077032
306,0.009681271389126778,0.003000000026077032
307,0.009679746814072132,0.003000000026077032
308,0.009678298607468605,0.003000000026077032
309,0.00967669952660799,0.003000000026077032
310,0.009675124660134315,0.003000000026077032
311,0.009673608466982841,0.003000000026077032
312,0.009672080166637897,0.003000000026077032
313,0.009670523926615715,0.003000000026077032
314,0.009668982587754726,0.003000000026077032
315,0.00966746173799038,0.003000000026077032
316,0.009665918536484241,0.003000000026077032
317,0.009664312936365604,0.003000000026077032
318,0.009662764146924019,0.003000000026077032
319,0.009661252610385418,0.003000000026077032
320,0.00965969543904066,0.003000000026077032
321,0.009658095426857471,0.003000000026077032
322,0.009656539186835289,0.003000000026077032
323,0.009654974564909935,0.003000000026077032
324,0.009653471410274506,0.003000000026077032
325,0.009651875123381615,0.003000000026077032
326,0.009650293737649918,0.003000000026077032
327,0.009648741222918034,0.003000000026077032
328,0.009647222235798836,0.003000000026077032
329,0.009645547717809677,0.003000000026077032
330,0.009643971920013428,0.003000000026077032
331,0.009642410092055798,0.003000000026077032
332,0.009640878066420555,0.003000000026077032
333,0.009639250114560127,0.003000000026077032
334,0.009637678042054176,0.003000000026077032
335,0.0096361069008708,0.003000000026077032
336,0.009634515270590782,0.003000000026077032
337,0.009632917121052742,0.003000000026077032
338,0.00963125005364418,0.003000000026077032
339,0.009629746899008751,0.003000000026077032
340,0.009628159925341606,0.003000000026077032
341,0.009626470506191254,0.003000000026077032
342,0.009624977596104145,0.003000000026077032
343,0.009623294696211815,0.003000000026077032
344,0.009621670469641685,0.003000000026077032
345,0.00962013192474842,0.003000000026077032
346,0.009618530981242657,0.003000000026077032
347,0.009616919793188572,0.003000000026077032
348,0.009615271352231503,0.003000000026077032
349,0.0096136424690485,0.003000000026077032
350,0.009612041525542736,0.003000000026077032
351,0.009610462002456188,0.003000000026077032
352,0.00960884802043438,0.003000000026077032
353,0.009607159532606602,0.003000000026077032
354,0.009605531580746174,0.003000000026077032
355,0.009603959508240223,0.003000000026077032
356,0.00960230641067028,0.003000000026077032
357,0.009600719437003136,0.003000000026077032
358,0.009599090553820133,0.003000000026077032
359,0.009597409516572952,0.003000000026077032
360,0.009595774114131927,0.003000000026077032
361,0.009594157338142395,0.003000000026077032
362,0.009592525660991669,0.003000000026077032
363,0.009590904228389263,0.003000000026077032
364,0.009589185938239098,0.003000000026077032
365,0.009587624110281467,0.003000000026077032
366,0.009585971012711525,0.003000000026077032
367,0.009584245271980762,0.003000000026077032
368,0.0095826406031847,0.003000000026077032
369,0.009581012651324272,0.003000000026077032
370,0.009579353034496307,0.003000000026077032
371,0.009577719494700432,0.003000000026077032
372,0.009576056152582169,0.003000000026077032
373,0.009574332274496555,0.003000000026077032
374,0.009572715498507023,0.003000000026077032
375,0.009571007452905178,0.003000000026077032
376,0.009569344110786915,0.003000000026077032
377,0.009567716158926487,0.003000000026077032
378,0.009566083550453186,0.003000000026077032
379,0.009564421139657497,0.003000000026077032
380,0.00956272054463625,0.003000000026077032
381,0.009561067447066307,0.003000000026077032
382,0.009559440426528454,0.003000000026077032
383,0.00955769419670105,0.003000000026077032
384,0.0095560597255826,0.003000000026077032
385,0.009554401971399784,0.003000000026077032
386,0.009552650153636932,0.003000000026077032
387,0.009550990536808968,0.003000000026077032
388,0.009549323469400406,0.003000000026077032
389,0.009547661989927292,0.003000000026077032
390,0.009545961394906044,0.003000000026077032
391,0.009544264525175095,0.003000000026077032
392,0.009542572312057018,0.003000000026077032
393,0.009540872648358345,0.003000000026077032
394,0.009539228864014149,0.003000000026077032
395,0.009537541307508945,0.003000000026077032
396,0.009535765275359154,0.003000000026077032
397,0.009534118697047234,0.003000000026077032
398,0.009532364085316658,0.003000000026077032
399,0.009530706331133842,0.003000000026077032
400,0.0095289945602417,0.003000000026077032
401,0.009527276270091534,0.003000000026077032
402,0.009525587782263756,0.003000000026077032
403,0.009523886255919933,0.003000000026077032
404,0.00952216051518917,0.003000000026077032
405,0.00952043104916811,0.003000000026077032
406,0.009518718346953392,0.003000000026077032
407,0.009517091326415539,0.003000000026077032
408,0.009515329264104366,0.003000000026077032
409,0.009513618424534798,0.003000000026077032
410,0.009511926211416721,0.003000000026077032
411,0.009510206058621407,0.003000000026077032
412,0.009508472867310047,0.003000000026077032
413,0.00950672011822462,0.003000000026077032
414,0.009504975751042366,0.003000000026077032
415,0.009503300301730633,0.003000000026077032
416,0.009501561522483826,0.003000000026077032
417,0.009499863721430302,0.003000000026077032
418,0.009498078376054764,0.003000000026077032
419,0.00949634239077568,0.003000000026077032
420,0.009494578465819359,0.003000000026077032
421,0.009492889046669006,0.003000000026077032
422,0.00949115864932537,0.003000000026077032
423,0.009489426389336586,0.003000000026077032
424,0.009487701579928398,0.003000000026077032
425,0.009485936723649502,0.003000000026077032
426,0.009484192356467247,0.003000000026077032
427,0.009482474997639656,0.003000000026077032
428,0.009480717591941357,0.003000000026077032
429,0.009478923864662647,0.003000000026077032
430,0.009477229788899422,0.003000000026077032
431,0.009475470520555973,0.003000000026077032
432,0.009473783895373344,0.003000000026077032
433,0.009471992962062359,0.003000000026077032
434,0.009470244869589806,0.003000000026077032
435,0.009468506090342999,0.003000000026077032
436,0.009466703049838543,0.003000000026077032
437,0.009464947506785393,0.003000000026077032
438,0.009463159367442131,0.003000000026077032
439,0.009461457841098309,0.003000000026077032
440,0.00945972092449665,0.003000000026077032
441,0.009457909502089024,0.003000000026077032
442,0.009456085041165352,0.003000000026077032
443,0.009454319253563881,0.003000000026077032
444,0.009452559053897858,0.003000000026077032
445,0.00945083238184452,0.003000000026077032
446,0.009449104778468609,0.003000000026077032
447,0.009447282180190086,0.003000000026077032
448,0.009445494040846825,0.003000000026077032
449,0.009443758986890316,0.003000000026077032
450,0.009441986680030823,0.003000000026077032
451,0.00944019015878439,0.003000000026077032
452,0.009438405744731426,0.003000000026077032
453,0.009436632506549358,0.003000000026077032
454,0.009434850886464119,0.003000000026077032
455,0.009433085098862648,0.003000000026077032
456,0.009431245736777782,0.003000000026077032
457,0.009429501369595528,0.003000000026077032
458,0.009427724406123161,0.003000000026077032
459,0.009425942786037922,0.003000000026077032
460,0.009424092248082161,0.003000000026077032
461,0.009422334842383862,0.003000000026077032
462,0.009420592337846756,0.003000000026077032
463,0.009418792091310024,0.003000000026077032
464,0.009416967630386353,0.003000000026077032
465,0.009415176697075367,0.003000000026077032
466,0.009413424879312515,0.003000000026077032
467,0.009411623701453209,0.003000000026077032
468,0.009409804828464985,0.003000000026077032
469,0.009407997131347656,0.003000000026077032
470,0.00940618198364973,0.003000000026077032
471,0.009404384531080723,0.003000000026077032
472,0.009402580559253693,0.003000000026077032
473,0.00940075796097517,0.003000000026077032
474,0.00939896795898676,0.003000000026077032
475,0.009397181682288647,0.003000000026077032
476,0.009395388886332512,0.003000000026077032
477,0.009393548592925072,0.003000000026077032
478,0.00939171016216278,0.003000000026077032
479,0.00938992016017437,0.003000000026077032
480,0.009388081729412079,0.003000000026077032
481,0.009386299178004265,0.003000000026077032
482,0.009384502656757832,0.003000000026077032
483,0.009382662363350391,0.003000000026077032
484,0.009380832314491272,0.003000000026077032
485,0.009379064664244652,0.003000000026077032
486,0.00937722623348236,0.003000000026077032
487,0.009375380352139473,0.003000000026077032
488,0.009373562410473824,0.003000000026077032
489,0.00937181431800127,0.003000000026077032
490,0.009369894862174988,0.003000000026077032
491,0.009368101134896278,0.003000000026077032
492,0.009366283193230629,0.003000000026077032
493,0.00936443917453289,0.003000000026077032
494,0.009362627752125263,0.003000000026077032
495,0.009360703639686108,0.003000000026077032
496,0.009358903393149376,0.003000000026077032
497,0.009357107803225517,0.003000000026077032
498,0.009355288930237293,0.003000000026077032
499,0.009353425353765488,0.003000000026077032
500,0.00935160182416439,0.003000000026077032
501,0.009349778294563293,0.003000000026077032
502,0.00934789888560772,0.003000000026077032
503,0.009346053004264832,0.003000000026077032
504,0.00934418011456728,0.003000000026077032
505,0.009342408739030361,0.003000000026077032
506,0.009340526536107063,0.003000000026077032
507,0.009338763542473316,0.003000000026077032
508,0.009336883202195168,0.003000000026077032
509,0.009335020557045937,0.003000000026077032
510,0.009333176538348198,0.003000000026077032
511,0.009331336244940758,0.003000000026077032
512,0.009329451248049736,0.003000000026077032
513,0.009327615611255169,0.003000000026077032
514,0.00932577345520258,0.003000000026077032
515,0.009323921985924244,0.003000000026077032
516,0.009322106838226318,0.003000000026077032
517,0.009320175275206566,0.003000000026077032
518,0.009318324737250805,0.003000000026077032
519,0.009316513314843178,0.003000000026077032
520,0.00931461900472641,0.003000000026077032
521,0.009312738664448261,0.003000000026077032
522,0.009310966357588768,0.003000000026077032
523,0.009309099987149239,0.003000000026077032
524,0.009307203814387321,0.003000000026077032
525,0.009305320680141449,0.003000000026077032
526,0.00930352509021759,0.003000000026077032
527,0.009301652200520039,0.003000000026077032
528,0.00929973553866148,0.003000000026077032
529,0.009297859854996204,0.003000000026077032
530,0.009295989759266376,0.003000000026077032
531,0.009294221177697182,0.003000000026077032
532,0.009292272850871086,0.003000000026077032
533,0.00929038506001234,0.003000000026077032
534,0.00928852241486311,0.003000000026077032
535,0.009286669082939625,0.003000000026077032
536,0.009284776635468006,0.003000000026077032
537,0.009282906539738178,0.003000000026077032
538,0.009281092323362827,0.003000000026077032
539,0.009279240854084492,0.003000000026077032
540,0.009277304634451866,0.003000000026077032
541,0.009275408461689949,0.003000000026077032
542,0.009273482486605644,0.003000000026077032
543,0.009271671995520592,0.003000000026077032
544,0.00926980096846819,0.003000000026077032
545,0.009267921559512615,0.003000000026077032
546,0.009265986271202564,0.003000000026077032
547,0.009264161810278893,0.003000000026077032
548,0.009262223728001118,0.003000000026077032
549,0.009260369464755058,0.003000000026077032
550,0.009258508682250977,0.003000000026077032
551,0.009256604127585888,0.003000000026077032
552,0.009254669770598412,0.003000000026077032
553,0.009252774529159069,0.003000000026077032
554,0.009250921197235584,0.003000000026077032
555,0.009249025955796242,0.003000000026077032
556,0.009247148409485817,0.003000000026077032
557,0.00924520194530487,0.003000000026077032
558,0.009243324398994446,0.003000000026077032
559,0.009241422638297081,0.003000000026077032
560,0.009239542298018932,0.003000000026077032
561,0.00923767127096653,0.003000000026077032
562,0.009235762059688568,0.003000000026077032
563,0.0092338677495718,0.003000000026077032
564,0.009232004173099995,0.003000000026077032
565,0.009230084717273712,0.003000000026077032
566,0.009228205308318138,0.003000000026077032
567,0.009226290509104729,0.003000000026077032
568,0.009224392473697662,0.003000000026077032
569,0.009222445078194141,0.003000000026077032
570,0.009220612235367298,0.003000000026077032
571,0.009218702092766762,0.003000000026077032
572,0.009216783568263054,0.003000000026077032
573,0.009214850142598152,0.003000000026077032
574,0.009212939068675041,0.003000000026077032
575,0.009211082942783833,0.003000000026077032
576,0.0092091029509902,0.003000000026077032
577,0.00920721422880888,0.003000000026077032
578,0.009205341339111328,0.003000000026077032
579,0.009203417226672173,0.003000000026077032
580,0.009201543405652046,0.003000000026077032
581,0.009199598804116249,0.003000000026077032
582,0.009197687730193138,0.003000000026077032
583,0.009195764549076557,0.003000000026077032
584,0.009193839505314827,0.003000000026077032
585,0.009191984310746193,0.003000000026077032
586,0.009190062060952187,0.003000000026077032
587,0.009188135154545307,0.003000000026077032
588,0.00918617844581604,0.003000000026077032
589,0.009184236638247967,0.003000000026077032
590,0.009182373061776161,0.003000000026077032
591,0.009180432185530663,0.003000000026077032
592,0.009178468957543373,0.003000000026077032
593,0.009176595136523247,0.003000000026077032
594,0.00917467288672924,0.003000000026077032
595,0.009172741323709488,0.003000000026077032
596,0.009170839563012123,0.003000000026077032
597,0.009168927557766438,0.003000000026077032
598,0.00916694663465023,0.003000000026077032
599,0.009165097959339619,0.003000000026077032
600,0.009163150563836098,0.003000000026077032
601,0.009161228314042091,0.003000000026077032
602,0.009159335866570473,0.003000000026077032
603,0.009157339110970497,0.003000000026077032
604,0.009155461564660072,0.003000000026077032
605,0.009153471328318119,0.003000000026077032
606,0.00915154255926609,0.003000000026077032
607,0.009149660356342793,0.003000000026077032
608,0.009147725068032742,0.003000000026077032
609,0.009145780466496944,0.003000000026077032
610,0.009143874049186707,0.003000000026077032
611,0.009141897782683372,0.003000000026077032
612,0.009140027686953545,0.003000000026077032
613,0.009137965738773346,0.003000000026077032
614,0.00913611613214016,0.003000000026077032
615,0.00913417898118496,0.003000000026077032
616,0.009132237173616886,0.003000000026077032
617,0.009130296297371387,0.003000000026077032
618,0.009128355421125889,0.003000000026077032
619,0.009126467630267143,0.003000000026077032
620,0.00912447553128004,0.003000000026077032
621,0.009122545830905437,0.003000000026077032
622,0.009120682254433632,0.003000000026077032
623,0.009118685498833656,0.003000000026077032
624,0.009116719476878643,0.003000000026077032
625,0.009114831686019897,0.003000000026077032
626,0.00911285262554884,0.003000000026077032
627,0.00911090336740017,0.003000000026077032
628,0.009108955040574074,0.003000000026077032
629,0.009106975980103016,0.003000000026077032
630,0.00910511240363121,0.003000000026077032
631,0.009103089570999146,0.003000000026077032
632,0.00910121574997902,0.003000000026077032
633,0.009099269285798073,0.003000000026077032
634,0.009097317233681679,0.003000000026077032
635,0.009095357730984688,0.003000000026077032
636,0.009093434549868107,0.003000000026077032
637,0.009091447107493877,0.003000000026077032
638,0.009089523926377296,0.003000000026077032
639,0.00908765010535717,0.003000000026077032
640,0.009085647761821747,0.003000000026077032
641,0.009083696641027927,0.003000000026077032
642,0.009081674739718437,0.003000000026077032
643,0.009079799056053162,0.003000000026077032
644,0.0090778274461627,0.003000000026077032
645,0.009075823239982128,0.003000000026077032
646,0.009073875844478607,0.003000000026077032
647,0.009071992710232735,0.003000000026077032
648,0.00906998012214899,0.003000000026077032
649,0.00906808115541935,0.003000000026077032
650,0.009066106751561165,0.003000000026077032
651,0.009064173325896263,0.003000000026077032
652,0.00906219519674778,0.003000000026077032
653,0.009060224518179893,0.003000000026077032
654,0.009058313444256783,0.003000000026077032
655,0.009056314826011658,0.003000000026077032
656,0.009054391644895077,0.003000000026077032
657,0.009052376262843609,0.003000000026077032
658,0.009050430729985237,0.003000000026077032
659,0.009048502892255783,0.003000000026077032
660,0.009046575054526329,0.003000000026077032
661,0.009044582955539227,0.003000000026077032
662,0.009042601101100445,0.003000000026077032
663,0.009040666744112968,0.003000000026077032
664,0.009038662537932396,0.003000000026077032
665,0.009036731906235218,0.003000000026077032
666,0.009034798480570316,0.003000000026077032
667,0.009032812900841236,0.003000000026077032
668,0.009030858986079693,0.003000000026077032
669,0.009028865024447441,0.003000000026077032
670,0.00902693159878254,0.003000000026077032
671,0.00902495812624693,0.003000000026077032
672,0.009022979065775871,0.003000000026077032
673,0.009020986966788769,0.003000000026077032
674,0.009019057266414165,0.003000000026077032
675,0.00901710707694292,0.003000000026077032
676,0.009015138261020184,0.003000000026077032
677,0.00901319645345211,0.003000000026077032
678,0.009011194109916687,0.003000000026077032
679,0.009009240195155144,0.003000000026077032
680,0.009007209911942482,0.003000000026077032
681,0.009005360305309296,0.003000000026077032
682,0.009003348648548126,0.003000000026077032
683,0.009001358412206173,0.003000000026077032
684,0.008999442681670189,0.003000000026077032
685,0.008997401222586632,0.003000000026077032
686,0.008995428681373596,0.003000000026077032
687,0.008993513882160187,0.003000000026077032
688,0.008991515263915062,0.003000000026077032
689,0.008989537134766579,0.003000000026077032
690,0.008987614884972572,0.003000000026077032
691,0.008985592052340508,0.003000000026077032
692,0.008983609266579151,0.003000000026077032
693,0.008981691673398018,0.003000000026077032
694,0.008979672566056252,0.003000000026077032
695,0.008977783843874931,0.003000000026077032
696,0.008975783362984657,0.003000000026077032
697,0.008973811753094196,0.003000000026077032
698,0.008971817791461945,0.003000000026077032
699,0.008969788439571857,0.003000000026077032
700,0.008967891335487366,0.003000000026077032
701,0.008965888991951942,0.003000000026077032
702,0.008963916450738907,0.003000000026077032
703,0.008961987681686878,0.003000000026077032
704,0.008959970436990261,0.003000000026077032
705,0.008957965299487114,0.003000000026077032
706,0.008956012316048145,0.003000000026077032
707,0.008954055607318878,0.003000000026077032
708,0.008952085860073566,0.003000000026077032
709,0.008950072340667248,0.003000000026077032
710,0.008948110044002533,0.003000000026077032
711,0.008946132846176624,0.003000000026077032
712,0.008944205939769745,0.003000000026077032
713,0.00894223339855671,0.003000000026077032
714,0.008940228261053562,0.003000000026077032
715,0.008938202634453773,0.003000000026077032
716,0.008936256170272827,0.003000000026077032
717,0.00893424917012453,0.003000000026077032
718,0.008932292461395264,0.003000000026077032
719,0.008930292911827564,0.003000000026077032
720,0.00892833061516285,0.003000000026077032
721,0.00892634131014347,0.003000000026077032
722,0.008924312889575958,0.003000000026077032
723,0.008922358974814415,0.003000000026077032
724,0.008920401334762573,0.003000000026077032
725,0.008918417617678642,0.003000000026077032
726,0.00891643762588501,0.003000000026077032
727,0.008914478123188019,0.003000000026077032
728,0.008912485092878342,0.003000000026077032
729,0.008910531178116798,0.003000000026077032
730,0.008908530697226524,0.003000000026077032
731,0.008906500414013863,0.003000000026077032
732,0.008904539048671722,0.003000000026077032
733,0.008902579545974731,0.003000000026077032
734,0.008900584653019905,0.003000000026077032
735,0.00889858789741993,0.003000000026077032
736,0.008896609768271446,0.003000000026077032
737,0.008894670754671097,0.003000000026077032
738,0.008892650716006756,0.003000000026077032
739,0.008890649303793907,0.003000000026077032
740,0.008888709358870983,0.003000000026077032
741,0.008886728435754776,0.003000000026077032
742,0.008884752169251442,0.003000000026077032
743,0.008882729336619377,0.003000000026077032
744,0.008880777284502983,0.003000000026077032
745,0.008878834545612335,0.003000000026077032
746,0.008876779116690159,0.003000000026077032
747,0.00887485034763813,0.003000000026077032
748,0.008872768841683865,0.003000000026077032
749,0.008870800025761127,0.003000000026077032
750,0.008868863806128502,0.003000000026077032
751,0.008866878226399422,0.003000000026077032
752,0.008864909410476685,0.003000000026077032
753,0.008862907998263836,0.003000000026077032
754,0.00886095967143774,0.003000000026077032
755,0.00885896198451519,0.003000000026077032
756,0.008856890723109245,0.003000000026077032
757,0.008854988031089306,0.003000000026077032
758,0.00885299127548933,0.003000000026077032
759,0.008851023390889168,0.003000000026077032
760,0.008849021978676319,0.003000000026077032
761,0.008847002871334553,0.003000000026077032
762,0.008845027536153793,0.003000000026077032
763,0.008843036368489265,0.003000000026077032
764,0.008841103874146938,0.003000000026077032
765,0.00883909035474062,0.003000000026077032
766,0.00883709080517292,0.003000000026077032
767,0.00883508287370205,0.003000000026077032
768,0.008833132684230804,0.003000000026077032
769,0.00883114617317915,0.003000000026077032
770,0.008829144760966301,0.003000000026077032
771,0.008827167563140392,0.003000000026077032
772,0.008825208060443401,0.003000000026077032
773,0.00882317591458559,0.003000000026077032
774,0.008821191266179085,0.003000000026077032
775,0.00881920661777258,0.003000000026077032
776,0.00881724338978529,0.003000000026077032
777,0.00881523359566927,0.003000000026077032
778,0.008813254535198212,0.003000000026077032
779,0.008811241947114468,0.003000000026077032
780,0.008809329010546207,0.003000000026077032
781,0.00880731176584959,0.003000000026077032
782,0.008805296383798122,0.003000000026077032
783,0.008803287521004677,0.003000000026077032
784,0.008801309391856194,0.003000000026077032
785,0.008799347095191479,0.003000000026077032
786,0.008797305636107922,0.003000000026077032
787,0.00879538245499134,0.003000000026077032
788,0.008793381974101067,0.003000000026077032
789,0.008791372179985046,0.003000000026077032
790,0.008789408020675182,0.003000000026077032
791,0.008787421509623528,0.003000000026077032
792,0.008785413578152657,0.003000000026077032
793,0.008783424273133278,0.003000000026077032
794,0.008781450800597668,0.003000000026077032
795,0.00877947174012661,0.003000000026077032
796,0.008777407929301262,0.003000000026077032
797,0.00877547450363636,0.003000000026077032
798,0.008773461915552616,0.003000000026077032
799,0.008771499618887901,0.003000000026077032
800,0.00876954197883606,0.003000000026077032
801,0.008767521008849144,0.003000000026077032
802,0.008765572682023048,0.003000000026077032
803,0.008763563819229603,0.003000000026077032
804,0.008761586621403694,0.003000000026077032
805,0.008759577758610249,0.003000000026077032
806,0.00875760056078434,0.003000000026077032
807,0.008755641058087349,0.003000000026077032
808,0.00875362940132618,0.003000000026077032
809,0.008751649409532547,0.003000000026077032
810,0.00874965637922287,0.003000000026077032
811,0.008747621439397335,0.003000000026077032
812,0.008745681494474411,0.003000000026077032
813,0.008743731305003166,0.003000000026077032
814,0.008741709403693676,0.003000000026077032
815,0.008739727549254894,0.003000000026077032
816,0.008737729862332344,0.003000000026077032
817,0.008735785260796547,0.003000000026077032
818,0.008733799681067467,0.003000000026077032
819,0.008731791749596596,0.003000000026077032
820,0.008729813620448112,0.003000000026077032
821,0.008727752603590488,0.003000000026077032
822,0.008725859224796295,0.003000000026077032
823,0.008723833598196507,0.003000000026077032
824,0.008721837773919106,0.003000000026077032
825,0.008719881996512413,0.003000000026077032
826,0.008717876859009266,0.003000000026077032
827,0.008715905249118805,0.003000000026077032
828,0.008713859133422375,0.003000000026077032
829,0.008711935952305794,0.003000000026077032
830,0.008709942921996117,0.003000000026077032
831,0.008707942441105843,0.003000000026077032
832,0.008705918677151203,0.003000000026077032
833,0.008704012259840965,0.003000000026077032
834,0.008702017366886139,0.003000000026077032
835,0.008700013160705566,0.003000000026077032
836,0.008698013611137867,0.003000000026077032
837,0.008696069940924644,0.003000000026077032
838,0.00869403500109911,0.003000000026077032
839,0.008692101575434208,0.003000000026077032
840,0.008690120652318,0.003000000026077032
841,0.008688132278621197,0.003000000026077032
842,0.008686156012117863,0.003000000026077032
843,0.008684116415679455,0.003000000026077032
844,0.008682106621563435,0.003000000026077032
845,0.008680224418640137,0.003000000026077032
846,0.008678190410137177,0.003000000026077032
847,0.008676241151988506,0.003000000026077032
848,0.008674218319356441,0.003000000026077032
849,0.008672244846820831,0.003000000026077032
850,0.008670279756188393,0.003000000026077032
851,0.008668330498039722,0.003000000026077032
852,0.008666295558214188,0.003000000026077032
853,0.008664323948323727,0.003000000026077032
854,0.008662352338433266,0.003000000026077032
855,0.008660334162414074,0.003000000026077032
856,0.008658391423523426,0.003000000026077032
857,0.008656329475343227,0.003000000026077032
858,0.008654423989355564,0.003000000026077032
859,0.00865240953862667,0.003000000026077032
860,0.008650494739413261,0.003000000026077032
861,0.008648483082652092,0.003000000026077032
862,0.008646461181342602,0.003000000026077032
863,0.00864454172551632,0.003000000026077032
864,0.008642500266432762,0.003000000026077032
865,0.008640562184154987,0.003000000026077032
866,0.008638622239232063,0.003000000026077032
867,0.008636613376438618,0.003000000026077032
868,0.008634627796709538,0.003000000026077032
869,0.008632672019302845,0.003000000026077032
870,0.008630705997347832,0.003000000026077032
871,0.008628681302070618,0.003000000026077032
872,0.008626732043921947,0.003000000026077032
873,0.008624759502708912,0.003000000026077032
874,0.008622780442237854,0.003000000026077032
875,0.00862090103328228,0.003000000026077032
876,0.008618795312941074,0.003000000026077032
877,0.008616871200501919,0.003000000026077032
878,0.008614858612418175,0.003000000026077032
879,0.008612868376076221,0.003000000026077032
880,0.008610902354121208,0.003000000026077032
881,0.008608941920101643,0.003000000026077032
882,0.008606957271695137,0.003000000026077032
883,0.008605032227933407,0.003000000026077032
884,0.008603015914559364,0.003000000026077032
885,0.00860103964805603,0.003000000026077032
886,0.008599026128649712,0.003000000026077032
887,0.008597085252404213,0.003000000026077032
888,0.008595083840191364,0.003000000026077032
889,0.00859310943633318,0.003000000026077032
890,0.008591167628765106,0.003000000026077032
891,0.008589217439293861,0.003000000026077032
892,0.00858724769204855,0.003000000026077032
893,0.008585236966609955,0.003000000026077032
894,0.008583327755331993,0.003000000026077032
895,0.008581334725022316,0.003000000026077032
896,0.008579353801906109,0.003000000026077032
897,0.008577443659305573,0.003000000026077032
898,0.00857542920857668,0.003000000026077032
899,0.00857341568917036,0.003000000026077032
900,0.008571471087634563,0.003000000026077032
901,0.008569514378905296,0.003000000026077032
902,0.00856753159314394,0.003000000026077032
903,0.008565546944737434,0.003000000026077032
904,0.008563632145524025,0.003000000026077032
905,0.008561654016375542,0.003000000026077032
906,0.008559685200452805,0.003000000026077032
907,0.008557659573853016,0.003000000026077032
908,0.008555719628930092,0.003000000026077032
909,0.008553750813007355,0.003000000026077032
910,0.008551783859729767,0.003000000026077032
911,0.008549771271646023,0.003000000026077032
912,0.008547876961529255,0.003000000026077032
913,0.008545885793864727,0.003000000026077032
914,0.008543910458683968,0.003000000026077032
915,0.008541909046471119,0.003000000026077032
916,0.00854000635445118,0.003000000026077032
917,0.00853805523365736,0.003000000026077032
918,0.008536068722605705,0.003000000026077032
919,0.008534153923392296,0.003000000026077032
920,0.008532179519534111,0.003000000026077032
921,0.0085302097722888,0.003000000026077032
922,0.008528269827365875,0.003000000026077032
923,0.008526301011443138,0.003000000026077032
924,0.00852429959923029,0.003000000026077032
925,0.00852234661579132,0.003000000026077032
926,0.008520361967384815,0.003000000026077032
927,0.008518421091139317,0.003000000026077032
928,0.008516490459442139,0.003000000026077032
929,0.00851450115442276,0.003000000026077032
930,0.008512597531080246,0.003000000026077032
931,0.008510638028383255,0.003000000026077032
932,0.008508643135428429,0.003000000026077032
933,0.008506681770086288,0.003000000026077032
934,0.008504734374582767,0.003000000026077032
935,0.008502795360982418,0.003000000026077032
936,0.008500806987285614,0.003000000026077032
937,0.00849880464375019,0.003000000026077032
938,0.008496894501149654,0.003000000026077032
939,0.008494977839291096,0.003000000026077032
940,0.008492986671626568,0.003000000026077032
941,0.00849105603992939,0.003000000026077032
942,0.008489074185490608,0.003000000026077032
943,0.008487142622470856,0.003000000026077032
944,0.008485225960612297,0.003000000026077032
945,0.008483265526592731,0.003000000026077032
946,0.00848130602389574,0.003000000026077032
947,0.008479347452521324,0.003000000026077032
948,0.00847739540040493,0.003000000026077032
949,0.008475431241095066,0.003000000026077032
950,0.008473487570881844,0.003000000026077032
951,0.008471508510410786,0.003000000026077032
952,0.008469613268971443,0.003000000026077032
953,0.008467642590403557,0.003000000026077032
954,0.008465670049190521,0.003000000026077032
955,0.00846378318965435,0.003000000026077032
956,0.008461805991828442,0.003000000026077032
957,0.008459816686809063,0.003000000026077032
958,0.008457892574369907,0.003000000026077032
959,0.00845593772828579,0.003000000026077032
960,0.008454019203782082,0.003000000026077032
961,0.008452050387859344,0.003000000026077032
962,0.0084501001983881,0.003000000026077032
963,0.008448151871562004,0.003000000026077032
964,0.0084462221711874,0.003000000026077032
965,0.008444295264780521,0.003000000026077032
966,0.008442332036793232,0.003000000026077032
967,0.008440414443612099,0.003000000026077032
968,0.008438443765044212,0.003000000026077032
969,0.008436501957476139,0.003000000026077032
970,0.008434570394456387,0.003000000026077032
971,0.008432678878307343,0.003000000026077032
972,0.00843070074915886,0.003000000026077032
973,0.008428754284977913,0.003000000026077032
974,0.0084267882630229,0.003000000026077032
975,0.008424886502325535,0.003000000026077032
976,0.0084229726344347,0.003000000026077032
977,0.008420953527092934,0.003000000026077032
978,0.008419087156653404,0.003000000026077032
979,0.008417134173214436,0.003000000026077032
980,0.008415216580033302,0.003000000026077032
981,0.008413290604948997,0.003000000026077032
982,0.008411355316638947,0.003000000026077032
983,0.008409399539232254,0.003000000026077032
984,0.008407508954405785,0.003000000026077032
985,0.008405553176999092,0.003000000026077032
986,0.008403589017689228,0.003000000026077032
987,0.00840163417160511,0.003000000026077032
988,0.008399693295359612,0.003000000026077032
989,0.008397831581532955,0.003000000026077032
990,0.00839588325470686,0.003000000026077032
991,0.008393986150622368,0.003000000026077032
992,0.00839199312031269,0.003000000026077032
993,0.008390109986066818,0.003000000026077032
994,0.008388164453208447,0.003000000026077032
995,0.008386236615478992,0.003000000026077032
996,0.008384297601878643,0.003000000026077032
997,0.008382410742342472,0.003000000026077032
998,0.008380438201129436,0.003000000026077032
999,0.00837858859449625,0.003000000026077032
1000,0.008376603946089745,0.003000000026077032
1001,0.008374678902328014,0.003000000026077032
1002,0.008372778072953224,0.003000000026077032
1003,0.00837087444961071,0.003000000026077032
1004,0.008368906565010548,0.003000000026077032
1005,0.00836697593331337,0.003000000026077032
1006,0.008365076966583729,0.003000000026077032
1007,0.008363154716789722,0.003000000026077032
1008,0.008361231535673141,0.003000000026077032
1009,0.008359287865459919,0.003000000026077032
1010,0.008357447572052479,0.003000000026077032
1011,0.00835543405264616,0.003000000026077032
1012,0.008353600278496742,0.003000000026077032
1013,0.008351686410605907,0.003000000026077032
1014,0.008349739946424961,0.003000000026077032
1015,0.008347815833985806,0.003000000026077032
1016,0.008345939218997955,0.003000000026077032
1017,0.008343960158526897,0.003000000026077032
1018,0.00834210216999054,0.003000000026077032
1019,0.008340117521584034,0.003000000026077032
1020,0.008338297717273235,0.003000000026077032
1021,0.008336384780704975,0.003000000026077032
1022,0.008334413170814514,0.003000000026077032
1023,0.008332537487149239,0.003000000026077032
1024,0.008330612443387508,0.003000000026077032
1025,0.00832870602607727,0.003000000026077032
1026,0.008326823823153973,0.003000000026077032
1027,0.008324871771037579,0.003000000026077032
1028,0.008322970941662788,0.003000000026077032
1029,0.008321031928062439,0.003000000026077032
1030,0.008319169282913208,0.003000000026077032
1031,0.0083171920850873,0.003000000026077032
1032,0.0083153722807765,0.003000000026077032
1033,0.008313450030982494,0.003000000026077032
1034,0.008311552926898003,0.003000000026077032
1035,0.00830965768545866,0.003000000026077032
1036,0.008307736366987228,0.003000000026077032
1037,0.008305857889354229,0.003000000026077032
1038,0.008304000832140446,0.003000000026077032
1039,0.008302094414830208,0.003000000026077032
1040,0.00830016564577818,0.003000000026077032
1041,0.00829821266233921,0.003000000026077032
1042,0.008296368643641472,0.003000000026077032
1043,0.008294477127492428,0.003000000026077032
1044,0.008292553946375847,0.003000000026077032
1045,0.008290658704936504,0.003000000026077032
1046,0.0082887914031744,0.003000000026077032
1047,0.00828689057379961,0.003000000026077032
1048,0.008285006508231163,0.003000000026077032
1049,0.008283075876533985,0.003000000026077032
1050,0.008281213231384754,0.003000000026077032
1051,0.008279269561171532,0.003000000026077032
1052,0.0082774069160223,0.003000000026077032
1053,0.008275487460196018,0.003000000026077032
1054,0.008273634128272533,0.003000000026077032
1055,0.008271709084510803,0.003000000026077032
1056,0.008269893005490303,0.003000000026077032
1057,0.008267981000244617,0.003000000026077032
1058,0.008266089484095573,0.003000000026077032
1059,0.008264230564236641,0.003000000026077032
1060,0.008262296207249165,0.003000000026077032
1061,0.008260421454906464,0.003000000026077032
1062,0.008258560672402382,0.003000000026077032
1063,0.008256705477833748,0.003000000026077032
1064,0.008254775777459145,0.003000000026077032
1065,0.008252909407019615,0.003000000026077032
1066,0.00825103372335434,0.003000000026077032
1067,0.008249185979366302,0.003000000026077032
1068,0.008247261866927147,0.003000000026077032
1069,0.008245350793004036,0.003000000026077032
1070,0.008243491873145103,0.003000000026077032
1071,0.008241655305027962,0.003000000026077032
1072,0.008239766582846642,0.003000000026077032
1073,0.008237862959504128,0.003000000026077032
1074,0.008236000314354897,0.003000000026077032
1075,0.008234160020947456,0.003000000026077032
1076,0.008232245221734047,0.003000000026077032
1077,0.008230355568230152,0.003000000026077032
1078,0.008228519931435585,0.003000000026077032
1079,0.008226647973060608,0.003000000026077032
1080,0.008224728517234325,0.003000000026077032
1081,0.00822292547672987,0.003000000026077032
1082,0.008221056312322617,0.003000000026077032
1083,0.008219167590141296,0.003000000026077032
1084,0.00821727979928255,0.003000000026077032
1085,0.008215446956455708,0.003000000026077032
1086,0.008213557302951813,0.003000000026077032
1087,0.008211645297706127,0.003000000026077032
1088,0.008209781721234322,0.003000000026077032
1089,0.008207915350794792,0.003000000026077032
1090,0.008206063881516457,0.003000000026077032
1091,0.008204227313399315,0.003000000026077032
1092,0.008202354423701763,0.003000000026077032
1093,0.00820050947368145,0.003000000026077032
1094,0.008198685944080353,0.003000000026077032
1095,0.008196743205189705,0.003000000026077032
1096,0.008194909431040287,0.003000000026077032
1097,0.008193111047148705,0.003000000026077032
1098,0.008191186934709549,0.003000000026077032
1099,0.008189348503947258,0.003000000026077032
1100,0.00818749237805605,0.003000000026077032
1101,0.008185653015971184,0.003000000026077032
1102,0.008183801546692848,0.003000000026077032
1103,0.008181937970221043,0.003000000026077032
1104,0.00818010326474905,0.003000000026077032
1105,0.00817825086414814,0.003000000026077032
1106,0.008176378905773163,0.003000000026077032
1107,0.008174549788236618,0.003000000026077032
1108,0.00817269179970026,0.003000000026077032
1109,0.008170838467776775,0.003000000026077032
1110,0.008168977685272694,0.003000000026077032
1111,0.008167145773768425,0.003000000026077032
1112,0.008165331557393074,0.003000000026077032
1113,0.008163471706211567,0.003000000026077032
1114,0.008161608129739761,0.003000000026077032
1115,0.008159724995493889,0.003000000026077032
1116,0.008157962001860142,0.003000000026077032
1117,0.00815609097480774,0.003000000026077032
1118,0.008154278621077538,0.003000000026077032
1119,0.008152437396347523,0.003000000026077032
1120,0.008150610141456127,0.003000000026077032
1121,0.008148722350597382,0.003000000026077032
1122,0.008146923035383224,0.003000000026077032
1123,0.008144998922944069,0.003000000026077032
1124,0.008143206126987934,0.003000000026077032
1125,0.008141407743096352,0.003000000026077032
1126,0.008139526471495628,0.003000000026077032
1127,0.008137740194797516,0.003000000026077032
1128,0.00813591293990612,0.003000000026077032
1129,0.008134067989885807,0.003000000026077032
1130,0.00813225470483303,0.003000000026077032
1131,0.00813043862581253,0.003000000026077032
1132,0.008128571324050426,0.003000000026077032
1133,0.008126744069159031,0.003000000026077032
1134,0.008124930784106255,0.003000000026077032
1135,0.00812307558953762,0.003000000026077032
1136,0.008121292106807232,0.003000000026077032
1137,0.008119412697851658,0.003000000026077032
1138,0.008117559365928173,0.003000000026077032
1139,0.008115751668810844,0.003000000026077032
1140,0.008113930001854897,0.003000000026077032
1141,0.008112145587801933,0.003000000026077032
1142,0.008110334165394306,0.003000000026077032
1143,0.008108511567115784,0.003000000026077032
1144,0.008106674998998642,0.003000000026077032
1145,0.008104869164526463,0.003000000026077032
1146,0.008103063330054283,0.003000000026077032
1147,0.008101219311356544,0.003000000026077032
1148,0.008099408820271492,0.003000000026077032
1149,0.008097594603896141,0.003000000026077032
1150,0.008095803670585155,0.003000000026077032
1151,0.008093987591564655,0.003000000026077032
1152,0.008092131465673447,0.003000000026077032
1153,0.008090348914265633,0.003000000026077032
1154,0.0080884899944067,0.003000000026077032
1155,0.008086718618869781,0.003000000026077032
1156,0.008084898814558983,0.003000000026077032
1157,0.008083155378699303,0.003000000026077032
1158,0.008081304840743542,0.003000000026077032
1159,0.008079488761723042,0.003000000026077032
1160,0.008077648468315601,0.003000000026077032
1161,0.008075891993939877,0.003000000026077032
1162,0.008074088022112846,0.003000000026077032
1163,0.008072324097156525,0.003000000026077032
1164,0.00807047076523304,0.003000000026077032
1165,0.00806867703795433,0.003000000026077032
1166,0.008066904731094837,0.003000000026077032
1167,0.00806505884975195,0.003000000026077032
1168,0.0080632409080863,0.003000000026077032
1169,0.008061511442065239,0.003000000026077032
1170,0.008059724234044552,0.003000000026077032
1171,0.00805790163576603,0.003000000026077032
1172,0.008056138642132282,0.003000000026077032
1173,0.008054316975176334,0.003000000026077032
1174,0.008052527904510498,0.003000000026077032
1175,0.008050782606005669,0.003000000026077032
1176,0.008048942312598228,0.003000000026077032
1177,0.008047171868383884,0.003000000026077032
1178,0.008045386523008347,0.003000000026077032
1179,0.008043559268116951,0.003000000026077032
1180,0.008041824214160442,0.003000000026077032
1181,0.008040004409849644,0.003000000026077032
1182,0.008038218133151531,0.003000000026077032
1183,0.008036462590098381,0.003000000026077032
1184,0.008034669794142246,0.003000000026077032
1185,0.00803287886083126,0.003000000026077032
1186,0.008031089790165424,0.003000000026077032
1187,0.008029304444789886,0.003000000026077032
1188,0.008027562871575356,0.003000000026077032
1189,0.00802577380090952,0.003000000026077032
1190,0.008024020120501518,0.003000000026077032
1191,0.00802218820899725,0.003000000026077032
1192,0.008020473644137383,0.003000000026077032
1193,0.008018674328923225,0.003000000026077032
1194,0.008016915991902351,0.003000000026077032
1195,0.00801512785255909,0.003000000026077032
1196,0.008013341575860977,0.003000000026077032
1197,0.008011570200324059,0.003000000026077032
1198,0.008009808138012886,0.003000000026077032
1199,0.008008044213056564,0.003000000026077032
1200,0.008006306365132332,0.003000000026077032
1201,0.008004480972886086,0.003000000026077032
1202,0.008002696558833122,0.003000000026077032
1203,0.00800100527703762,0.003000000026077032
1204,0.007999238558113575,0.003000000026077032
1205,0.007997438311576843,0.003000000026077032
1206,0.00799573864787817,0.003000000026077032
1207,0.007993914186954498,0.003000000026077032
1208,0.007992209866642952,0.003000000026077032
1209,0.007990388199687004,0.003000000026077032
1210,0.007988642901182175,0.003000000026077032
1211,0.007986900396645069,0.003000000026077032
1212,0.007985157892107964,0.003000000026077032
1213,0.007983407005667686,0.003000000026077032
1214,0.007981643080711365,0.003000000026077032
1215,0.007979880087077618,0.003000000026077032
1216,0.007978160865604877,0.003000000026077032
1217,0.007976389490067959,0.003000000026077032
1218,0.00797460786998272,0.003000000026077032
1219,0.007972891442477703,0.003000000026077032
1220,0.007971114479005337,0.003000000026077032
1221,0.007969414815306664,0.003000000026077032
1222,0.00796768069267273,0.003000000026077032
1223,0.007965901866555214,0.003000000026077032
1224,0.00796416588127613,0.003000000026077032
1225,0.007962426170706749,0.003000000026077032
1226,0.00796062033623457,0.003000000026077032
1227,0.007958926260471344,0.003000000026077032
1228,0.0079572144895792,0.003000000026077032
1229,0.007955465465784073,0.003000000026077032
1230,0.007953728549182415,0.003000000026077032
1231,0.007951952517032623,0.003000000026077032
1232,0.00795026309788227,0.003000000026077032
1233,0.007948523387312889,0.003000000026077032
1234,0.007946781814098358,0.003000000026077032
1235,0.007945096120238304,0.003000000026077032
1236,0.007943319156765938,0.003000000026077032
1237,0.007941650226712227,0.003000000026077032
1238,0.007939849980175495,0.003000000026077032
1239,0.007938138209283352,0.003000000026077032
1240,0.00793638825416565,0.003000000026077032
1241,0.007934639230370522,0.003000000026077032
1242,0.007932959124445915,0.003000000026077032
1243,0.007931208238005638,0.003000000026077032
1244,0.007929468527436256,0.003000000026077032
1245,0.00792781263589859,0.003000000026077032
1246,0.007926011458039284,0.003000000026077032
1247,0.00792439840734005,0.003000000026077032
1248,0.007922661490738392,0.003000000026077032
1249,0.00792089756578207,0.003000000026077032
1250,0.007919208146631718,0.003000000026077032
1251,0.00791746936738491,0.003000000026077032
1252,0.007915785536170006,0.003000000026077032
1253,0.007914063520729542,0.003000000026077032
1254,0.00791233591735363,0.003000000026077032
1255,0.007910655811429024,0.003000000026077032
1256,0.00790888350456953,0.003000000026077032
1257,0.007907196879386902,0.003000000026077032
1258,0.007905510254204273,0.003000000026077032
1259,0.007903804071247578,0.003000000026077032
1260,0.007902084849774837,0.003000000026077032
1261,0.007900416851043701,0.003000000026077032
1262,0.00789865106344223,0.003000000026077032
1263,0.007897021248936653,0.003000000026077032
1264,0.007895257323980331,0.003000000026077032
1265,0.007893566973507404,0.003000000026077032
1266,0.007891851477324963,0.003000000026077032
1267,0.007890114560723305,0.003000000026077032
1268,0.00788842886686325,0.003000000026077032
1269,0.007886795327067375,0.003000000026077032
1270,0.007885071448981762,0.003000000026077032
1271,0.007883421145379543,0.003000000026077032
1272,0.007881691679358482,0.003000000026077032
1273,0.007879925891757011,0.003000000026077032
1274,0.007878248579800129,0.003000000026077032
1275,0.007876602001488209,0.003000000026077032
1276,0.007874931208789349,0.003000000026077032
1277,0.007873224094510078,0.003000000026077032
1278,0.007871507667005062,0.003000000026077032
1279,0.007869875058531761,0.003000000026077032
1280,0.007868168875575066,0.003000000026077032
1281,0.007866434752941132,0.003000000026077032
1282,0.007864801213145256,0.003000000026077032
1283,0.007863100618124008,0.003000000026077032
1284,0.007861398160457611,0.003000000026077032
1285,0.00785975344479084,0.003000000026077032
1286,0.007858109660446644,0.003000000026077032
1287,0.00785642396658659,0.003000000026077032
1288,0.007854746654629707,0.003000000026077032
1289,0.007853026501834393,0.003000000026077032
1290,0.00785141997039318,0.003000000026077032
1291,0.00784970261156559,0.003000000026077032
1292,0.007848026230931282,0.003000000026077032
1293,0.007846355438232422,0.003000000026077032
1294,0.007844701409339905,0.003000000026077032
1295,0.007843002676963806,0.003000000026077032
1296,0.007841384038329124,0.003000000026077032
1297,0.007839681580662727,0.003000000026077032
1298,0.007837995886802673,0.003000000026077032
1299,0.007836374454200268,0.003000000026077032
1300,0.007834707386791706,0.003000000026077032
1301,0.007833062671124935,0.003000000026077032
1302,0.007831349968910217,0.003000000026077032
1303,0.007829640991985798,0.003000000026077032
1304,0.007828069850802422,0.003000000026077032
1305,0.007826407440006733,0.003000000026077032
1306,0.007824761793017387,0.003000000026077032
1307,0.00782310962677002,0.003000000026077032
1308,0.007821403443813324,0.003000000026077032
1309,0.007819795981049538,0.003000000026077032
1310,0.007818089798092842,0.003000000026077032
1311,0.007816550321877003,0.003000000026077032
1312,0.00781484879553318,0.003000000026077032
1313,0.007813108153641224,0.003000000026077032
1314,0.007811547257006168,0.003000000026077032
1315,0.007809846196323633,0.003000000026077032
1316,0.00780819496139884,0.003000000026077032
1317,0.00780656049028039,0.003000000026077032
1318,0.007804957218468189,0.003000000026077032
1319,0.007803295738995075,0.003000000026077032
1320,0.007801638450473547,0.003000000026077032
1321,0.007800017483532429,0.003000000026077032
1322,0.0077983601950109005,0.003000000026077032
1323,0.007796757854521275,0.003000000026077032
1324,0.007795075885951519,0.003000000026077032
1325,0.00779346376657486,0.003000000026077032
1326,0.007791786454617977,0.003000000026077032
1327,0.0077901361510157585,0.003000000026077032
1328,0.007788587361574173,0.003000000026077032
1329,0.007786913309246302,0.003000000026077032
1330,0.007785334251821041,0.003000000026077032
1331,0.007783741690218449,0.003000000026077032
1332,0.007782080676406622,0.003000000026077032
1333,0.007780435029417276,0.003000000026077032
1334,0.007778814993798733,0.003000000026077032
1335,0.007777114398777485,0.003000000026077032
1336,0.007775589823722839,0.003000000026077032
1337,0.007773898541927338,0.003000000026077032
1338,0.007772295735776424,0.003000000026077032
1339,0.007770710624754429,0.003000000026077032
1340,0.007769090123474598,0.003000000026077032
1341,0.007767507340759039,0.003000000026077032
1342,0.0077659054659307,0.003000000026077032
1343,0.007764218840748072,0.003000000026077032
1344,0.007762589491903782,0.003000000026077032
1345,0.007761017885059118,0.003000000026077032
1346,0.007759355939924717,0.003000000026077032
1347,0.0077578285709023476,0.003000000026077032
1348,0.007756164763122797,0.003000000026077032
1349,0.007754602935165167,0.003000000026077032
1350,0.0077529787085950375,0.003000000026077032
1351,0.007751382887363434,0.003000000026077032
1352,0.007749740965664387,0.003000000026077032
1353,0.007748087402433157,0.003000000026077032
1354,0.0077465372160077095,0.003000000026077032
1355,0.007744910661131144,0.003000000026077032
1356,0.007743374910205603,0.003000000026077032
1357,0.007741727866232395,0.003000000026077032
1358,0.007740093860775232,0.003000000026077032
1359,0.007738529238849878,0.003000000026077032
1360,0.007736970670521259,0.003000000026077032
1361,0.007735361345112324,0.003000000026077032
1362,0.007733854465186596,0.003000000026077032
1363,0.007732190191745758,0.003000000026077032
1364,0.007730599492788315,0.003000000026077032
1365,0.007729041390120983,0.003000000026077032
1366,0.007727379444986582,0.003000000026077032
1367,0.007725817151367664,0.003000000026077032
1368,0.00772422831505537,0.003000000026077032
1369,0.007722620852291584,0.003000000026077032
1370,0.007721103727817535,0.003000000026077032
1371,0.007719472981989384,0.003000000026077032
1372,0.007717887870967388,0.003000000026077032
1373,0.007716295309364796,0.003000000026077032
1374,0.007714766077697277,0.003000000026077032
1375,0.007713192608207464,0.003000000026077032
1376,0.0077116237953305244,0.003000000026077032
1377,0.007710069417953491,0.003000000026077032
1378,0.00770846102386713,0.003000000026077032
1379,0.007706886623054743,0.003000000026077032
1380,0.007705315947532654,0.003000000026077032
1381,0.007703755050897598,0.003000000026077032
1382,0.007702183909714222,0.003000000026077032
1383,0.007700583431869745,0.003000000026077032
1384,0.007699030451476574,0.003000000026077032
1385,0.007697440683841705,0.003000000026077032
1386,0.007695929147303104,0.003000000026077032
1387,0.007694297935813665,0.003000000026077032
1388,0.007692781277000904,0.003000000026077032
1389,0.007691206876188517,0.003000000026077032
1390,0.007689627818763256,0.003000000026077032
1391,0.007688097655773163,0.003000000026077032
1392,0.007686528377234936,0.003000000026077032
1393,0.007684963755309582,0.003000000026077032
1394,0.0076834456995129585,0.003000000026077032
1395,0.0076818265952169895,0.003000000026077032
1396,0.007680340204387903,0.003000000026077032
1397,0.007678777910768986,0.003000000026077032
1398,0.007677145302295685,0.003000000026077032
1399,0.007675682194530964,0.003000000026077032
1400,0.0076741427183151245,0.003000000026077032
1401,0.007672607898712158,0.003000000026077032
1402,0.0076710982248187065,0.003000000026077032
1403,0.007669522427022457,0.003000000026077032
1404,0.007667901925742626,0.003000000026077032
1405,0.007666382938623428,0.003000000026077032
1406,0.007664859294891357,0.003000000026077032
1407,0.007663317956030369,0.003000000026077032
1408,0.007661846466362476,0.003000000026077032
1409,0.007660196628421545,0.003000000026077032
1410,0.007658726070076227,0.003000000026077032
1411,0.007657141424715519,0.003000000026077032
1412,0.007655665278434753,0.003000000026077032
1413,0.007654146756976843,0.003000000026077032
1414,0.007652605883777142,0.003000000026077032
1415,0.007651083171367645,0.003000000026077032
1416,0.007649517152458429,0.003000000026077032
1417,0.007647982332855463,0.003000000026077032
1418,0.007646462414413691,0.003000000026077032
1419,0.0076449476182460785,0.003000000026077032
1420,0.007643422577530146,0.003000000026077032
1421,0.007641976233571768,0.003000000026077032
1422,0.007640354335308075,0.003000000026077032
1423,0.007638809271156788,0.003000000026077032
1424,0.007637323345988989,0.003000000026077032
1425,0.007635858841240406,0.003000000026077032
1426,0.007634281180799007,0.003000000026077032
1427,0.007632751949131489,0.003000000026077032
1428,0.0076312897726893425,0.003000000026077032
1429,0.00762976473197341,0.003000000026077032
1430,0.007628265768289566,0.003000000026077032
1431,0.00762677937746048,0.003000000026077032
1432,0.007625219412147999,0.003000000026077032
1433,0.007623693905770779,0.003000000026077032
1434,0.007622175849974155,0.003000000026077032
1435,0.007620777003467083,0.003000000026077032
1436,0.00761921564117074,0.003000000026077032
1437,0.007617725525051355,0.003000000026077032
1438,0.007616235408931971,0.003000000026077032
1439,0.007614736445248127,0.003000000026077032
1440,0.0076132058165967464,0.003000000026077032
1441,0.007611717097461224,0.003000000026077032
1442,0.0076101855374872684,0.003000000026077032
1443,0.007608702871948481,0.003000000026077032
1444,0.007607231382280588,0.003000000026077032
1445,0.00760573148727417,0.003000000026077032
1446,0.00760416965931654,0.003000000026077032
1447,0.007602729834616184,0.003000000026077032
1448,0.007601267192512751,0.003000000026077032
1449,0.007599721197038889,0.003000000026077032
1450,0.007598301861435175,0.003000000026077032
1451,0.007596787065267563,0.003000000026077032
1452,0.00759527925401926,0.003000000026077032
1453,0.007593800313770771,0.003000000026077032
1454,0.007592310663312674,0.003000000026077032
1455,0.007590922061353922,0.003000000026077032
1456,0.007589364890009165,0.003000000026077032
1457,0.00758786778897047,0.003000000026077032
1458,0.007586449384689331,0.003000000026077032
1459,0.007584942039102316,0.003000000026077032
1460,0.007583498023450375,0.003000000026077032
1461,0.007581996265798807,0.003000000026077032
1462,0.007580576930195093,0.003000000026077032
1463,0.007579048629850149,0.003000000026077032
1464,0.007577595300972462,0.003000000026077032
1465,0.007576133124530315,0.003000000026077032
1466,0.007574665360152721,0.003000000026077032
1467,0.0075731948018074036,0.003000000026077032
1468,0.007571666035801172,0.003000000026077032
1469,0.007570269051939249,0.003000000026077032
1470,0.007568785455077887,0.003000000026077032
1471,0.007567320950329304,0.003000000026077032
1472,0.007565878331661224,0.003000000026077032
1473,0.007564413361251354,0.003000000026077032
1474,0.007562938146293163,0.003000000026077032
1475,0.007561515085399151,0.003000000026077032
1476,0.007560092024505138,0.003000000026077032
1477,0.00755855580791831,0.003000000026077032
1478,0.007557181175798178,0.003000000026077032
1479,0.007555712945759296,0.003000000026077032
1480,0.007554252631962299,0.003000000026077032
1481,0.007552781607955694,0.003000000026077032
1482,0.0075513264164328575,0.003000000026077032
1483,0.0075499205850064754,0.003000000026077032
1484,0.0075484467670321465,0.003000000026077032
1485,0.007547040469944477,0.003000000026077032
1486,0.007545590400695801,0.003000000026077032
1487,0.0075441463850438595,0.003000000026077032
1488,0.007542704697698355,0.003000000026077032
1489,0.007541232742369175,0.003000000026077032
1490,0.007539873011410236,0.003000000026077032
1491,0.00753840571269393,0.003000000026077032
1492,0.0075369603000581264,0.003000000026077032
1493,0.0075355046428740025,0.003000000026077032
1494,0.007534104399383068,0.003000000026077032
1495,0.007532632909715176,0.003000000026077032
1496,0.007531237788498402,0.003000000026077032
1497,0.007529786322265863,0.003000000026077032
1498,0.007528400514274836,0.003000000026077032
1499,0.007526965346187353,0.003000000026077032
1500,0.007525503635406494,0.003000000026077032
1501,0.007524119224399328,0.003000000026077032
1502,0.007522630505263805,0.003000000026077032
1503,0.00752129266038537,0.003000000026077032
1504,0.007519843988120556,0.003000000026077032
1505,0.007518443278968334,0.003000000026077032
1506,0.0075170560739934444,0.003000000026077032
1507,0.007515620440244675,0.003000000026077032
1508,0.007514169905334711,0.003000000026077032
1509,0.007512769661843777,0.003000000026077032
1510,0.007511313073337078,0.003000000026077032
1511,0.007509971968829632,0.003000000026077032
1512,0.007508496288210154,0.003000000026077032
1513,0.007507108151912689,0.003000000026077032
1514,0.007505728397518396,0.003000000026077032
1515,0.0075042820535600185,0.003000000026077032
1516,0.00750287901610136,0.003000000026077032
1517,0.007501511834561825,0.003000000026077032
1518,0.007500124629586935,0.003000000026077032
1519,0.007498670369386673,0.003000000026077032
1520,0.007497238460928202,0.003000000026077032
1521,0.0074959201738238335,0.003000000026077032
1522,0.0074945418164134026,0.003000000026077032
1523,0.007493111304938793,0.003000000026077032
1524,0.007491782307624817,0.003000000026077032
1525,0.0074903396889567375,0.003000000026077032
1526,0.007488952483981848,0.003000000026077032
1527,0.00748753547668457,0.003000000026077032
1528,0.007486174814403057,0.003000000026077032
1529,0.007484725676476955,0.003000000026077032
1530,0.007483397610485554,0.003000000026077032
1531,0.007481983397156,0.003000000026077032
1532,0.007480597589164972,0.003000000026077032
1533,0.007479250431060791,0.003000000026077032
1534,0.007477805949747562,0.003000000026077032
1535,0.00747646251693368,0.003000000026077032
1536,0.007475105579942465,0.003000000026077032
1537,0.007473716977983713,0.003000000026077032
1538,0.007472311612218618,0.003000000026077032
1539,0.007470958866178989,0.003000000026077032
1540,0.007469596806913614,0.003000000026077032
1541,0.007468202617019415,0.003000000026077032
1542,0.007466815412044525,0.003000000026077032
1543,0.007465445902198553,0.003000000026077032
1544,0.007464094553142786,0.003000000026077032
1545,0.0074627576395869255,0.003000000026077032
1546,0.007461421191692352,0.003000000026077032
1547,0.007460038177669048,0.003000000026077032
1548,0.007458631880581379,0.003000000026077032
1549,0.007457317318767309,0.003000000026077032
1550,0.007455914281308651,0.003000000026077032
1551,0.007454628590494394,0.003000000026077032
1552,0.007453208323568106,0.003000000026077032
1553,0.007451869547367096,0.003000000026077032
1554,0.007450466509908438,0.003000000026077032
1555,0.007449165917932987,0.003000000026077032
1556,0.0074477894231677055,0.003000000026077032
1557,0.007446454372256994,0.003000000026077032
1558,0.007445104420185089,0.003000000026077032
1559,0.0074437386356294155,0.003000000026077032
1560,0.0074423523619771,0.003000000026077032
1561,0.00744101544842124,0.003000000026077032
1562,0.007439696695655584,0.003000000026077032
1563,0.007438367698341608,0.003000000026077032
1564,0.007437040563672781,0.003000000026077032
1565,0.007435627281665802,0.003000000026077032
1566,0.007434356026351452,0.003000000026077032
1567,0.007433029823005199,0.003000000026077032
1568,0.007431633770465851,0.003000000026077032
1569,0.007430316414684057,0.003000000026077032
1570,0.007428992539644241,0.003000000026077032
1571,0.007427571807056665,0.003000000026077032
1572,0.0074263326823711395,0.003000000026077032
1573,0.007424944546073675,0.003000000026077032
1574,0.007423667702823877,0.003000000026077032
1575,0.007422340102493763,0.003000000026077032
1576,0.007421068847179413,0.003000000026077032
1577,0.007419669535011053,0.003000000026077032
1578,0.007418376859277487,0.003000000026077032
1579,0.0074169933795928955,0.003000000026077032
1580,0.007415711879730225,0.003000000026077032
1581,0.007414366118609905,0.003000000026077032
1582,0.007413029670715332,0.003000000026077032
1583,0.007411776576191187,0.003000000026077032
1584,0.007410445716232061,0.003000000026077032
1585,0.007409088313579559,0.003000000026077032
1586,0.007407814264297485,0.003000000026077032
1587,0.00740649551153183,0.003000000026077032
1588,0.007405184209346771,0.003000000026077032
1589,0.0074038319289684296,0.003000000026077032
1590,0.0074026198126375675,0.003000000026077032
1591,0.007401196751743555,0.003000000026077032
1592,0.007399913854897022,0.003000000026077032
1593,0.007398633752018213,0.003000000026077032
1594,0.007397324778139591,0.003000000026077032
1595,0.007395966909825802,0.003000000026077032
1596,0.007394741289317608,0.003000000026077032
1597,0.007393478415906429,0.003000000026077032
1598,0.007392172701656818,0.003000000026077032
1599,0.0073908790946006775,0.003000000026077032
1600,0.007389596197754145,0.003000000026077032
1601,0.007388281635940075,0.003000000026077032
1602,0.0073869554325938225,0.003000000026077032
1603,0.007385715842247009,0.003000000026077032
1604,0.007384477648884058,0.003000000026077032
1605,0.007383259478956461,0.003000000026077032
1606,0.007381950505077839,0.003000000026077032
1607,0.007380831986665726,0.003000000026077032
1608,0.007379694376140833,0.003000000026077032
1609,0.007378654088824987,0.003000000026077032
1610,0.007377728819847107,0.003000000026077032
1611,0.007377030793577433,0.003000000026077032
1612,0.007376538123935461,0.003000000026077032
1613,0.007376542780548334,0.003000000026077032
1614,0.007377424743026495,0.003000000026077032
1615,0.007379518356174231,0.003000000026077032
1616,0.007383653428405523,0.003000000026077032
1617,0.007391090504825115,0.003000000026077032
1618,0.007404164876788855,0.003000000026077032
1619,0.0074262237176299095,0.003000000026077032
1620,0.007463189773261547,0.003000000026077032
1621,0.007524468004703522,0.003000000026077032
1622,0.0076248496770858765,0.003000000026077032
1623,0.007785865571349859,0.003000000026077032
1624,0.008034924976527691,0.003000000026077032
1625,0.008395077660679817,0.003000000026077032
1626,0.008857691660523415,0.003000000026077032
1627,0.009326951578259468,0.003000000026077032
1628,0.009580732323229313,0.003000000026077032
1629,0.009352249093353748,0.003000000026077032
1630,0.008614313788712025,0.003000000026077032
1631,0.007767868228256702,0.003000000026077032
1632,0.007355663925409317,0.003000000026077032
1633,0.00754797225818038,0.003000000026077032
1634,0.008027007803320885,0.003000000026077032
1635,0.008303460665047169,0.003000000026077032
1636,0.008120137266814709,0.003000000026077032
1637,0.007662879768759012,0.003000000026077032
1638,0.007359225302934647,0.003000000026077032
1639,0.007430041674524546,0.003000000026077032
1640,0.007702718488872051,0.003000000026077032
1641,0.007844788953661919,0.003000000026077032
1642,0.007709789089858532,0.003000000026077032
1643,0.007454622536897659,0.003000000026077032
1644,0.0073358118534088135,0.003000000026077032
1645,0.00742692593485117,0.003000000026077032
1646,0.007575607392936945,0.003000000026077032
1647,0.007600961718708277,0.003000000026077032
1648,0.0074828267097473145,0.003000000026077032
1649,0.007355110254138708,0.003000000026077032
1650,0.007338745053857565,0.003000000026077032
1651,0.007417328655719757,0.003000000026077032
1652,0.007480651140213013,0.003000000026077032
1653,0.007455800659954548,0.003000000026077032
1654,0.0073757171630859375,0.003000000026077032
1655,0.00732515100389719,0.003000000026077032
1656,0.00734295416623354,0.003000000026077032
1657,0.00739089772105217,0.003000000026077032
1658,0.007407758384943008,0.003000000026077032
1659,0.007376328110694885,0.003000000026077032
1660,0.007332282606512308,0.003000000026077032
1661,0.007317820098251104,0.003000000026077032
1662,0.007337289396673441,0.003000000026077032
1663,0.007360567804425955,0.003000000026077032
1664,0.007359792478382587,0.003000000026077032
1665,0.00733670499175787,0.003000000026077032
1666,0.0073150633834302425,0.003000000026077032
1667,0.007312885019928217,0.003000000026077032
1668,0.007325681857764721,0.003000000026077032
1669,0.007335510104894638,0.003000000026077032
1670,0.00733103696256876,0.003000000026077032
1671,0.007316858973354101,0.003000000026077032
1672,0.007306239567697048,0.003000000026077032
1673,0.0073063792660832405,0.003000000026077032
1674,0.007313237525522709,0.003000000026077032
1675,0.007317190058529377,0.003000000026077032
1676,0.007313455455005169,0.003000000026077032
1677,0.007305269129574299,0.003000000026077032
1678,0.007299366407096386,0.003000000026077032
1679,0.007299190852791071,0.003000000026077032
1680,0.007302341051399708,0.003000000026077032
1681,0.0073040262795984745,0.003000000026077032
1682,0.00730165233835578,0.003000000026077032
1683,0.00729686114937067,0.003000000026077032
1684,0.007292947266250849,0.003000000026077032
1685,0.007292085327208042,0.003000000026077032
1686,0.007293179631233215,0.003000000026077032
1687,0.0072938003577291965,0.003000000026077032
1688,0.007292455993592739,0.003000000026077032
1689,0.007289585657417774,0.003000000026077032
1690,0.007286766078323126,0.003000000026077032
1691,0.007285330444574356,0.003000000026077032
1692,0.007285185158252716,0.003000000026077032
1693,0.007285228464752436,0.003000000026077032
1694,0.007284441031515598,0.003000000026077032
1695,0.007282725069671869,0.003000000026077032
1696,0.007280577905476093,0.003000000026077032
1697,0.0072790635749697685,0.003000000026077032
1698,0.007278141565620899,0.003000000026077032
1699,0.007277735974639654,0.003000000026077032
1700,0.007277070078998804,0.003000000026077032
1701,0.00727597251534462,0.003000000026077032
1702,0.007274436764419079,0.003000000026077032
1703,0.007272959686815739,0.003000000026077032
1704,0.007271741982549429,0.003000000026077032
1705,0.007270836271345615,0.003000000026077032
1706,0.007270081900060177,0.003000000026077032
1707,0.0072691962122917175,0.003000000026077032
1708,0.007268094923347235,0.003000000026077032
1709,0.00726685207337141,0.003000000026077032
1710,0.007265576161444187,0.003000000026077032
1711,0.007264475338160992,0.003000000026077032
1712,0.007263525389134884,0.003000000026077032
1713,0.007262671831995249,0.003000000026077032
1714,0.007261686027050018,0.003000000026077032
1715,0.007260617800056934,0.003000000026077032
1716,0.007259495556354523,0.003000000026077032
1717,0.007258287630975246,0.003000000026077032
1718,0.007257334887981415,0.003000000026077032
1719,0.007256238255649805,0.003000000026077032
1720,0.00725536560639739,0.003000000026077032
1721,0.007254301104694605,0.003000000026077032
1722,0.007253339048475027,0.003000000026077032
1723,0.0072522638365626335,0.003000000026077032
1724,0.007251228205859661,0.003000000026077032
1725,0.007250147871673107,0.003000000026077032
1726,0.007249111775308847,0.003000000026077032
1727,0.0072480663657188416,0.003000000026077032
1728,0.007247128989547491,0.003000000026077032
1729,0.007246109656989574,0.003000000026077032
1730,0.0072450838051736355,0.003000000026077032
1731,0.00724403653293848,0.003000000026077032
1732,0.007243014872074127,0.003000000026077032
1733,0.007241970393806696,0.003000000026077032
1734,0.0072409408167004585,0.003000000026077032
1735,0.007239985279738903,0.003000000026077032
1736,0.007238991558551788,0.003000000026077032
1737,0.0072379871271550655,0.003000000026077032
1738,0.007236923091113567,0.003000000026077032
1739,0.007235982920974493,0.003000000026077032
1740,0.007234947290271521,0.003000000026077032
1741,0.007233934942632914,0.003000000026077032
1742,0.007232951931655407,0.003000000026077032
1743,0.007231930736452341,0.003000000026077032
1744,0.0072308978997170925,0.003000000026077032
1745,0.007229899056255817,0.003000000026077032
1746,0.007228939328342676,0.003000000026077032
1747,0.007227923721075058,0.003000000026077032
1748,0.007226976566016674,0.003000000026077032
1749,0.00722589623183012,0.003000000026077032
1750,0.007224956061691046,0.003000000026077032
1751,0.007223964668810368,0.003000000026077032
1752,0.007222949061542749,0.003000000026077032
1753,0.007221987005323172,0.003000000026077032
1754,0.007220947649329901,0.003000000026077032
1755,0.007219977676868439,0.003000000026077032
1756,0.007218948099762201,0.003000000026077032
1757,0.0072180056013166904,0.003000000026077032
1758,0.007217004895210266,0.003000000026077032
1759,0.0072159902192652225,0.003000000026077032
1760,0.007215004414319992,0.003000000026077032
1761,0.007214045617729425,0.003000000026077032
1762,0.007213105447590351,0.003000000026077032
1763,0.007212033960968256,0.003000000026077032
1764,0.007211072836071253,0.003000000026077032
1765,0.00721011171117425,0.003000000026077032
1766,0.007209072820842266,0.003000000026077032
1767,0.0072081806138157845,0.003000000026077032
1768,0.007207171525806189,0.003000000026077032
1769,0.0072061605751514435,0.003000000026077032
1770,0.007205185480415821,0.003000000026077032
1771,0.007204228546470404,0.003000000026077032
1772,0.007203263230621815,0.003000000026077032
1773,0.007202251348644495,0.003000000026077032
1774,0.007201351225376129,0.003000000026077032
1775,0.00720036868005991,0.003000000026077032
1776,0.007199369370937347,0.003000000026077032
1777,0.0071984208188951015,0.003000000026077032
1778,0.0071974387392401695,0.003000000026077032
1779,0.007196475751698017,0.003000000026077032
1780,0.007195471320301294,0.003000000026077032
1781,0.007194536738097668,0.003000000026077032
1782,0.007193556521087885,0.003000000026077032
1783,0.007192605175077915,0.003000000026077032
1784,0.007191592361778021,0.003000000026077032
1785,0.007190647069364786,0.003000000026077032
1786,0.0071896957233548164,0.003000000026077032
1787,0.007188711315393448,0.003000000026077032
1788,0.00718774925917387,0.003000000026077032
1789,0.007186742965131998,0.003000000026077032
1790,0.007185888942331076,0.003000000026077032
1791,0.007184852845966816,0.003000000026077032
1792,0.0071839140728116035,0.003000000026077032
1793,0.007182970643043518,0.003000000026077032
1794,0.007181988097727299,0.003000000026077032
1795,0.007181071676313877,0.003000000026077032
1796,0.00718013197183609,0.003000000026077032
1797,0.007179164793342352,0.003000000026077032
1798,0.0071782260201871395,0.003000000026077032
1799,0.007177205290645361,0.003000000026077032
1800,0.007176336832344532,0.003000000026077032
1801,0.0071753947995603085,0.003000000026077032
1802,0.007174441125243902,0.003000000026077032
1803,0.007173492107540369,0.003000000026077032
1804,0.007172526326030493,0.003000000026077032
1805,0.007171603851020336,0.003000000026077032
1806,0.007170632481575012,0.003000000026077032
1807,0.007169692311435938,0.003000000026077032
1808,0.007168712560087442,0.003000000026077032
1809,0.0071678152307868,0.003000000026077032
1810,0.007166875060647726,0.003000000026077032
1811,0.007165964692831039,0.003000000026077032
1812,0.007165019400417805,0.003000000026077032
1813,0.0071641430258750916,0.003000000026077032
1814,0.007163189351558685,0.003000000026077032
1815,0.007162247784435749,0.003000000026077032
1816,0.007161359302699566,0.003000000026077032
1817,0.0071604312397539616,0.003000000026077032
1818,0.0071595897898077965,0.003000000026077032
1819,0.007158652879297733,0.003000000026077032
1820,0.007157857529819012,0.003000000026077032
1821,0.007157101295888424,0.003000000026077032
1822,0.007156487554311752,0.003000000026077032
1823,0.0071560172364115715,0.003000000026077032
1824,0.007155752740800381,0.003000000026077032
1825,0.007155849132686853,0.003000000026077032
1826,0.007156591862440109,0.003000000026077032
1827,0.007158351130783558,0.003000000026077032
1828,0.007161766290664673,0.003000000026077032
1829,0.00716791395097971,0.003000000026077032
1830,0.007178542669862509,0.003000000026077032
1831,0.007196603808552027,0.003000000026077032
1832,0.007226935587823391,0.003000000026077032
1833,0.0072775594890117645,0.003000000026077032
1834,0.007361250929534435,0.003000000026077032
1835,0.007497429847717285,0.003000000026077032
1836,0.007713601924479008,0.003000000026077032
1837,0.008039996027946472,0.003000000026077032
1838,0.0084917563945055,0.003000000026077032
1839,0.009021398611366749,0.003000000026077032
1840,0.009456494823098183,0.003000000026077032
1841,0.009500260464847088,0.003000000026077032
1842,0.008790034800767899,0.003000000026077032
1843,0.00783044844865799,0.003000000026077032
1844,0.007202592678368092,0.003000000026077032
1845,0.007232835981994867,0.003000000026077032
1846,0.007714029401540756,0.003000000026077032
1847,0.00813486147671938,0.003000000026077032
1848,0.008101694285869598,0.003000000026077032
1849,0.007655730936676264,0.003000000026077032
1850,0.007220125291496515,0.003000000026077032
1851,0.007156939711421728,0.003000000026077032
1852,0.007417325861752033,0.003000000026077032
1853,0.007657401263713837,0.003000000026077032
1854,0.007614458911120892,0.003000000026077032
1855,0.007350212894380093,0.003000000026077032
1856,0.007143710739910603,0.003000000026077032
1857,0.007169879041612148,0.003000000026077032
1858,0.007336369715631008,0.003000000026077032
1859,0.007427186705172062,0.003000000026077032
1860,0.007344561163336039,0.003000000026077032
1861,0.007189206779003143,0.003000000026077032
1862,0.0071213459596037865,0.003000000026077032
1863,0.007181490771472454,0.003000000026077032
1864,0.007270938716828823,0.003000000026077032
1865,0.007280451245605946,0.003000000026077032
1866,0.0072048744186758995,0.003000000026077032
1867,0.007129529025405645,0.003000000026077032
1868,0.0071241953410208225,0.003000000026077032
1869,0.007173444144427776,0.003000000026077032
1870,0.007209586910903454,0.003000000026077032
1871,0.007191716227680445,0.003000000026077032
1872,0.0071425833739340305,0.003000000026077032
1873,0.007113111205399036,0.003000000026077032
1874,0.007124929688870907,0.003000000026077032
1875,0.007154025137424469,0.003000000026077032
1876,0.007163706235587597,0.003000000026077032
1877,0.007144422270357609,0.003000000026077032
1878,0.007117519620805979,0.003000000026077032
1879,0.0071081058122217655,0.003000000026077032
1880,0.007119311485439539,0.003000000026077032
1881,0.007133446633815765,0.003000000026077032
1882,0.00713382801041007,0.003000000026077032
1883,0.0071204230189323425,0.003000000026077032
1884,0.007106760051101446,0.003000000026077032
1885,0.007103986106812954,0.003000000026077032
1886,0.007110883481800556,0.003000000026077032
1887,0.007117392960935831,0.003000000026077032
1888,0.007115823682397604,0.003000000026077032
1889,0.007107675075531006,0.003000000026077032
1890,0.007100380957126617,0.003000000026077032
1891,0.007099230773746967,0.003000000026077032
1892,0.007102700415998697,0.003000000026077032
1893,0.007105712778866291,0.003000000026077032
1894,0.007104402873665094,0.003000000026077032
1895,0.0070996955037117004,0.003000000026077032
1896,0.007095441222190857,0.003000000026077032
1897,0.0070942239835858345,0.003000000026077032
1898,0.007095643784850836,0.003000000026077032
1899,0.007097010500729084,0.003000000026077032
1900,0.007096201181411743,0.003000000026077032
1901,0.007093525025993586,0.003000000026077032
1902,0.00709075341001153,0.003000000026077032
1903,0.007089382968842983,0.003000000026077032
1904,0.007089605089277029,0.003000000026077032
1905,0.007090037222951651,0.003000000026077032
1906,0.007089640013873577,0.003000000026077032
1907,0.007088082376867533,0.003000000026077032
1908,0.0070861997082829475,0.003000000026077032
1909,0.007084802724421024,0.003000000026077032
1910,0.007084318902343512,0.003000000026077032
1911,0.007084217853844166,0.003000000026077032
1912,0.007083890028297901,0.003000000026077032
1913,0.007083002477884293,0.003000000026077032
1914,0.007081718649715185,0.003000000026077032
1915,0.007080459501594305,0.003000000026077032
1916,0.00707949697971344,0.003000000026077032
1917,0.007078985683619976,0.003000000026077032
1918,0.007078579161316156,0.003000000026077032
1919,0.007078001741319895,0.003000000026077032
1920,0.007077028043568134,0.003000000026077032
1921,0.007076057605445385,0.003000000026077032
1922,0.007075066212564707,0.003000000026077032
1923,0.007074275519698858,0.003000000026077032
1924,0.007073709275573492,0.003000000026077032
1925,0.007073047570884228,0.003000000026077032
1926,0.007072413805872202,0.003000000026077032
1927,0.007071579806506634,0.003000000026077032
1928,0.007070664316415787,0.003000000026077032
1929,0.0070698135532438755,0.003000000026077032
1930,0.007069052662700415,0.003000000026077032
1931,0.007068386767059565,0.003000000026077032
1932,0.007067776285111904,0.003000000026077032
1933,0.007067000027745962,0.003000000026077032
1934,0.0070662470534443855,0.003000000026077032
1935,0.00706544890999794,0.003000000026077032
1936,0.007064656354486942,0.003000000026077032
1937,0.007063849829137325,0.003000000026077032
1938,0.0070631555281579494,0.003000000026077032
1939,0.007062396965920925,0.003000000026077032
1940,0.0070617287419736385,0.003000000026077032
1941,0.007060979958623648,0.003000000026077032
1942,0.007060269825160503,0.003000000026077032
1943,0.007059475872665644,0.003000000026077032
1944,0.007058731280267239,0.003000000026077032
1945,0.007057967595756054,0.003000000026077032
1946,0.007057267241179943,0.003000000026077032
1947,0.007056559436023235,0.003000000026077032
1948,0.00705582182854414,0.003000000026077032
1949,0.007055067922919989,0.003000000026077032
1950,0.007054317742586136,0.003000000026077032
1951,0.0070536150597035885,0.003000000026077032
1952,0.00705278804525733,0.003000000026077032
1953,0.007052083499729633,0.003000000026077032
1954,0.007051428314298391,0.003000000026077032
1955,0.007050715386867523,0.003000000026077032
1956,0.007049927953630686,0.003000000026077032
1957,0.007049256470054388,0.003000000026077032
1958,0.007048462517559528,0.003000000026077032
1959,0.007047758437693119,0.003000000026077032
1960,0.007047071121633053,0.003000000026077032
1961,0.0070462957955896854,0.003000000026077032
1962,0.007045591715723276,0.003000000026077032
1963,0.007044874131679535,0.003000000026077032
1964,0.00704415375366807,0.003000000026077032
1965,0.0070434571243822575,0.003000000026077032
1966,0.007042725570499897,0.003000000026077032
1967,0.00704198470339179,0.003000000026077032
1968,0.0070412480272352695,0.003000000026077032
1969,0.007040550000965595,0.003000000026077032
1970,0.007039761636406183,0.003000000026077032
1971,0.007039164658635855,0.003000000026077032
1972,0.0070383488200604916,0.003000000026077032
1973,0.007037639617919922,0.003000000026077032
1974,0.00703694811090827,0.003000000026077032
1975,0.007036217954009771,0.003000000026077032
1976,0.007035578601062298,0.003000000026077032
1977,0.00703481724485755,0.003000000026077032
1978,0.007034068461507559,0.003000000026077032
1979,0.007033406291157007,0.003000000026077032
1980,0.007032657973468304,0.003000000026077032
1981,0.007031952030956745,0.003000000026077032
1982,0.007031260523945093,0.003000000026077032
1983,0.007030573673546314,0.003000000026077032
1984,0.0070298900827765465,0.003000000026077032
1985,0.007029175758361816,0.003000000026077032
1986,0.007028392516076565,0.003000000026077032
1987,0.007027718238532543,0.003000000026077032
1988,0.007027062587440014,0.003000000026077032
1989,0.007026272360235453,0.003000000026077032
1990,0.007025586906820536,0.003000000026077032
1991,0.007024899125099182,0.003000000026077032
1992,0.007024177350103855,0.003000000026077032
1993,0.007023531012237072,0.003000000026077032
1994,0.007022802717983723,0.003000000026077032
1995,0.00702205765992403,0.003000000026077032
1996,0.0070213573053479195,0.003000000026077032
1997,0.0070206597447395325,0.003000000026077032
1998,0.007019979413598776,0.003000000026077032
1999,0.007019312586635351,0.003000000026077032
2000,0.0070185586810112,0.003000000026077032
2001,0.007017896976321936,0.003000000026077032
2002,0.007017205003648996,0.003000000026077032
2003,0.007016496267169714,0.003000000026077032
2004,0.007015804294496775,0.003000000026077032
2005,0.007015076465904713,0.003000000026077032
2006,0.007014398463070393,0.003000000026077032
2007,0.007013746537268162,0.003000000026077032
2008,0.007012967951595783,0.003000000026077032
2009,0.007012323942035437,0.003000000026077032
2010,0.007011623587459326,0.003000000026077032
2011,0.007010965142399073,0.003000000026077032
2012,0.007010245230048895,0.003000000026077032
2013,0.007009531371295452,0.003000000026077032
2014,0.007008801214396954,0.003000000026077032
2015,0.007008164189755917,0.003000000026077032
2016,0.00700750108808279,0.003000000026077032
2017,0.007006776984781027,0.003000000026077032
2018,0.0070061227306723595,0.003000000026077032
2019,0.007005450781434774,0.003000000026077032
2020,0.007004749961197376,0.003000000026077032
2021,0.007004056125879288,0.003000000026077032
2022,0.007003373000770807,0.003000000026077032
2023,0.007002656348049641,0.003000000026077032
2024,0.007002042140811682,0.003000000026077032
2025,0.007001341786235571,0.003000000026077032
2026,0.007000660058110952,0.003000000026077032
2027,0.0070000262930989265,0.003000000026077032
2028,0.0069993347860872746,0.003000000026077032
2029,0.006998622324317694,0.003000000026077032
2030,0.006997899617999792,0.003000000026077032
2031,0.006997304502874613,0.003000000026077032
2032,0.006996637675911188,0.003000000026077032
2033,0.006995985750108957,0.003000000026077032
2034,0.006995360367000103,0.003000000026077032
2035,0.0069947377778589725,0.003000000026077032
2036,0.00699413288384676,0.003000000026077032
2037,0.006993612740188837,0.003000000026077032
2038,0.0069931247271597385,0.003000000026077032
2039,0.006992670241743326,0.003000000026077032
2040,0.006992408074438572,0.003000000026077032
2041,0.006992362439632416,0.003000000026077032
2042,0.006992722395807505,0.003000000026077032
2043,0.006993404123932123,0.003000000026077032
2044,0.006995104253292084,0.003000000026077032
2045,0.0069979773834347725,0.003000000026077032
2046,0.0070029692724347115,0.003000000026077032
2047,0.007011292967945337,0.003000000026077032
2048,0.007025016006082296,0.003000000026077032
2049,0.0070475079119205475,0.003000000026077032
2050,0.007084113545715809,0.003000000026077032
2051,0.007143455557525158,0.003000000026077032
2052,0.007238543592393398,0.003000000026077032
2053,0.007388594094663858,0.003000000026077032
2054,0.007617981173098087,0.003000000026077032
2055,0.007949590682983398,0.003000000026077032
2056,0.008382998406887054,0.003000000026077032
2057,0.008852162398397923,0.003000000026077032
2058,0.009181724861264229,0.003000000026077032
2059,0.009120022878050804,0.003000000026077032
2060,0.008544127456843853,0.003000000026077032
2061,0.007694268133491278,0.003000000026077032
2062,0.00707794725894928,0.003000000026077032
2063,0.007025589235126972,0.003000000026077032
2064,0.0074160220101475716,0.003000000026077032
2065,0.00782804936170578,0.003000000026077032
2066,0.007887626066803932,0.003000000026077032
2067,0.00755190709605813,0.003000000026077032
2068,0.007130225654691458,0.003000000026077032
2069,0.006973570678383112,0.003000000026077032
2070,0.00713974516838789,0.003000000026077032
2071,0.007388005964457989,0.003000000026077032
2072,0.007448767311871052,0.003000000026077032
2073,0.007272342685610056,0.003000000026077032
2074,0.007044504396617413,0.003000000026077032
2075,0.006971550174057484,0.003000000026077032
2076,0.007075464818626642,0.003000000026077032
2077,0.007206323090940714,0.003000000026077032
2078,0.007217573467642069,0.003000000026077032
2079,0.007106209639459848,0.003000000026077032
2080,0.006990463938564062,0.003000000026077032
2081,0.006972556468099356,0.003000000026077032
2082,0.007041069678962231,0.003000000026077032
2083,0.00710385013371706,0.003000000026077032
2084,0.007092638872563839,0.003000000026077032
2085,0.00702429935336113,0.003000000026077032
2086,0.006968853063881397,0.003000000026077032
2087,0.006971058435738087,0.003000000026077032
2088,0.007012224290519953,0.003000000026077032
2089,0.007040256168693304,0.003000000026077032
2090,0.007026284001767635,0.003000000026077032
2091,0.0069870902225375175,0.003000000026077032
2092,0.006960744969546795,0.003000000026077032
2093,0.006966096349060535,0.003000000026077032
2094,0.0069887577556073666,0.003000000026077032
2095,0.0070013627409935,0.003000000026077032
2096,0.006991376169025898,0.003000000026077032
2097,0.006969831883907318,0.003000000026077032
2098,0.006956376135349274,0.003000000026077032
2099,0.006959731690585613,0.003000000026077032
2100,0.006971587892621756,0.003000000026077032
2101,0.006977907381951809,0.003000000026077032
2102,0.006972459144890308,0.003000000026077032
2103,0.006960733328014612,0.003000000026077032
2104,0.0069529032334685326,0.003000000026077032
2105,0.006953802891075611,0.003000000026077032
2106,0.006959706544876099,0.003000000026077032
2107,0.00696347514167428,0.003000000026077032
2108,0.006961175240576267,0.003000000026077032
2109,0.006954907439649105,0.003000000026077032
2110,0.006949706468731165,0.003000000026077032
2111,0.006948984228074551,0.003000000026077032
2112,0.006951427552849054,0.003000000026077032
2113,0.006953755859285593,0.003000000026077032
2114,0.006953219883143902,0.003000000026077032
2115,0.0069501674734056,0.003000000026077032
2116,0.006946714129298925,0.003000000026077032
2117,0.006945081055164337,0.003000000026077032
2118,0.006945690605789423,0.003000000026077032
2119,0.006946857087314129,0.003000000026077032
2120,0.00694710249081254,0.003000000026077032
2121,0.006945756729692221,0.003000000026077032
2122,0.00694353599101305,0.003000000026077032
2123,0.006941938307136297,0.003000000026077032
2124,0.006941392086446285,0.003000000026077032
2125,0.006941572763025761,0.003000000026077032
2126,0.006941790692508221,0.003000000026077032
2127,0.006941462866961956,0.003000000026077032
2128,0.006940285675227642,0.003000000026077032
2129,0.006938926875591278,0.003000000026077032
2130,0.006937973201274872,0.003000000026077032
2131,0.006937491707503796,0.003000000026077032
2132,0.0069373371079564095,0.003000000026077032
2133,0.0069371177814900875,0.003000000026077032
2134,0.006936619523912668,0.003000000026077032
2135,0.0069357529282569885,0.003000000026077032
2136,0.00693487236276269,0.003000000026077032
2137,0.006934075616300106,0.003000000026077032
2138,0.006933544762432575,0.003000000026077032
2139,0.006933207157999277,0.003000000026077032
2140,0.006932851858437061,0.003000000026077032
2141,0.006932324264198542,0.003000000026077032
2142,0.006931663490831852,0.003000000026077032
2143,0.0069309426471591,0.003000000026077032
2144,0.006930247880518436,0.003000000026077032
2145,0.00692965229973197,0.003000000026077032
2146,0.006929129362106323,0.003000000026077032
2147,0.0069287559017539024,0.003000000026077032
2148,0.006928245536983013,0.003000000026077032
2149,0.006927688606083393,0.003000000026077032
2150,0.006927140057086945,0.003000000026077032
2151,0.006926447153091431,0.003000000026077032
2152,0.006925872061401606,0.003000000026077032
2153,0.0069252983666956425,0.003000000026077032
2154,0.006924837827682495,0.003000000026077032
2155,0.006924291606992483,0.003000000026077032
2156,0.006923806853592396,0.003000000026077032
2157,0.006923269480466843,0.003000000026077032
2158,0.006922665983438492,0.003000000026077032
2159,0.006922121159732342,0.003000000026077032
2160,0.0069215064868330956,0.003000000026077032
2161,0.006921021733433008,0.003000000026077032
2162,0.006920460611581802,0.003000000026077032
2163,0.0069199418649077415,0.003000000026077032
2164,0.006919403560459614,0.003000000026077032
2165,0.006918916013091803,0.003000000026077032
2166,0.0069183604791760445,0.003000000026077032
2167,0.006917822174727917,0.003000000026077032
2168,0.006917279213666916,0.003000000026077032
2169,0.006916678044945002,0.003000000026077032
2170,0.006916196551173925,0.003000000026077032
2171,0.0069156186655163765,0.003000000026077032
2172,0.006915093865245581,0.003000000026077032
2173,0.0069146230816841125,0.003000000026077032
2174,0.006914031691849232,0.003000000026077032
2175,0.006913530640304089,0.003000000026077032
2176,0.006912977900356054,0.003000000026077032
2177,0.006912448443472385,0.003000000026077032
2178,0.006911951117217541,0.003000000026077032
2179,0.006911341100931168,0.003000000026077032
2180,0.006910833530128002,0.003000000026077032
2181,0.006910321302711964,0.003000000026077032
2182,0.006909807212650776,0.003000000026077032
2183,0.006909315474331379,0.003000000026077032
2184,0.006908742245286703,0.003000000026077032
2185,0.006908176001161337,0.003000000026077032
2186,0.006907657720148563,0.003000000026077032
2187,0.006907175295054913,0.003000000026077032
2188,0.006906597875058651,0.003000000026077032
2189,0.006906123366206884,0.003000000026077032
2190,0.00690555339679122,0.003000000026077032
2191,0.006905077490955591,0.003000000026077032
2192,0.006904524751007557,0.003000000026077032
2193,0.006904039531946182,0.003000000026077032
2194,0.006903492845594883,0.003000000026077032
2195,0.006902995519340038,0.003000000026077032
2196,0.006902485154569149,0.003000000026077032
2197,0.006901903543621302,0.003000000026077032
2198,0.006901434622704983,0.003000000026077032
2199,0.006900846026837826,0.003000000026077032
2200,0.0069003417156636715,0.003000000026077032
2201,0.006899870932102203,0.003000000026077032
2202,0.006899313069880009,0.003000000026077032
2203,0.006898804102092981,0.003000000026077032
2204,0.006898315157741308,0.003000000026077032
2205,0.006897781975567341,0.003000000026077032
2206,0.006897239480167627,0.003000000026077032
2207,0.006896737031638622,0.003000000026077032
2208,0.006896217353641987,0.003000000026077032
2209,0.006895732134580612,0.003000000026077032
2210,0.006895134691148996,0.003000000026077032
2211,0.006894667632877827,0.003000000026077032
2212,0.006894160062074661,0.003000000026077032
2213,0.006893625017255545,0.003000000026077032
2214,0.0068930983543396,0.003000000026077032
2215,0.006892559118568897,0.003000000026077032
2216,0.006892091128975153,0.003000000026077032
2217,0.0068915830925107,0.003000000026077032
2218,0.0068910988047719,0.003000000026077032
2219,0.006890591233968735,0.003000000026077032
2220,0.006890072487294674,0.003000000026077032
2221,0.006889547221362591,0.003000000026077032
2222,0.006888968404382467,0.003000000026077032
2223,0.006888527423143387,0.003000000026077032
2224,0.006887979805469513,0.003000000026077032
2225,0.006887531373649836,0.003000000026077032
2226,0.006886996328830719,0.003000000026077032
2227,0.006886501796543598,0.003000000026077032
2228,0.006885957904160023,0.003000000026077032
2229,0.006885465234518051,0.003000000026077032
2230,0.0068849981762468815,0.003000000026077032
2231,0.0068843974731862545,0.003000000026077032
2232,0.006883928086608648,0.003000000026077032
2233,0.006883481051772833,0.003000000026077032
2234,0.0068829357624053955,0.003000000026077032
2235,0.00688247662037611,0.003000000026077032
2236,0.006881908513605595,0.003000000026077032
2237,0.006881436798721552,0.003000000026077032
2238,0.006880903150886297,0.003000000026077032
2239,0.006880462169647217,0.003000000026077032
2240,0.006879980210214853,0.003000000026077032
2241,0.006879533175379038,0.003000000026077032
2242,0.006879003252834082,0.003000000026077032
2243,0.006878573447465897,0.003000000026077032
2244,0.006878117565065622,0.003000000026077032
2245,0.006877738982439041,0.003000000026077032
2246,0.006877335719764233,0.003000000026077032
2247,0.006877044681459665,0.003000000026077032
2248,0.006876847241073847,0.003000000026077032
2249,0.006876599974930286,0.003000000026077032
2250,0.006876724306493998,0.003000000026077032
2251,0.006877019070088863,0.003000000026077032
2252,0.006877710111439228,0.003000000026077032
2253,0.006879089865833521,0.003000000026077032
2254,0.006881372537463903,0.003000000026077032
2255,0.006885112728923559,0.003000000026077032
2256,0.006891213357448578,0.003000000026077032
2257,0.006901101674884558,0.003000000026077032
2258,0.006916812155395746,0.003000000026077032
2259,0.00694187730550766,0.003000000026077032
2260,0.006981731858104467,0.003000000026077032
2261,0.007044636644423008,0.003000000026077032
2262,0.007142999675124884,0.003000000026077032
2263,0.007294034119695425,0.003000000026077032
2264,0.007518006954342127,0.003000000026077032
2265,0.007831312716007233,0.003000000026077032
2266,0.008226415142416954,0.003000000026077032
2267,0.00863642431795597,0.003000000026077032
2268,0.008905787020921707,0.003000000026077032
2269,0.008828161284327507,0.003000000026077032
2270,0.008312510326504707,0.003000000026077032
2271,0.00756049994379282,0.003000000026077032
2272,0.006988365203142166,0.003000000026077032
2273,0.006885604467242956,0.003000000026077032
2274,0.007188059389591217,0.003000000026077032
2275,0.007570987101644278,0.003000000026077032
2276,0.007705674506723881,0.003000000026077032
2277,0.007488993462175131,0.003000000026077032
2278,0.007110985927283764,0.003000000026077032
2279,0.006875584367662668,0.003000000026077032
2280,0.006923028267920017,0.003000000026077032
2281,0.007135148160159588,0.003000000026077032
2282,0.007280275225639343,0.003000000026077032
2283,0.007224932312965393,0.003000000026077032
2284,0.0070326067507267,0.003000000026077032
2285,0.006879215594381094,0.003000000026077032
2286,0.006877065636217594,0.003000000026077032
2287,0.006985080428421497,0.003000000026077032
2288,0.007074548397213221,0.003000000026077032
2289,0.007057846523821354,0.003000000026077032
2290,0.006958708167076111,0.003000000026077032
2291,0.006871260702610016,0.003000000026077032
2292,0.006862571928650141,0.003000000026077032
2293,0.0069176675751805305,0.003000000026077032
2294,0.006968632340431213,0.003000000026077032
2295,0.006964826490730047,0.003000000026077032
2296,0.0069139921106398106,0.003000000026077032
2297,0.00686447462067008,0.003000000026077032
2298,0.006855018436908722,0.003000000026077032
2299,0.006881888024508953,0.003000000026077032
2300,0.006910880096256733,0.003000000026077032
2301,0.006912986747920513,0.003000000026077032
2302,0.006888313684612513,0.003000000026077032
2303,0.006860130466520786,0.003000000026077032
2304,0.0068504707887768745,0.003000000026077032
2305,0.006861572619527578,0.003000000026077032
2306,0.006877921521663666,0.003000000026077032
2307,0.006882794201374054,0.003000000026077032
2308,0.0068724872544407845,0.003000000026077032
2309,0.0068567246198654175,0.003000000026077032
2310,0.00684798788279295,0.003000000026077032
2311,0.006850630976259708,0.003000000026077032
2312,0.00685903150588274,0.003000000026077032
2313,0.006864218506962061,0.003000000026077032
2314,0.006861464586108923,0.003000000026077032
2315,0.006853534374386072,0.003000000026077032
2316,0.0068465331569314,0.003000000026077032
2317,0.006845071911811829,0.003000000026077032
2318,0.0068483054637908936,0.003000000026077032
2319,0.006852040998637676,0.003000000026077032
2320,0.00685269245877862,0.003000000026077032
2321,0.006849622819572687,0.003000000026077032
2322,0.006845165975391865,0.003000000026077032
2323,0.006842412054538727,0.003000000026077032
2324,0.006842434406280518,0.003000000026077032
2325,0.006844148971140385,0.003000000026077032
2326,0.0068454681895673275,0.003000000026077032
2327,0.0068450868129730225,0.003000000026077032
2328,0.0068431333638727665,0.003000000026077032
2329,0.006840791553258896,0.003000000026077032
2330,0.006839329842478037,0.003000000026077032
2331,0.006839260458946228,0.003000000026077032
2332,0.006839877460151911,0.003000000026077032
2333,0.0068402765318751335,0.003000000026077032
2334,0.00683988630771637,0.003000000026077032
2335,0.006838778965175152,0.003000000026077032
2336,0.006837411783635616,0.003000000026077032
2337,0.006836455315351486,0.003000000026077032
2338,0.0068360865116119385,0.003000000026077032
2339,0.006836117710918188,0.003000000026077032
2340,0.006836204323917627,0.003000000026077032
2341,0.006835877895355225,0.003000000026077032
2342,0.006835274398326874,0.003000000026077032
2343,0.006834434811025858,0.003000000026077032
2344,0.006833663675934076,0.003000000026077032
2345,0.006833096034824848,0.003000000026077032
2346,0.00683282595127821,0.003000000026077032
2347,0.006832611747086048,0.003000000026077032
2348,0.006832416169345379,0.003000000026077032
2349,0.00683198357000947,0.003000000026077032
2350,0.006831370294094086,0.003000000026077032
2351,0.006830795202404261,0.003000000026077032
2352,0.006830283906310797,0.003000000026077032
2353,0.006829825695604086,0.003000000026077032
2354,0.0068295239470899105,0.003000000026077032
2355,0.006829199381172657,0.003000000026077032
2356,0.0068288082256913185,0.003000000026077032
2357,0.0068283891305327415,0.003000000026077032
2358,0.006827948149293661,0.003000000026077032
2359,0.0068274931982159615,0.003000000026077032
2360,0.006826990749686956,0.003000000026077032
2361,0.006826621480286121,0.003000000026077032
2362,0.006826214492321014,0.003000000026077032
2363,0.00682577770203352,0.003000000026077032
2364,0.00682541448622942,0.003000000026077032
2365,0.00682495441287756,0.003000000026077032
2366,0.006824567914009094,0.003000000026077032
2367,0.0068242549896240234,0.003000000026077032
2368,0.006823728792369366,0.003000000026077032
2369,0.006823366973549128,0.003000000026077032
2370,0.006822881288826466,0.003000000026077032
2371,0.006822486873716116,0.003000000026077032
2372,0.006822189781814814,0.003000000026077032
2373,0.006821773946285248,0.003000000026077032
2374,0.006821316666901112,0.003000000026077032
2375,0.006820964626967907,0.003000000026077032
2376,0.006820491049438715,0.003000000026077032
2377,0.006820082664489746,0.003000000026077032
2378,0.006819704081863165,0.003000000026077032
2379,0.0068192752078175545,0.003000000026077032
2380,0.006818889640271664,0.003000000026077032
2381,0.006818428635597229,0.003000000026077032
2382,0.006818109657615423,0.003000000026077032
2383,0.0068176863715052605,0.003000000026077032
2384,0.006817287765443325,0.003000000026077032
2385,0.0068169222213327885,0.003000000026077032
2386,0.00681654829531908,0.003000000026077032
2387,0.006816063076257706,0.003000000026077032
2388,0.006815677974373102,0.003000000026077032
2389,0.0068152970634400845,0.003000000026077032
2390,0.006814895663410425,0.003000000026077032
2391,0.0068144723773002625,0.003000000026077032
2392,0.006814090069383383,0.003000000026077032
2393,0.006813725922256708,0.003000000026077032
2394,0.006813345942646265,0.003000000026077032
2395,0.006812931504100561,0.003000000026077032
2396,0.006812527775764465,0.003000000026077032
2397,0.006812095642089844,0.003000000026077032
2398,0.00681175384670496,0.003000000026077032
2399,0.006811327300965786,0.003000000026077032
2400,0.0068109421990811825,0.003000000026077032
2401,0.006810525897890329,0.003000000026077032
2402,0.006810114718973637,0.003000000026077032
2403,0.006809717509895563,0.003000000026077032
2404,0.006809309124946594,0.003000000026077032
2405,0.006808925420045853,0.003000000026077032
2406,0.006808578036725521,0.003000000026077032
2407,0.006808143109083176,0.003000000026077032
2408,0.006807769648730755,0.003000000026077032
2409,0.0068074362352490425,0.003000000026077032
2410,0.0068070231936872005,0.003000000026077032
2411,0.006806636694818735,0.003000000026077032
2412,0.006806241814047098,0.003000000026077032
2413,0.0068059042096138,0.003000000026077032
2414,0.006805500481277704,0.003000000026077032
2415,0.006805105600506067,0.003000000026077032
2416,0.006804673466831446,0.003000000026077032
2417,0.006804279051721096,0.003000000026077032
2418,0.006803898606449366,0.003000000026077032
2419,0.0068035246804356575,0.003000000026077032
2420,0.006803099066019058,0.003000000026077032
2421,0.006802731193602085,0.003000000026077032
2422,0.006802313029766083,0.003000000026077032
2423,0.006801995448768139,0.003000000026077032
2424,0.006801575422286987,0.003000000026077032
2425,0.006801235489547253,0.003000000026077032
2426,0.006800808012485504,0.003000000026077032
2427,0.006800451315939426,0.003000000026077032
2428,0.006800011731684208,0.003000000026077032
2429,0.006799598690122366,0.003000000026077032
2430,0.006799237336963415,0.003000000026077032
2431,0.006798841990530491,0.003000000026077032
2432,0.0067985267378389835,0.003000000026077032
2433,0.006798089481890202,0.003000000026077032
2434,0.00679774722084403,0.003000000026077032
2435,0.006797374691814184,0.003000000026077032
2436,0.006796977482736111,0.003000000026077032
2437,0.006796569563448429,0.003000000026077032
2438,0.006796211004257202,0.003000000026077032
2439,0.006795838475227356,0.003000000026077032
2440,0.006795468740165234,0.003000000026077032
2441,0.006795053370296955,0.003000000026077032
2442,0.006794698536396027,0.003000000026077032
2443,0.006794293411076069,0.003000000026077032
2444,0.006793953478336334,0.003000000026077032
2445,0.006793660577386618,0.003000000026077032
2446,0.006793241947889328,0.003000000026077032
2447,0.006792905740439892,0.003000000026077032
2448,0.00679259467869997,0.003000000026077032
2449,0.00679229199886322,0.003000000026077032
2450,0.006792031228542328,0.003000000026077032
2451,0.006791769061237574,0.003000000026077032
2452,0.0067916139960289,0.003000000026077032
2453,0.006791612599045038,0.003000000026077032
2454,0.00679175928235054,0.003000000026077032
2455,0.006792283616960049,0.003000000026077032
2456,0.0067931474186480045,0.003000000026077032
2457,0.006794812623411417,0.003000000026077032
2458,0.006797677371650934,0.003000000026077032
2459,0.00680233258754015,0.003000000026077032
2460,0.006809977348893881,0.003000000026077032
2461,0.006822484545409679,0.003000000026077032
2462,0.006842963397502899,0.003000000026077032
2463,0.006876309402287006,0.003000000026077032
2464,0.006930413655936718,0.003000000026077032
2465,0.007017713971436024,0.003000000026077032
2466,0.007156489882618189,0.003000000026077032
2467,0.007371567189693451,0.003000000026077032
2468,0.00768971536308527,0.003000000026077032
2469,0.008122637867927551,0.003000000026077032
2470,0.00862798560410738,0.003000000026077032
2471,0.009055783040821552,0.003000000026077032
2472,0.009146114811301231,0.003000000026077032
2473,0.008545048534870148,0.003000000026077032
2474,0.00764299463480711,0.003000000026077032
2475,0.006939487066119909,0.003000000026077032
2476,0.006807312369346619,0.003000000026077032
2477,0.007175708655267954,0.003000000026077032
2478,0.0076370807364583015,0.003000000026077032
2479,0.007778664119541645,0.003000000026077032
2480,0.0074859196320176125,0.003000000026077032
2481,0.007025426719337702,0.003000000026077032
2482,0.006783968303352594,0.003000000026077032
2483,0.006897535175085068,0.003000000026077032
2484,0.007167165167629719,0.003000000026077032
2485,0.007293808273971081,0.003000000026077032
2486,0.00715984683483839,0.003000000026077032
2487,0.006910751573741436,0.003000000026077032
2488,0.0067795440554618835,0.003000000026077032
2489,0.006848185323178768,0.003000000026077032
2490,0.006996286101639271,0.003000000026077032
2491,0.007052598986774683,0.003000000026077032
2492,0.006965461187064648,0.003000000026077032
2493,0.0068313078954815865,0.003000000026077032
2494,0.006776187568902969,0.003000000026077032
2495,0.0068272799253463745,0.003000000026077032
2496,0.006905687041580677,0.003000000026077032
2497,0.006922581698745489,0.003000000026077032
2498,0.0068651349283754826,0.003000000026077032
2499,0.006795173045247793,0.003000000026077032
2500,0.006775490939617157,0.003000000026077032
2501,0.006809403654187918,0.003000000026077032
2502,0.0068493434228003025,0.003000000026077032
2503,0.006851671729236841,0.003000000026077032
2504,0.006816833280026913,0.003000000026077032
2505,0.006780819036066532,0.003000000026077032
2506,0.006773835513740778,0.003000000026077032
2507,0.006793757434934378,0.003000000026077032
2508,0.006814018823206425,0.003000000026077032
2509,0.006813284009695053,0.003000000026077032
2510,0.00679378816857934,0.003000000026077032
2511,0.0067746504209935665,0.003000000026077032
2512,0.006771259009838104,0.003000000026077032
2513,0.006781832780689001,0.003000000026077032
2514,0.006792694330215454,0.003000000026077032
2515,0.006792476866394281,0.003000000026077032
2516,0.006782157812267542,0.003000000026077032
2517,0.006771476473659277,0.003000000026077032
2518,0.006768648978322744,0.003000000026077032
2519,0.006773506291210651,0.003000000026077032
2520,0.0067794444039464,0.003000000026077032
2521,0.006780213676393032,0.003000000026077032
2522,0.006775368005037308,0.003000000026077032
2523,0.006769212894141674,0.003000000026077032
2524,0.0067664338275790215,0.003000000026077032
2525,0.0067680939100682735,0.003000000026077032
2526,0.0067712306044995785,0.003000000026077032
2527,0.0067724063992500305,0.003000000026077032
2528,0.006770536303520203,0.003000000026077032
2529,0.0067671253345906734,0.003000000026077032
2530,0.0067647420801222324,0.003000000026077032
2531,0.006764688994735479,0.003000000026077032
2532,0.006766041275113821,0.003000000026077032
2533,0.0067671360448002815,0.003000000026077032
2534,0.006766708102077246,0.003000000026077032
2535,0.0067649721167981625,0.003000000026077032
2536,0.006763251032680273,0.003000000026077032
2537,0.00676235556602478,0.003000000026077032
2538,0.006762550212442875,0.003000000026077032
2539,0.006763083394616842,0.003000000026077032
2540,0.006763230077922344,0.003000000026077032
2541,0.006762663833796978,0.003000000026077032
2542,0.006761615164577961,0.003000000026077032
2543,0.006760588381439447,0.003000000026077032
2544,0.006760141346603632,0.003000000026077032
2545,0.00676012272015214,0.003000000026077032
2546,0.006760306656360626,0.003000000026077032
2547,0.006760177202522755,0.003000000026077032
2548,0.006759704556316137,0.003000000026077032
2549,0.006758971605449915,0.003000000026077032
2550,0.00675837229937315,0.003000000026077032
2551,0.006757962051779032,0.003000000026077032
2552,0.006757786963135004,0.003000000026077032
2553,0.00675762677565217,0.003000000026077032
2554,0.0067574381828308105,0.003000000026077032
2555,0.006757168564945459,0.003000000026077032
2556,0.00675672572106123,0.003000000026077032
2557,0.006756186485290527,0.003000000026077032
2558,0.0067557888105511665,0.003000000026077032
2559,0.006755483336746693,0.003000000026077032
2560,0.00675529008731246,0.003000000026077032
2561,0.006755035370588303,0.003000000026077032
2562,0.006754772271960974,0.003000000026077032
2563,0.006754416972398758,0.003000000026077032
2564,0.0067540304735302925,0.003000000026077032
2565,0.006753654684871435,0.003000000026077032
2566,0.006753298453986645,0.003000000026077032
2567,0.006753069348633289,0.003000000026077032
2568,0.006752793677151203,0.003000000026077032
2569,0.006752452347427607,0.003000000026077032
2570,0.006752224173396826,0.003000000026077032
2571,0.006751829292625189,0.003000000026077032
2572,0.006751549430191517,0.003000000026077032
2573,0.006751216948032379,0.003000000026077032
2574,0.006750893779098988,0.003000000026077032
2575,0.006750552449375391,0.003000000026077032
2576,0.006750280968844891,0.003000000026077032
2577,0.006749971769750118,0.003000000026077032
2578,0.006749712862074375,0.003000000026077032
2579,0.0067494111135602,0.003000000026077032
2580,0.006749002728611231,0.003000000026077032
2581,0.006748724728822708,0.003000000026077032
2582,0.0067484015598893166,0.003000000026077032
2583,0.006748087704181671,0.003000000026077032
2584,0.00674785440787673,0.003000000026077032
2585,0.006747507955878973,0.003000000026077032
2586,0.006747238337993622,0.003000000026077032
2587,0.006746959872543812,0.003000000026077032
2588,0.0067466264590620995,0.003000000026077032
2589,0.006746386177837849,0.003000000026077032
2590,0.006746052298694849,0.003000000026077032
2591,0.006745701190084219,0.003000000026077032
2592,0.006745377089828253,0.003000000026077032
2593,0.006745109800249338,0.003000000026077032
2594,0.006744833197444677,0.003000000026077032
2595,0.0067445323802530766,0.003000000026077032
2596,0.006744210608303547,0.003000000026077032
2597,0.006743894424289465,0.003000000026077032
2598,0.0067435987293720245,0.003000000026077032
2599,0.006743286736309528,0.003000000026077032
2600,0.006743006408214569,0.003000000026077032
2601,0.006742760539054871,0.003000000026077032
2602,0.006742430385202169,0.003000000026077032
2603,0.006742121186107397,0.003000000026077032
2604,0.006741751916706562,0.003000000026077032
2605,0.006741516292095184,0.003000000026077032
2606,0.006741217337548733,0.003000000026077032
2607,0.006740923970937729,0.003000000026077032
2608,0.006740671582520008,0.003000000026077032
2609,0.006740310229361057,0.003000000026077032
2610,0.006739981472492218,0.003000000026077032
2611,0.006739731878042221,0.003000000026077032
2612,0.006739371456205845,0.003000000026077032
2613,0.006739155855029821,0.003000000026077032
2614,0.006738854106515646,0.003000000026077032
2615,0.006738561205565929,0.003000000026077032
2616,0.0067382133565843105,0.003000000026077032
2617,0.006737911608070135,0.003000000026077032
2618,0.006737669464200735,0.003000000026077032
2619,0.006737372372299433,0.003000000026077032
2620,0.006737008690834045,0.003000000026077032
2621,0.006736736744642258,0.003000000026077032
2622,0.006736441049724817,0.003000000026077032
2623,0.006736209150403738,0.003000000026077032
2624,0.0067358361557126045,0.003000000026077032
2625,0.006735560484230518,0.003000000026077032
2626,0.006735228002071381,0.003000000026077032
2627,0.006734947208315134,0.003000000026077032
2628,0.006734675262123346,0.003000000026077032
2629,0.0067343637347221375,0.003000000026077032
2630,0.006734109483659267,0.003000000026077032
2631,0.006733843591064215,0.003000000026077032
2632,0.006733502261340618,0.003000000026077032
2633,0.00673322519287467,0.003000000026077032
2634,0.006732863839715719,0.003000000026077032
2635,0.006732615642249584,0.003000000026077032
2636,0.006732339505106211,0.003000000026077032
2637,0.006732083857059479,0.003000000026077032
2638,0.006731785833835602,0.003000000026077032
2639,0.006731474306434393,0.003000000026077032
2640,0.006731179542839527,0.003000000026077032
2641,0.00673086941242218,0.003000000026077032
2642,0.0067305490374565125,0.003000000026077032
2643,0.006730329245328903,0.003000000026077032
2644,0.006730032153427601,0.003000000026077032
2645,0.006729723419994116,0.003000000026077032
2646,0.0067294687032699585,0.003000000026077032
2647,0.006729105021804571,0.003000000026077032
2648,0.006728827953338623,0.003000000026077032
2649,0.0067285471595823765,0.003000000026077032
2650,0.006728321313858032,0.003000000026077032
2651,0.006727983243763447,0.003000000026077032
2652,0.006727700121700764,0.003000000026077032
2653,0.00672738254070282,0.003000000026077032
2654,0.006727165076881647,0.003000000026077032
2655,0.0067268549464643,0.003000000026077032
2656,0.006726531777530909,0.003000000026077032
2657,0.006726288702338934,0.003000000026077032
2658,0.0067259580828249454,0.003000000026077032
2659,0.006725691258907318,0.003000000026077032
2660,0.006725431885570288,0.003000000026077032
2661,0.006725184619426727,0.003000000026077032
2662,0.00672489870339632,0.003000000026077032
2663,0.0067245690152049065,0.003000000026077032
2664,0.0067243417724967,0.003000000026077032
2665,0.006724086590111256,0.003000000026077032
2666,0.0067238532938063145,0.003000000026077032
2667,0.006723630242049694,0.003000000026077032
2668,0.006723421160131693,0.003000000026077032
2669,0.0067232646979391575,0.003000000026077032
2670,0.006723250262439251,0.003000000026077032
2671,0.006723262369632721,0.003000000026077032
2672,0.006723552942276001,0.003000000026077032
2673,0.006724047474563122,0.003000000026077032
2674,0.006724955979734659,0.003000000026077032
2675,0.006726501043885946,0.003000000026077032
2676,0.006729150656610727,0.003000000026077032
2677,0.006733488291501999,0.003000000026077032
2678,0.006740516517311335,0.003000000026077032
2679,0.006751938257366419,0.003000000026077032
2680,0.0067704664543271065,0.003000000026077032
2681,0.006800332572311163,0.003000000026077032
2682,0.006848620716482401,0.003000000026077032
2683,0.006926234811544418,0.003000000026077032
2684,0.007049716077744961,0.003000000026077032
2685,0.00724165141582489,0.003000000026077032
2686,0.0075286985374987125,0.003000000026077032
2687,0.007928400300443172,0.003000000026077032
2688,0.008418641053140163,0.003000000026077032
2689,0.00888542179018259,0.003000000026077032
2690,0.009097917005419731,0.003000000026077032
2691,0.00859739352017641,0.003000000026077032
2692,0.007755002472549677,0.003000000026077032
2693,0.006993188057094812,0.003000000026077032
2694,0.00671608978882432,0.003000000026077032
2695,0.006964421831071377,0.003000000026077032
2696,0.007422298192977905,0.003000000026077032
2697,0.007682194001972675,0.003000000026077032
2698,0.007532738149166107,0.003000000026077032
2699,0.007109916768968105,0.003000000026077032
2700,0.006768313702195883,0.003000000026077032
2701,0.0067465463653206825,0.003000000026077032
2702,0.006972429808229208,0.003000000026077032
2703,0.007179337088018656,0.003000000026077032
2704,0.007164859678596258,0.003000000026077032
2705,0.006956918630748987,0.003000000026077032
2706,0.006755737122148275,0.003000000026077032
2707,0.006723475642502308,0.003000000026077032
2708,0.006840580143034458,0.003000000026077032
2709,0.006957306060940027,0.003000000026077032
2710,0.006953186355531216,0.003000000026077032
2711,0.006841348018497229,0.003000000026077032
2712,0.006733340211212635,0.003000000026077032
2713,0.00671773124486208,0.003000000026077032
2714,0.006782216019928455,0.003000000026077032
2715,0.006843928247690201,0.003000000026077032
2716,0.006839267909526825,0.003000000026077032
2717,0.006778020411729813,0.003000000026077032
2718,0.006720748730003834,0.003000000026077032
2719,0.00671361992135644,0.003000000026077032
2720,0.006748416926711798,0.003000000026077032
2721,0.006781145930290222,0.003000000026077032
2722,0.0067785694263875484,0.003000000026077032
2723,0.006745948456227779,0.003000000026077032
2724,0.006714863236993551,0.003000000026077032
2725,0.006709857378154993,0.003000000026077032
2726,0.0067276423797011375,0.003000000026077032
2727,0.006745678372681141,0.003000000026077032
2728,0.006745980586856604,0.003000000026077032
2729,0.006729471031576395,0.003000000026077032
2730,0.006711957510560751,0.003000000026077032
2731,0.006707039661705494,0.003000000026077032
2732,0.006714905146509409,0.003000000026077032
2733,0.006725227925926447,0.003000000026077032
2734,0.006727388594299555,0.003000000026077032
2735,0.006719998084008694,0.003000000026077032
2736,0.006709967739880085,0.003000000026077032
2737,0.006705276668071747,0.003000000026077032
2738,0.0067077511921525,0.003000000026077032
2739,0.006713247857987881,0.003000000026077032
2740,0.0067160120233893394,0.003000000026077032
2741,0.006713618524372578,0.003000000026077032
2742,0.006708321627229452,0.003000000026077032
2743,0.006704343017190695,0.003000000026077032
2744,0.006703990511596203,0.003000000026077032
2745,0.0067062960006296635,0.003000000026077032
2746,0.006708475761115551,0.003000000026077032
2747,0.006708500441163778,0.003000000026077032
2748,0.0067062764428555965,0.003000000026077032
2749,0.006703577935695648,0.003000000026077032
2750,0.006702110171318054,0.003000000026077032
2751,0.006702415645122528,0.003000000026077032
2752,0.006703592836856842,0.003000000026077032
2753,0.006704270839691162,0.003000000026077032
2754,0.0067038461565971375,0.003000000026077032
2755,0.006702437996864319,0.003000000026077032
2756,0.006701110862195492,0.003000000026077032
2757,0.006700421217828989,0.003000000026077032
2758,0.006700495723634958,0.003000000026077032
2759,0.0067009711638092995,0.003000000026077032
2760,0.006701161153614521,0.003000000026077032
2761,0.0067008002661168575,0.003000000026077032
2762,0.006699988152831793,0.003000000026077032
2763,0.006699180696159601,0.003000000026077032
2764,0.006698788609355688,0.003000000026077032
2765,0.006698587443679571,0.003000000026077032
2766,0.006698739714920521,0.003000000026077032
2767,0.006698772311210632,0.003000000026077032
2768,0.006698481738567352,0.003000000026077032
2769,0.006698037032037973,0.003000000026077032
2770,0.0066974894143640995,0.003000000026077032
2771,0.006697079632431269,0.003000000026077032
2772,0.006696817930787802,0.003000000026077032
2773,0.006696766708046198,0.003000000026077032
2774,0.006696672644466162,0.003000000026077032
2775,0.006696498487144709,0.003000000026077032
2776,0.006696152500808239,0.003000000026077032
2777,0.00669579952955246,0.003000000026077032
2778,0.006695441901683807,0.003000000026077032
2779,0.006695167627185583,0.003000000026077032
2780,0.006695013493299484,0.003000000026077032
2781,0.006694815121591091,0.003000000026077032
2782,0.006694631185382605,0.003000000026077032
2783,0.006694423966109753,0.003000000026077032
2784,0.00669412175193429,0.003000000026077032
2785,0.006693823728710413,0.003000000026077032
2786,0.006693526171147823,0.003000000026077032
2787,0.006693248637020588,0.003000000026077032
2788,0.006693062372505665,0.003000000026077032
2789,0.006692840252071619,0.003000000026077032
2790,0.006692670285701752,0.003000000026077032
2791,0.006692418362945318,0.003000000026077032
2792,0.006692185997962952,0.003000000026077032
2793,0.006691969931125641,0.003000000026077032
2794,0.006691686809062958,0.003000000026077032
2795,0.006691453047096729,0.003000000026077032
2796,0.006691247224807739,0.003000000026077032
2797,0.006691030226647854,0.003000000026077032
2798,0.006690777838230133,0.003000000026077032
2799,0.006690484471619129,0.003000000026077032
2800,0.006690324284136295,0.003000000026077032
2801,0.0066900006495416164,0.003000000026077032
2802,0.00668977340683341,0.003000000026077032
2803,0.006689558271318674,0.003000000026077032
2804,0.006689371075481176,0.003000000026077032
2805,0.006689081434160471,0.003000000026077032
2806,0.006688860710710287,0.003000000026077032
2807,0.0066886842250823975,0.003000000026077032
2808,0.006688405759632587,0.003000000026077032
2809,0.006688187830150127,0.003000000026077032
2810,0.00668797641992569,0.003000000026077032
2811,0.006687726825475693,0.003000000026077032
2812,0.006687521934509277,0.003000000026077032
2813,0.006687241606414318,0.003000000026077032
2814,0.0066870213486254215,0.003000000026077032
2815,0.006686769425868988,0.003000000026077032
2816,0.006686556152999401,0.003000000026077032
2817,0.0066863237880170345,0.003000000026077032
2818,0.006686110980808735,0.003000000026077032
2819,0.006685878150165081,0.003000000026077032
2820,0.006685613188892603,0.003000000026077032
2821,0.0066854641772806644,0.003000000026077032
2822,0.006685195956379175,0.003000000026077032
2823,0.006684936583042145,0.003000000026077032
2824,0.006684743799269199,0.003000000026077032
2825,0.006684514693915844,0.003000000026077032
2826,0.006684272084385157,0.003000000026077032
2827,0.006684022955596447,0.003000000026077032
2828,0.006683793850243092,0.003000000026077032
2829,0.0066836001351475716,0.003000000026077032
2830,0.006683371961116791,0.003000000026077032
2831,0.006683131214231253,0.003000000026077032
2832,0.0066829160787165165,0.003000000026077032
2833,0.006682680454105139,0.003000000026077032
2834,0.006682427134364843,0.003000000026077032
2835,0.006682255305349827,0.003000000026077032
2836,0.006682028062641621,0.003000000026077032
2837,0.0066817812621593475,0.003000000026077032
2838,0.0066815512254834175,0.003000000026077032
2839,0.006681294646114111,0.003000000026077032
2840,0.006681114435195923,0.003000000026077032
2841,0.006680815480649471,0.003000000026077032
2842,0.006680621299892664,0.003000000026077032
2843,0.006680435035377741,0.003000000026077032
2844,0.006680206395685673,0.003000000026077032
2845,0.006679952144622803,0.003000000026077032
2846,0.0066797612234950066,0.003000000026077032
2847,0.006679520010948181,0.003000000026077032
2848,0.006679266691207886,0.003000000026077032
2849,0.006679065525531769,0.003000000026077032
2850,0.006678800098598003,0.003000000026077032
2851,0.006678563542664051,0.003000000026077032
2852,0.006678384728729725,0.003000000026077032
2853,0.006678205914795399,0.003000000026077032
2854,0.006677888333797455,0.003000000026077032
2855,0.006677676923573017,0.003000000026077032
2856,0.006677465979009867,0.003000000026077032
2857,0.006677217781543732,0.003000000026077032
2858,0.006677019409835339,0.003000000026077032
2859,0.006676848046481609,0.003000000026077032
2860,0.006676565855741501,0.003000000026077032
2861,0.006676328368484974,0.003000000026077032
2862,0.00667610764503479,0.003000000026077032
2863,0.0066758980974555016,0.003000000026077032
2864,0.0066756559535861015,0.003000000026077032
2865,0.00667542964220047,0.003000000026077032
2866,0.006675221025943756,0.003000000026077032
2867,0.006675110664218664,0.003000000026077032
2868,0.006674771662801504,0.003000000026077032
2869,0.006674570497125387,0.003000000026077032
2870,0.006674308329820633,0.003000000026077032
2871,0.006674102041870356,0.003000000026077032
2872,0.0066739157773554325,0.003000000026077032
2873,0.006673732306808233,0.003000000026077032
2874,0.0066734785214066505,0.003000000026077032
2875,0.006673216819763184,0.003000000026077032
2876,0.006672994699329138,0.003000000026077032
2877,0.006672847084701061,0.003000000026077032
2878,0.006672607269138098,0.003000000026077032
2879,0.006672417279332876,0.003000000026077032
2880,0.006672187242656946,0.003000000026077032
2881,0.006671902723610401,0.003000000026077032
2882,0.006671755574643612,0.003000000026077032
2883,0.00667152414098382,0.003000000026077032
2884,0.006671351846307516,0.003000000026077032
2885,0.006671103648841381,0.003000000026077032
2886,0.006670900620520115,0.003000000026077032
2887,0.006670703180134296,0.003000000026077032
2888,0.006670581642538309,0.003000000026077032
2889,0.006670556962490082,0.003000000026077032
2890,0.006670516915619373,0.003000000026077032
2891,0.006670610513538122,0.003000000026077032
2892,0.006670895032584667,0.003000000026077032
2893,0.006671452429145575,0.003000000026077032
2894,0.006672531366348267,0.003000000026077032
2895,0.006674380507320166,0.003000000026077032
2896,0.006677492521703243,0.003000000026077032
2897,0.006682825740426779,0.003000000026077032
2898,0.00669168820604682,0.003000000026077032
2899,0.006706688553094864,0.003000000026077032
2900,0.006731774657964706,0.003000000026077032
2901,0.006773815955966711,0.003000000026077032
2902,0.0068441228941082954,0.003000000026077032
2903,0.00696071982383728,0.003000000026077032
2904,0.007150868885219097,0.003000000026077032
2905,0.007451421581208706,0.003000000026077032
2906,0.00789851974695921,0.003000000026077032
2907,0.00849431287497282,0.003000000026077032
2908,0.009134218096733093,0.003000000026077032
2909,0.008949080482125282,0.003000000026077032
2910,0.008401492610573769,0.003000000026077032
2911,0.007603457663208246,0.003000000026077032
2912,0.006916174199432135,0.003000000026077032
2913,0.006665055640041828,0.003000000026077032
2914,0.006875702179968357,0.003000000026077032
2915,0.007287702057510614,0.003000000026077032
2916,0.007557916454970837,0.003000000026077032
2917,0.007481525652110577,0.003000000026077032
2918,0.007126922719180584,0.003000000026077032
2919,0.006773686967790127,0.003000000026077032
2920,0.006666821427643299,0.003000000026077032
2921,0.006817531771957874,0.003000000026077032
2922,0.007034058216959238,0.003000000026077032
2923,0.007108442485332489,0.003000000026077032
2924,0.006984019186347723,0.003000000026077032
2925,0.0067802006378769875,0.003000000026077032
2926,0.006666088942438364,0.003000000026077032
2927,0.006706015672534704,0.003000000026077032
2928,0.0068237753584980965,0.003000000026077032
2929,0.0068932487629354,0.003000000026077032
2930,0.006853263825178146,0.003000000026077032
2931,0.006747853942215443,0.003000000026077032
2932,0.006670030765235424,0.003000000026077032
2933,0.006673069205135107,0.003000000026077032
2934,0.006731624715030193,0.003000000026077032
2935,0.0067789689637720585,0.003000000026077032
2936,0.006771152373403311,0.003000000026077032
2937,0.006719681434333324,0.003000000026077032
2938,0.006671366281807423,0.003000000026077032
2939,0.00666180532425642,0.003000000026077032
2940,0.006687717977911234,0.003000000026077032
2941,0.0067171575501561165,0.003000000026077032
2942,0.006721883080899715,0.003000000026077032
2943,0.006699755787849426,0.003000000026077032
2944,0.006671476177871227,0.003000000026077032
2945,0.0066589294001460075,0.003000000026077032
2946,0.006667076610028744,0.003000000026077032
2947,0.006683662533760071,0.003000000026077032
2948,0.006691783666610718,0.003000000026077032
2949,0.006685203872621059,0.003000000026077032
2950,0.006670321337878704,0.003000000026077032
2951,0.006659264676272869,0.003000000026077032
2952,0.006658769212663174,0.003000000026077032
2953,0.006666006054729223,0.003000000026077032
2954,0.006673094816505909,0.003000000026077032
2955,0.006673648953437805,0.003000000026077032
2956,0.006667772773653269,0.003000000026077032
2957,0.006660276558250189,0.003000000026077032
2958,0.00665644183754921,0.003000000026077032
2959,0.006657721009105444,0.003000000026077032
2960,0.006661630235612392,0.003000000026077032
2961,0.006664213724434376,0.003000000026077032
2962,0.006663566920906305,0.003000000026077032
2963,0.006660106126219034,0.003000000026077032
2964,0.0066566793248057365,0.003000000026077032
2965,0.0066550723277032375,0.003000000026077032
2966,0.006655854173004627,0.003000000026077032
2967,0.006657617632299662,0.003000000026077032
2968,0.006658679805696011,0.003000000026077032
2969,0.00665819039568305,0.003000000026077032
2970,0.0066564129665493965,0.003000000026077032
2971,0.006654723547399044,0.003000000026077032
2972,0.00665378337725997,0.003000000026077032
2973,0.006653911434113979,0.003000000026077032
2974,0.006654691882431507,0.003000000026077032
2975,0.006655117031186819,0.003000000026077032
2976,0.006655047181993723,0.003000000026077032
2977,0.006654230412095785,0.003000000026077032
2978,0.0066531687043607235,0.003000000026077032
2979,0.006652460899204016,0.003000000026077032
2980,0.0066523002460598946,0.003000000026077032
2981,0.006652470678091049,0.003000000026077032
2982,0.006652720272541046,0.003000000026077032
2983,0.006652672775089741,0.003000000026077032
2984,0.006652349140495062,0.003000000026077032
2985,0.006651757750660181,0.003000000026077032
2986,0.00665128231048584,0.003000000026077032
2987,0.006650946103036404,0.003000000026077032
2988,0.00665085157379508,0.003000000026077032
2989,0.006650823168456554,0.003000000026077032
2990,0.00665081012994051,0.003000000026077032
2991,0.006650656461715698,0.003000000026077032
2992,0.0066504389978945255,0.003000000026077032
2993,0.006650056689977646,0.003000000026077032
2994,0.006649809889495373,0.003000000026077032
2995,0.006649498827755451,0.003000000026077032
2996,0.006649265997111797,0.003000000026077032
2997,0.006649136543273926,0.003000000026077032
2998,0.006649133749306202,0.003000000026077032
2999,0.006648950278759003,0.003000000026077032
3000,0.006648746319115162,0.003000000026077032
