file_name,color,cut_name,freshness_index,time_hours,time_days,sample_num,mode,loading,point_index,deformation,stress_pa,modified_z,is_outlier,predicted_stress_pa,split,train_variant
green1-1.xls,green,sirloin tender steak,1,0,0.0,1,uniaxial,compression,0,0.979075,682.293,-0.36585051763632565,False,-1.0570030212402344,train,compression_only
green1-2.xls,green,sirloin tender steak,1,0,0.0,2,uniaxial,compression,0,0.9788,791.688,0.0,False,-1.0714244842529297,train,compression_only
green1-3.xls,green,sirloin tender steak,1,0,0.0,3,uniaxial,compression,0,0.9781833,1084.91,0.9806245302103271,False,-1.10382080078125,train,compression_only
green1-4.xls,green,sirloin tender steak,1,0,0.0,4,uniaxial,compression,0,0.9784692,573.919,-0.7282864973275288,False,-1.0887947082519531,train,compression_only
green1-5.xls,green,sirloin tender steak,1,0,0.0,5,uniaxial,compression,0,0.9783778,993.374,0.6745,False,-1.0935935974121094,test,compression_only
green1-1.xls,green,sirloin tender steak,1,0,0.0,1,uniaxial,tension,0,1.0197477,1531.53,2.1025275863321977,False,0.9357471466064453,train,compression_only
green1-2.xls,green,sirloin tender steak,1,0,0.0,2,uniaxial,tension,0,1.0265403,851.712,-0.6745,False,1.2463741302490234,train,compression_only
green1-3.xls,green,sirloin tender steak,1,0,0.0,3,uniaxial,tension,0,1.026377,1016.83,0.0,False,1.2389640808105469,train,compression_only
green1-4.xls,green,sirloin tender steak,1,0,0.0,4,uniaxial,tension,0,1.026733,993.63,-0.09477101224578802,False,1.2551155090332031,train,compression_only
green1-5.xls,green,sirloin tender steak,1,0,0.0,5,uniaxial,tension,0,1.0263521,1382.96,1.495625461790961,False,1.237833023071289,test,compression_only
green1-1.xls,green,sirloin tender steak,1,0,0.0,1,uniaxial,compression,1,0.9590834,939.213,0.0,False,-2.147584915161133,train,compression_only
green1-2.xls,green,sirloin tender steak,1,0,0.0,2,uniaxial,compression,1,0.9583111,928.434,-0.049737545835157625,False,-2.1915721893310547,train,compression_only
green1-3.xls,green,sirloin tender steak,1,0,0.0,3,uniaxial,compression,1,0.9582137,1388.38,2.0725915437554745,False,-2.1971302032470703,train,compression_only
green1-4.xls,green,sirloin tender steak,1,0,0.0,4,uniaxial,compression,1,0.9583539,793.037,-0.6745,False,-2.1891307830810547,train,compression_only
green1-5.xls,green,sirloin tender steak,1,0,0.0,5,uniaxial,compression,1,0.9578815,1187.21,1.1443326982541602,False,-2.216106414794922,test,compression_only
green1-1.xls,green,sirloin tender steak,1,0,0.0,1,uniaxial,tension,1,1.0445715,450.647,0.4744081382086544,False,2.048356056213379,train,compression_only
green1-2.xls,green,sirloin tender steak,1,0,0.0,2,uniaxial,tension,1,1.051515,231.726,-1.5069701174102643,False,2.3497390747070312,train,compression_only
green1-3.xls,green,sirloin tender steak,1,0,0.0,3,uniaxial,tension,1,1.051581,486.019,0.7945478765514923,False,2.352585792541504,train,compression_only
green1-4.xls,green,sirloin tender steak,1,0,0.0,4,uniaxial,tension,1,1.0516382,323.705,-0.6745,False,2.3550548553466797,train,compression_only
green1-5.xls,green,sirloin tender steak,1,0,0.0,5,uniaxial,tension,1,1.0517505,398.23,0.0,False,2.359898567199707,test,compression_only
green1-1.xls,green,sirloin tender steak,1,0,0.0,1,uniaxial,compression,2,0.9390834,1184.89,0.0,False,-3.3385848999023438,train,compression_only
green1-2.xls,green,sirloin tender steak,1,0,0.0,2,uniaxial,compression,2,0.9384371,1043.12,-0.6745,False,-3.379009246826172,train,compression_only
green1-3.xls,green,sirloin tender steak,1,0,0.0,3,uniaxial,compression,2,0.9377489999999999,1586.52,1.9108375185159028,False,-3.422189712524414,train,compression_only
green1-4.xls,green,sirloin tender steak,1,0,0.0,4,uniaxial,compression,2,0.9380385,942.514,-1.1531537842985102,False,-3.4040050506591797,train,compression_only
green1-5.xls,green,sirloin tender steak,1,0,0.0,5,uniaxial,compression,2,0.9380222,1267.12,0.3912261762008872,False,-3.405027389526367,test,compression_only
green1-1.xls,green,sirloin tender steak,1,0,0.0,1,uniaxial,tension,2,1.069895,130.496,0.7316879048426901,False,3.1318187713623047,train,compression_only
green1-2.xls,green,sirloin tender steak,1,0,0.0,2,uniaxial,tension,2,1.0765361,92.8136,-0.2482927706662557,False,3.409811019897461,train,compression_only
green1-3.xls,green,sirloin tender steak,1,0,0.0,3,uniaxial,tension,2,1.0763534,102.361,0.0,False,3.4021921157836914,train,compression_only
green1-4.xls,green,sirloin tender steak,1,0,0.0,4,uniaxial,tension,2,1.0766685,128.297,0.6745,False,3.4153318405151367,train,compression_only
green1-5.xls,green,sirloin tender steak,1,0,0.0,5,uniaxial,tension,2,1.0768803,22.4058,-2.079340777297965,False,3.424165725708008,test,compression_only
green1-1.xls,green,sirloin tender steak,1,0,0.0,1,uniaxial,compression,3,0.9190834,1341.83,0.0,False,-4.654577255249023,train,compression_only
green1-2.xls,green,sirloin tender steak,1,0,0.0,2,uniaxial,compression,3,0.9183111,1123.44,-0.6745,False,-4.708292007446289,train,compression_only
green1-3.xls,green,sirloin tender steak,1,0,0.0,3,uniaxial,compression,3,0.917849,1725.33,1.1844441137414723,False,-4.740543365478516,train,compression_only
green1-4.xls,green,sirloin tender steak,1,0,0.0,4,uniaxial,compression,3,0.9176154,1035.29,-0.9467522780347091,False,-4.756879806518555,train,compression_only
green1-5.xls,green,sirloin tender steak,1,0,0.0,5,uniaxial,compression,3,0.9178815,1414.79,0.22533779019185884,False,-4.738275527954102,test,compression_only
green1-1.xls,green,sirloin tender steak,1,0,0.0,1,uniaxial,tension,3,1.0947219,10.4245,1.433097952394749,False,4.1619415283203125,train,compression_only
green1-2.xls,green,sirloin tender steak,1,0,0.0,2,uniaxial,tension,3,1.101993,-79.0917,-0.6745,False,4.459835052490234,train,compression_only
green1-3.xls,green,sirloin tender steak,1,0,0.0,3,uniaxial,tension,3,1.101472,-34.577,0.3735682889964781,False,4.438532829284668,train,compression_only
green1-4.xls,green,sirloin tender steak,1,0,0.0,4,uniaxial,tension,3,1.101785,-50.4436,0.0,False,4.451326370239258,train,compression_only
green1-5.xls,green,sirloin tender steak,1,0,0.0,5,uniaxial,tension,3,1.101769,-107.488,-1.3430715405210116,False,4.450676918029785,test,compression_only
green1-1.xls,green,sirloin tender steak,1,0,0.0,1,uniaxial,compression,4,0.8986419999999999,1609.72,0.19205538199868097,False,-6.160297393798828,train,compression_only
green1-2.xls,green,sirloin tender steak,1,0,0.0,2,uniaxial,compression,4,0.898422,1215.87,-0.7300586275122364,False,-6.177524566650391,train,compression_only
green1-3.xls,green,sirloin tender steak,1,0,0.0,3,uniaxial,compression,4,0.897678,1815.78,0.6745,False,-6.235942840576172,train,compression_only
green1-4.xls,green,sirloin tender steak,1,0,0.0,4,uniaxial,compression,4,0.8975690000000001,1159.17,-0.862809330417578,False,-6.244525909423828,train,compression_only
green1-5.xls,green,sirloin tender steak,1,0,0.0,5,uniaxial,compression,4,0.898,1527.69,0.0,False,-6.210628509521484,test,compression_only
green1-1.xls,green,sirloin tender steak,1,0,0.0,1,uniaxial,compression,5,0.878633,1785.76,0.17211106346483698,False,-7.829002380371094,train,compression_only
green1-2.xls,green,sirloin tender steak,1,0,0.0,2,uniaxial,compression,5,0.877926,1281.61,-1.3628224699828477,False,-7.89202880859375,train,compression_only
green1-3.xls,green,sirloin tender steak,1,0,0.0,3,uniaxial,compression,5,0.877435,1950.77,0.6745,False,-7.935970306396484,train,compression_only
green1-4.xls,green,sirloin tender steak,1,0,0.0,4,uniaxial,compression,5,0.877646,1261.29,-1.4246886792452833,False,-7.91706657409668,train,compression_only
green1-5.xls,green,sirloin tender steak,1,0,0.0,5,uniaxial,compression,5,0.8775040000000001,1729.23,0.0,False,-7.929790496826172,test,compression_only
green1-1.xls,green,sirloin tender steak,1,0,0.0,1,uniaxial,compression,6,0.858633,2109.2,0.6744999999999999,False,-9.734817504882812,train,compression_only
green1-2.xls,green,sirloin tender steak,1,0,0.0,2,uniaxial,compression,6,0.858052,1399.64,-1.4855316829895762,False,-9.794258117675781,train,compression_only
green1-3.xls,green,sirloin tender steak,1,0,0.0,3,uniaxial,compression,6,0.85731,2072.0,0.5612563298280457,False,-9.870542526245117,train,compression_only
green1-4.xls,green,sirloin tender steak,1,0,0.0,4,uniaxial,compression,6,0.857177,1411.54,-1.4493058852732794,False,-9.884256362915039,train,compression_only
green1-5.xls,green,sirloin tender steak,1,0,0.0,5,uniaxial,compression,6,0.8576,1887.63,0.0,False,-9.840686798095703,test,compression_only
green1-1.xls,green,sirloin tender steak,1,0,0.0,1,uniaxial,compression,7,0.838642,2365.96,0.6744999999999999,False,-11.932380676269531,train,compression_only
green1-2.xls,green,sirloin tender steak,1,0,0.0,2,uniaxial,compression,7,0.837911,1506.22,-1.8384772490899612,False,-12.019105911254883,train,compression_only
green1-3.xls,green,sirloin tender steak,1,0,0.0,3,uniaxial,compression,7,0.837365,2250.53,0.33710385248743363,False,-12.08420181274414,train,compression_only
green1-4.xls,green,sirloin tender steak,1,0,0.0,4,uniaxial,compression,7,0.837208,1507.54,-1.8346189547581881,False,-12.102970123291016,train,compression_only
green1-5.xls,green,sirloin tender steak,1,0,0.0,5,uniaxial,compression,7,0.837133,2135.2,0.0,False,-12.1119384765625,test,compression_only
green1-1.xls,green,sirloin tender steak,1,0,0.0,1,uniaxial,compression,8,0.818221,2782.53,0.6745,False,-14.549598693847656,train,compression_only
green1-2.xls,green,sirloin tender steak,1,0,0.0,2,uniaxial,compression,8,0.8176300000000001,1689.28,-0.8690436857639254,False,-14.631790161132812,train,compression_only
green1-3.xls,green,sirloin tender steak,1,0,0.0,3,uniaxial,compression,8,0.81746,2415.93,0.1569028216775161,False,-14.655496597290039,train,compression_only
green1-4.xls,green,sirloin tender steak,1,0,0.0,4,uniaxial,compression,8,0.817292,1664.19,-0.9044678898122371,False,-14.67896842956543,train,compression_only
green1-5.xls,green,sirloin tender steak,1,0,0.0,5,uniaxial,compression,8,0.817148,2304.8,0.0,False,-14.699111938476562,test,compression_only
green2-1.xls,green,sirloin tender steak,2,24,1.0,1,uniaxial,compression,0,0.9782461,501.356,-1.8120437242335001,False,-0.34491395950317383,train,compression_only
green2-2.xls,green,sirloin tender steak,2,24,1.0,2,uniaxial,compression,0,0.9782727,1033.41,0.6745,False,-0.34447622299194336,train,compression_only
green2-3.xls,green,sirloin tender steak,2,24,1.0,3,uniaxial,compression,0,0.9784923,975.071,0.40185385068421947,False,-0.34085893630981445,train,compression_only
green2-4.xls,green,sirloin tender steak,2,24,1.0,4,uniaxial,compression,0,0.9780093,550.392,-1.5828749592932612,False,-0.3488178253173828,train,compression_only
green2-5.xls,green,sirloin tender steak,2,24,1.0,5,uniaxial,compression,0,0.9778393,889.085,0.0,False,-0.3516225814819336,test,compression_only
green2-1.xls,green,sirloin tender steak,2,24,1.0,1,uniaxial,tension,0,1.0265159,848.157,0.1768322255271778,False,0.39027976989746094,train,compression_only
green2-2.xls,green,sirloin tender steak,2,24,1.0,2,uniaxial,tension,0,1.0263709,832.38,0.0,False,0.3882179260253906,train,compression_only
green2-3.xls,green,sirloin tender steak,2,24,1.0,3,uniaxial,tension,0,1.0263768,549.23,-3.173609980225661,False,0.3883028030395508,train,compression_only
green2-4.xls,green,sirloin tender steak,2,24,1.0,4,uniaxial,tension,0,1.0263638,600.929,-2.594155760315062,False,0.38811779022216797,train,compression_only
green2-5.xls,green,sirloin tender steak,2,24,1.0,5,uniaxial,tension,0,1.0263821,892.559,0.6745,False,0.38837766647338867,test,compression_only
green2-1.xls,green,sirloin tender steak,2,24,1.0,1,uniaxial,compression,1,0.9582774000000001,699.12,-1.6617764238680337,False,-0.6874651908874512,train,compression_only
green2-2.xls,green,sirloin tender steak,2,24,1.0,2,uniaxial,compression,1,0.9582546,1209.36,0.6745,False,-0.687873363494873,train,compression_only
green2-3.xls,green,sirloin tender steak,2,24,1.0,3,uniaxial,compression,1,0.957977,1062.05,0.0,False,-0.6928415298461914,train,compression_only
green2-4.xls,green,sirloin tender steak,2,24,1.0,4,uniaxial,compression,1,0.9576542,700.902,-1.653617038897563,False,-0.6986260414123535,train,compression_only
green2-5.xls,green,sirloin tender steak,2,24,1.0,5,uniaxial,compression,1,0.9583571,1096.26,0.1566400448034759,False,-0.686039924621582,test,compression_only
green2-1.xls,green,sirloin tender steak,2,24,1.0,1,uniaxial,tension,1,1.0521199,237.75,0.0,False,0.7446079254150391,train,compression_only
green2-2.xls,green,sirloin tender steak,2,24,1.0,2,uniaxial,tension,1,1.0518076,146.889,-2.4578201122919587,False,0.7403888702392578,train,compression_only
green2-4.xls,green,sirloin tender steak,2,24,1.0,4,uniaxial,tension,1,1.0519971,248.906,0.3017734910767998,False,0.7429494857788086,train,compression_only
green2-5.xls,green,sirloin tender steak,2,24,1.0,5,uniaxial,tension,1,1.0520008,262.685,0.6745,False,0.7429990768432617,test,compression_only
green2-1.xls,green,sirloin tender steak,2,24,1.0,1,uniaxial,compression,2,0.9378039,813.63,-1.0215555319058371,False,-1.0714702606201172,train,compression_only
green2-2.xls,green,sirloin tender steak,2,24,1.0,2,uniaxial,compression,2,0.9379455,1404.32,0.6745,False,-1.0686826705932617,train,compression_only
green2-3.xls,green,sirloin tender steak,2,24,1.0,3,uniaxial,compression,2,0.9376846,1169.41,0.0,False,-1.0738210678100586,train,compression_only
green2-4.xls,green,sirloin tender steak,2,24,1.0,4,uniaxial,compression,2,0.9380374,777.432,-1.1254912987952843,False,-1.066873550415039,train,compression_only
green2-5.xls,green,sirloin tender steak,2,24,1.0,5,uniaxial,compression,2,0.9379911,1302.68,0.38265980588310433,False,-1.0677847862243652,test,compression_only
green2-1.xls,green,sirloin tender steak,2,24,1.0,1,uniaxial,tension,2,1.0769787,69.9721,0.4389483708085643,False,1.074455738067627,train,compression_only
green2-2.xls,green,sirloin tender steak,2,24,1.0,2,uniaxial,tension,2,1.0769646,-49.7357,-1.0212909504234613,False,1.0742721557617188,train,compression_only
green2-3.xls,green,sirloin tender steak,2,24,1.0,3,uniaxial,tension,2,1.0768313,-72.7983,-1.3026169406249832,False,1.0725302696228027,train,compression_only
green2-4.xls,green,sirloin tender steak,2,24,1.0,4,uniaxial,tension,2,1.0769303,33.9879,0.0,False,1.0738234519958496,train,compression_only
green2-5.xls,green,sirloin tender steak,2,24,1.0,5,uniaxial,tension,2,1.0770458,89.2822,0.6745,False,1.0753321647644043,test,compression_only
green2-1.xls,green,sirloin tender steak,2,24,1.0,1,uniaxial,compression,3,0.9179136999999999,946.642,-0.9135915685131192,False,-1.4843220710754395,train,compression_only
green2-2.xls,green,sirloin tender steak,2,24,1.0,2,uniaxial,compression,3,0.9178727,1552.33,0.6745,False,-1.4852190017700195,train,compression_only
green2-3.xls,green,sirloin tender steak,2,24,1.0,3,uniaxial,compression,3,0.9176384,1295.08,0.0,False,-1.4903535842895508,train,compression_only
green2-4.xls,green,sirloin tender steak,2,24,1.0,4,uniaxial,compression,3,0.9176103,907.844,-1.0153184917395526,False,-1.4909701347351074,train,compression_only
green2-5.xls,green,sirloin tender steak,2,24,1.0,5,uniaxial,compression,3,0.9179197,1402.48,0.2815988338192422,False,-1.4841899871826172,test,compression_only
green2-1.xls,green,sirloin tender steak,2,24,1.0,1,uniaxial,tension,3,1.102146,-67.2269,0.0,False,1.3997220993041992,train,compression_only
green2-2.xls,green,sirloin tender steak,2,24,1.0,2,uniaxial,tension,3,1.102413,-198.797,-3.0011915091851087,False,1.4031429290771484,train,compression_only
green2-3.xls,green,sirloin tender steak,2,24,1.0,3,uniaxial,tension,3,1.102458,-199.895,-3.0262375361858123,False,1.4037189483642578,train,compression_only
green2-4.xls,green,sirloin tender steak,2,24,1.0,4,uniaxial,tension,3,1.102394,-37.6573,0.6745,False,1.4028987884521484,train,compression_only
green2-5.xls,green,sirloin tender steak,2,24,1.0,5,uniaxial,tension,3,1.10195,-64.9231,0.05255103552296943,False,1.3972101211547852,test,compression_only
green2-1.xls,green,sirloin tender steak,2,24,1.0,1,uniaxial,compression,4,0.897739,1051.72,-0.7463873424835827,False,-1.9529075622558594,train,compression_only
green2-2.xls,green,sirloin tender steak,2,24,1.0,2,uniaxial,compression,4,0.897439,1763.87,0.6745,False,-1.9603114128112793,train,compression_only
green2-3.xls,green,sirloin tender steak,2,24,1.0,3,uniaxial,compression,4,0.897585,1425.81,0.0,False,-1.9567079544067383,train,compression_only
green2-4.xls,green,sirloin tender steak,2,24,1.0,4,uniaxial,compression,4,0.897696,1013.57,-0.8225045258238183,False,-1.9539680480957031,train,compression_only
green2-5.xls,green,sirloin tender steak,2,24,1.0,5,uniaxial,compression,4,0.897857,1527.52,0.20293260072176547,False,-1.9499993324279785,test,compression_only
green2-1.xls,green,sirloin tender steak,2,24,1.0,1,uniaxial,compression,5,0.8774919999999999,1231.08,-0.6745,False,-2.4856185913085938,train,compression_only
green2-2.xls,green,sirloin tender steak,2,24,1.0,2,uniaxial,compression,5,0.877557,1904.46,1.1021969566577996,False,-2.4837942123413086,train,compression_only
green2-3.xls,green,sirloin tender steak,2,24,1.0,3,uniaxial,compression,5,0.8776619999999999,1486.72,0.0,False,-2.480846405029297,train,compression_only
green2-4.xls,green,sirloin tender steak,2,24,1.0,4,uniaxial,compression,5,0.877586,1183.68,-0.7995637615396647,False,-2.482978343963623,train,compression_only
green2-5.xls,green,sirloin tender steak,2,24,1.0,5,uniaxial,compression,5,0.877488,1582.09,0.2516314543889841,False,-2.4857306480407715,test,compression_only
green2-1.xls,green,sirloin tender steak,2,24,1.0,1,uniaxial,compression,6,0.857369,1430.28,-0.6745,False,-3.0916285514831543,train,compression_only
green2-2.xls,green,sirloin tender steak,2,24,1.0,2,uniaxial,compression,6,0.857506,2087.04,2.5193328767123275,False,-3.087207794189453,train,compression_only
green2-3.xls,green,sirloin tender steak,2,24,1.0,3,uniaxial,compression,6,0.857638,1568.98,0.0,False,-3.0829505920410156,train,compression_only
green2-4.xls,green,sirloin tender steak,2,24,1.0,4,uniaxial,compression,6,0.857307,1313.27,-1.243521232876712,False,-3.093630313873291,train,compression_only
green2-5.xls,green,sirloin tender steak,2,24,1.0,5,uniaxial,compression,6,0.857571,1705.07,0.6618075342465747,False,-3.085110664367676,test,compression_only
green2-1.xls,green,sirloin tender steak,2,24,1.0,1,uniaxial,compression,7,0.83742,1562.08,-0.3324321428571439,False,-3.785259246826172,train,compression_only
green2-3.xls,green,sirloin tender steak,2,24,1.0,3,uniaxial,compression,7,0.837231,1595.89,0.0,False,-3.792339324951172,train,compression_only
green2-4.xls,green,sirloin tender steak,2,24,1.0,4,uniaxial,compression,7,0.8372459999999999,1527.29,-0.6745,False,-3.791776657104492,train,compression_only
green2-5.xls,green,sirloin tender steak,2,24,1.0,5,uniaxial,compression,7,0.837508,1771.36,1.7252844752186536,False,-3.7819666862487793,test,compression_only
green2-1.xls,green,sirloin tender steak,2,24,1.0,1,uniaxial,compression,8,0.8170729999999999,1805.61,0.0,False,-4.61014986038208,train,compression_only
green2-2.xls,green,sirloin tender steak,2,24,1.0,2,uniaxial,compression,8,0.8175250000000001,2425.8,3.2001082848837217,False,-4.590348243713379,train,compression_only
green2-3.xls,green,sirloin tender steak,2,24,1.0,3,uniaxial,compression,8,0.817315,1633.64,-0.8873452034883709,False,-4.599539756774902,train,compression_only
green2-4.xls,green,sirloin tender steak,2,24,1.0,4,uniaxial,compression,8,0.8172200000000001,1698.42,-0.5530879360465106,False,-4.603703498840332,train,compression_only
green2-5.xls,green,sirloin tender steak,2,24,1.0,5,uniaxial,compression,8,0.817051,1936.33,0.6745,False,-4.611116409301758,test,compression_only
green3-1.xls,green,sirloin tender steak,3,48,2.0,1,uniaxial,compression,0,0.9783178,795.876,0.7062781222106967,False,-0.19325947761535645,train,compression_only
green3-2.xls,green,sirloin tender steak,3,48,2.0,2,uniaxial,compression,0,0.9783704,465.773,-0.6365346627505849,False,-0.19277238845825195,train,compression_only
green3-3.xls,green,sirloin tender steak,3,48,2.0,3,uniaxial,compression,0,0.9787923,622.252,0.0,False,-0.18886828422546387,train,compression_only
green3-4.xls,green,sirloin tender steak,3,48,2.0,4,uniaxial,compression,0,0.9782081,456.44,-0.6745,False,-0.1942756175994873,train,compression_only
green3-5.xls,green,sirloin tender steak,3,48,2.0,5,uniaxial,compression,0,0.9780571,1248.61,2.547936645116156,False,-0.19567537307739258,test,compression_only
green3-1.xls,green,sirloin tender steak,3,48,2.0,1,uniaxial,tension,0,1.0263576,638.249,0.0,False,0.21816515922546387,train,compression_only
green3-2.xls,green,sirloin tender steak,3,48,2.0,2,uniaxial,tension,0,1.026825,560.484,-0.5279832150586338,False,0.22189927101135254,train,compression_only
green3-3.xls,green,sirloin tender steak,3,48,2.0,3,uniaxial,tension,0,1.0267037,737.594,0.6745000000000001,False,0.2209312915802002,train,compression_only
green3-4.xls,green,sirloin tender steak,3,48,2.0,4,uniaxial,tension,0,1.0261812,401.297,-1.6087787407519245,False,0.21675443649291992,train,compression_only
green3-5.xls,green,sirloin tender steak,3,48,2.0,5,uniaxial,tension,0,1.0266553,1091.37,3.0764519049776013,False,0.22054481506347656,test,compression_only
green3-1.xls,green,sirloin tender steak,3,48,2.0,1,uniaxial,compression,1,0.957969,919.74,0.24060335565624688,False,-0.3896217346191406,train,compression_only
green3-2.xls,green,sirloin tender steak,3,48,2.0,2,uniaxial,compression,1,0.9578593,535.753,-0.8592604625386967,False,-0.39072656631469727,train,compression_only
green3-3.xls,green,sirloin tender steak,3,48,2.0,3,uniaxial,compression,1,0.9582692,835.74,0.0,False,-0.38660144805908203,train,compression_only
green3-4.xls,green,sirloin tender steak,3,48,2.0,4,uniaxial,compression,1,0.9578247,600.257,-0.6745,False,-0.39107513427734375,train,compression_only
green3-5.xls,green,sirloin tender steak,3,48,2.0,5,uniaxial,compression,1,0.9578952,1578.77,2.128279897062632,False,-0.3903646469116211,test,compression_only
green3-1.xls,green,sirloin tender steak,3,48,2.0,1,uniaxial,tension,1,1.0520175,299.018,0.0,False,0.41786885261535645,train,compression_only
green3-2.xls,green,sirloin tender steak,3,48,2.0,2,uniaxial,tension,1,1.0516871,18.8862,-1.3564462917363622,False,0.4153590202331543,train,compression_only
green3-3.xls,green,sirloin tender steak,3,48,2.0,3,uniaxial,tension,1,1.0515612,314.253,0.07377048680158231,False,0.4144022464752197,train,compression_only
green3-4.xls,green,sirloin tender steak,3,48,2.0,4,uniaxial,tension,1,1.0516447,159.721,-0.6745,False,0.4150364398956299,train,compression_only
green3-5.xls,green,sirloin tender steak,3,48,2.0,5,uniaxial,tension,1,1.0516505,491.54,0.9322245920586951,False,0.4150807857513428,test,compression_only
green3-1.xls,green,sirloin tender steak,3,48,2.0,1,uniaxial,compression,2,0.9378449,1050.69,0.1771372149432372,False,-0.6019673347473145,train,compression_only
green3-2.xls,green,sirloin tender steak,3,48,2.0,2,uniaxial,compression,2,0.938,669.654,-0.6745,False,-0.6002497673034668,train,compression_only
green3-3.xls,green,sirloin tender steak,3,48,2.0,3,uniaxial,compression,2,0.9383462,971.436,0.0,False,-0.5964231491088867,train,compression_only
green3-4.xls,green,sirloin tender steak,3,48,2.0,4,uniaxial,compression,2,0.9374328000000001,626.476,-0.7710052952131009,False,-0.6065342426300049,train,compression_only
green3-5.xls,green,sirloin tender steak,3,48,2.0,5,uniaxial,compression,2,0.9380277,1716.25,1.664701814554877,False,-0.5999441146850586,test,compression_only
green3-1.xls,green,sirloin tender steak,3,48,2.0,1,uniaxial,tension,2,1.0768634,54.6494,0.6745,False,0.6032524108886719,train,compression_only
green3-2.xls,green,sirloin tender steak,3,48,2.0,2,uniaxial,tension,2,1.0773362,-108.433,-1.688052600526381,False,0.6067252159118652,train,compression_only
green3-3.xls,green,sirloin tender steak,3,48,2.0,3,uniaxial,tension,2,1.0766206,8.08998,0.0,False,0.601468563079834,train,compression_only
green3-4.xls,green,sirloin tender steak,3,48,2.0,4,uniaxial,tension,2,1.0766466,-11.8898,-0.2894443618498683,False,0.6016592979431152,train,compression_only
green3-5.xls,green,sirloin tender steak,3,48,2.0,5,uniaxial,tension,2,1.076698,105.17,1.4063850771766488,False,0.6020369529724121,test,compression_only
green3-1.xls,green,sirloin tender steak,3,48,2.0,1,uniaxial,compression,3,0.9179225,1121.16,0.0,False,-0.8344335556030273,train,compression_only
green3-2.xls,green,sirloin tender steak,3,48,2.0,2,uniaxial,compression,3,0.9174815000000001,795.027,-0.6745,False,-0.8398687839508057,train,compression_only
green3-3.xls,green,sirloin tender steak,3,48,2.0,3,uniaxial,compression,3,0.9184154,1160.82,0.0820238062385588,False,-0.828373908996582,train,compression_only
green3-4.xls,green,sirloin tender steak,3,48,2.0,4,uniaxial,compression,3,0.9174325999999999,706.455,-0.8576823642501678,False,-0.8404717445373535,train,compression_only
green3-5.xls,green,sirloin tender steak,3,48,2.0,5,uniaxial,compression,3,0.9178885999999999,1870.74,1.5502623469566092,False,-0.8348507881164551,test,compression_only
green3-1.xls,green,sirloin tender steak,3,48,2.0,1,uniaxial,tension,3,1.101845,-50.738,0.6745,False,0.7848076820373535,train,compression_only
green3-3.xls,green,sirloin tender steak,3,48,2.0,3,uniaxial,tension,3,1.102209,-121.077,-1.7177175973780414,False,0.7874295711517334,train,compression_only
green3-4.xls,green,sirloin tender steak,3,48,2.0,4,uniaxial,tension,3,1.101638,-70.5705,0.0,False,0.7833156585693359,train,compression_only
green3-5.xls,green,sirloin tender steak,3,48,2.0,5,uniaxial,tension,3,1.101679,-51.1797,0.6594778570528175,False,0.7836112976074219,test,compression_only
green3-1.xls,green,sirloin tender steak,3,48,2.0,1,uniaxial,compression,4,0.897992,1262.01,0.0,False,-1.0944933891296387,train,compression_only
green3-2.xls,green,sirloin tender steak,3,48,2.0,2,uniaxial,compression,4,0.897985,1004.22,-0.6745,False,-1.0945911407470703,train,compression_only
green3-3.xls,green,sirloin tender steak,3,48,2.0,3,uniaxial,compression,4,0.897869,1265.15,0.008215718220257061,False,-1.0961971282958984,train,compression_only
green3-4.xls,green,sirloin tender steak,3,48,2.0,4,uniaxial,compression,4,0.897432,752.741,-1.3324874529655923,False,-1.1022582054138184,train,compression_only
green3-5.xls,green,sirloin tender steak,3,48,2.0,5,uniaxial,compression,4,0.8976729999999999,1992.0,1.909997497963459,False,-1.0989134311676025,test,compression_only
green3-1.xls,green,sirloin tender steak,3,48,2.0,1,uniaxial,compression,5,0.877442,1346.59,0.0,False,-1.3982975482940674,train,compression_only
green3-2.xls,green,sirloin tender steak,3,48,2.0,2,uniaxial,compression,5,0.877489,1135.18,-0.6745,False,-1.3975563049316406,train,compression_only
green3-3.xls,green,sirloin tender steak,3,48,2.0,3,uniaxial,compression,5,0.877954,1416.46,0.22291904356463796,False,-1.3902239799499512,train,compression_only
green3-4.xls,green,sirloin tender steak,3,48,2.0,4,uniaxial,compression,5,0.877441,803.41,-1.7330065276003983,False,-1.3983139991760254,train,compression_only
green3-5.xls,green,sirloin tender steak,3,48,2.0,5,uniaxial,compression,5,0.877506,2168.78,2.6231831748734713,False,-1.397287368774414,test,compression_only
green3-1.xls,green,sirloin tender steak,3,48,2.0,1,uniaxial,compression,6,0.857124,1469.56,0.0,False,-1.7426824569702148,train,compression_only
green3-2.xls,green,sirloin tender steak,3,48,2.0,2,uniaxial,compression,6,0.857585,1323.21,-0.6745,False,-1.734311580657959,train,compression_only
green3-3.xls,green,sirloin tender steak,3,48,2.0,3,uniaxial,compression,6,0.857523,1528.28,0.2706295866074482,False,-1.7354357242584229,train,compression_only
green3-4.xls,green,sirloin tender steak,3,48,2.0,4,uniaxial,compression,6,0.857074,862.138,-2.799495312606766,False,-1.743591547012329,train,compression_only
green3-1.xls,green,sirloin tender steak,3,48,2.0,1,uniaxial,compression,7,0.837574,1608.88,0.0,False,-2.124976634979248,train,compression_only
green3-2.xls,green,sirloin tender steak,3,48,2.0,2,uniaxial,compression,7,0.8371109999999999,1460.9,-0.6745,False,-2.1347250938415527,train,compression_only
green3-3.xls,green,sirloin tender steak,3,48,2.0,3,uniaxial,compression,7,0.837508,1723.22,0.5211672523313957,False,-2.126363754272461,train,compression_only
green3-4.xls,green,sirloin tender steak,3,48,2.0,4,uniaxial,compression,7,0.837074,957.607,-2.968533845789972,False,-2.1355068683624268,train,compression_only
green3-1.xls,green,sirloin tender steak,3,48,2.0,1,uniaxial,compression,8,0.817054,1714.51,0.0,False,-2.592468738555908,train,compression_only
green3-2.xls,green,sirloin tender steak,3,48,2.0,2,uniaxial,compression,8,0.817563,1658.8,-0.25623181043300375,False,-2.5799331665039062,train,compression_only
green3-3.xls,green,sirloin tender steak,3,48,2.0,3,uniaxial,compression,8,0.817592,1861.16,0.6745,False,-2.5792198181152344,train,compression_only
green3-4.xls,green,sirloin tender steak,3,48,2.0,4,uniaxial,compression,8,0.817069,999.065,-3.290607927037161,False,-2.5920989513397217,train,compression_only
green1-1.xls,green,sirloin tender steak,1,0,0.0,1,shear,shear,0,0.00035980900000000005,22.4502,1.0495859413907251,False,0.005849222186952829,train,compression_only
green1-2.xls,green,sirloin tender steak,1,0,0.0,2,shear,shear,0,0.00309664,-23.2756,-0.45627069438612594,False,0.050341080874204636,train,compression_only
green1-3.xls,green,sirloin tender steak,1,0,0.0,3,shear,shear,0,0.000406582,-29.9022,-0.6745,False,0.006609585601836443,train,compression_only
green1-4.xls,green,sirloin tender steak,1,0,0.0,4,shear,shear,0,-0.000857054,-9.4208,0.0,False,-0.013932677917182446,train,compression_only
green1-5.xls,green,sirloin tender steak,1,0,0.0,5,shear,shear,0,0.00132634,77.3552,2.8577349204644213,False,0.021561644971370697,test,compression_only
green1-1.xls,green,sirloin tender steak,1,0,0.0,1,shear,shear,1,0.00035980900000000005,22.4502,0.7827360896131115,False,0.005849222186952829,train,compression_only
green1-2.xls,green,sirloin tender steak,1,0,0.0,2,shear,shear,1,0.0030966500000000003,-23.2756,-0.6745,False,0.05034123733639717,train,compression_only
green1-3.xls,green,sirloin tender steak,1,0,0.0,3,shear,shear,1,0.0030194799999999997,-2.11084,0.0,False,0.04908667877316475,train,compression_only
green1-4.xls,green,sirloin tender steak,1,0,0.0,4,shear,shear,1,-0.0008565780000000001,-9.4208,-0.23296120626928912,False,-0.013924939557909966,train,compression_only
green1-5.xls,green,sirloin tender steak,1,0,0.0,5,shear,shear,1,0.00132634,77.3552,2.5325042183327375,False,0.021561644971370697,test,compression_only
green1-1.xls,green,sirloin tender steak,1,0,0.0,1,shear,shear,2,0.0031739800000000003,51.2647,0.6745,False,0.05159839987754822,train,compression_only
green1-2.xls,green,sirloin tender steak,1,0,0.0,2,shear,shear,2,0.00442329,8.79832,-0.46367633611749104,False,0.07190900295972824,train,compression_only
green1-3.xls,green,sirloin tender steak,1,0,0.0,3,shear,shear,2,0.0030194700000000002,-2.11084,-0.756061695051299,False,0.04908651486039162,train,compression_only
green1-4.xls,green,sirloin tender steak,1,0,0.0,4,shear,shear,2,0.00419762,26.0985,0.0,False,0.06824012100696564,train,compression_only
green1-5.xls,green,sirloin tender steak,1,0,0.0,5,shear,shear,2,0.0034090599999999998,94.8963,1.843906354554919,False,0.055420152842998505,test,compression_only
green1-1.xls,green,sirloin tender steak,1,0,0.0,1,shear,shear,3,0.0031739800000000003,51.2647,0.6745,False,0.05159839987754822,train,compression_only
green1-2.xls,green,sirloin tender steak,1,0,0.0,2,shear,shear,3,0.00442329,8.79832,-0.46367633611749104,False,0.07190900295972824,train,compression_only
green1-3.xls,green,sirloin tender steak,1,0,0.0,3,shear,shear,3,0.0030194700000000002,-2.11084,-0.756061695051299,False,0.04908651486039162,train,compression_only
green1-4.xls,green,sirloin tender steak,1,0,0.0,4,shear,shear,3,0.00419758,26.0985,0.0,False,0.0682394728064537,train,compression_only
green1-5.xls,green,sirloin tender steak,1,0,0.0,5,shear,shear,3,0.00340903,94.8963,1.843906354554919,False,0.05541966110467911,test,compression_only
green1-1.xls,green,sirloin tender steak,1,0,0.0,1,shear,shear,4,0.00317395,51.2647,0.6745,False,0.05159791186451912,train,compression_only
green1-2.xls,green,sirloin tender steak,1,0,0.0,2,shear,shear,4,0.00442326,8.79832,-0.46367633611749104,False,0.07190851867198944,train,compression_only
green1-3.xls,green,sirloin tender steak,1,0,0.0,3,shear,shear,4,0.00301946,-2.11084,-0.756061695051299,False,0.04908635467290878,train,compression_only
green1-4.xls,green,sirloin tender steak,1,0,0.0,4,shear,shear,4,0.00419758,26.0985,0.0,False,0.0682394728064537,train,compression_only
green1-5.xls,green,sirloin tender steak,1,0,0.0,5,shear,shear,4,0.00340903,94.8963,1.843906354554919,False,0.05541966110467911,test,compression_only
green1-1.xls,green,sirloin tender steak,1,0,0.0,1,shear,shear,5,0.00317395,51.2647,0.6745,False,0.05159791186451912,train,compression_only
green1-2.xls,green,sirloin tender steak,1,0,0.0,2,shear,shear,5,0.00442326,8.79832,-0.46367633611749104,False,0.07190851867198944,train,compression_only
green1-3.xls,green,sirloin tender steak,1,0,0.0,3,shear,shear,5,0.00301946,-2.11084,-0.756061695051299,False,0.04908635467290878,train,compression_only
green1-4.xls,green,sirloin tender steak,1,0,0.0,4,shear,shear,5,0.00419758,26.0985,0.0,False,0.0682394728064537,train,compression_only
green1-5.xls,green,sirloin tender steak,1,0,0.0,5,shear,shear,5,0.00340903,94.8963,1.843906354554919,False,0.05541966110467911,test,compression_only
green1-1.xls,green,sirloin tender steak,1,0,0.0,1,shear,shear,6,0.012257,107.08,0.6745,False,0.19929730892181396,train,compression_only
green1-2.xls,green,sirloin tender steak,1,0,0.0,2,shear,shear,6,0.012438,48.0047,-0.6474085641774209,False,0.20224162936210632,train,compression_only
green1-3.xls,green,sirloin tender steak,1,0,0.0,3,shear,shear,6,0.0110082,46.4003,-0.6833096954516802,False,0.17898470163345337,train,compression_only
green1-4.xls,green,sirloin tender steak,1,0,0.0,4,shear,shear,6,0.0125101,76.937,0.0,False,0.2034144550561905,train,compression_only
green1-5.xls,green,sirloin tender steak,1,0,0.0,5,shear,shear,6,0.011548099999999999,131.74,1.2263087118070533,False,0.18776622414588928,test,compression_only
green1-1.xls,green,sirloin tender steak,1,0,0.0,1,shear,shear,7,0.012257,107.08,0.6745,False,0.19929730892181396,train,compression_only
green1-2.xls,green,sirloin tender steak,1,0,0.0,2,shear,shear,7,0.012438,48.0047,-0.6474085641774209,False,0.20224162936210632,train,compression_only
green1-3.xls,green,sirloin tender steak,1,0,0.0,3,shear,shear,7,0.0110081,46.4003,-0.6833096954516802,False,0.17898307740688324,train,compression_only
green1-4.xls,green,sirloin tender steak,1,0,0.0,4,shear,shear,7,0.0125101,76.937,0.0,False,0.2034144550561905,train,compression_only
green1-5.xls,green,sirloin tender steak,1,0,0.0,5,shear,shear,7,0.011548099999999999,131.74,1.2263087118070533,False,0.18776622414588928,test,compression_only
green1-1.xls,green,sirloin tender steak,1,0,0.0,1,shear,shear,8,0.012257,107.08,0.6745,False,0.19929730892181396,train,compression_only
green1-2.xls,green,sirloin tender steak,1,0,0.0,2,shear,shear,8,0.012438,48.0047,-0.6474085641774209,False,0.20224162936210632,train,compression_only
green1-3.xls,green,sirloin tender steak,1,0,0.0,3,shear,shear,8,0.0110081,46.4003,-0.6833096954516802,False,0.17898307740688324,train,compression_only
green1-4.xls,green,sirloin tender steak,1,0,0.0,4,shear,shear,8,0.0125101,76.937,0.0,False,0.2034144550561905,train,compression_only
green1-5.xls,green,sirloin tender steak,1,0,0.0,5,shear,shear,8,0.011548099999999999,131.74,1.2263087118070533,False,0.18776622414588928,test,compression_only
green1-1.xls,green,sirloin tender steak,1,0,0.0,1,shear,shear,9,0.012257,107.08,0.6745,False,0.19929730892181396,train,compression_only
green1-2.xls,green,sirloin tender steak,1,0,0.0,2,shear,shear,9,0.012438,48.0047,-0.6474085641774209,False,0.20224162936210632,train,compression_only
green1-3.xls,green,sirloin tender steak,1,0,0.0,3,shear,shear,9,0.0110081,46.4003,-0.6833096954516802,False,0.17898307740688324,train,compression_only
green1-4.xls,green,sirloin tender steak,1,0,0.0,4,shear,shear,9,0.0125101,76.937,0.0,False,0.2034144550561905,train,compression_only
green1-5.xls,green,sirloin tender steak,1,0,0.0,5,shear,shear,9,0.011548099999999999,131.74,1.2263087118070533,False,0.18776622414588928,test,compression_only
green1-1.xls,green,sirloin tender steak,1,0,0.0,1,shear,shear,10,0.012257,107.08,-0.030330424058438728,False,0.19929730892181396,train,compression_only
green1-2.xls,green,sirloin tender steak,1,0,0.0,2,shear,shear,10,0.0204463,107.554,0.0,False,0.3325788080692291,train,compression_only
green1-3.xls,green,sirloin tender steak,1,0,0.0,3,shear,shear,10,0.0190104,118.095,0.6745,False,0.3091980814933777,train,compression_only
green1-4.xls,green,sirloin tender steak,1,0,0.0,4,shear,shear,10,0.0125101,76.937,-1.9591278341713319,False,0.2034144550561905,train,compression_only
green1-1.xls,green,sirloin tender steak,1,0,0.0,1,shear,shear,11,0.0213936,184.115,0.8475134545668898,False,0.3480069041252136,train,compression_only
green1-2.xls,green,sirloin tender steak,1,0,0.0,2,shear,shear,11,0.0204462,107.554,-0.6745,False,0.3325771689414978,train,compression_only
green1-3.xls,green,sirloin tender steak,1,0,0.0,3,shear,shear,11,0.0190104,118.095,-0.46494756697810136,False,0.3091980814933777,train,compression_only
green1-4.xls,green,sirloin tender steak,1,0,0.0,4,shear,shear,11,0.020879099999999998,141.483,0.0,False,0.3396271765232086,train,compression_only
green1-5.xls,green,sirloin tender steak,1,0,0.0,5,shear,shear,11,0.01959,201.465,1.1924270977629756,False,0.31863507628440857,test,compression_only
green1-1.xls,green,sirloin tender steak,1,0,0.0,1,shear,shear,12,0.0213936,184.115,0.8475134545668898,False,0.3480069041252136,train,compression_only
green1-2.xls,green,sirloin tender steak,1,0,0.0,2,shear,shear,12,0.0204462,107.554,-0.6745,False,0.3325771689414978,train,compression_only
green1-3.xls,green,sirloin tender steak,1,0,0.0,3,shear,shear,12,0.0190104,118.095,-0.46494756697810136,False,0.3091980814933777,train,compression_only
green1-4.xls,green,sirloin tender steak,1,0,0.0,4,shear,shear,12,0.020879099999999998,141.483,0.0,False,0.3396271765232086,train,compression_only
green1-5.xls,green,sirloin tender steak,1,0,0.0,5,shear,shear,12,0.01959,201.465,1.1924270977629756,False,0.31863507628440857,test,compression_only
green1-1.xls,green,sirloin tender steak,1,0,0.0,1,shear,shear,13,0.0213936,184.115,0.8475134545668898,False,0.3480069041252136,train,compression_only
green1-2.xls,green,sirloin tender steak,1,0,0.0,2,shear,shear,13,0.0204462,107.554,-0.6745,False,0.3325771689414978,train,compression_only
green1-3.xls,green,sirloin tender steak,1,0,0.0,3,shear,shear,13,0.0190104,118.095,-0.46494756697810136,False,0.3091980814933777,train,compression_only
green1-4.xls,green,sirloin tender steak,1,0,0.0,4,shear,shear,13,0.020879099999999998,141.483,0.0,False,0.3396271765232086,train,compression_only
green1-5.xls,green,sirloin tender steak,1,0,0.0,5,shear,shear,13,0.0195899,201.465,1.1924270977629756,False,0.31863343715667725,test,compression_only
green1-1.xls,green,sirloin tender steak,1,0,0.0,1,shear,shear,14,0.0213936,184.115,0.7894692495672543,False,0.3480069041252136,train,compression_only
green1-2.xls,green,sirloin tender steak,1,0,0.0,2,shear,shear,14,0.028547,142.476,-0.6404006974849813,False,0.46460220217704773,train,compression_only
green1-3.xls,green,sirloin tender steak,1,0,0.0,3,shear,shear,14,0.0269774,161.125,0.0,False,0.439003586769104,train,compression_only
green1-4.xls,green,sirloin tender steak,1,0,0.0,4,shear,shear,14,0.020879099999999998,141.483,-0.6745,False,0.3396271765232086,train,compression_only
green1-5.xls,green,sirloin tender steak,1,0,0.0,5,shear,shear,14,0.0277112,239.817,2.7022581203543434,False,0.45096999406814575,test,compression_only
green1-1.xls,green,sirloin tender steak,1,0,0.0,1,shear,shear,15,0.0304279,229.797,1.0502361416146886,False,0.4952905476093292,train,compression_only
green1-2.xls,green,sirloin tender steak,1,0,0.0,2,shear,shear,15,0.028547,142.476,-0.6745,False,0.46460220217704773,train,compression_only
green1-3.xls,green,sirloin tender steak,1,0,0.0,3,shear,shear,15,0.0269773,161.125,-0.30615098538756624,False,0.43900200724601746,train,compression_only
green1-4.xls,green,sirloin tender steak,1,0,0.0,4,shear,shear,15,0.029308999999999998,176.625,0.0,False,0.47703316807746887,train,compression_only
green1-5.xls,green,sirloin tender steak,1,0,0.0,5,shear,shear,15,0.0277112,239.817,1.2481479399103927,False,0.45096999406814575,test,compression_only
green1-1.xls,green,sirloin tender steak,1,0,0.0,1,shear,shear,16,0.0304279,229.797,1.0502361416146886,False,0.4952905476093292,train,compression_only
green1-2.xls,green,sirloin tender steak,1,0,0.0,2,shear,shear,16,0.028547,142.476,-0.6745,False,0.46460220217704773,train,compression_only
green1-3.xls,green,sirloin tender steak,1,0,0.0,3,shear,shear,16,0.0269773,161.125,-0.30615098538756624,False,0.43900200724601746,train,compression_only
green1-4.xls,green,sirloin tender steak,1,0,0.0,4,shear,shear,16,0.029308999999999998,176.625,0.0,False,0.47703316807746887,train,compression_only
green1-5.xls,green,sirloin tender steak,1,0,0.0,5,shear,shear,16,0.0277112,239.817,1.2481479399103927,False,0.45096999406814575,test,compression_only
green1-1.xls,green,sirloin tender steak,1,0,0.0,1,shear,shear,17,0.0304279,229.797,1.0502361416146886,False,0.4952905476093292,train,compression_only
green1-2.xls,green,sirloin tender steak,1,0,0.0,2,shear,shear,17,0.028547,142.476,-0.6745,False,0.46460220217704773,train,compression_only
green1-3.xls,green,sirloin tender steak,1,0,0.0,3,shear,shear,17,0.0269773,161.125,-0.30615098538756624,False,0.43900200724601746,train,compression_only
green1-4.xls,green,sirloin tender steak,1,0,0.0,4,shear,shear,17,0.029308999999999998,176.625,0.0,False,0.47703316807746887,train,compression_only
green1-5.xls,green,sirloin tender steak,1,0,0.0,5,shear,shear,17,0.0277112,239.817,1.2481479399103927,False,0.45096999406814575,test,compression_only
green1-1.xls,green,sirloin tender steak,1,0,0.0,1,shear,shear,18,0.0304279,229.797,0.8717577347117841,False,0.4952905476093292,train,compression_only
green1-2.xls,green,sirloin tender steak,1,0,0.0,2,shear,shear,18,0.0366162,169.705,-0.6745,False,0.5963661670684814,train,compression_only
green1-3.xls,green,sirloin tender steak,1,0,0.0,3,shear,shear,18,0.0349964,195.918,0.0,False,0.5698923468589783,train,compression_only
green1-4.xls,green,sirloin tender steak,1,0,0.0,4,shear,shear,18,0.029308999999999998,176.625,-0.4964379697096863,False,0.47703316807746887,train,compression_only
green1-5.xls,green,sirloin tender steak,1,0,0.0,5,shear,shear,18,0.0357419,270.636,1.9226067600045786,False,0.5820751190185547,test,compression_only
green1-1.xls,green,sirloin tender steak,1,0,0.0,1,shear,shear,19,0.0304279,229.797,0.6745,False,0.4952905476093292,train,compression_only
green1-2.xls,green,sirloin tender steak,1,0,0.0,2,shear,shear,19,0.0366162,169.705,-0.8225287719298248,False,0.5963661670684814,train,compression_only
green1-3.xls,green,sirloin tender steak,1,0,0.0,3,shear,shear,19,0.0349964,195.918,-0.16950315789473697,False,0.5698923468589783,train,compression_only
green1-4.xls,green,sirloin tender steak,1,0,0.0,4,shear,shear,19,0.0377055,202.722,0.0,False,0.6141770482063293,train,compression_only
green1-5.xls,green,sirloin tender steak,1,0,0.0,5,shear,shear,19,0.0357419,270.636,1.6918926315789484,False,0.5820751190185547,test,compression_only
green1-1.xls,green,sirloin tender steak,1,0,0.0,1,shear,shear,20,0.039526900000000004,267.45,1.3223198958112485,False,0.643971860408783,train,compression_only
green1-2.xls,green,sirloin tender steak,1,0,0.0,2,shear,shear,20,0.0366162,169.705,-0.6745,False,0.5963661670684814,train,compression_only
green1-3.xls,green,sirloin tender steak,1,0,0.0,3,shear,shear,20,0.0349964,195.918,-0.1389980313172003,False,0.5698923468589783,train,compression_only
green1-4.xls,green,sirloin tender steak,1,0,0.0,4,shear,shear,20,0.0377055,202.722,0.0,False,0.6141770482063293,train,compression_only
green1-5.xls,green,sirloin tender steak,1,0,0.0,5,shear,shear,20,0.0357419,270.636,1.3874062755550176,False,0.5820751190185547,test,compression_only
green1-1.xls,green,sirloin tender steak,1,0,0.0,1,shear,shear,21,0.039526900000000004,267.45,1.3223198958112485,False,0.643971860408783,train,compression_only
green1-2.xls,green,sirloin tender steak,1,0,0.0,2,shear,shear,21,0.0366159,169.705,-0.6745,False,0.5963613390922546,train,compression_only
green1-3.xls,green,sirloin tender steak,1,0,0.0,3,shear,shear,21,0.0349965,195.918,-0.1389980313172003,False,0.5698939561843872,train,compression_only
green1-4.xls,green,sirloin tender steak,1,0,0.0,4,shear,shear,21,0.0377055,202.722,0.0,False,0.6141770482063293,train,compression_only
green1-5.xls,green,sirloin tender steak,1,0,0.0,5,shear,shear,21,0.0357419,270.636,1.3874062755550176,False,0.5820751190185547,test,compression_only
green1-1.xls,green,sirloin tender steak,1,0,0.0,1,shear,shear,22,0.039526900000000004,267.45,0.8788319193733163,False,0.643971860408783,train,compression_only
green1-2.xls,green,sirloin tender steak,1,0,0.0,2,shear,shear,22,0.0447395,193.072,-0.6745,False,0.7293422818183899,train,compression_only
green1-3.xls,green,sirloin tender steak,1,0,0.0,3,shear,shear,22,0.043088800000000003,225.369,0.0,False,0.7022906541824341,train,compression_only
green1-4.xls,green,sirloin tender steak,1,0,0.0,4,shear,shear,22,0.0377055,202.722,-0.4729665758429574,False,0.6141770482063293,train,compression_only
green1-5.xls,green,sirloin tender steak,1,0,0.0,5,shear,shear,22,0.0438112,296.587,1.4873375545716319,False,0.7141275405883789,test,compression_only
green1-1.xls,green,sirloin tender steak,1,0,0.0,1,shear,shear,23,0.0395265,267.45,0.8788319193733163,False,0.6439653635025024,train,compression_only
green1-2.xls,green,sirloin tender steak,1,0,0.0,2,shear,shear,23,0.0447395,193.072,-0.6745,False,0.7293422818183899,train,compression_only
green1-3.xls,green,sirloin tender steak,1,0,0.0,3,shear,shear,23,0.043088800000000003,225.369,0.0,False,0.7022906541824341,train,compression_only
green1-4.xls,green,sirloin tender steak,1,0,0.0,4,shear,shear,23,0.0460923,225.191,-0.003717404093259379,False,0.7515246868133545,train,compression_only
green1-5.xls,green,sirloin tender steak,1,0,0.0,5,shear,shear,23,0.0438112,296.587,1.4873375545716319,False,0.7141275405883789,test,compression_only
green1-1.xls,green,sirloin tender steak,1,0,0.0,1,shear,shear,24,0.0486549,300.393,1.5668231724308757,False,0.7935757637023926,train,compression_only
green1-2.xls,green,sirloin tender steak,1,0,0.0,2,shear,shear,24,0.0447395,193.072,-0.6745,False,0.7293422818183899,train,compression_only
green1-3.xls,green,sirloin tender steak,1,0,0.0,3,shear,shear,24,0.043088800000000003,225.369,0.0,False,0.7022906541824341,train,compression_only
green1-4.xls,green,sirloin tender steak,1,0,0.0,4,shear,shear,24,0.0460923,225.191,-0.003717404093259379,False,0.7515246868133545,train,compression_only
green1-5.xls,green,sirloin tender steak,1,0,0.0,5,shear,shear,24,0.0438112,296.587,1.4873375545716319,False,0.7141275405883789,test,compression_only
green1-1.xls,green,sirloin tender steak,1,0,0.0,1,shear,shear,25,0.0486554,300.393,1.5668231724308757,False,0.7935839295387268,train,compression_only
green1-2.xls,green,sirloin tender steak,1,0,0.0,2,shear,shear,25,0.0447395,193.072,-0.6745,False,0.7293422818183899,train,compression_only
green1-3.xls,green,sirloin tender steak,1,0,0.0,3,shear,shear,25,0.0430887,225.369,0.0,False,0.7022889852523804,train,compression_only
green1-4.xls,green,sirloin tender steak,1,0,0.0,4,shear,shear,25,0.0460923,225.191,-0.003717404093259379,False,0.7515246868133545,train,compression_only
green1-5.xls,green,sirloin tender steak,1,0,0.0,5,shear,shear,25,0.0438112,296.587,1.4873375545716319,False,0.7141275405883789,test,compression_only
green1-1.xls,green,sirloin tender steak,1,0,0.0,1,shear,shear,26,0.0486554,300.393,0.8132619730985328,False,0.7935839295387268,train,compression_only
green1-2.xls,green,sirloin tender steak,1,0,0.0,2,shear,shear,26,0.0528172,209.709,-0.6745,False,0.8619716167449951,train,compression_only
green1-3.xls,green,sirloin tender steak,1,0,0.0,3,shear,shear,26,0.0510898,250.822,0.0,False,0.8335720300674438,train,compression_only
green1-4.xls,green,sirloin tender steak,1,0,0.0,4,shear,shear,26,0.0460923,225.191,-0.42050226205822977,False,0.7515246868133545,train,compression_only
green1-5.xls,green,sirloin tender steak,1,0,0.0,5,shear,shear,26,0.0519299,316.993,1.0856016223578915,False,0.8473811149597168,test,compression_only
green1-1.xls,green,sirloin tender steak,1,0,0.0,1,shear,shear,27,0.0486554,300.393,0.8132619730985328,False,0.7935839295387268,train,compression_only
green1-2.xls,green,sirloin tender steak,1,0,0.0,2,shear,shear,27,0.0528172,209.709,-0.6745,False,0.8619716167449951,train,compression_only
green1-3.xls,green,sirloin tender steak,1,0,0.0,3,shear,shear,27,0.0510899,250.822,0.0,False,0.8335736989974976,train,compression_only
green1-4.xls,green,sirloin tender steak,1,0,0.0,4,shear,shear,27,0.0545231,243.64,-0.11782791331209133,False,0.890038788318634,train,compression_only
green1-5.xls,green,sirloin tender steak,1,0,0.0,5,shear,shear,27,0.0519299,316.993,1.0856016223578915,False,0.8473811149597168,test,compression_only
green1-1.xls,green,sirloin tender steak,1,0,0.0,1,shear,shear,28,0.0486554,300.393,0.8132619730985328,False,0.7935839295387268,train,compression_only
green1-2.xls,green,sirloin tender steak,1,0,0.0,2,shear,shear,28,0.0528172,209.709,-0.6745,False,0.8619716167449951,train,compression_only
green1-3.xls,green,sirloin tender steak,1,0,0.0,3,shear,shear,28,0.0510899,250.822,0.0,False,0.8335736989974976,train,compression_only
green1-4.xls,green,sirloin tender steak,1,0,0.0,4,shear,shear,28,0.0545231,243.64,-0.11782791331209133,False,0.890038788318634,train,compression_only
green1-5.xls,green,sirloin tender steak,1,0,0.0,5,shear,shear,28,0.0519299,316.993,1.0856016223578915,False,0.8473811149597168,test,compression_only
green1-1.xls,green,sirloin tender steak,1,0,0.0,1,shear,shear,29,0.0577335,329.835,1.2962875124656432,False,0.942918598651886,train,compression_only
green1-2.xls,green,sirloin tender steak,1,0,0.0,2,shear,shear,29,0.0528172,209.709,-0.6745,False,0.8619716167449951,train,compression_only
green1-3.xls,green,sirloin tender steak,1,0,0.0,3,shear,shear,29,0.0510899,250.822,0.0,False,0.8335736989974976,train,compression_only
green1-4.xls,green,sirloin tender steak,1,0,0.0,4,shear,shear,29,0.0545231,243.64,-0.11782791331209133,False,0.890038788318634,train,compression_only
green1-5.xls,green,sirloin tender steak,1,0,0.0,5,shear,shear,29,0.0519299,316.993,1.0856016223578915,False,0.8473811149597168,test,compression_only
green1-1.xls,green,sirloin tender steak,1,0,0.0,1,shear,shear,30,0.0577335,329.835,0.6745,False,0.942918598651886,train,compression_only
green1-2.xls,green,sirloin tender steak,1,0,0.0,2,shear,shear,30,0.0528172,209.709,-0.7603324242960869,False,0.8619716167449951,train,compression_only
green1-3.xls,green,sirloin tender steak,1,0,0.0,3,shear,shear,30,0.059111500000000004,273.365,0.0,False,0.9656410813331604,train,compression_only
green1-4.xls,green,sirloin tender steak,1,0,0.0,4,shear,shear,30,0.0545231,243.64,-0.35504714892863515,False,0.890038788318634,train,compression_only
green1-5.xls,green,sirloin tender steak,1,0,0.0,5,shear,shear,30,0.0599791,333.678,0.7204023109615727,False,0.9799550771713257,test,compression_only
green1-1.xls,green,sirloin tender steak,1,0,0.0,1,shear,shear,31,0.0577335,329.835,0.8109567152103553,False,0.942918598651886,train,compression_only
green1-2.xls,green,sirloin tender steak,1,0,0.0,2,shear,shear,31,0.060951899999999996,226.397,-0.6745,False,0.9960118532180786,train,compression_only
green1-3.xls,green,sirloin tender steak,1,0,0.0,3,shear,shear,31,0.059111500000000004,273.365,0.0,False,0.9656410813331604,train,compression_only
green1-4.xls,green,sirloin tender steak,1,0,0.0,4,shear,shear,31,0.0545231,243.64,-0.42687601132686104,False,0.890038788318634,train,compression_only
green1-5.xls,green,sirloin tender steak,1,0,0.0,5,shear,shear,31,0.0599791,333.678,0.8661454288025885,False,0.9799550771713257,test,compression_only
green1-1.xls,green,sirloin tender steak,1,0,0.0,1,shear,shear,32,0.0577335,329.835,0.8109567152103553,False,0.942918598651886,train,compression_only
green1-2.xls,green,sirloin tender steak,1,0,0.0,2,shear,shear,32,0.060951899999999996,226.397,-0.6745,False,0.9960118532180786,train,compression_only
green1-3.xls,green,sirloin tender steak,1,0,0.0,3,shear,shear,32,0.059111500000000004,273.365,0.0,False,0.9656410813331604,train,compression_only
green1-4.xls,green,sirloin tender steak,1,0,0.0,4,shear,shear,32,0.0629742,260.065,-0.19099919093851142,False,1.0294173955917358,train,compression_only
green1-5.xls,green,sirloin tender steak,1,0,0.0,5,shear,shear,32,0.0599791,333.678,0.8661454288025885,False,0.9799550771713257,test,compression_only
green1-1.xls,green,sirloin tender steak,1,0,0.0,1,shear,shear,33,0.057733,329.835,0.8109567152103553,False,0.9429104924201965,train,compression_only
green1-2.xls,green,sirloin tender steak,1,0,0.0,2,shear,shear,33,0.060951899999999996,226.397,-0.6745,False,0.9960118532180786,train,compression_only
green1-3.xls,green,sirloin tender steak,1,0,0.0,3,shear,shear,33,0.0591116,273.365,0.0,False,0.9656426906585693,train,compression_only
green1-4.xls,green,sirloin tender steak,1,0,0.0,4,shear,shear,33,0.0629742,260.065,-0.19099919093851142,False,1.0294173955917358,train,compression_only
green1-5.xls,green,sirloin tender steak,1,0,0.0,5,shear,shear,33,0.0599791,333.678,0.8661454288025885,False,0.9799550771713257,test,compression_only
green1-1.xls,green,sirloin tender steak,1,0,0.0,1,shear,shear,34,0.06691169999999999,356.175,0.7708378331602636,False,1.0945605039596558,train,compression_only
green1-2.xls,green,sirloin tender steak,1,0,0.0,2,shear,shear,34,0.060951899999999996,226.397,-0.8238727933541026,False,0.9960118532180786,train,compression_only
green1-3.xls,green,sirloin tender steak,1,0,0.0,3,shear,shear,34,0.0671045,293.444,0.0,False,1.0977537631988525,train,compression_only
green1-4.xls,green,sirloin tender steak,1,0,0.0,4,shear,shear,34,0.0629742,260.065,-0.4101607822776052,False,1.0294173955917358,train,compression_only
green1-5.xls,green,sirloin tender steak,1,0,0.0,5,shear,shear,34,0.0680418,348.335,0.6745,False,1.1132827997207642,test,compression_only
green1-1.xls,green,sirloin tender steak,1,0,0.0,1,shear,shear,35,0.06691169999999999,356.175,0.7809534791435953,False,1.0945605039596558,train,compression_only
green1-2.xls,green,sirloin tender steak,1,0,0.0,2,shear,shear,35,0.0690926,239.264,-0.6745,False,1.1307023763656616,train,compression_only
green1-3.xls,green,sirloin tender steak,1,0,0.0,3,shear,shear,35,0.06710429999999999,293.444,0.0,False,1.0977505445480347,train,compression_only
green1-4.xls,green,sirloin tender steak,1,0,0.0,4,shear,shear,35,0.0629742,260.065,-0.41554329088224456,False,1.0294173955917358,train,compression_only
green1-5.xls,green,sirloin tender steak,1,0,0.0,5,shear,shear,35,0.0680418,348.335,0.6833514119601324,False,1.1132827997207642,test,compression_only
green1-1.xls,green,sirloin tender steak,1,0,0.0,1,shear,shear,36,0.06691169999999999,356.175,0.7809534791435953,False,1.0945605039596558,train,compression_only
green1-2.xls,green,sirloin tender steak,1,0,0.0,2,shear,shear,36,0.0690926,239.264,-0.6745,False,1.1307023763656616,train,compression_only
green1-3.xls,green,sirloin tender steak,1,0,0.0,3,shear,shear,36,0.06710429999999999,293.444,0.0,False,1.0977505445480347,train,compression_only
green1-4.xls,green,sirloin tender steak,1,0,0.0,4,shear,shear,36,0.0713281,274.455,-0.23639868032484349,False,1.1677955389022827,train,compression_only
green1-5.xls,green,sirloin tender steak,1,0,0.0,5,shear,shear,36,0.0680418,348.335,0.6833514119601324,False,1.1132827997207642,test,compression_only
green1-1.xls,green,sirloin tender steak,1,0,0.0,1,shear,shear,37,0.06691169999999999,356.175,0.7809534791435953,False,1.0945605039596558,train,compression_only
green1-2.xls,green,sirloin tender steak,1,0,0.0,2,shear,shear,37,0.0690926,239.264,-0.6745,False,1.1307023763656616,train,compression_only
green1-3.xls,green,sirloin tender steak,1,0,0.0,3,shear,shear,37,0.06710429999999999,293.444,0.0,False,1.0977505445480347,train,compression_only
green1-4.xls,green,sirloin tender steak,1,0,0.0,4,shear,shear,37,0.0713281,274.455,-0.23639868032484349,False,1.1677955389022827,train,compression_only
green1-5.xls,green,sirloin tender steak,1,0,0.0,5,shear,shear,37,0.0680418,348.335,0.6833514119601324,False,1.1132827997207642,test,compression_only
green1-1.xls,green,sirloin tender steak,1,0,0.0,1,shear,shear,38,0.0759739,380.345,0.9430908385568744,False,1.2450401782989502,train,compression_only
green1-2.xls,green,sirloin tender steak,1,0,0.0,2,shear,shear,38,0.0690926,239.264,-0.9998443044694454,False,1.1307023763656616,train,compression_only
green1-3.xls,green,sirloin tender steak,1,0,0.0,3,shear,shear,38,0.0751626,311.865,0.0,False,1.231534719467163,train,compression_only
green1-4.xls,green,sirloin tender steak,1,0,0.0,4,shear,shear,38,0.0713281,274.455,-0.5152019315188767,False,1.1677955389022827,train,compression_only
green1-5.xls,green,sirloin tender steak,1,0,0.0,5,shear,shear,38,0.076148,360.842,0.6745,False,1.247939109802246,test,compression_only
green1-1.xls,green,sirloin tender steak,1,0,0.0,1,shear,shear,39,0.0759739,380.345,0.9430908385568744,False,1.2450401782989502,train,compression_only
green1-2.xls,green,sirloin tender steak,1,0,0.0,2,shear,shear,39,0.0770613,249.901,-0.8533539824815733,False,1.2631518840789795,train,compression_only
green1-3.xls,green,sirloin tender steak,1,0,0.0,3,shear,shear,39,0.0751627,311.865,0.0,False,1.2315363883972168,train,compression_only
green1-4.xls,green,sirloin tender steak,1,0,0.0,4,shear,shear,39,0.0713281,274.455,-0.5152019315188767,False,1.1677955389022827,train,compression_only
green1-5.xls,green,sirloin tender steak,1,0,0.0,5,shear,shear,39,0.076148,360.842,0.6745,False,1.247939109802246,test,compression_only
green1-1.xls,green,sirloin tender steak,1,0,0.0,1,shear,shear,40,0.0759739,380.345,0.9430908385568744,False,1.2450401782989502,train,compression_only
green1-2.xls,green,sirloin tender steak,1,0,0.0,2,shear,shear,40,0.0770613,249.901,-0.8533539824815733,False,1.2631518840789795,train,compression_only
green1-3.xls,green,sirloin tender steak,1,0,0.0,3,shear,shear,40,0.0751627,311.865,0.0,False,1.2315363883972168,train,compression_only
green1-4.xls,green,sirloin tender steak,1,0,0.0,4,shear,shear,40,0.079707,286.218,-0.35320459603487353,False,1.3072704076766968,train,compression_only
green1-5.xls,green,sirloin tender steak,1,0,0.0,5,shear,shear,40,0.076148,360.842,0.6745,False,1.247939109802246,test,compression_only
green1-1.xls,green,sirloin tender steak,1,0,0.0,1,shear,shear,41,0.0759739,380.345,0.9430908385568744,False,1.2450401782989502,train,compression_only
green1-2.xls,green,sirloin tender steak,1,0,0.0,2,shear,shear,41,0.0770613,249.901,-0.8533539824815733,False,1.2631518840789795,train,compression_only
green1-3.xls,green,sirloin tender steak,1,0,0.0,3,shear,shear,41,0.0751627,311.865,0.0,False,1.2315363883972168,train,compression_only
green1-4.xls,green,sirloin tender steak,1,0,0.0,4,shear,shear,41,0.079707,286.218,-0.35320459603487353,False,1.3072704076766968,train,compression_only
green1-5.xls,green,sirloin tender steak,1,0,0.0,5,shear,shear,41,0.076148,360.842,0.6745,False,1.247939109802246,test,compression_only
green1-1.xls,green,sirloin tender steak,1,0,0.0,1,shear,shear,42,0.0759739,380.345,0.8384315961300164,False,1.2450401782989502,train,compression_only
green1-2.xls,green,sirloin tender steak,1,0,0.0,2,shear,shear,42,0.0770613,249.901,-1.2582340696787724,False,1.2631518840789795,train,compression_only
green1-3.xls,green,sirloin tender steak,1,0,0.0,3,shear,shear,42,0.0831678,328.182,0.0,False,1.3650975227355957,train,compression_only
green1-4.xls,green,sirloin tender steak,1,0,0.0,4,shear,shear,42,0.079707,286.218,-0.6745,False,1.3072704076766968,train,compression_only
green1-5.xls,green,sirloin tender steak,1,0,0.0,5,shear,shear,42,0.08423870000000001,369.379,0.6621717781908303,False,1.3830180168151855,test,compression_only
green1-1.xls,green,sirloin tender steak,1,0,0.0,1,shear,shear,43,0.08502119999999999,402.474,1.1941176722905342,False,1.3961213827133179,train,compression_only
green1-2.xls,green,sirloin tender steak,1,0,0.0,2,shear,shear,43,0.0851571,255.621,-1.1662947883900487,False,1.3983978033065796,train,compression_only
green1-3.xls,green,sirloin tender steak,1,0,0.0,3,shear,shear,43,0.0831677,328.182,0.0,False,1.3650953769683838,train,compression_only
green1-4.xls,green,sirloin tender steak,1,0,0.0,4,shear,shear,43,0.079707,286.218,-0.6745,False,1.3072704076766968,train,compression_only
green1-5.xls,green,sirloin tender steak,1,0,0.0,5,shear,shear,43,0.084238,369.379,0.6621717781908303,False,1.3830065727233887,test,compression_only
green1-1.xls,green,sirloin tender steak,1,0,0.0,1,shear,shear,44,0.08502119999999999,402.474,1.2163495885622735,False,1.3961213827133179,train,compression_only
green1-2.xls,green,sirloin tender steak,1,0,0.0,2,shear,shear,44,0.0851571,255.621,-1.1880087020899581,False,1.3983978033065796,train,compression_only
green1-3.xls,green,sirloin tender steak,1,0,0.0,3,shear,shear,44,0.0831677,328.182,0.0,False,1.3650953769683838,train,compression_only
green1-4.xls,green,sirloin tender steak,1,0,0.0,4,shear,shear,44,0.08809240000000002,296.695,-0.5155225259120813,False,1.4476186037063599,train,compression_only
green1-5.xls,green,sirloin tender steak,1,0,0.0,5,shear,shear,44,0.084238,369.379,0.6745,False,1.3830065727233887,test,compression_only
green1-1.xls,green,sirloin tender steak,1,0,0.0,1,shear,shear,45,0.08502119999999999,402.474,1.2163495885622735,False,1.3961213827133179,train,compression_only
green1-2.xls,green,sirloin tender steak,1,0,0.0,2,shear,shear,45,0.0851571,255.621,-1.1880087020899581,False,1.3983978033065796,train,compression_only
green1-3.xls,green,sirloin tender steak,1,0,0.0,3,shear,shear,45,0.0831677,328.182,0.0,False,1.3650953769683838,train,compression_only
green1-4.xls,green,sirloin tender steak,1,0,0.0,4,shear,shear,45,0.08809240000000002,296.695,-0.5155225259120813,False,1.4476186037063599,train,compression_only
green1-5.xls,green,sirloin tender steak,1,0,0.0,5,shear,shear,45,0.084238,369.379,0.6745,False,1.3830065727233887,test,compression_only
green1-1.xls,green,sirloin tender steak,1,0,0.0,1,shear,shear,46,0.08502119999999999,402.474,0.8558819201647331,False,1.3961213827133179,train,compression_only
green1-2.xls,green,sirloin tender steak,1,0,0.0,2,shear,shear,46,0.0851571,255.621,-1.2687475064884923,False,1.3983978033065796,train,compression_only
green1-3.xls,green,sirloin tender steak,1,0,0.0,3,shear,shear,46,0.0912438,343.316,0.0,False,1.5005781650543213,train,compression_only
green1-4.xls,green,sirloin tender steak,1,0,0.0,4,shear,shear,46,0.08809240000000002,296.695,-0.6745,False,1.4476186037063599,train,compression_only
green1-5.xls,green,sirloin tender steak,1,0,0.0,5,shear,shear,46,0.0923375,379.33,0.5210407970657003,False,1.5189870595932007,test,compression_only
green1-1.xls,green,sirloin tender steak,1,0,0.0,1,shear,shear,47,0.0941129,423.693,1.162872664679008,False,1.5489013195037842,train,compression_only
green1-2.xls,green,sirloin tender steak,1,0,0.0,2,shear,shear,47,0.09328189999999999,261.502,-1.1836627914459148,False,1.534894585609436,train,compression_only
green1-3.xls,green,sirloin tender steak,1,0,0.0,3,shear,shear,47,0.0912441,343.316,0.0,False,1.500583529472351,train,compression_only
green1-4.xls,green,sirloin tender steak,1,0,0.0,4,shear,shear,47,0.08809240000000002,296.695,-0.6745,False,1.4476186037063599,train,compression_only
green1-5.xls,green,sirloin tender steak,1,0,0.0,5,shear,shear,47,0.0923375,379.33,0.5210407970657003,False,1.5189870595932007,test,compression_only
green1-1.xls,green,sirloin tender steak,1,0,0.0,1,shear,shear,48,0.0941129,423.693,1.4461770833333336,False,1.5489013195037842,train,compression_only
green1-2.xls,green,sirloin tender steak,1,0,0.0,2,shear,shear,48,0.09328189999999999,261.502,-1.4720321969696963,False,1.534894585609436,train,compression_only
green1-3.xls,green,sirloin tender steak,1,0,0.0,3,shear,shear,48,0.0912441,343.316,0.0,False,1.500583529472351,train,compression_only
green1-4.xls,green,sirloin tender steak,1,0,0.0,4,shear,shear,48,0.0964791,305.828,-0.6745,False,1.5888335704803467,train,compression_only
green1-5.xls,green,sirloin tender steak,1,0,0.0,5,shear,shear,48,0.0923375,379.33,0.6479791666666668,False,1.5189870595932007,test,compression_only
green1-1.xls,green,sirloin tender steak,1,0,0.0,1,shear,shear,49,0.0941129,423.693,1.4461770833333336,False,1.5489013195037842,train,compression_only
green1-2.xls,green,sirloin tender steak,1,0,0.0,2,shear,shear,49,0.09328189999999999,261.502,-1.4720321969696963,False,1.534894585609436,train,compression_only
green1-3.xls,green,sirloin tender steak,1,0,0.0,3,shear,shear,49,0.0912439,343.316,0.0,False,1.5005797147750854,train,compression_only
green1-4.xls,green,sirloin tender steak,1,0,0.0,4,shear,shear,49,0.0964791,305.828,-0.6745,False,1.5888335704803467,train,compression_only
green1-5.xls,green,sirloin tender steak,1,0,0.0,5,shear,shear,49,0.0923383,379.33,0.6479791666666668,False,1.5190002918243408,test,compression_only
green1-1.xls,green,sirloin tender steak,1,0,0.0,1,shear,shear,50,0.0941129,423.693,0.8648839071334521,False,1.5489013195037842,train,compression_only
green1-2.xls,green,sirloin tender steak,1,0,0.0,2,shear,shear,50,0.09328189999999999,261.502,-1.2534227596623029,False,1.534894585609436,train,compression_only
green1-3.xls,green,sirloin tender steak,1,0,0.0,3,shear,shear,50,0.0992403,357.472,0.0,False,1.6355255842208862,train,compression_only
green1-4.xls,green,sirloin tender steak,1,0,0.0,4,shear,shear,50,0.0964791,305.828,-0.6745,False,1.5888335704803467,train,compression_only
green1-5.xls,green,sirloin tender steak,1,0,0.0,5,shear,shear,50,0.10037800000000001,389.274,0.4153521996746962,False,1.6547942161560059,test,compression_only
green1-1.xls,green,sirloin tender steak,1,0,0.0,1,shear,shear,51,0.0941129,423.693,0.8648839071334521,False,1.5489013195037842,train,compression_only
green1-2.xls,green,sirloin tender steak,1,0,0.0,2,shear,shear,51,0.10133900000000001,263.711,-1.2245719638292922,False,1.671083688735962,train,compression_only
green1-3.xls,green,sirloin tender steak,1,0,0.0,3,shear,shear,51,0.0992403,357.472,0.0,False,1.6355255842208862,train,compression_only
green1-4.xls,green,sirloin tender steak,1,0,0.0,4,shear,shear,51,0.0964791,305.828,-0.6745,False,1.5888335704803467,train,compression_only
green1-5.xls,green,sirloin tender steak,1,0,0.0,5,shear,shear,51,0.100377,389.274,0.4153521996746962,False,1.6547772884368896,test,compression_only
green1-1.xls,green,sirloin tender steak,1,0,0.0,1,shear,shear,52,0.1032,443.211,1.1198000832623347,False,1.7026649713516235,train,compression_only
green1-2.xls,green,sirloin tender steak,1,0,0.0,2,shear,shear,52,0.10133900000000001,263.711,-1.2245719638292922,False,1.671083688735962,train,compression_only
green1-3.xls,green,sirloin tender steak,1,0,0.0,3,shear,shear,52,0.0992403,357.472,0.0,False,1.6355255842208862,train,compression_only
green1-4.xls,green,sirloin tender steak,1,0,0.0,4,shear,shear,52,0.0964791,305.828,-0.6745,False,1.5888335704803467,train,compression_only
green1-5.xls,green,sirloin tender steak,1,0,0.0,5,shear,shear,52,0.100377,389.274,0.4153521996746962,False,1.6547772884368896,test,compression_only
green1-1.xls,green,sirloin tender steak,1,0,0.0,1,shear,shear,53,0.1032,443.211,1.3448433910050714,False,1.7026649713516235,train,compression_only
green1-2.xls,green,sirloin tender steak,1,0,0.0,2,shear,shear,53,0.10133900000000001,263.711,-1.4706710036742487,False,1.671083688735962,train,compression_only
green1-3.xls,green,sirloin tender steak,1,0,0.0,3,shear,shear,53,0.09924039999999999,357.472,0.0,False,1.6355271339416504,train,compression_only
green1-4.xls,green,sirloin tender steak,1,0,0.0,4,shear,shear,53,0.104901,314.47,-0.6745,False,1.7315740585327148,train,compression_only
green1-5.xls,green,sirloin tender steak,1,0,0.0,5,shear,shear,53,0.100377,389.274,0.49882445002558107,False,1.6547772884368896,test,compression_only
green1-1.xls,green,sirloin tender steak,1,0,0.0,1,shear,shear,54,0.1032,443.211,0.8581580034241137,False,1.7026649713516235,train,compression_only
green1-2.xls,green,sirloin tender steak,1,0,0.0,2,shear,shear,54,0.10133900000000001,263.711,-1.2787844749986765,False,1.671083688735962,train,compression_only
green1-3.xls,green,sirloin tender steak,1,0,0.0,3,shear,shear,54,0.107264,371.127,0.0,False,1.7718027830123901,train,compression_only
green1-4.xls,green,sirloin tender steak,1,0,0.0,4,shear,shear,54,0.104901,314.47,-0.6745,False,1.7315740585327148,train,compression_only
green1-5.xls,green,sirloin tender steak,1,0,0.0,5,shear,shear,54,0.108445,398.516,0.3260652787828514,False,1.7919390201568604,test,compression_only
green1-1.xls,green,sirloin tender steak,1,0,0.0,1,shear,shear,55,0.1032,443.211,0.8581580034241137,False,1.7026649713516235,train,compression_only
green1-2.xls,green,sirloin tender steak,1,0,0.0,2,shear,shear,55,0.109467,266.118,-1.2501292073353696,False,1.8093810081481934,train,compression_only
green1-3.xls,green,sirloin tender steak,1,0,0.0,3,shear,shear,55,0.107264,371.127,0.0,False,1.7718027830123901,train,compression_only
green1-4.xls,green,sirloin tender steak,1,0,0.0,4,shear,shear,55,0.104901,314.47,-0.6745,False,1.7315740585327148,train,compression_only
green1-5.xls,green,sirloin tender steak,1,0,0.0,5,shear,shear,55,0.108445,398.516,0.3260652787828514,False,1.7919390201568604,test,compression_only
green1-1.xls,green,sirloin tender steak,1,0,0.0,1,shear,shear,56,0.11232400000000001,461.088,1.0709831883085943,False,1.858223795890808,train,compression_only
green1-2.xls,green,sirloin tender steak,1,0,0.0,2,shear,shear,56,0.109467,266.118,-1.2501292073353696,False,1.8093810081481934,train,compression_only
green1-3.xls,green,sirloin tender steak,1,0,0.0,3,shear,shear,56,0.107264,371.127,0.0,False,1.7718027830123901,train,compression_only
green1-4.xls,green,sirloin tender steak,1,0,0.0,4,shear,shear,56,0.104901,314.47,-0.6745,False,1.7315740585327148,train,compression_only
green1-5.xls,green,sirloin tender steak,1,0,0.0,5,shear,shear,56,0.108445,398.516,0.3260652787828514,False,1.7919390201568604,test,compression_only
green1-1.xls,green,sirloin tender steak,1,0,0.0,1,shear,shear,57,0.11232400000000001,461.088,1.2364985735536846,False,1.858223795890808,train,compression_only
green1-2.xls,green,sirloin tender steak,1,0,0.0,2,shear,shear,57,0.109467,266.118,-1.4433307623336653,False,1.8093810081481934,train,compression_only
green1-3.xls,green,sirloin tender steak,1,0,0.0,3,shear,shear,57,0.107264,371.127,0.0,False,1.7718027830123901,train,compression_only
green1-4.xls,green,sirloin tender steak,1,0,0.0,4,shear,shear,57,0.11330299999999999,322.054,-0.6745,False,1.8749892711639404,train,compression_only
green1-5.xls,green,sirloin tender steak,1,0,0.0,5,shear,shear,57,0.108445,398.516,0.37645712509934165,False,1.7919390201568604,test,compression_only
green1-1.xls,green,sirloin tender steak,1,0,0.0,1,shear,shear,58,0.11232400000000001,461.088,0.8443758543616988,False,1.858223795890808,train,compression_only
green1-2.xls,green,sirloin tender steak,1,0,0.0,2,shear,shear,58,0.109467,266.118,-1.2855723980434708,False,1.8093810081481934,train,compression_only
green1-3.xls,green,sirloin tender steak,1,0,0.0,3,shear,shear,58,0.115259,383.796,0.0,False,1.9085302352905273,train,compression_only
green1-4.xls,green,sirloin tender steak,1,0,0.0,4,shear,shear,58,0.11330299999999999,322.054,-0.6745,False,1.8749892711639404,train,compression_only
green1-5.xls,green,sirloin tender steak,1,0,0.0,5,shear,shear,58,0.11655900000000001,405.767,0.240022019047002,False,1.930855631828308,test,compression_only
green1-1.xls,green,sirloin tender steak,1,0,0.0,1,shear,shear,59,0.11232400000000001,461.088,0.8443758543616988,False,1.858223795890808,train,compression_only
green1-2.xls,green,sirloin tender steak,1,0,0.0,2,shear,shear,59,0.117508,266.676,-1.2794765313724852,False,1.9471696615219116,train,compression_only
green1-3.xls,green,sirloin tender steak,1,0,0.0,3,shear,shear,59,0.115259,383.796,0.0,False,1.9085302352905273,train,compression_only
green1-4.xls,green,sirloin tender steak,1,0,0.0,4,shear,shear,59,0.11330399999999999,322.054,-0.6745,False,1.8750064373016357,train,compression_only
green1-5.xls,green,sirloin tender steak,1,0,0.0,5,shear,shear,59,0.11655900000000001,405.767,0.240022019047002,False,1.930855631828308,test,compression_only
green1-1.xls,green,sirloin tender steak,1,0,0.0,1,shear,shear,60,0.11232400000000001,461.088,0.8443758543616988,False,1.858223795890808,train,compression_only
green1-2.xls,green,sirloin tender steak,1,0,0.0,2,shear,shear,60,0.117508,266.676,-1.2794765313724852,False,1.9471696615219116,train,compression_only
green1-3.xls,green,sirloin tender steak,1,0,0.0,3,shear,shear,60,0.115259,383.796,0.0,False,1.9085302352905273,train,compression_only
green1-4.xls,green,sirloin tender steak,1,0,0.0,4,shear,shear,60,0.11330399999999999,322.054,-0.6745,False,1.8750064373016357,train,compression_only
green1-5.xls,green,sirloin tender steak,1,0,0.0,5,shear,shear,60,0.11655900000000001,405.767,0.240022019047002,False,1.930855631828308,test,compression_only
green1-1.xls,green,sirloin tender steak,1,0,0.0,1,shear,shear,61,0.121372,478.355,1.162427015746884,False,2.013747215270996,train,compression_only
green1-2.xls,green,sirloin tender steak,1,0,0.0,2,shear,shear,61,0.117508,266.676,-1.4397725450171321,False,1.9471696615219116,train,compression_only
green1-3.xls,green,sirloin tender steak,1,0,0.0,3,shear,shear,61,0.115259,383.796,0.0,False,1.9085302352905273,train,compression_only
green1-4.xls,green,sirloin tender steak,1,0,0.0,4,shear,shear,61,0.121695,328.928,-0.6745,False,2.0193233489990234,train,compression_only
green1-5.xls,green,sirloin tender steak,1,0,0.0,5,shear,shear,61,0.11655900000000001,405.767,0.2700925767296056,False,1.930855631828308,test,compression_only
green1-1.xls,green,sirloin tender steak,1,0,0.0,1,shear,shear,62,0.121372,478.355,0.8417095180070409,False,2.013747215270996,train,compression_only
green1-2.xls,green,sirloin tender steak,1,0,0.0,2,shear,shear,62,0.117508,266.676,-1.3061601077112859,False,1.9471696615219116,train,compression_only
green1-3.xls,green,sirloin tender steak,1,0,0.0,3,shear,shear,62,0.123292,395.402,0.0,False,2.0469205379486084,train,compression_only
green1-4.xls,green,sirloin tender steak,1,0,0.0,4,shear,shear,62,0.121695,328.928,-0.6745,False,2.0193233489990234,train,compression_only
green1-5.xls,green,sirloin tender steak,1,0,0.0,5,shear,shear,62,0.124607,413.418,0.1828051869904025,False,2.0696768760681152,test,compression_only
green1-1.xls,green,sirloin tender steak,1,0,0.0,1,shear,shear,63,0.121372,478.355,0.8417095180070409,False,2.013747215270996,train,compression_only
green1-2.xls,green,sirloin tender steak,1,0,0.0,2,shear,shear,63,0.125593,268.782,-1.28479089568854,False,2.086758613586426,train,compression_only
green1-3.xls,green,sirloin tender steak,1,0,0.0,3,shear,shear,63,0.123292,395.402,0.0,False,2.0469205379486084,train,compression_only
green1-4.xls,green,sirloin tender steak,1,0,0.0,4,shear,shear,63,0.121694,328.928,-0.6745,False,2.019306182861328,train,compression_only
green1-5.xls,green,sirloin tender steak,1,0,0.0,5,shear,shear,63,0.124607,413.418,0.1828051869904025,False,2.0696768760681152,test,compression_only
green1-1.xls,green,sirloin tender steak,1,0,0.0,1,shear,shear,64,0.121372,478.355,0.8417095180070409,False,2.013747215270996,train,compression_only
green1-2.xls,green,sirloin tender steak,1,0,0.0,2,shear,shear,64,0.125593,268.782,-1.28479089568854,False,2.086758613586426,train,compression_only
green1-3.xls,green,sirloin tender steak,1,0,0.0,3,shear,shear,64,0.123292,395.402,0.0,False,2.0469205379486084,train,compression_only
green1-4.xls,green,sirloin tender steak,1,0,0.0,4,shear,shear,64,0.121694,328.928,-0.6745,False,2.019306182861328,train,compression_only
green1-5.xls,green,sirloin tender steak,1,0,0.0,5,shear,shear,64,0.124607,413.418,0.1828051869904025,False,2.0696768760681152,test,compression_only
green1-1.xls,green,sirloin tender steak,1,0,0.0,1,shear,shear,65,0.130437,494.605,1.117703262285772,False,2.1709234714508057,train,compression_only
green1-2.xls,green,sirloin tender steak,1,0,0.0,2,shear,shear,65,0.125593,268.782,-1.4266059198877497,False,2.086758613586426,train,compression_only
green1-3.xls,green,sirloin tender steak,1,0,0.0,3,shear,shear,65,0.123292,395.402,0.0,False,2.0469205379486084,train,compression_only
green1-4.xls,green,sirloin tender steak,1,0,0.0,4,shear,shear,65,0.130079,335.536,-0.6745,False,2.164689064025879,train,compression_only
green1-5.xls,green,sirloin tender steak,1,0,0.0,5,shear,shear,65,0.124607,413.418,0.20298319580396246,False,2.0696768760681152,test,compression_only
green1-1.xls,green,sirloin tender steak,1,0,0.0,1,shear,shear,66,0.130437,494.605,0.8437334616309844,False,2.1709234714508057,train,compression_only
green1-2.xls,green,sirloin tender steak,1,0,0.0,2,shear,shear,66,0.125593,268.782,-1.3116332974854605,False,2.086758613586426,train,compression_only
green1-3.xls,green,sirloin tender steak,1,0,0.0,3,shear,shear,66,0.131415,406.205,0.0,False,2.1879663467407227,train,compression_only
green1-4.xls,green,sirloin tender steak,1,0,0.0,4,shear,shear,66,0.130079,335.536,-0.6745,False,2.164689064025879,train,compression_only
green1-5.xls,green,sirloin tender steak,1,0,0.0,5,shear,shear,66,0.13273400000000002,420.09,0.13252532935233266,False,2.2109792232513428,test,compression_only
green1-1.xls,green,sirloin tender steak,1,0,0.0,1,shear,shear,67,0.130437,494.605,0.8437334616309844,False,2.1709234714508057,train,compression_only
green1-2.xls,green,sirloin tender steak,1,0,0.0,2,shear,shear,67,0.133682,270.764,-1.2927161060719694,False,2.227538585662842,train,compression_only
green1-3.xls,green,sirloin tender steak,1,0,0.0,3,shear,shear,67,0.131415,406.205,0.0,False,2.1879663467407227,train,compression_only
green1-4.xls,green,sirloin tender steak,1,0,0.0,4,shear,shear,67,0.130079,335.536,-0.6745,False,2.164689064025879,train,compression_only
green1-5.xls,green,sirloin tender steak,1,0,0.0,5,shear,shear,67,0.13273400000000002,420.09,0.13252532935233266,False,2.2109792232513428,test,compression_only
green1-1.xls,green,sirloin tender steak,1,0,0.0,1,shear,shear,68,0.130437,494.605,0.8437334616309844,False,2.1709234714508057,train,compression_only
green1-2.xls,green,sirloin tender steak,1,0,0.0,2,shear,shear,68,0.133682,270.764,-1.2927161060719694,False,2.227538585662842,train,compression_only
green1-3.xls,green,sirloin tender steak,1,0,0.0,3,shear,shear,68,0.131415,406.205,0.0,False,2.1879663467407227,train,compression_only
green1-4.xls,green,sirloin tender steak,1,0,0.0,4,shear,shear,68,0.130079,335.536,-0.6745,False,2.164689064025879,train,compression_only
green1-5.xls,green,sirloin tender steak,1,0,0.0,5,shear,shear,68,0.13273400000000002,420.09,0.13252532935233266,False,2.2109792232513428,test,compression_only
green1-1.xls,green,sirloin tender steak,1,0,0.0,1,shear,shear,69,0.130437,494.605,0.9377337422348044,False,2.1709234714508057,train,compression_only
green1-2.xls,green,sirloin tender steak,1,0,0.0,2,shear,shear,69,0.133681,270.764,-1.436737508846426,False,2.2275209426879883,train,compression_only
green1-3.xls,green,sirloin tender steak,1,0,0.0,3,shear,shear,69,0.131415,406.205,0.0,False,2.1879663467407227,train,compression_only
green1-4.xls,green,sirloin tender steak,1,0,0.0,4,shear,shear,69,0.138464,342.62,-0.6745,False,2.3113203048706055,train,compression_only
green1-5.xls,green,sirloin tender steak,1,0,0.0,5,shear,shear,69,0.13273400000000002,420.09,0.14728996618699375,False,2.2109792232513428,test,compression_only
green1-1.xls,green,sirloin tender steak,1,0,0.0,1,shear,shear,70,0.139538,509.764,0.8797437961839638,False,2.3301968574523926,train,compression_only
green1-2.xls,green,sirloin tender steak,1,0,0.0,2,shear,shear,70,0.133681,270.764,-1.3426767949707732,False,2.2275209426879883,train,compression_only
green1-3.xls,green,sirloin tender steak,1,0,0.0,3,shear,shear,70,0.13936,415.156,0.0,False,2.32706618309021,train,compression_only
green1-4.xls,green,sirloin tender steak,1,0,0.0,4,shear,shear,70,0.138464,342.62,-0.6745,False,2.3113203048706055,train,compression_only
green1-5.xls,green,sirloin tender steak,1,0,0.0,5,shear,shear,70,0.140792,424.792,0.08960353479651453,False,2.3522634506225586,test,compression_only
green1-1.xls,green,sirloin tender steak,1,0,0.0,1,shear,shear,71,0.139538,509.764,0.8797437961839638,False,2.3301968574523926,train,compression_only
green1-2.xls,green,sirloin tender steak,1,0,0.0,2,shear,shear,71,0.141763,271.723,-1.333759216113378,False,2.3693716526031494,train,compression_only
green1-3.xls,green,sirloin tender steak,1,0,0.0,3,shear,shear,71,0.13936,415.156,0.0,False,2.32706618309021,train,compression_only
green1-4.xls,green,sirloin tender steak,1,0,0.0,4,shear,shear,71,0.138464,342.62,-0.6745,False,2.3113203048706055,train,compression_only
green1-5.xls,green,sirloin tender steak,1,0,0.0,5,shear,shear,71,0.140792,424.792,0.08960353479651453,False,2.3522634506225586,test,compression_only
green1-1.xls,green,sirloin tender steak,1,0,0.0,1,shear,shear,72,0.139538,509.764,0.8797437961839638,False,2.3301968574523926,train,compression_only
green1-2.xls,green,sirloin tender steak,1,0,0.0,2,shear,shear,72,0.141763,271.723,-1.333759216113378,False,2.3693716526031494,train,compression_only
green1-3.xls,green,sirloin tender steak,1,0,0.0,3,shear,shear,72,0.13936,415.156,0.0,False,2.32706618309021,train,compression_only
green1-4.xls,green,sirloin tender steak,1,0,0.0,4,shear,shear,72,0.138464,342.62,-0.6745,False,2.3113203048706055,train,compression_only
green1-5.xls,green,sirloin tender steak,1,0,0.0,5,shear,shear,72,0.140792,424.792,0.08960353479651453,False,2.3522634506225586,test,compression_only
green1-1.xls,green,sirloin tender steak,1,0,0.0,1,shear,shear,73,0.139538,509.764,0.8797437961839638,False,2.3301968574523926,train,compression_only
green1-2.xls,green,sirloin tender steak,1,0,0.0,2,shear,shear,73,0.141763,271.723,-1.333759216113378,False,2.3693716526031494,train,compression_only
green1-3.xls,green,sirloin tender steak,1,0,0.0,3,shear,shear,73,0.13936,415.156,0.0,False,2.32706618309021,train,compression_only
green1-4.xls,green,sirloin tender steak,1,0,0.0,4,shear,shear,73,0.138464,342.62,-0.6745,False,2.3113203048706055,train,compression_only
green1-5.xls,green,sirloin tender steak,1,0,0.0,5,shear,shear,73,0.140792,424.792,0.08960353479651453,False,2.3522634506225586,test,compression_only
green1-1.xls,green,sirloin tender steak,1,0,0.0,1,shear,shear,74,0.14860900000000002,524.475,0.9003196410767697,False,2.4905152320861816,train,compression_only
green1-2.xls,green,sirloin tender steak,1,0,0.0,2,shear,shear,74,0.141763,271.723,-1.3659644931871047,False,2.3693716526031494,train,compression_only
green1-3.xls,green,sirloin tender steak,1,0,0.0,3,shear,shear,74,0.147369,424.065,0.0,False,2.46850323677063,train,compression_only
green1-4.xls,green,sirloin tender steak,1,0,0.0,4,shear,shear,74,0.146871,348.84,-0.6745,False,2.459672212600708,train,compression_only
green1-5.xls,green,sirloin tender steak,1,0,0.0,5,shear,shear,74,0.140792,424.792,0.006518597540710977,False,2.3522634506225586,test,compression_only
green1-1.xls,green,sirloin tender steak,1,0,0.0,1,shear,shear,75,0.14860900000000002,524.475,0.9003196410767697,False,2.4905152320861816,train,compression_only
green1-2.xls,green,sirloin tender steak,1,0,0.0,2,shear,shear,75,0.149918,272.736,-1.3568814955134592,False,2.5137858390808105,train,compression_only
green1-3.xls,green,sirloin tender steak,1,0,0.0,3,shear,shear,75,0.147369,424.065,0.0,False,2.46850323677063,train,compression_only
green1-4.xls,green,sirloin tender steak,1,0,0.0,4,shear,shear,75,0.146871,348.84,-0.6745,False,2.459672212600708,train,compression_only
green1-5.xls,green,sirloin tender steak,1,0,0.0,5,shear,shear,75,0.148888,430.441,0.057169983383183555,False,2.4954724311828613,test,compression_only
green1-1.xls,green,sirloin tender steak,1,0,0.0,1,shear,shear,76,0.14860900000000002,524.475,0.9003196410767697,False,2.4905152320861816,train,compression_only
green1-2.xls,green,sirloin tender steak,1,0,0.0,2,shear,shear,76,0.149918,272.736,-1.3568814955134592,False,2.5137858390808105,train,compression_only
green1-3.xls,green,sirloin tender steak,1,0,0.0,3,shear,shear,76,0.147369,424.065,0.0,False,2.46850323677063,train,compression_only
green1-4.xls,green,sirloin tender steak,1,0,0.0,4,shear,shear,76,0.146871,348.84,-0.6745,False,2.459672212600708,train,compression_only
green1-5.xls,green,sirloin tender steak,1,0,0.0,5,shear,shear,76,0.148888,430.441,0.057169983383183555,False,2.4954724311828613,test,compression_only
green1-1.xls,green,sirloin tender steak,1,0,0.0,1,shear,shear,77,0.14860900000000002,524.475,0.9003196410767697,False,2.4905152320861816,train,compression_only
green1-2.xls,green,sirloin tender steak,1,0,0.0,2,shear,shear,77,0.149918,272.736,-1.3568814955134592,False,2.5137858390808105,train,compression_only
green1-3.xls,green,sirloin tender steak,1,0,0.0,3,shear,shear,77,0.147369,424.065,0.0,False,2.46850323677063,train,compression_only
green1-4.xls,green,sirloin tender steak,1,0,0.0,4,shear,shear,77,0.146871,348.84,-0.6745,False,2.459672212600708,train,compression_only
green1-5.xls,green,sirloin tender steak,1,0,0.0,5,shear,shear,77,0.148888,430.441,0.057169983383183555,False,2.4954724311828613,test,compression_only
green1-1.xls,green,sirloin tender steak,1,0,0.0,1,shear,shear,78,0.14860900000000002,524.475,0.8240023514738943,False,2.4905152320861816,train,compression_only
green1-2.xls,green,sirloin tender steak,1,0,0.0,2,shear,shear,78,0.149918,272.736,-1.381939413820431,False,2.5137858390808105,train,compression_only
green1-3.xls,green,sirloin tender steak,1,0,0.0,3,shear,shear,78,0.15539,432.872,0.021302398243540306,False,2.6114463806152344,train,compression_only
green1-4.xls,green,sirloin tender steak,1,0,0.0,4,shear,shear,78,0.155243,353.468,-0.6745,False,2.608814239501953,train,compression_only
green1-5.xls,green,sirloin tender steak,1,0,0.0,5,shear,shear,78,0.148888,430.441,0.0,False,2.4954724311828613,test,compression_only
green1-1.xls,green,sirloin tender steak,1,0,0.0,1,shear,shear,79,0.15771000000000002,538.005,0.8930558725001259,False,2.653042793273926,train,compression_only
green1-2.xls,green,sirloin tender steak,1,0,0.0,2,shear,shear,79,0.15789899999999998,273.557,-1.3533067288801572,False,2.6564366817474365,train,compression_only
green1-3.xls,green,sirloin tender steak,1,0,0.0,3,shear,shear,79,0.155389,432.872,0.0,False,2.61142897605896,train,compression_only
green1-4.xls,green,sirloin tender steak,1,0,0.0,4,shear,shear,79,0.155243,353.468,-0.6745,False,2.608814239501953,train,compression_only
green1-5.xls,green,sirloin tender steak,1,0,0.0,5,shear,shear,79,0.156935,433.975,0.009369471311269027,False,2.6391348838806152,test,compression_only
green1-1.xls,green,sirloin tender steak,1,0,0.0,1,shear,shear,80,0.15771000000000002,538.005,0.8930558725001259,False,2.653042793273926,train,compression_only
green1-2.xls,green,sirloin tender steak,1,0,0.0,2,shear,shear,80,0.15789899999999998,273.557,-1.3533067288801572,False,2.6564366817474365,train,compression_only
green1-3.xls,green,sirloin tender steak,1,0,0.0,3,shear,shear,80,0.155389,432.872,0.0,False,2.61142897605896,train,compression_only
green1-4.xls,green,sirloin tender steak,1,0,0.0,4,shear,shear,80,0.155243,353.468,-0.6745,False,2.608814239501953,train,compression_only
green1-5.xls,green,sirloin tender steak,1,0,0.0,5,shear,shear,80,0.156935,433.975,0.009369471311269027,False,2.6391348838806152,test,compression_only
green1-1.xls,green,sirloin tender steak,1,0,0.0,1,shear,shear,81,0.15771000000000002,538.005,0.8930558725001259,False,2.653042793273926,train,compression_only
green1-2.xls,green,sirloin tender steak,1,0,0.0,2,shear,shear,81,0.15789899999999998,273.557,-1.3533067288801572,False,2.6564366817474365,train,compression_only
green1-3.xls,green,sirloin tender steak,1,0,0.0,3,shear,shear,81,0.15539,432.872,0.0,False,2.6114463806152344,train,compression_only
green1-4.xls,green,sirloin tender steak,1,0,0.0,4,shear,shear,81,0.155243,353.468,-0.6745,False,2.608814239501953,train,compression_only
green1-5.xls,green,sirloin tender steak,1,0,0.0,5,shear,shear,81,0.156935,433.975,0.009369471311269027,False,2.6391348838806152,test,compression_only
green1-1.xls,green,sirloin tender steak,1,0,0.0,1,shear,shear,82,0.15771000000000002,538.005,0.9434638242372896,False,2.653042793273926,train,compression_only
green1-2.xls,green,sirloin tender steak,1,0,0.0,2,shear,shear,82,0.15789899999999998,273.557,-1.4548551356002841,False,2.6564366817474365,train,compression_only
green1-3.xls,green,sirloin tender steak,1,0,0.0,3,shear,shear,82,0.163396,440.672,0.06073610718943701,False,2.755484104156494,train,compression_only
green1-4.xls,green,sirloin tender steak,1,0,0.0,4,shear,shear,82,0.16362100000000002,359.602,-0.6745,False,2.759551763534546,train,compression_only
green1-5.xls,green,sirloin tender steak,1,0,0.0,5,shear,shear,82,0.156935,433.975,0.0,False,2.6391348838806152,test,compression_only
green1-1.xls,green,sirloin tender steak,1,0,0.0,1,shear,shear,83,0.166813,551.61,0.9545080249553473,False,2.8173909187316895,train,compression_only
green1-2.xls,green,sirloin tender steak,1,0,0.0,2,shear,shear,83,0.166009,269.965,-1.4349859814847425,False,2.8028013706207275,train,compression_only
green1-3.xls,green,sirloin tender steak,1,0,0.0,3,shear,shear,83,0.163395,440.672,0.013303011245000466,False,2.755465269088745,train,compression_only
green1-4.xls,green,sirloin tender steak,1,0,0.0,4,shear,shear,83,0.16362100000000002,359.602,-0.6745,False,2.759551763534546,train,compression_only
green1-5.xls,green,sirloin tender steak,1,0,0.0,5,shear,shear,83,0.165059,439.104,0.0,False,2.785580635070801,test,compression_only
green1-1.xls,green,sirloin tender steak,1,0,0.0,1,shear,shear,84,0.166813,551.61,0.9545080249553473,False,2.8173909187316895,train,compression_only
green1-2.xls,green,sirloin tender steak,1,0,0.0,2,shear,shear,84,0.166009,269.965,-1.4349859814847425,False,2.8028013706207275,train,compression_only
green1-3.xls,green,sirloin tender steak,1,0,0.0,3,shear,shear,84,0.163395,440.672,0.013303011245000466,False,2.755465269088745,train,compression_only
green1-4.xls,green,sirloin tender steak,1,0,0.0,4,shear,shear,84,0.16362100000000002,359.602,-0.6745,False,2.759551763534546,train,compression_only
green1-5.xls,green,sirloin tender steak,1,0,0.0,5,shear,shear,84,0.165059,439.104,0.0,False,2.785580635070801,test,compression_only
green1-1.xls,green,sirloin tender steak,1,0,0.0,1,shear,shear,85,0.166813,551.61,0.9545080249553473,False,2.8173909187316895,train,compression_only
green1-2.xls,green,sirloin tender steak,1,0,0.0,2,shear,shear,85,0.166009,269.965,-1.4349859814847425,False,2.8028013706207275,train,compression_only
green1-3.xls,green,sirloin tender steak,1,0,0.0,3,shear,shear,85,0.163395,440.672,0.013303011245000466,False,2.755465269088745,train,compression_only
green1-4.xls,green,sirloin tender steak,1,0,0.0,4,shear,shear,85,0.16362100000000002,359.602,-0.6745,False,2.759551763534546,train,compression_only
green1-5.xls,green,sirloin tender steak,1,0,0.0,5,shear,shear,85,0.165057,439.104,0.0,False,2.7855441570281982,test,compression_only
green1-1.xls,green,sirloin tender steak,1,0,0.0,1,shear,shear,86,0.166813,551.61,1.0176520672129177,False,2.8173909187316895,train,compression_only
green1-2.xls,green,sirloin tender steak,1,0,0.0,2,shear,shear,86,0.166009,269.965,-1.5299153200391593,False,2.8028013706207275,train,compression_only
green1-3.xls,green,sirloin tender steak,1,0,0.0,3,shear,shear,86,0.171489,447.691,0.07767210905335992,False,2.902541160583496,train,compression_only
green1-4.xls,green,sirloin tender steak,1,0,0.0,4,shear,shear,86,0.17206700000000003,364.535,-0.6745,False,2.9131016731262207,train,compression_only
green1-5.xls,green,sirloin tender steak,1,0,0.0,5,shear,shear,86,0.165057,439.104,0.0,False,2.7855441570281982,test,compression_only
green1-1.xls,green,sirloin tender steak,1,0,0.0,1,shear,shear,87,0.166813,551.61,0.9078991108714465,False,2.8173909187316895,train,compression_only
green1-2.xls,green,sirloin tender steak,1,0,0.0,2,shear,shear,87,0.174073,262.07,-1.5412140178828964,False,2.9498143196105957,train,compression_only
green1-3.xls,green,sirloin tender steak,1,0,0.0,3,shear,shear,87,0.171489,447.691,0.02888623794534776,False,2.902541160583496,train,compression_only
green1-4.xls,green,sirloin tender steak,1,0,0.0,4,shear,shear,87,0.17206700000000003,364.535,-0.6745,False,2.9131016731262207,train,compression_only
green1-5.xls,green,sirloin tender steak,1,0,0.0,5,shear,shear,87,0.173064,444.276,0.0,False,2.9313361644744873,test,compression_only
green1-1.xls,green,sirloin tender steak,1,0,0.0,1,shear,shear,88,0.175891,564.291,1.0151630591540117,False,2.9831695556640625,train,compression_only
green1-2.xls,green,sirloin tender steak,1,0,0.0,2,shear,shear,88,0.174073,262.07,-1.5412140178828964,False,2.9498143196105957,train,compression_only
green1-3.xls,green,sirloin tender steak,1,0,0.0,3,shear,shear,88,0.171489,447.691,0.02888623794534776,False,2.902541160583496,train,compression_only
green1-4.xls,green,sirloin tender steak,1,0,0.0,4,shear,shear,88,0.17206700000000003,364.535,-0.6745,False,2.9131016731262207,train,compression_only
green1-5.xls,green,sirloin tender steak,1,0,0.0,5,shear,shear,88,0.173064,444.276,0.0,False,2.9313361644744873,test,compression_only
green1-1.xls,green,sirloin tender steak,1,0,0.0,1,shear,shear,89,0.175891,564.291,1.0151630591540117,False,2.9831695556640625,train,compression_only
green1-2.xls,green,sirloin tender steak,1,0,0.0,2,shear,shear,89,0.174073,262.07,-1.5412140178828964,False,2.9498143196105957,train,compression_only
green1-3.xls,green,sirloin tender steak,1,0,0.0,3,shear,shear,89,0.171489,447.691,0.02888623794534776,False,2.902541160583496,train,compression_only
green1-4.xls,green,sirloin tender steak,1,0,0.0,4,shear,shear,89,0.17206700000000003,364.535,-0.6745,False,2.9131016731262207,train,compression_only
green1-5.xls,green,sirloin tender steak,1,0,0.0,5,shear,shear,89,0.173064,444.276,0.0,False,2.9313361644744873,test,compression_only
green1-1.xls,green,sirloin tender steak,1,0,0.0,1,shear,shear,90,0.175891,564.291,1.0698489063635765,False,2.9831695556640625,train,compression_only
green1-2.xls,green,sirloin tender steak,1,0,0.0,2,shear,shear,90,0.174073,262.07,-1.6242377188924864,False,2.9498143196105957,train,compression_only
green1-3.xls,green,sirloin tender steak,1,0,0.0,3,shear,shear,90,0.17948,455.589,0.1008473997224607,False,3.049250602722168,train,compression_only
green1-4.xls,green,sirloin tender steak,1,0,0.0,4,shear,shear,90,0.18043299999999998,368.611,-0.6745,False,3.066850423812866,train,compression_only
green1-5.xls,green,sirloin tender steak,1,0,0.0,5,shear,shear,90,0.173064,444.276,0.0,False,2.9313361644744873,test,compression_only
green1-1.xls,green,sirloin tender steak,1,0,0.0,1,shear,shear,91,0.175891,564.291,0.9539736394033238,False,2.9831695556640625,train,compression_only
green1-2.xls,green,sirloin tender steak,1,0,0.0,2,shear,shear,91,0.18218499999999999,255.684,-1.6142927364927384,False,3.099264621734619,train,compression_only
green1-3.xls,green,sirloin tender steak,1,0,0.0,3,shear,shear,91,0.17948,455.589,0.049341885772803865,False,3.049250602722168,train,compression_only
green1-4.xls,green,sirloin tender steak,1,0,0.0,4,shear,shear,91,0.18043299999999998,368.611,-0.6745,False,3.066850423812866,train,compression_only
green1-5.xls,green,sirloin tender steak,1,0,0.0,5,shear,shear,91,0.181157,449.66,0.0,False,3.080235481262207,test,compression_only
green1-1.xls,green,sirloin tender steak,1,0,0.0,1,shear,shear,92,0.175891,564.291,0.9539736394033238,False,2.9831695556640625,train,compression_only
green1-2.xls,green,sirloin tender steak,1,0,0.0,2,shear,shear,92,0.18218499999999999,255.684,-1.6142927364927384,False,3.099264621734619,train,compression_only
green1-3.xls,green,sirloin tender steak,1,0,0.0,3,shear,shear,92,0.17948,455.589,0.049341885772803865,False,3.049250602722168,train,compression_only
green1-4.xls,green,sirloin tender steak,1,0,0.0,4,shear,shear,92,0.18043299999999998,368.611,-0.6745,False,3.066850423812866,train,compression_only
green1-5.xls,green,sirloin tender steak,1,0,0.0,5,shear,shear,92,0.181157,449.66,0.0,False,3.080235481262207,test,compression_only
green1-1.xls,green,sirloin tender steak,1,0,0.0,1,shear,shear,93,0.184974,576.516,1.0557116312354247,False,3.15102219581604,train,compression_only
green1-2.xls,green,sirloin tender steak,1,0,0.0,2,shear,shear,93,0.18218499999999999,255.684,-1.6142927364927384,False,3.099264621734619,train,compression_only
green1-3.xls,green,sirloin tender steak,1,0,0.0,3,shear,shear,93,0.17948,455.589,0.049341885772803865,False,3.049250602722168,train,compression_only
green1-4.xls,green,sirloin tender steak,1,0,0.0,4,shear,shear,93,0.18043299999999998,368.611,-0.6745,False,3.066850423812866,train,compression_only
green1-5.xls,green,sirloin tender steak,1,0,0.0,5,shear,shear,93,0.181157,449.66,0.0,False,3.080235481262207,test,compression_only
green1-1.xls,green,sirloin tender steak,1,0,0.0,1,shear,shear,94,0.184974,576.516,1.0557116312354247,False,3.15102219581604,train,compression_only
green1-2.xls,green,sirloin tender steak,1,0,0.0,2,shear,shear,94,0.18218499999999999,255.684,-1.6142927364927384,False,3.099264621734619,train,compression_only
green1-3.xls,green,sirloin tender steak,1,0,0.0,3,shear,shear,94,0.187496,462.039,0.10301959925477146,False,3.1979939937591553,train,compression_only
green1-4.xls,green,sirloin tender steak,1,0,0.0,4,shear,shear,94,0.18043299999999998,368.611,-0.6745,False,3.066850423812866,train,compression_only
green1-5.xls,green,sirloin tender steak,1,0,0.0,5,shear,shear,94,0.181157,449.66,0.0,False,3.080235481262207,test,compression_only
green1-1.xls,green,sirloin tender steak,1,0,0.0,1,shear,shear,95,0.184974,576.516,1.0722514703055932,False,3.15102219581604,train,compression_only
green1-2.xls,green,sirloin tender steak,1,0,0.0,2,shear,shear,95,0.190285,250.207,-1.747857703888783,False,3.2501282691955566,train,compression_only
green1-3.xls,green,sirloin tender steak,1,0,0.0,3,shear,shear,95,0.187496,462.039,0.08288973669037106,False,3.1979939937591553,train,compression_only
green1-4.xls,green,sirloin tender steak,1,0,0.0,4,shear,shear,95,0.18881900000000001,374.403,-0.6745,False,3.2226996421813965,train,compression_only
green1-5.xls,green,sirloin tender steak,1,0,0.0,5,shear,shear,95,0.189248,452.448,0.0,False,3.230719804763794,test,compression_only
green1-1.xls,green,sirloin tender steak,1,0,0.0,1,shear,shear,96,0.184974,576.516,1.0722514703055932,False,3.15102219581604,train,compression_only
green1-2.xls,green,sirloin tender steak,1,0,0.0,2,shear,shear,96,0.190285,250.207,-1.747857703888783,False,3.2501282691955566,train,compression_only
green1-3.xls,green,sirloin tender steak,1,0,0.0,3,shear,shear,96,0.187496,462.039,0.08288973669037106,False,3.1979939937591553,train,compression_only
green1-4.xls,green,sirloin tender steak,1,0,0.0,4,shear,shear,96,0.18881900000000001,374.403,-0.6745,False,3.2226996421813965,train,compression_only
green1-5.xls,green,sirloin tender steak,1,0,0.0,5,shear,shear,96,0.189248,452.448,0.0,False,3.230719804763794,test,compression_only
green1-1.xls,green,sirloin tender steak,1,0,0.0,1,shear,shear,97,0.194052,588.754,1.1780177717983225,False,3.3208656311035156,train,compression_only
green1-2.xls,green,sirloin tender steak,1,0,0.0,2,shear,shear,97,0.190285,250.207,-1.747857703888783,False,3.2501282691955566,train,compression_only
green1-3.xls,green,sirloin tender steak,1,0,0.0,3,shear,shear,97,0.187496,462.039,0.08288973669037106,False,3.1979939937591553,train,compression_only
green1-4.xls,green,sirloin tender steak,1,0,0.0,4,shear,shear,97,0.18881900000000001,374.403,-0.6745,False,3.2226996421813965,train,compression_only
green1-5.xls,green,sirloin tender steak,1,0,0.0,5,shear,shear,97,0.189248,452.448,0.0,False,3.230719804763794,test,compression_only
green1-1.xls,green,sirloin tender steak,1,0,0.0,1,shear,shear,98,0.194052,588.754,1.1780177717983225,False,3.3208656311035156,train,compression_only
green1-2.xls,green,sirloin tender steak,1,0,0.0,2,shear,shear,98,0.190285,250.207,-1.747857703888783,False,3.2501282691955566,train,compression_only
green1-3.xls,green,sirloin tender steak,1,0,0.0,3,shear,shear,98,0.19548200000000002,470.315,0.15441465180344696,False,3.3478176593780518,train,compression_only
green1-4.xls,green,sirloin tender steak,1,0,0.0,4,shear,shear,98,0.18881900000000001,374.403,-0.6745,False,3.2226996421813965,train,compression_only
green1-5.xls,green,sirloin tender steak,1,0,0.0,5,shear,shear,98,0.189248,452.448,0.0,False,3.230719804763794,test,compression_only
green1-1.xls,green,sirloin tender steak,1,0,0.0,1,shear,shear,99,0.194052,588.754,1.2173010665257284,False,3.3208656311035156,train,compression_only
green1-2.xls,green,sirloin tender steak,1,0,0.0,2,shear,shear,99,0.198336,247.194,-1.9047899743871204,False,3.401770830154419,train,compression_only
green1-3.xls,green,sirloin tender steak,1,0,0.0,3,shear,shear,99,0.19548200000000002,470.315,0.13468793619818148,False,3.3478176593780518,train,compression_only
green1-4.xls,green,sirloin tender steak,1,0,0.0,4,shear,shear,99,0.197222,381.789,-0.6745,False,3.3806850910186768,train,compression_only
green1-5.xls,green,sirloin tender steak,1,0,0.0,5,shear,shear,99,0.19731,455.58,0.0,False,3.3823490142822266,test,compression_only
green2-1.xls,green,sirloin tender steak,2,24,1.0,1,shear,shear,0,0.00331255,1.44806,0.0,False,0.016877537593245506,train,compression_only
green2-2.xls,green,sirloin tender steak,2,24,1.0,2,shear,shear,0,0.00079998,-3.34324,-0.6745,False,0.004075862467288971,train,compression_only
green2-3.xls,green,sirloin tender steak,2,24,1.0,3,shear,shear,0,-0.00121594,10.4867,1.272423492580302,False,-0.006195166613906622,train,compression_only
green2-4.xls,green,sirloin tender steak,2,24,1.0,4,shear,shear,0,0.0008195570000000001,-1.53608,-0.42009526224615445,False,0.004175606183707714,train,compression_only
green2-5.xls,green,sirloin tender steak,2,24,1.0,5,shear,shear,0,0.00240499,11.2209,1.3757812243023815,False,0.012253403663635254,test,compression_only
green2-1.xls,green,sirloin tender steak,2,24,1.0,1,shear,shear,1,0.00331255,1.44806,-0.6992192634560908,False,0.016877537593245506,train,compression_only
green2-2.xls,green,sirloin tender steak,2,24,1.0,2,shear,shear,1,0.0007997029999999999,-3.34324,-1.069868969274352,False,0.004074451047927141,train,compression_only
green2-3.xls,green,sirloin tender steak,2,24,1.0,3,shear,shear,1,-0.00121536,10.4867,0.0,False,-0.006192211527377367,train,compression_only
green2-4.xls,green,sirloin tender steak,2,24,1.0,4,shear,shear,1,0.00241815,19.2058,0.6745,False,0.012320457026362419,train,compression_only
green2-5.xls,green,sirloin tender steak,2,24,1.0,5,shear,shear,1,0.00240499,11.2209,0.056796905643931105,False,0.012253403663635254,test,compression_only
green2-1.xls,green,sirloin tender steak,2,24,1.0,1,shear,shear,2,0.00331255,1.44806,-0.6745,False,0.016877537593245506,train,compression_only
green2-2.xls,green,sirloin tender steak,2,24,1.0,2,shear,shear,2,0.0007997029999999999,-3.34324,-1.032046251427206,False,0.004074451047927141,train,compression_only
green2-3.xls,green,sirloin tender steak,2,24,1.0,3,shear,shear,2,-0.00121536,10.4867,0.0,False,-0.006192211527377367,train,compression_only
green2-4.xls,green,sirloin tender steak,2,24,1.0,4,shear,shear,2,0.00241814,19.2058,0.6506546283511677,False,0.01232040673494339,train,compression_only
green2-5.xls,green,sirloin tender steak,2,24,1.0,5,shear,shear,2,0.0045365299999999996,33.7246,1.7341064087075047,False,0.02311405912041664,test,compression_only
green2-1.xls,green,sirloin tender steak,2,24,1.0,1,shear,shear,3,0.00479693,26.7891,-0.6344327485380112,False,0.024440910667181015,train,compression_only
green2-2.xls,green,sirloin tender steak,2,24,1.0,2,shear,shear,3,0.00534007,30.1507,0.0,False,0.0272084828466177,train,compression_only
green2-3.xls,green,sirloin tender steak,2,24,1.0,3,shear,shear,3,0.005758330000000001,44.5188,2.7116828814460376,False,0.02933976799249649,train,compression_only
green2-4.xls,green,sirloin tender steak,2,24,1.0,4,shear,shear,3,0.00241814,19.2058,-2.0656244019138743,False,0.01232040673494339,train,compression_only
green2-5.xls,green,sirloin tender steak,2,24,1.0,5,shear,shear,3,0.0045365299999999996,33.7246,0.6745,False,0.02311405912041664,test,compression_only
green2-1.xls,green,sirloin tender steak,2,24,1.0,1,shear,shear,4,0.00479693,26.7891,-0.6344327485380112,False,0.024440910667181015,train,compression_only
green2-2.xls,green,sirloin tender steak,2,24,1.0,2,shear,shear,4,0.00534007,30.1507,0.0,False,0.0272084828466177,train,compression_only
green2-3.xls,green,sirloin tender steak,2,24,1.0,3,shear,shear,4,0.005758330000000001,44.5188,2.7116828814460376,False,0.02933976799249649,train,compression_only
green2-4.xls,green,sirloin tender steak,2,24,1.0,4,shear,shear,4,0.00241813,19.2058,-2.0656244019138743,False,0.012320355512201786,train,compression_only
green2-5.xls,green,sirloin tender steak,2,24,1.0,5,shear,shear,4,0.0045365299999999996,33.7246,0.6745,False,0.02311405912041664,test,compression_only
green2-1.xls,green,sirloin tender steak,2,24,1.0,1,shear,shear,5,0.00479691,26.7891,-0.6344327485380112,False,0.024440810084342957,train,compression_only
green2-2.xls,green,sirloin tender steak,2,24,1.0,2,shear,shear,5,0.00534006,30.1507,0.0,False,0.02720843255519867,train,compression_only
green2-3.xls,green,sirloin tender steak,2,24,1.0,3,shear,shear,5,0.005758330000000001,44.5188,2.7116828814460376,False,0.02933976799249649,train,compression_only
green2-4.xls,green,sirloin tender steak,2,24,1.0,4,shear,shear,5,0.00241813,19.2058,-2.0656244019138743,False,0.012320355512201786,train,compression_only
green2-5.xls,green,sirloin tender steak,2,24,1.0,5,shear,shear,5,0.0045365299999999996,33.7246,0.6745,False,0.02311405912041664,test,compression_only
green2-1.xls,green,sirloin tender steak,2,24,1.0,1,shear,shear,6,0.0047969,26.7891,-1.6472007047496149,False,0.024440757930278778,train,compression_only
green2-2.xls,green,sirloin tender steak,2,24,1.0,2,shear,shear,6,0.00534006,30.1507,-0.5218847089185569,False,0.02720843255519867,train,compression_only
green2-4.xls,green,sirloin tender steak,2,24,1.0,4,shear,shear,6,0.0128003,31.7097,0.0,False,0.06523182988166809,train,compression_only
green2-5.xls,green,sirloin tender steak,2,24,1.0,5,shear,shear,6,0.004536490000000001,33.7246,0.6745,False,0.023113854229450226,test,compression_only
green2-1.xls,green,sirloin tender steak,2,24,1.0,1,shear,shear,7,0.0127343,59.3944,0.0,False,0.06489533931016922,train,compression_only
green2-2.xls,green,sirloin tender steak,2,24,1.0,2,shear,shear,7,0.005340040000000001,30.1507,-1.8033512511542422,False,0.02720833197236061,train,compression_only
green2-3.xls,green,sirloin tender steak,2,24,1.0,3,shear,shear,7,0.0141014,68.3023,0.549317378107315,False,0.07186592370271683,train,compression_only
green2-4.xls,green,sirloin tender steak,2,24,1.0,4,shear,shear,7,0.0128003,31.7097,-1.7072134641933083,False,0.06523182988166809,train,compression_only
green2-5.xls,green,sirloin tender steak,2,24,1.0,5,shear,shear,7,0.0141886,70.3323,0.6745,False,0.07231055945158005,test,compression_only
green2-1.xls,green,sirloin tender steak,2,24,1.0,1,shear,shear,8,0.0127343,59.3944,-0.6745,False,0.06489533931016922,train,compression_only
green2-2.xls,green,sirloin tender steak,2,24,1.0,2,shear,shear,8,0.0151597,80.3454,0.9118951660885273,False,0.0772627592086792,train,compression_only
green2-3.xls,green,sirloin tender steak,2,24,1.0,3,shear,shear,8,0.0141014,68.3023,0.0,False,0.07186592370271683,train,compression_only
green2-4.xls,green,sirloin tender steak,2,24,1.0,4,shear,shear,8,0.0128003,31.7097,-2.770766252427619,False,0.06523182988166809,train,compression_only
green2-5.xls,green,sirloin tender steak,2,24,1.0,5,shear,shear,8,0.0141886,70.3323,0.15371018983149787,False,0.07231055945158005,test,compression_only
green2-1.xls,green,sirloin tender steak,2,24,1.0,1,shear,shear,9,0.0127343,59.3944,-0.6745,False,0.06489533931016922,train,compression_only
green2-2.xls,green,sirloin tender steak,2,24,1.0,2,shear,shear,9,0.0151597,80.3454,0.9118951660885273,False,0.0772627592086792,train,compression_only
green2-3.xls,green,sirloin tender steak,2,24,1.0,3,shear,shear,9,0.0141013,68.3023,0.0,False,0.07186541706323624,train,compression_only
green2-4.xls,green,sirloin tender steak,2,24,1.0,4,shear,shear,9,0.0128003,31.7097,-2.770766252427619,False,0.06523182988166809,train,compression_only
green2-5.xls,green,sirloin tender steak,2,24,1.0,5,shear,shear,9,0.0141886,70.3323,0.15371018983149787,False,0.07231055945158005,test,compression_only
green2-1.xls,green,sirloin tender steak,2,24,1.0,1,shear,shear,10,0.0127343,59.3944,-0.6745,False,0.06489533931016922,train,compression_only
green2-2.xls,green,sirloin tender steak,2,24,1.0,2,shear,shear,10,0.0151597,80.3454,0.9118951660885273,False,0.0772627592086792,train,compression_only
green2-3.xls,green,sirloin tender steak,2,24,1.0,3,shear,shear,10,0.0141013,68.3023,0.0,False,0.07186541706323624,train,compression_only
green2-4.xls,green,sirloin tender steak,2,24,1.0,4,shear,shear,10,0.0128003,31.7097,-2.770766252427619,False,0.06523182988166809,train,compression_only
green2-5.xls,green,sirloin tender steak,2,24,1.0,5,shear,shear,10,0.0141886,70.3323,0.15371018983149787,False,0.07231055945158005,test,compression_only
green2-1.xls,green,sirloin tender steak,2,24,1.0,1,shear,shear,11,0.020731299999999998,102.94,1.5220119343659815,False,0.10568846762180328,train,compression_only
green2-2.xls,green,sirloin tender steak,2,24,1.0,2,shear,shear,11,0.0151597,80.3454,0.0,False,0.0772627592086792,train,compression_only
green2-3.xls,green,sirloin tender steak,2,24,1.0,3,shear,shear,11,0.022527,84.6549,0.2902954879108369,False,0.11485541611909866,train,compression_only
green2-4.xls,green,sirloin tender steak,2,24,1.0,4,shear,shear,11,0.0128003,31.7097,-3.276186161128923,False,0.06523182988166809,train,compression_only
green2-5.xls,green,sirloin tender steak,2,24,1.0,5,shear,shear,11,0.0141886,70.3323,-0.6745,False,0.07231055945158005,test,compression_only
green2-1.xls,green,sirloin tender steak,2,24,1.0,1,shear,shear,12,0.020731299999999998,102.94,2.3263354364720112,False,0.10568846762180328,train,compression_only
green2-2.xls,green,sirloin tender steak,2,24,1.0,2,shear,shear,12,0.0151597,80.3454,-0.5482793401991858,False,0.0772627592086792,train,compression_only
green2-3.xls,green,sirloin tender steak,2,24,1.0,3,shear,shear,12,0.022527,84.6549,0.0,False,0.11485541611909866,train,compression_only
green2-4.xls,green,sirloin tender steak,2,24,1.0,4,shear,shear,12,0.022997999999999998,79.3533,-0.6745,False,0.11726035177707672,train,compression_only
green2-1.xls,green,sirloin tender steak,2,24,1.0,1,shear,shear,13,0.020731199999999998,102.94,0.0,False,0.1056879535317421,train,compression_only
green2-2.xls,green,sirloin tender steak,2,24,1.0,2,shear,shear,13,0.0250889,131.048,1.0368467221945739,False,0.12793926894664764,train,compression_only
green2-3.xls,green,sirloin tender steak,2,24,1.0,3,shear,shear,13,0.022527,84.6549,-0.6745,False,0.11485541611909866,train,compression_only
green2-4.xls,green,sirloin tender steak,2,24,1.0,4,shear,shear,13,0.022997999999999998,79.3533,-0.8700651978933664,False,0.11726035177707672,train,compression_only
green2-5.xls,green,sirloin tender steak,2,24,1.0,5,shear,shear,13,0.023923,120.159,0.635173748024348,False,0.12198406457901001,test,compression_only
green2-1.xls,green,sirloin tender steak,2,24,1.0,1,shear,shear,14,0.020731199999999998,102.94,0.0,False,0.1056879535317421,train,compression_only
green2-2.xls,green,sirloin tender steak,2,24,1.0,2,shear,shear,14,0.0250889,131.048,1.0368467221945739,False,0.12793926894664764,train,compression_only
green2-3.xls,green,sirloin tender steak,2,24,1.0,3,shear,shear,14,0.022527,84.6549,-0.6745,False,0.11485541611909866,train,compression_only
green2-4.xls,green,sirloin tender steak,2,24,1.0,4,shear,shear,14,0.022997999999999998,79.3533,-0.8700651978933664,False,0.11726035177707672,train,compression_only
green2-5.xls,green,sirloin tender steak,2,24,1.0,5,shear,shear,14,0.023923,120.159,0.635173748024348,False,0.12198406457901001,test,compression_only
green2-1.xls,green,sirloin tender steak,2,24,1.0,1,shear,shear,15,0.0288171,130.723,0.6543684452199474,False,0.1469922661781311,train,compression_only
green2-2.xls,green,sirloin tender steak,2,24,1.0,2,shear,shear,15,0.0250889,131.048,0.6745,False,0.12793926894664764,train,compression_only
green2-3.xls,green,sirloin tender steak,2,24,1.0,3,shear,shear,15,0.030945200000000003,92.4356,-1.7172773716594745,False,0.1578754484653473,train,compression_only
green2-4.xls,green,sirloin tender steak,2,24,1.0,4,shear,shear,15,0.022997999999999998,79.3533,-2.5276374919643687,False,0.11726035177707672,train,compression_only
green2-5.xls,green,sirloin tender steak,2,24,1.0,5,shear,shear,15,0.023923,120.159,0.0,False,0.12198406457901001,test,compression_only
green2-1.xls,green,sirloin tender steak,2,24,1.0,1,shear,shear,16,0.0288171,130.723,0.6543684452199474,False,0.1469922661781311,train,compression_only
green2-2.xls,green,sirloin tender steak,2,24,1.0,2,shear,shear,16,0.0250889,131.048,0.6745,False,0.12793926894664764,train,compression_only
green2-3.xls,green,sirloin tender steak,2,24,1.0,3,shear,shear,16,0.030945200000000003,92.4356,-1.7172773716594745,False,0.1578754484653473,train,compression_only
green2-4.xls,green,sirloin tender steak,2,24,1.0,4,shear,shear,16,0.022997999999999998,79.3533,-2.5276374919643687,False,0.11726035177707672,train,compression_only
green2-5.xls,green,sirloin tender steak,2,24,1.0,5,shear,shear,16,0.023923,120.159,0.0,False,0.12198406457901001,test,compression_only
green2-1.xls,green,sirloin tender steak,2,24,1.0,1,shear,shear,17,0.0288171,130.723,0.0,False,0.1469922661781311,train,compression_only
green2-2.xls,green,sirloin tender steak,2,24,1.0,2,shear,shear,17,0.0250889,131.048,0.013168288580524564,False,0.12793926894664764,train,compression_only
green2-3.xls,green,sirloin tender steak,2,24,1.0,3,shear,shear,17,0.030945200000000003,92.4356,-1.5513216375322898,False,0.1578754484653473,train,compression_only
green2-4.xls,green,sirloin tender steak,2,24,1.0,4,shear,shear,17,0.0332092,103.752,-1.0928058809395098,False,0.16946028172969818,train,compression_only
green2-5.xls,green,sirloin tender steak,2,24,1.0,5,shear,shear,17,0.033691900000000004,147.37,0.6745,False,0.17193114757537842,test,compression_only
green2-1.xls,green,sirloin tender steak,2,24,1.0,1,shear,shear,18,0.0288171,130.723,0.0,False,0.1469922661781311,train,compression_only
green2-2.xls,green,sirloin tender steak,2,24,1.0,2,shear,shear,18,0.0350171,162.441,0.7932146008675978,False,0.17871642112731934,train,compression_only
green2-3.xls,green,sirloin tender steak,2,24,1.0,3,shear,shear,18,0.030945200000000003,92.4356,-0.9575044047310072,False,0.1578754484653473,train,compression_only
green2-4.xls,green,sirloin tender steak,2,24,1.0,4,shear,shear,18,0.0332092,103.752,-0.6745,False,0.16946028172969818,train,compression_only
green2-5.xls,green,sirloin tender steak,2,24,1.0,5,shear,shear,18,0.033691900000000004,147.37,0.4163138741611355,False,0.17193114757537842,test,compression_only
green2-1.xls,green,sirloin tender steak,2,24,1.0,1,shear,shear,19,0.0368154,152.715,0.2392145511246765,False,0.18792830407619476,train,compression_only
green2-2.xls,green,sirloin tender steak,2,24,1.0,2,shear,shear,19,0.035017,162.441,0.6745,False,0.17871591448783875,train,compression_only
green2-3.xls,green,sirloin tender steak,2,24,1.0,3,shear,shear,19,0.030945200000000003,92.4356,-2.4585795766704277,False,0.1578754484653473,train,compression_only
green2-4.xls,green,sirloin tender steak,2,24,1.0,4,shear,shear,19,0.0332092,103.752,-1.9521160506933852,False,0.16946028172969818,train,compression_only
green2-5.xls,green,sirloin tender steak,2,24,1.0,5,shear,shear,19,0.033691900000000004,147.37,0.0,False,0.17193114757537842,test,compression_only
green2-1.xls,green,sirloin tender steak,2,24,1.0,1,shear,shear,20,0.0368154,152.715,0.2392145511246765,False,0.18792830407619476,train,compression_only
green2-2.xls,green,sirloin tender steak,2,24,1.0,2,shear,shear,20,0.035017,162.441,0.6745,False,0.17871591448783875,train,compression_only
green2-3.xls,green,sirloin tender steak,2,24,1.0,3,shear,shear,20,0.039398300000000004,100.871,-2.081054707716808,False,0.20116832852363586,train,compression_only
green2-4.xls,green,sirloin tender steak,2,24,1.0,4,shear,shear,20,0.0332092,103.752,-1.9521160506933852,False,0.16946028172969818,train,compression_only
green2-5.xls,green,sirloin tender steak,2,24,1.0,5,shear,shear,20,0.033691900000000004,147.37,0.0,False,0.17193114757537842,test,compression_only
green2-1.xls,green,sirloin tender steak,2,24,1.0,1,shear,shear,21,0.0368154,152.715,0.2392145511246765,False,0.18792830407619476,train,compression_only
green2-2.xls,green,sirloin tender steak,2,24,1.0,2,shear,shear,21,0.035017,162.441,0.6745,False,0.17871591448783875,train,compression_only
green2-3.xls,green,sirloin tender steak,2,24,1.0,3,shear,shear,21,0.039398300000000004,100.871,-2.081054707716808,False,0.20116832852363586,train,compression_only
green2-4.xls,green,sirloin tender steak,2,24,1.0,4,shear,shear,21,0.0332091,103.752,-1.9521160506933852,False,0.1694597750902176,train,compression_only
green2-5.xls,green,sirloin tender steak,2,24,1.0,5,shear,shear,21,0.033691900000000004,147.37,0.0,False,0.17193114757537842,test,compression_only
green2-1.xls,green,sirloin tender steak,2,24,1.0,1,shear,shear,22,0.0368154,152.715,0.0,False,0.18792830407619476,train,compression_only
green2-2.xls,green,sirloin tender steak,2,24,1.0,2,shear,shear,22,0.035017,162.441,0.4528639375949195,False,0.17871591448783875,train,compression_only
green2-3.xls,green,sirloin tender steak,2,24,1.0,3,shear,shear,22,0.039398300000000004,100.871,-2.413970592296012,False,0.20116832852363586,train,compression_only
green2-4.xls,green,sirloin tender steak,2,24,1.0,4,shear,shear,22,0.0434113,122.81,-1.3924425307193162,False,0.22176149487495422,train,compression_only
green2-5.xls,green,sirloin tender steak,2,24,1.0,5,shear,shear,22,0.0434255,167.201,0.6745,False,0.2218344658613205,test,compression_only
green2-1.xls,green,sirloin tender steak,2,24,1.0,1,shear,shear,23,0.0449396,170.542,0.12192309148947708,False,0.22961193323135376,train,compression_only
green2-2.xls,green,sirloin tender steak,2,24,1.0,2,shear,shear,23,0.0449392,185.684,0.6745,False,0.2296099066734314,train,compression_only
green2-3.xls,green,sirloin tender steak,2,24,1.0,3,shear,shear,23,0.039398300000000004,100.871,-2.4205802629443265,False,0.20116832852363586,train,compression_only
green2-4.xls,green,sirloin tender steak,2,24,1.0,4,shear,shear,23,0.0434114,122.81,-1.6199604771952598,False,0.22176200151443481,train,compression_only
green2-5.xls,green,sirloin tender steak,2,24,1.0,5,shear,shear,23,0.0434251,167.201,0.0,False,0.22183234989643097,test,compression_only
green2-1.xls,green,sirloin tender steak,2,24,1.0,1,shear,shear,24,0.0449396,170.542,0.12192309148947708,False,0.22961193323135376,train,compression_only
green2-2.xls,green,sirloin tender steak,2,24,1.0,2,shear,shear,24,0.0449392,185.684,0.6745,False,0.2296099066734314,train,compression_only
green2-3.xls,green,sirloin tender steak,2,24,1.0,3,shear,shear,24,0.0477642,108.099,-2.156808905480711,False,0.24413292109966278,train,compression_only
green2-4.xls,green,sirloin tender steak,2,24,1.0,4,shear,shear,24,0.0434115,122.81,-1.6199604771952598,False,0.2217625230550766,train,compression_only
green2-5.xls,green,sirloin tender steak,2,24,1.0,5,shear,shear,24,0.0434251,167.201,0.0,False,0.22183234989643097,test,compression_only
green2-1.xls,green,sirloin tender steak,2,24,1.0,1,shear,shear,25,0.0449396,170.542,0.12192309148947708,False,0.22961193323135376,train,compression_only
green2-2.xls,green,sirloin tender steak,2,24,1.0,2,shear,shear,25,0.0449392,185.684,0.6745,False,0.2296099066734314,train,compression_only
green2-3.xls,green,sirloin tender steak,2,24,1.0,3,shear,shear,25,0.0477642,108.099,-2.156808905480711,False,0.24413292109966278,train,compression_only
green2-4.xls,green,sirloin tender steak,2,24,1.0,4,shear,shear,25,0.0434115,122.81,-1.6199604771952598,False,0.2217625230550766,train,compression_only
green2-5.xls,green,sirloin tender steak,2,24,1.0,5,shear,shear,25,0.0434255,167.201,0.0,False,0.2218344658613205,test,compression_only
green2-1.xls,green,sirloin tender steak,2,24,1.0,1,shear,shear,26,0.0449396,170.542,0.12192309148947708,False,0.22961193323135376,train,compression_only
green2-2.xls,green,sirloin tender steak,2,24,1.0,2,shear,shear,26,0.0449392,185.684,0.6745,False,0.2296099066734314,train,compression_only
green2-3.xls,green,sirloin tender steak,2,24,1.0,3,shear,shear,26,0.0477642,108.099,-2.156808905480711,False,0.24413292109966278,train,compression_only
green2-4.xls,green,sirloin tender steak,2,24,1.0,4,shear,shear,26,0.0434115,122.81,-1.6199604771952598,False,0.2217625230550766,train,compression_only
green2-5.xls,green,sirloin tender steak,2,24,1.0,5,shear,shear,26,0.0434255,167.201,0.0,False,0.2218344658613205,test,compression_only
green2-1.xls,green,sirloin tender steak,2,24,1.0,1,shear,shear,27,0.0528946,186.816,0.6745,False,0.2705501616001129,train,compression_only
green2-2.xls,green,sirloin tender steak,2,24,1.0,2,shear,shear,27,0.0449392,185.684,0.5140936974789906,False,0.2296099066734314,train,compression_only
green2-5.xls,green,sirloin tender steak,2,24,1.0,5,shear,shear,27,0.053223,182.056,0.0,False,0.27224311232566833,test,compression_only
green2-1.xls,green,sirloin tender steak,2,24,1.0,1,shear,shear,28,0.0528946,186.816,0.14044092559380583,False,0.2705501616001129,train,compression_only
green2-2.xls,green,sirloin tender steak,2,24,1.0,2,shear,shear,28,0.05492,204.917,0.6745,False,0.28099533915519714,train,compression_only
green2-3.xls,green,sirloin tender steak,2,24,1.0,3,shear,shear,28,0.0561083,106.028,-2.2431602292113215,False,0.2871279716491699,train,compression_only
green2-4.xls,green,sirloin tender steak,2,24,1.0,4,shear,shear,28,0.0536683,139.349,-1.2600442456585463,False,0.27453911304473877,train,compression_only
green2-5.xls,green,sirloin tender steak,2,24,1.0,5,shear,shear,28,0.053223,182.056,0.0,False,0.27224311232566833,test,compression_only
green2-1.xls,green,sirloin tender steak,2,24,1.0,1,shear,shear,29,0.0528946,186.816,0.14044092559380583,False,0.2705501616001129,train,compression_only
green2-2.xls,green,sirloin tender steak,2,24,1.0,2,shear,shear,29,0.0549199,204.917,0.6745,False,0.28099483251571655,train,compression_only
green2-3.xls,green,sirloin tender steak,2,24,1.0,3,shear,shear,29,0.0561078,106.028,-2.2431602292113215,False,0.28712543845176697,train,compression_only
green2-4.xls,green,sirloin tender steak,2,24,1.0,4,shear,shear,29,0.0536685,139.349,-1.2600442456585463,False,0.27454012632369995,train,compression_only
green2-5.xls,green,sirloin tender steak,2,24,1.0,5,shear,shear,29,0.053223,182.056,0.0,False,0.27224311232566833,test,compression_only
green2-1.xls,green,sirloin tender steak,2,24,1.0,1,shear,shear,30,0.0528946,186.816,0.14044092559380583,False,0.2705501616001129,train,compression_only
green2-2.xls,green,sirloin tender steak,2,24,1.0,2,shear,shear,30,0.0549199,204.917,0.6745,False,0.28099483251571655,train,compression_only
green2-3.xls,green,sirloin tender steak,2,24,1.0,3,shear,shear,30,0.0561078,106.028,-2.2431602292113215,False,0.28712543845176697,train,compression_only
green2-4.xls,green,sirloin tender steak,2,24,1.0,4,shear,shear,30,0.0536685,139.349,-1.2600442456585463,False,0.27454012632369995,train,compression_only
green2-5.xls,green,sirloin tender steak,2,24,1.0,5,shear,shear,30,0.053223,182.056,0.0,False,0.27224311232566833,test,compression_only
green2-1.xls,green,sirloin tender steak,2,24,1.0,1,shear,shear,31,0.0609416,201.018,0.5594623594768382,False,0.3121076226234436,train,compression_only
green2-2.xls,green,sirloin tender steak,2,24,1.0,2,shear,shear,31,0.0549199,204.917,0.6745,False,0.28099483251571655,train,compression_only
green2-3.xls,green,sirloin tender steak,2,24,1.0,3,shear,shear,31,0.0561078,106.028,-2.2431602292113215,False,0.28712543845176697,train,compression_only
green2-4.xls,green,sirloin tender steak,2,24,1.0,4,shear,shear,31,0.0536685,139.349,-1.2600442456585463,False,0.27454012632369995,train,compression_only
green2-5.xls,green,sirloin tender steak,2,24,1.0,5,shear,shear,31,0.053223,182.056,0.0,False,0.27224311232566833,test,compression_only
green2-1.xls,green,sirloin tender steak,2,24,1.0,1,shear,shear,32,0.0609416,201.018,0.41797683378852923,False,0.3121076226234436,train,compression_only
green2-2.xls,green,sirloin tender steak,2,24,1.0,2,shear,shear,32,0.0549199,204.917,0.6745,False,0.28099483251571655,train,compression_only
green2-4.xls,green,sirloin tender steak,2,24,1.0,4,shear,shear,32,0.0638141,153.231,-2.72602740928599,False,0.32698193192481995,train,compression_only
green2-5.xls,green,sirloin tender steak,2,24,1.0,5,shear,shear,32,0.0630011,194.665,0.0,False,0.3227698504924774,test,compression_only
green2-1.xls,green,sirloin tender steak,2,24,1.0,1,shear,shear,33,0.0609416,201.018,0.1662953469419437,False,0.3121076226234436,train,compression_only
green2-2.xls,green,sirloin tender steak,2,24,1.0,2,shear,shear,33,0.0648647,220.433,0.6745,False,0.33242765069007874,train,compression_only
green2-3.xls,green,sirloin tender steak,2,24,1.0,3,shear,shear,33,0.064526,107.722,-2.2758092789506366,False,0.33067166805267334,train,compression_only
green2-4.xls,green,sirloin tender steak,2,24,1.0,4,shear,shear,33,0.063814,153.231,-1.0845712899720583,False,0.32698139548301697,train,compression_only
green2-5.xls,green,sirloin tender steak,2,24,1.0,5,shear,shear,33,0.0630011,194.665,0.0,False,0.3227698504924774,test,compression_only
green2-1.xls,green,sirloin tender steak,2,24,1.0,1,shear,shear,34,0.0609416,201.018,0.1662953469419437,False,0.3121076226234436,train,compression_only
green2-2.xls,green,sirloin tender steak,2,24,1.0,2,shear,shear,34,0.0648647,220.433,0.6745,False,0.33242765069007874,train,compression_only
green2-3.xls,green,sirloin tender steak,2,24,1.0,3,shear,shear,34,0.064526,107.722,-2.2758092789506366,False,0.33067166805267334,train,compression_only
green2-4.xls,green,sirloin tender steak,2,24,1.0,4,shear,shear,34,0.063814,153.231,-1.0845712899720583,False,0.32698139548301697,train,compression_only
green2-5.xls,green,sirloin tender steak,2,24,1.0,5,shear,shear,34,0.0630011,194.665,0.0,False,0.3227698504924774,test,compression_only
green2-1.xls,green,sirloin tender steak,2,24,1.0,1,shear,shear,35,0.0689747,214.663,0.5234651893821799,False,0.3537616431713104,train,compression_only
green2-2.xls,green,sirloin tender steak,2,24,1.0,2,shear,shear,35,0.0648646,220.433,0.6745,False,0.33242711424827576,train,compression_only
green2-3.xls,green,sirloin tender steak,2,24,1.0,3,shear,shear,35,0.064526,107.722,-2.2758092789506366,False,0.33067166805267334,train,compression_only
green2-4.xls,green,sirloin tender steak,2,24,1.0,4,shear,shear,35,0.0638141,153.231,-1.0845712899720583,False,0.32698193192481995,train,compression_only
green2-5.xls,green,sirloin tender steak,2,24,1.0,5,shear,shear,35,0.0630011,194.665,0.0,False,0.3227698504924774,test,compression_only
green2-1.xls,green,sirloin tender steak,2,24,1.0,1,shear,shear,36,0.0689747,214.663,0.4055018661874488,False,0.3537616431713104,train,compression_only
green2-2.xls,green,sirloin tender steak,2,24,1.0,2,shear,shear,36,0.0648646,220.433,0.6745,False,0.33242711424827576,train,compression_only
green2-4.xls,green,sirloin tender steak,2,24,1.0,4,shear,shear,36,0.0638141,153.231,-2.4584657865634525,False,0.32698193192481995,train,compression_only
green2-5.xls,green,sirloin tender steak,2,24,1.0,5,shear,shear,36,0.0727149,205.965,0.0,False,0.3732192814350128,test,compression_only
green2-1.xls,green,sirloin tender steak,2,24,1.0,1,shear,shear,37,0.0689745,214.663,0.4055018661874488,False,0.35376060009002686,train,compression_only
green2-2.xls,green,sirloin tender steak,2,24,1.0,2,shear,shear,37,0.0648646,220.433,0.6745,False,0.33242711424827576,train,compression_only
green2-4.xls,green,sirloin tender steak,2,24,1.0,4,shear,shear,37,0.0740001,165.81,-1.8720312068012177,False,0.3799152076244354,train,compression_only
green2-5.xls,green,sirloin tender steak,2,24,1.0,5,shear,shear,37,0.0727149,205.965,0.0,False,0.3732192814350128,test,compression_only
green2-1.xls,green,sirloin tender steak,2,24,1.0,1,shear,shear,38,0.0689745,214.663,0.2103851753568101,False,0.35376060009002686,train,compression_only
green2-2.xls,green,sirloin tender steak,2,24,1.0,2,shear,shear,38,0.0747314,233.851,0.6745,False,0.3837275803089142,train,compression_only
green2-3.xls,green,sirloin tender steak,2,24,1.0,3,shear,shear,38,0.07293319999999999,112.93,-2.2503086674316863,False,0.37435632944107056,train,compression_only
green2-4.xls,green,sirloin tender steak,2,24,1.0,4,shear,shear,38,0.0740001,165.81,-0.9712596822778456,False,0.3799152076244354,train,compression_only
green2-5.xls,green,sirloin tender steak,2,24,1.0,5,shear,shear,38,0.0727149,205.965,0.0,False,0.3732192814350128,test,compression_only
green2-1.xls,green,sirloin tender steak,2,24,1.0,1,shear,shear,39,0.0769907,226.761,0.5030087499103492,False,0.3955167233943939,train,compression_only
green2-2.xls,green,sirloin tender steak,2,24,1.0,2,shear,shear,39,0.0747314,233.851,0.6745,False,0.3837275803089142,train,compression_only
green2-3.xls,green,sirloin tender steak,2,24,1.0,3,shear,shear,39,0.07293319999999999,112.93,-2.2503086674316863,False,0.37435632944107056,train,compression_only
green2-4.xls,green,sirloin tender steak,2,24,1.0,4,shear,shear,39,0.07400000000000001,165.81,-0.9712596822778456,False,0.3799147307872772,train,compression_only
green2-5.xls,green,sirloin tender steak,2,24,1.0,5,shear,shear,39,0.0727149,205.965,0.0,False,0.3732192814350128,test,compression_only
green2-1.xls,green,sirloin tender steak,2,24,1.0,1,shear,shear,40,0.0769907,226.761,0.5030087499103492,False,0.3955167233943939,train,compression_only
green2-2.xls,green,sirloin tender steak,2,24,1.0,2,shear,shear,40,0.0747314,233.851,0.6745,False,0.3837275803089142,train,compression_only
green2-3.xls,green,sirloin tender steak,2,24,1.0,3,shear,shear,40,0.07293319999999999,112.93,-2.2503086674316863,False,0.37435632944107056,train,compression_only
green2-4.xls,green,sirloin tender steak,2,24,1.0,4,shear,shear,40,0.07400000000000001,165.81,-0.9712596822778456,False,0.3799147307872772,train,compression_only
green2-5.xls,green,sirloin tender steak,2,24,1.0,5,shear,shear,40,0.0727149,205.965,0.0,False,0.3732192814350128,test,compression_only
green2-1.xls,green,sirloin tender steak,2,24,1.0,1,shear,shear,41,0.0769905,226.761,0.43862128834961017,False,0.39551571011543274,train,compression_only
green2-2.xls,green,sirloin tender steak,2,24,1.0,2,shear,shear,41,0.0747314,233.851,0.6745,False,0.3837275803089142,train,compression_only
green2-3.xls,green,sirloin tender steak,2,24,1.0,3,shear,shear,41,0.0812854,114.97,-3.280577167801124,False,0.4179733395576477,train,compression_only
green2-4.xls,green,sirloin tender steak,2,24,1.0,4,shear,shear,41,0.07400000000000001,165.81,-1.589170439972378,False,0.3799147307872772,train,compression_only
green2-5.xls,green,sirloin tender steak,2,24,1.0,5,shear,shear,41,0.082439,213.577,0.0,False,0.4240161180496216,test,compression_only
green2-1.xls,green,sirloin tender steak,2,24,1.0,1,shear,shear,42,0.0769905,226.761,0.29048469604416416,False,0.39551571011543274,train,compression_only
green2-2.xls,green,sirloin tender steak,2,24,1.0,2,shear,shear,42,0.0846609,244.19,0.6745,False,0.4356684684753418,train,compression_only
green2-3.xls,green,sirloin tender steak,2,24,1.0,3,shear,shear,42,0.0812854,114.97,-2.1726201777022833,False,0.4179733395576477,train,compression_only
green2-4.xls,green,sirloin tender steak,2,24,1.0,4,shear,shear,42,0.0842067,177.726,-0.7899094992323522,False,0.43328502774238586,train,compression_only
green2-5.xls,green,sirloin tender steak,2,24,1.0,5,shear,shear,42,0.082439,213.577,0.0,False,0.4240161180496216,test,compression_only
green2-1.xls,green,sirloin tender steak,2,24,1.0,1,shear,shear,43,0.0850161,238.125,0.5408691078953387,False,0.4375327527523041,train,compression_only
green2-2.xls,green,sirloin tender steak,2,24,1.0,2,shear,shear,43,0.0846609,244.19,0.6745,False,0.4356684684753418,train,compression_only
green2-3.xls,green,sirloin tender steak,2,24,1.0,3,shear,shear,43,0.0812854,114.97,-2.1726201777022833,False,0.4179733395576477,train,compression_only
green2-4.xls,green,sirloin tender steak,2,24,1.0,4,shear,shear,43,0.084207,177.726,-0.7899094992323522,False,0.43328657746315,train,compression_only
green2-5.xls,green,sirloin tender steak,2,24,1.0,5,shear,shear,43,0.082439,213.577,0.0,False,0.4240161180496216,test,compression_only
green2-1.xls,green,sirloin tender steak,2,24,1.0,1,shear,shear,44,0.0850161,238.125,0.5408691078953387,False,0.4375327527523041,train,compression_only
green2-2.xls,green,sirloin tender steak,2,24,1.0,2,shear,shear,44,0.0846609,244.19,0.6745,False,0.4356684684753418,train,compression_only
green2-3.xls,green,sirloin tender steak,2,24,1.0,3,shear,shear,44,0.0812854,114.97,-2.1726201777022833,False,0.4179733395576477,train,compression_only
green2-4.xls,green,sirloin tender steak,2,24,1.0,4,shear,shear,44,0.084207,177.726,-0.7899094992323522,False,0.43328657746315,train,compression_only
green2-5.xls,green,sirloin tender steak,2,24,1.0,5,shear,shear,44,0.082439,213.577,0.0,False,0.4240161180496216,test,compression_only
green2-1.xls,green,sirloin tender steak,2,24,1.0,1,shear,shear,45,0.085016,238.125,0.5408691078953387,False,0.4375322163105011,train,compression_only
green2-2.xls,green,sirloin tender steak,2,24,1.0,2,shear,shear,45,0.0846609,244.19,0.6745,False,0.4356684684753418,train,compression_only
green2-3.xls,green,sirloin tender steak,2,24,1.0,3,shear,shear,45,0.0897098,117.984,-2.1062123444288376,False,0.46221327781677246,train,compression_only
green2-4.xls,green,sirloin tender steak,2,24,1.0,4,shear,shear,45,0.08420680000000001,177.726,-0.7899094992323522,False,0.43328553438186646,train,compression_only
green2-5.xls,green,sirloin tender steak,2,24,1.0,5,shear,shear,45,0.082439,213.577,0.0,False,0.4240161180496216,test,compression_only
green2-1.xls,green,sirloin tender steak,2,24,1.0,1,shear,shear,46,0.085016,238.125,0.47137971698113196,False,0.4375322163105011,train,compression_only
green2-2.xls,green,sirloin tender steak,2,24,1.0,2,shear,shear,46,0.0846609,244.19,0.6745,False,0.4356684684753418,train,compression_only
green2-4.xls,green,sirloin tender steak,2,24,1.0,4,shear,shear,46,0.08420680000000001,177.726,-1.5514169811320768,False,0.43328553438186646,train,compression_only
green2-5.xls,green,sirloin tender steak,2,24,1.0,5,shear,shear,46,0.0921857,224.05,0.0,False,0.47526586055755615,test,compression_only
green2-1.xls,green,sirloin tender steak,2,24,1.0,1,shear,shear,47,0.0930285,248.536,0.5946499243897166,False,0.4797144830226898,train,compression_only
green2-2.xls,green,sirloin tender steak,2,24,1.0,2,shear,shear,47,0.0946051,251.824,0.6745,False,0.48804399371147156,train,compression_only
green2-3.xls,green,sirloin tender steak,2,24,1.0,3,shear,shear,47,0.0897098,117.984,-2.5758449269100603,False,0.46221327781677246,train,compression_only
green2-4.xls,green,sirloin tender steak,2,24,1.0,4,shear,shear,47,0.0944044,187.72,-0.8822850507669046,False,0.48698291182518005,train,compression_only
green2-5.xls,green,sirloin tender steak,2,24,1.0,5,shear,shear,47,0.0921857,224.05,0.0,False,0.47526586055755615,test,compression_only
green2-1.xls,green,sirloin tender steak,2,24,1.0,1,shear,shear,48,0.0930285,248.536,0.5946499243897166,False,0.4797144830226898,train,compression_only
green2-2.xls,green,sirloin tender steak,2,24,1.0,2,shear,shear,48,0.0946051,251.824,0.6745,False,0.48804399371147156,train,compression_only
green2-3.xls,green,sirloin tender steak,2,24,1.0,3,shear,shear,48,0.0897098,117.984,-2.5758449269100603,False,0.46221327781677246,train,compression_only
green2-4.xls,green,sirloin tender steak,2,24,1.0,4,shear,shear,48,0.0944044,187.72,-0.8822850507669046,False,0.48698291182518005,train,compression_only
green2-5.xls,green,sirloin tender steak,2,24,1.0,5,shear,shear,48,0.0921857,224.05,0.0,False,0.47526586055755615,test,compression_only
green2-1.xls,green,sirloin tender steak,2,24,1.0,1,shear,shear,49,0.0930285,248.536,0.5946499243897166,False,0.4797144830226898,train,compression_only
green2-2.xls,green,sirloin tender steak,2,24,1.0,2,shear,shear,49,0.0946051,251.824,0.6745,False,0.48804399371147156,train,compression_only
green2-3.xls,green,sirloin tender steak,2,24,1.0,3,shear,shear,49,0.0980565,120.721,-2.5093760531432276,False,0.506313681602478,train,compression_only
green2-4.xls,green,sirloin tender steak,2,24,1.0,4,shear,shear,49,0.0944045,187.72,-0.8822850507669046,False,0.48698362708091736,train,compression_only
green2-5.xls,green,sirloin tender steak,2,24,1.0,5,shear,shear,49,0.0921857,224.05,0.0,False,0.47526586055755615,test,compression_only
green2-1.xls,green,sirloin tender steak,2,24,1.0,1,shear,shear,50,0.0930285,248.536,0.5946499243897166,False,0.4797144830226898,train,compression_only
green2-2.xls,green,sirloin tender steak,2,24,1.0,2,shear,shear,50,0.0946051,251.824,0.6745,False,0.48804399371147156,train,compression_only
green2-3.xls,green,sirloin tender steak,2,24,1.0,3,shear,shear,50,0.0980565,120.721,-2.5093760531432276,False,0.506313681602478,train,compression_only
green2-4.xls,green,sirloin tender steak,2,24,1.0,4,shear,shear,50,0.0944045,187.72,-0.8822850507669046,False,0.48698362708091736,train,compression_only
green2-5.xls,green,sirloin tender steak,2,24,1.0,5,shear,shear,50,0.0921857,224.05,0.0,False,0.47526586055755615,test,compression_only
green2-1.xls,green,sirloin tender steak,2,24,1.0,1,shear,shear,51,0.101056,257.543,0.6745,False,0.5222318768501282,train,compression_only
green2-2.xls,green,sirloin tender steak,2,24,1.0,2,shear,shear,51,0.0946051,251.824,0.53429990186814,False,0.48804399371147156,train,compression_only
green2-3.xls,green,sirloin tender steak,2,24,1.0,3,shear,shear,51,0.0980565,120.721,-2.6796629352329715,False,0.506313681602478,train,compression_only
green2-4.xls,green,sirloin tender steak,2,24,1.0,4,shear,shear,51,0.0944045,187.72,-1.0371963545831209,False,0.48698362708091736,train,compression_only
green2-5.xls,green,sirloin tender steak,2,24,1.0,5,shear,shear,51,0.101913,230.029,0.0,False,0.5267869234085083,test,compression_only
green2-1.xls,green,sirloin tender steak,2,24,1.0,1,shear,shear,52,0.101056,257.543,0.6351195414099928,False,0.5222318768501282,train,compression_only
green2-2.xls,green,sirloin tender steak,2,24,1.0,2,shear,shear,52,0.104499,259.249,0.6745,False,0.5405516028404236,train,compression_only
green2-3.xls,green,sirloin tender steak,2,24,1.0,3,shear,shear,52,0.0980565,120.721,-2.5232117043121125,False,0.506313681602478,train,compression_only
green2-4.xls,green,sirloin tender steak,2,24,1.0,4,shear,shear,52,0.104605,198.03,-0.7386490588637912,False,0.5411164164543152,train,compression_only
green2-5.xls,green,sirloin tender steak,2,24,1.0,5,shear,shear,52,0.101913,230.029,0.0,False,0.5267869234085083,test,compression_only
green2-1.xls,green,sirloin tender steak,2,24,1.0,1,shear,shear,53,0.101056,257.543,0.6351195414099928,False,0.5222318768501282,train,compression_only
green2-2.xls,green,sirloin tender steak,2,24,1.0,2,shear,shear,53,0.104499,259.249,0.6745,False,0.5405516028404236,train,compression_only
green2-3.xls,green,sirloin tender steak,2,24,1.0,3,shear,shear,53,0.106482,125.192,-2.4200053559206003,False,0.5511268973350525,train,compression_only
green2-4.xls,green,sirloin tender steak,2,24,1.0,4,shear,shear,53,0.10460599999999999,198.03,-0.7386490588637912,False,0.541121780872345,train,compression_only
green2-5.xls,green,sirloin tender steak,2,24,1.0,5,shear,shear,53,0.101913,230.029,0.0,False,0.5267869234085083,test,compression_only
green2-1.xls,green,sirloin tender steak,2,24,1.0,1,shear,shear,54,0.101056,257.543,0.6351195414099928,False,0.5222318768501282,train,compression_only
green2-2.xls,green,sirloin tender steak,2,24,1.0,2,shear,shear,54,0.104499,259.249,0.6745,False,0.5405516028404236,train,compression_only
green2-3.xls,green,sirloin tender steak,2,24,1.0,3,shear,shear,54,0.106482,125.192,-2.4200053559206003,False,0.5511268973350525,train,compression_only
green2-4.xls,green,sirloin tender steak,2,24,1.0,4,shear,shear,54,0.10460599999999999,198.03,-0.7386490588637912,False,0.541121780872345,train,compression_only
green2-5.xls,green,sirloin tender steak,2,24,1.0,5,shear,shear,54,0.101913,230.029,0.0,False,0.5267869234085083,test,compression_only
green2-1.xls,green,sirloin tender steak,2,24,1.0,1,shear,shear,55,0.10910500000000001,266.831,0.7757413981686933,False,0.5651429295539856,train,compression_only
green2-2.xls,green,sirloin tender steak,2,24,1.0,2,shear,shear,55,0.104499,259.249,0.6159220600643777,False,0.5405516028404236,train,compression_only
green2-3.xls,green,sirloin tender steak,2,24,1.0,3,shear,shear,55,0.106482,125.192,-2.209836448014001,False,0.5511268973350525,train,compression_only
green2-4.xls,green,sirloin tender steak,2,24,1.0,4,shear,shear,55,0.10460599999999999,198.03,-0.6745,False,0.541121780872345,train,compression_only
green2-5.xls,green,sirloin tender steak,2,24,1.0,5,shear,shear,55,0.101913,230.029,0.0,False,0.5267869234085083,test,compression_only
green2-1.xls,green,sirloin tender steak,2,24,1.0,1,shear,shear,56,0.10910500000000001,266.831,0.6745,False,0.5651429295539856,train,compression_only
green2-2.xls,green,sirloin tender steak,2,24,1.0,2,shear,shear,56,0.104499,259.249,0.5111063133007445,False,0.5405516028404236,train,compression_only
green2-3.xls,green,sirloin tender steak,2,24,1.0,3,shear,shear,56,0.106482,125.192,-2.3778500910572222,False,0.5511268973350525,train,compression_only
green2-4.xls,green,sirloin tender steak,2,24,1.0,4,shear,shear,56,0.10460599999999999,198.03,-0.8081759481133584,False,0.541121780872345,train,compression_only
green2-5.xls,green,sirloin tender steak,2,24,1.0,5,shear,shear,56,0.111662,235.532,0.0,False,0.578836977481842,test,compression_only
green2-1.xls,green,sirloin tender steak,2,24,1.0,1,shear,shear,57,0.10910500000000001,266.831,0.6745,False,0.5651429295539856,train,compression_only
green2-2.xls,green,sirloin tender steak,2,24,1.0,2,shear,shear,57,0.114438,266.333,0.663767995782613,False,0.5937394499778748,train,compression_only
green2-3.xls,green,sirloin tender steak,2,24,1.0,3,shear,shear,57,0.106482,125.192,-2.3778500910572222,False,0.5511268973350525,train,compression_only
green2-4.xls,green,sirloin tender steak,2,24,1.0,4,shear,shear,57,0.10460599999999999,198.03,-0.8081759481133584,False,0.541121780872345,train,compression_only
green2-5.xls,green,sirloin tender steak,2,24,1.0,5,shear,shear,57,0.111662,235.532,0.0,False,0.578836977481842,test,compression_only
green2-1.xls,green,sirloin tender steak,2,24,1.0,1,shear,shear,58,0.10910500000000001,266.831,0.685405522547969,False,0.5651429295539856,train,compression_only
green2-2.xls,green,sirloin tender steak,2,24,1.0,2,shear,shear,58,0.114438,266.333,0.6745,False,0.5937394499778748,train,compression_only
green2-3.xls,green,sirloin tender steak,2,24,1.0,3,shear,shear,58,0.11486700000000001,127.227,-2.371732167786759,False,0.596045732498169,train,compression_only
green2-4.xls,green,sirloin tender steak,2,24,1.0,4,shear,shear,58,0.114839,206.61,-0.6333524560890876,False,0.5958951711654663,train,compression_only
green2-5.xls,green,sirloin tender steak,2,24,1.0,5,shear,shear,58,0.111662,235.532,0.0,False,0.578836977481842,test,compression_only
green2-1.xls,green,sirloin tender steak,2,24,1.0,1,shear,shear,59,0.117096,274.033,0.843119525340086,False,0.6080437898635864,train,compression_only
green2-2.xls,green,sirloin tender steak,2,24,1.0,2,shear,shear,59,0.114438,266.333,0.6745,False,0.5937394499778748,train,compression_only
green2-3.xls,green,sirloin tender steak,2,24,1.0,3,shear,shear,59,0.11486700000000001,127.227,-2.371732167786759,False,0.596045732498169,train,compression_only
green2-4.xls,green,sirloin tender steak,2,24,1.0,4,shear,shear,59,0.114839,206.61,-0.6333524560890876,False,0.5958951711654663,train,compression_only
green2-5.xls,green,sirloin tender steak,2,24,1.0,5,shear,shear,59,0.111662,235.532,0.0,False,0.578836977481842,test,compression_only
green2-1.xls,green,sirloin tender steak,2,24,1.0,1,shear,shear,60,0.117096,274.033,0.843119525340086,False,0.6080437898635864,train,compression_only
green2-2.xls,green,sirloin tender steak,2,24,1.0,2,shear,shear,60,0.114438,266.333,0.6745,False,0.5937394499778748,train,compression_only
green2-3.xls,green,sirloin tender steak,2,24,1.0,3,shear,shear,60,0.11486700000000001,127.227,-2.371732167786759,False,0.596045732498169,train,compression_only
green2-4.xls,green,sirloin tender steak,2,24,1.0,4,shear,shear,60,0.114839,206.61,-0.6333524560890876,False,0.5958951711654663,train,compression_only
green2-5.xls,green,sirloin tender steak,2,24,1.0,5,shear,shear,60,0.111662,235.532,0.0,False,0.578836977481842,test,compression_only
green2-1.xls,green,sirloin tender steak,2,24,1.0,1,shear,shear,61,0.117096,274.033,0.6745,False,0.6080437898635864,train,compression_only
green2-2.xls,green,sirloin tender steak,2,24,1.0,2,shear,shear,61,0.114438,266.333,0.5163643242091165,False,0.5937394499778748,train,compression_only
green2-3.xls,green,sirloin tender steak,2,24,1.0,3,shear,shear,61,0.11486700000000001,127.227,-2.3404696130073366,False,0.596045732498169,train,compression_only
green2-4.xls,green,sirloin tender steak,2,24,1.0,4,shear,shear,61,0.114839,206.61,-0.7101729440063325,False,0.5958951711654663,train,compression_only
green2-5.xls,green,sirloin tender steak,2,24,1.0,5,shear,shear,61,0.121403,241.19,0.0,False,0.6312979459762573,test,compression_only
green2-1.xls,green,sirloin tender steak,2,24,1.0,1,shear,shear,62,0.117096,274.033,0.6745,False,0.6080437898635864,train,compression_only
green2-2.xls,green,sirloin tender steak,2,24,1.0,2,shear,shear,62,0.124367,271.792,0.6284763572146264,False,0.6473567485809326,train,compression_only
green2-3.xls,green,sirloin tender steak,2,24,1.0,3,shear,shear,62,0.123224,130.923,-2.2645644886277125,False,0.6411585807800293,train,compression_only
green2-4.xls,green,sirloin tender steak,2,24,1.0,4,shear,shear,62,0.114839,206.61,-0.7101729440063325,False,0.5958951711654663,train,compression_only
green2-5.xls,green,sirloin tender steak,2,24,1.0,5,shear,shear,62,0.121403,241.19,0.0,False,0.6312979459762573,test,compression_only
green2-1.xls,green,sirloin tender steak,2,24,1.0,1,shear,shear,63,0.125137,281.4,0.8862703418077252,False,0.651536226272583,train,compression_only
green2-2.xls,green,sirloin tender steak,2,24,1.0,2,shear,shear,63,0.124367,271.792,0.6745,False,0.6473567485809326,train,compression_only
green2-3.xls,green,sirloin tender steak,2,24,1.0,3,shear,shear,63,0.123224,130.923,-2.430399696098296,False,0.6411585807800293,train,compression_only
green2-4.xls,green,sirloin tender steak,2,24,1.0,4,shear,shear,63,0.125,214.923,-0.5789520782955366,False,0.6507923603057861,train,compression_only
green2-5.xls,green,sirloin tender steak,2,24,1.0,5,shear,shear,63,0.121403,241.19,0.0,False,0.6312979459762573,test,compression_only
green2-1.xls,green,sirloin tender steak,2,24,1.0,1,shear,shear,64,0.125137,281.4,0.8862703418077252,False,0.651536226272583,train,compression_only
green2-2.xls,green,sirloin tender steak,2,24,1.0,2,shear,shear,64,0.124367,271.792,0.6745,False,0.6473567485809326,train,compression_only
green2-3.xls,green,sirloin tender steak,2,24,1.0,3,shear,shear,64,0.123224,130.923,-2.430399696098296,False,0.6411585807800293,train,compression_only
green2-4.xls,green,sirloin tender steak,2,24,1.0,4,shear,shear,64,0.125,214.923,-0.5789520782955366,False,0.6507923603057861,train,compression_only
green2-5.xls,green,sirloin tender steak,2,24,1.0,5,shear,shear,64,0.121403,241.19,0.0,False,0.6312979459762573,test,compression_only
green2-1.xls,green,sirloin tender steak,2,24,1.0,1,shear,shear,65,0.125137,281.4,0.8862703418077252,False,0.651536226272583,train,compression_only
green2-2.xls,green,sirloin tender steak,2,24,1.0,2,shear,shear,65,0.124367,271.792,0.6745,False,0.6473567485809326,train,compression_only
green2-3.xls,green,sirloin tender steak,2,24,1.0,3,shear,shear,65,0.123224,130.923,-2.430399696098296,False,0.6411585807800293,train,compression_only
green2-4.xls,green,sirloin tender steak,2,24,1.0,4,shear,shear,65,0.125,214.923,-0.5789520782955366,False,0.6507923603057861,train,compression_only
green2-5.xls,green,sirloin tender steak,2,24,1.0,5,shear,shear,65,0.121403,241.19,0.0,False,0.6312979459762573,test,compression_only
green2-1.xls,green,sirloin tender steak,2,24,1.0,1,shear,shear,66,0.125137,281.4,0.7641606506882274,False,0.651536226272583,train,compression_only
green2-2.xls,green,sirloin tender steak,2,24,1.0,2,shear,shear,66,0.124367,271.792,0.5562293130554746,False,0.6473567485809326,train,compression_only
green2-3.xls,green,sirloin tender steak,2,24,1.0,3,shear,shear,66,0.13165,133.241,-2.4422193505951806,False,0.6870167255401611,train,compression_only
green2-4.xls,green,sirloin tender steak,2,24,1.0,4,shear,shear,66,0.125,214.923,-0.6745,False,0.6507923603057861,train,compression_only
green2-5.xls,green,sirloin tender steak,2,24,1.0,5,shear,shear,66,0.131207,246.09,0.0,False,0.6845958828926086,test,compression_only
green2-1.xls,green,sirloin tender steak,2,24,1.0,1,shear,shear,67,0.133151,288.725,0.9226844900054548,False,0.6952270865440369,train,compression_only
green2-2.xls,green,sirloin tender steak,2,24,1.0,2,shear,shear,67,0.134315,275.522,0.6369520325985815,False,0.7016027569770813,train,compression_only
green2-3.xls,green,sirloin tender steak,2,24,1.0,3,shear,shear,67,0.13165,133.241,-2.4422193505951806,False,0.6870167255401611,train,compression_only
green2-4.xls,green,sirloin tender steak,2,24,1.0,4,shear,shear,67,0.125,214.923,-0.6745,False,0.6507923603057861,train,compression_only
green2-5.xls,green,sirloin tender steak,2,24,1.0,5,shear,shear,67,0.131207,246.09,0.0,False,0.6845958828926086,test,compression_only
green2-1.xls,green,sirloin tender steak,2,24,1.0,1,shear,shear,68,0.133151,288.725,0.9770762265561302,False,0.6952270865440369,train,compression_only
green2-2.xls,green,sirloin tender steak,2,24,1.0,2,shear,shear,68,0.134315,275.522,0.6745,False,0.7016027569770813,train,compression_only
green2-3.xls,green,sirloin tender steak,2,24,1.0,3,shear,shear,68,0.13165,133.241,-2.586186820467519,False,0.6870167255401611,train,compression_only
green2-4.xls,green,sirloin tender steak,2,24,1.0,4,shear,shear,68,0.135247,222.942,-0.5304881081815712,False,0.7067134976387024,train,compression_only
green2-5.xls,green,sirloin tender steak,2,24,1.0,5,shear,shear,68,0.131207,246.09,0.0,False,0.6845958828926086,test,compression_only
green2-1.xls,green,sirloin tender steak,2,24,1.0,1,shear,shear,69,0.133151,288.725,0.9770762265561302,False,0.6952270865440369,train,compression_only
green2-2.xls,green,sirloin tender steak,2,24,1.0,2,shear,shear,69,0.134315,275.522,0.6745,False,0.7016027569770813,train,compression_only
green2-3.xls,green,sirloin tender steak,2,24,1.0,3,shear,shear,69,0.13165,133.241,-2.586186820467519,False,0.6870167255401611,train,compression_only
green2-4.xls,green,sirloin tender steak,2,24,1.0,4,shear,shear,69,0.135247,222.942,-0.5304881081815712,False,0.7067134976387024,train,compression_only
green2-5.xls,green,sirloin tender steak,2,24,1.0,5,shear,shear,69,0.131207,246.09,0.0,False,0.6845958828926086,test,compression_only
green2-1.xls,green,sirloin tender steak,2,24,1.0,1,shear,shear,70,0.133151,288.725,0.9770762265561302,False,0.6952270865440369,train,compression_only
green2-2.xls,green,sirloin tender steak,2,24,1.0,2,shear,shear,70,0.134315,275.522,0.6745,False,0.7016027569770813,train,compression_only
green2-3.xls,green,sirloin tender steak,2,24,1.0,3,shear,shear,70,0.140019,135.252,-2.5401002650176685,False,0.73296058177948,train,compression_only
green2-4.xls,green,sirloin tender steak,2,24,1.0,4,shear,shear,70,0.135247,222.942,-0.5304881081815712,False,0.7067134976387024,train,compression_only
green2-5.xls,green,sirloin tender steak,2,24,1.0,5,shear,shear,70,0.131207,246.09,0.0,False,0.6845958828926086,test,compression_only
green2-1.xls,green,sirloin tender steak,2,24,1.0,1,shear,shear,71,0.14121499999999998,295.462,1.0840741506381446,False,0.7395598292350769,train,compression_only
green2-2.xls,green,sirloin tender steak,2,24,1.0,2,shear,shear,71,0.134315,275.522,0.600539007729642,False,0.7016027569770813,train,compression_only
green2-3.xls,green,sirloin tender steak,2,24,1.0,3,shear,shear,71,0.140019,135.252,-2.8009391515369404,False,0.73296058177948,train,compression_only
green2-4.xls,green,sirloin tender steak,2,24,1.0,4,shear,shear,71,0.135247,222.942,-0.6745,False,0.7067134976387024,train,compression_only
green2-5.xls,green,sirloin tender steak,2,24,1.0,5,shear,shear,71,0.140901,250.757,0.0,False,0.7378265261650085,test,compression_only
green2-1.xls,green,sirloin tender steak,2,24,1.0,1,shear,shear,72,0.14121499999999998,295.462,0.9935917523395273,False,0.7395598292350769,train,compression_only
green2-2.xls,green,sirloin tender steak,2,24,1.0,2,shear,shear,72,0.144237,281.105,0.6745,False,0.7562739253044128,train,compression_only
green2-3.xls,green,sirloin tender steak,2,24,1.0,3,shear,shear,72,0.140019,135.252,-2.567158379464873,False,0.73296058177948,train,compression_only
green2-4.xls,green,sirloin tender steak,2,24,1.0,4,shear,shear,72,0.135247,222.942,-0.6182027645973371,False,0.7067134976387024,train,compression_only
green2-5.xls,green,sirloin tender steak,2,24,1.0,5,shear,shear,72,0.140901,250.757,0.0,False,0.7378265261650085,test,compression_only
green2-1.xls,green,sirloin tender steak,2,24,1.0,1,shear,shear,73,0.14121499999999998,295.462,0.9935917523395273,False,0.7395598292350769,train,compression_only
green2-2.xls,green,sirloin tender steak,2,24,1.0,2,shear,shear,73,0.144237,281.105,0.6745,False,0.7562739253044128,train,compression_only
green2-3.xls,green,sirloin tender steak,2,24,1.0,3,shear,shear,73,0.140019,135.252,-2.567158379464873,False,0.73296058177948,train,compression_only
green2-4.xls,green,sirloin tender steak,2,24,1.0,4,shear,shear,73,0.14538299999999998,229.684,-0.4683583267431132,False,0.7626268267631531,train,compression_only
green2-5.xls,green,sirloin tender steak,2,24,1.0,5,shear,shear,73,0.140901,250.757,0.0,False,0.7378265261650085,test,compression_only
green2-1.xls,green,sirloin tender steak,2,24,1.0,1,shear,shear,74,0.14121499999999998,295.462,0.9935917523395273,False,0.7395598292350769,train,compression_only
green2-2.xls,green,sirloin tender steak,2,24,1.0,2,shear,shear,74,0.144237,281.105,0.6745,False,0.7562739253044128,train,compression_only
green2-3.xls,green,sirloin tender steak,2,24,1.0,3,shear,shear,74,0.148441,138.944,-2.4851017694740998,False,0.779619038105011,train,compression_only
green2-4.xls,green,sirloin tender steak,2,24,1.0,4,shear,shear,74,0.14538299999999998,229.684,-0.4683583267431132,False,0.7626268267631531,train,compression_only
green2-5.xls,green,sirloin tender steak,2,24,1.0,5,shear,shear,74,0.140901,250.757,0.0,False,0.7378265261650085,test,compression_only
green2-1.xls,green,sirloin tender steak,2,24,1.0,1,shear,shear,75,0.149232,301.678,1.2132044722232997,False,0.784024178981781,train,compression_only
green2-2.xls,green,sirloin tender steak,2,24,1.0,2,shear,shear,75,0.144237,281.105,0.6745,False,0.7562739253044128,train,compression_only
green2-3.xls,green,sirloin tender steak,2,24,1.0,3,shear,shear,75,0.148441,138.944,-3.0479890135486616,False,0.779619038105011,train,compression_only
green2-4.xls,green,sirloin tender steak,2,24,1.0,4,shear,shear,75,0.14538299999999998,229.684,-0.6719600527970804,False,0.7626268267631531,train,compression_only
green2-5.xls,green,sirloin tender steak,2,24,1.0,5,shear,shear,75,0.150602,255.346,0.0,False,0.7916629910469055,test,compression_only
green2-1.xls,green,sirloin tender steak,2,24,1.0,1,shear,shear,76,0.149232,301.678,1.2132044722232997,False,0.784024178981781,train,compression_only
green2-2.xls,green,sirloin tender steak,2,24,1.0,2,shear,shear,76,0.144237,281.105,0.6745,False,0.7562739253044128,train,compression_only
green2-3.xls,green,sirloin tender steak,2,24,1.0,3,shear,shear,76,0.148441,138.944,-3.0479890135486616,False,0.779619038105011,train,compression_only
green2-4.xls,green,sirloin tender steak,2,24,1.0,4,shear,shear,76,0.14538299999999998,229.684,-0.6719600527970804,False,0.7626268267631531,train,compression_only
green2-5.xls,green,sirloin tender steak,2,24,1.0,5,shear,shear,76,0.150602,255.346,0.0,False,0.7916629910469055,test,compression_only
green2-1.xls,green,sirloin tender steak,2,24,1.0,1,shear,shear,77,0.149232,301.678,1.0770241935483862,False,0.784024178981781,train,compression_only
green2-2.xls,green,sirloin tender steak,2,24,1.0,2,shear,shear,77,0.154133,284.362,0.6745,False,0.8114069700241089,train,compression_only
green2-3.xls,green,sirloin tender steak,2,24,1.0,3,shear,shear,77,0.148441,138.944,-2.7058570788530454,False,0.779619038105011,train,compression_only
green2-4.xls,green,sirloin tender steak,2,24,1.0,4,shear,shear,77,0.14538299999999998,229.684,-0.5965336021505373,False,0.7626268267631531,train,compression_only
green2-5.xls,green,sirloin tender steak,2,24,1.0,5,shear,shear,77,0.150602,255.346,0.0,False,0.7916629910469055,test,compression_only
green2-1.xls,green,sirloin tender steak,2,24,1.0,1,shear,shear,78,0.149232,301.678,1.0770241935483862,False,0.784024178981781,train,compression_only
green2-2.xls,green,sirloin tender steak,2,24,1.0,2,shear,shear,78,0.154133,284.362,0.6745,False,0.8114069700241089,train,compression_only
green2-3.xls,green,sirloin tender steak,2,24,1.0,3,shear,shear,78,0.156815,142.587,-2.6211726461262734,False,0.8264588117599487,train,compression_only
green2-4.xls,green,sirloin tender steak,2,24,1.0,4,shear,shear,78,0.155586,236.826,-0.43051213123793763,False,0.8195556402206421,train,compression_only
green2-5.xls,green,sirloin tender steak,2,24,1.0,5,shear,shear,78,0.150602,255.346,0.0,False,0.7916629910469055,test,compression_only
green2-1.xls,green,sirloin tender steak,2,24,1.0,1,shear,shear,79,0.157255,307.395,1.2099204059829047,False,0.8289327621459961,train,compression_only
green2-2.xls,green,sirloin tender steak,2,24,1.0,2,shear,shear,79,0.154132,284.362,0.6745,False,0.8114014267921448,train,compression_only
green2-3.xls,green,sirloin tender steak,2,24,1.0,3,shear,shear,79,0.156815,142.587,-2.6211726461262734,False,0.8264588117599487,train,compression_only
green2-4.xls,green,sirloin tender steak,2,24,1.0,4,shear,shear,79,0.155586,236.826,-0.43051213123793763,False,0.8195556402206421,train,compression_only
green2-5.xls,green,sirloin tender steak,2,24,1.0,5,shear,shear,79,0.150602,255.346,0.0,False,0.7916629910469055,test,compression_only
green2-1.xls,green,sirloin tender steak,2,24,1.0,1,shear,shear,80,0.157255,307.395,1.3203700631911512,False,0.8289327621459961,train,compression_only
green2-2.xls,green,sirloin tender steak,2,24,1.0,2,shear,shear,80,0.154132,284.362,0.6745,False,0.8114014267921448,train,compression_only
green2-3.xls,green,sirloin tender steak,2,24,1.0,3,shear,shear,80,0.156815,142.587,-3.301023301737753,False,0.8264588117599487,train,compression_only
green2-4.xls,green,sirloin tender steak,2,24,1.0,4,shear,shear,80,0.155586,236.826,-0.6584605055292251,False,0.8195556402206421,train,compression_only
green2-5.xls,green,sirloin tender steak,2,24,1.0,5,shear,shear,80,0.16033899999999998,260.308,0.0,False,0.8463094234466553,test,compression_only
green2-1.xls,green,sirloin tender steak,2,24,1.0,1,shear,shear,81,0.157255,307.395,1.3203700631911512,False,0.8289327621459961,train,compression_only
green2-2.xls,green,sirloin tender steak,2,24,1.0,2,shear,shear,81,0.154133,284.362,0.6745,False,0.8114069700241089,train,compression_only
green2-3.xls,green,sirloin tender steak,2,24,1.0,3,shear,shear,81,0.156815,142.587,-3.301023301737753,False,0.8264588117599487,train,compression_only
green2-4.xls,green,sirloin tender steak,2,24,1.0,4,shear,shear,81,0.155586,236.826,-0.6584605055292251,False,0.8195556402206421,train,compression_only
green2-5.xls,green,sirloin tender steak,2,24,1.0,5,shear,shear,81,0.16033899999999998,260.308,0.0,False,0.8463094234466553,test,compression_only
green2-1.xls,green,sirloin tender steak,2,24,1.0,1,shear,shear,82,0.157255,307.395,1.3525330678817815,False,0.8289327621459961,train,compression_only
green2-2.xls,green,sirloin tender steak,2,24,1.0,2,shear,shear,82,0.164021,281.718,0.6149836044629937,False,0.8671411871910095,train,compression_only
green2-3.xls,green,sirloin tender steak,2,24,1.0,3,shear,shear,82,0.156815,142.587,-3.3814332041563753,False,0.8264588117599487,train,compression_only
green2-4.xls,green,sirloin tender steak,2,24,1.0,4,shear,shear,82,0.155586,236.826,-0.6745,False,0.8195556402206421,train,compression_only
green2-5.xls,green,sirloin tender steak,2,24,1.0,5,shear,shear,82,0.16033899999999998,260.308,0.0,False,0.8463094234466553,test,compression_only
green2-1.xls,green,sirloin tender steak,2,24,1.0,1,shear,shear,83,0.16523900000000002,312.7,1.6505560018682839,False,0.8740531802177429,train,compression_only
green2-2.xls,green,sirloin tender steak,2,24,1.0,2,shear,shear,83,0.164021,281.718,0.6745,False,0.8671411871910095,train,compression_only
green2-4.xls,green,sirloin tender steak,2,24,1.0,4,shear,shear,83,0.16578199999999998,241.776,-0.5838315740308254,False,0.8771380186080933,train,compression_only
green2-5.xls,green,sirloin tender steak,2,24,1.0,5,shear,shear,83,0.16033899999999998,260.308,0.0,False,0.8463094234466553,test,compression_only
green2-1.xls,green,sirloin tender steak,2,24,1.0,1,shear,shear,84,0.16523900000000002,312.7,1.6505560018682839,False,0.8740531802177429,train,compression_only
green2-2.xls,green,sirloin tender steak,2,24,1.0,2,shear,shear,84,0.164021,281.718,0.6745,False,0.8671411871910095,train,compression_only
green2-4.xls,green,sirloin tender steak,2,24,1.0,4,shear,shear,84,0.16578199999999998,241.776,-0.5838315740308254,False,0.8771380186080933,train,compression_only
green2-5.xls,green,sirloin tender steak,2,24,1.0,5,shear,shear,84,0.16033899999999998,260.308,0.0,False,0.8463094234466553,test,compression_only
green2-1.xls,green,sirloin tender steak,2,24,1.0,1,shear,shear,85,0.16523900000000002,312.7,1.4045194697957413,False,0.8740531802177429,train,compression_only
green2-2.xls,green,sirloin tender steak,2,24,1.0,2,shear,shear,85,0.164021,281.718,0.49633350717079594,False,0.8671411871910095,train,compression_only
green2-4.xls,green,sirloin tender steak,2,24,1.0,4,shear,shear,85,0.16578199999999998,241.776,-0.6745,False,0.8771380186080933,train,compression_only
green2-5.xls,green,sirloin tender steak,2,24,1.0,5,shear,shear,85,0.17011700000000002,264.786,0.0,False,0.9018409848213196,test,compression_only
green2-1.xls,green,sirloin tender steak,2,24,1.0,1,shear,shear,86,0.16523900000000002,312.7,1.4045194697957413,False,0.8740531802177429,train,compression_only
green2-2.xls,green,sirloin tender steak,2,24,1.0,2,shear,shear,86,0.164021,281.718,0.49633350717079594,False,0.8671411871910095,train,compression_only
green2-4.xls,green,sirloin tender steak,2,24,1.0,4,shear,shear,86,0.16578199999999998,241.776,-0.6745,False,0.8771380186080933,train,compression_only
green2-5.xls,green,sirloin tender steak,2,24,1.0,5,shear,shear,86,0.17011700000000002,264.786,0.0,False,0.9018409848213196,test,compression_only
green2-1.xls,green,sirloin tender steak,2,24,1.0,1,shear,shear,87,0.173246,317.659,1.54988433289874,False,0.9197567105293274,train,compression_only
green2-2.xls,green,sirloin tender steak,2,24,1.0,2,shear,shear,87,0.17396799999999998,283.57,0.5506218166014776,False,0.9239007234573364,train,compression_only
green2-3.xls,green,sirloin tender steak,2,24,1.0,3,shear,shear,87,0.173595,146.678,-3.4621401999130827,False,0.921759307384491,train,compression_only
green2-4.xls,green,sirloin tender steak,2,24,1.0,4,shear,shear,87,0.16578199999999998,241.776,-0.6745,False,0.8771380186080933,train,compression_only
green2-5.xls,green,sirloin tender steak,2,24,1.0,5,shear,shear,87,0.17011700000000002,264.786,0.0,False,0.9018409848213196,test,compression_only
green2-1.xls,green,sirloin tender steak,2,24,1.0,1,shear,shear,88,0.173246,317.659,1.8985753034497448,False,0.9197567105293274,train,compression_only
green2-2.xls,green,sirloin tender steak,2,24,1.0,2,shear,shear,88,0.17396799999999998,283.57,0.6745,False,0.9239007234573364,train,compression_only
green2-4.xls,green,sirloin tender steak,2,24,1.0,4,shear,shear,88,0.175978,246.344,-0.6622193888415678,False,0.9354584813117981,train,compression_only
green2-5.xls,green,sirloin tender steak,2,24,1.0,5,shear,shear,88,0.17011700000000002,264.786,0.0,False,0.9018409848213196,test,compression_only
green2-1.xls,green,sirloin tender steak,2,24,1.0,1,shear,shear,89,0.173246,317.659,1.8985753034497448,False,0.9197567105293274,train,compression_only
green2-2.xls,green,sirloin tender steak,2,24,1.0,2,shear,shear,89,0.17396899999999998,283.57,0.6745,False,0.923906683921814,train,compression_only
green2-4.xls,green,sirloin tender steak,2,24,1.0,4,shear,shear,89,0.175978,246.344,-0.6622193888415678,False,0.9354584813117981,train,compression_only
green2-5.xls,green,sirloin tender steak,2,24,1.0,5,shear,shear,89,0.17011700000000002,264.786,0.0,False,0.9018409848213196,test,compression_only
green2-1.xls,green,sirloin tender steak,2,24,1.0,1,shear,shear,90,0.173246,317.659,1.353835125448026,False,0.9197567105293274,train,compression_only
green2-2.xls,green,sirloin tender steak,2,24,1.0,2,shear,shear,90,0.17396899999999998,283.57,0.3842787054606775,False,0.923906683921814,train,compression_only
green2-4.xls,green,sirloin tender steak,2,24,1.0,4,shear,shear,90,0.175978,246.344,-0.6745,False,0.9354584813117981,train,compression_only
green2-5.xls,green,sirloin tender steak,2,24,1.0,5,shear,shear,90,0.179825,270.059,0.0,False,0.9576640725135803,test,compression_only
green2-1.xls,green,sirloin tender steak,2,24,1.0,1,shear,shear,91,0.181279,322.561,1.493257389837652,False,0.966086745262146,train,compression_only
green2-2.xls,green,sirloin tender steak,2,24,1.0,2,shear,shear,91,0.17396899999999998,283.57,0.3842787054606775,False,0.923906683921814,train,compression_only
green2-3.xls,green,sirloin tender steak,2,24,1.0,3,shear,shear,91,0.18199500000000002,148.253,-3.4643958254269416,False,0.9702399969100952,train,compression_only
green2-4.xls,green,sirloin tender steak,2,24,1.0,4,shear,shear,91,0.175978,246.344,-0.6745,False,0.9354584813117981,train,compression_only
green2-5.xls,green,sirloin tender steak,2,24,1.0,5,shear,shear,91,0.179825,270.059,0.0,False,0.9576640725135803,test,compression_only
green2-1.xls,green,sirloin tender steak,2,24,1.0,1,shear,shear,92,0.181279,322.561,1.493257389837652,False,0.966086745262146,train,compression_only
green2-2.xls,green,sirloin tender steak,2,24,1.0,2,shear,shear,92,0.183859,283.907,0.39386363061353397,False,0.9810720086097717,train,compression_only
green2-3.xls,green,sirloin tender steak,2,24,1.0,3,shear,shear,92,0.18199500000000002,148.253,-3.4643958254269416,False,0.9702399969100952,train,compression_only
green2-4.xls,green,sirloin tender steak,2,24,1.0,4,shear,shear,92,0.175978,246.344,-0.6745,False,0.9354584813117981,train,compression_only
green2-5.xls,green,sirloin tender steak,2,24,1.0,5,shear,shear,92,0.179825,270.059,0.0,False,0.9576640725135803,test,compression_only
green2-1.xls,green,sirloin tender steak,2,24,1.0,1,shear,shear,93,0.181279,322.561,1.940522713573342,False,0.966086745262146,train,compression_only
green2-2.xls,green,sirloin tender steak,2,24,1.0,2,shear,shear,93,0.183858,283.907,0.511834949860264,False,0.9810660481452942,train,compression_only
green2-4.xls,green,sirloin tender steak,2,24,1.0,4,shear,shear,93,0.18618200000000001,251.81,-0.6745,False,0.9946092963218689,train,compression_only
green2-5.xls,green,sirloin tender steak,2,24,1.0,5,shear,shear,93,0.179825,270.059,0.0,False,0.9576640725135803,test,compression_only
green2-1.xls,green,sirloin tender steak,2,24,1.0,1,shear,shear,94,0.181279,322.561,1.940522713573342,False,0.966086745262146,train,compression_only
green2-2.xls,green,sirloin tender steak,2,24,1.0,2,shear,shear,94,0.183858,283.907,0.511834949860264,False,0.9810660481452942,train,compression_only
green2-4.xls,green,sirloin tender steak,2,24,1.0,4,shear,shear,94,0.18618200000000001,251.81,-0.6745,False,0.9946092963218689,train,compression_only
green2-5.xls,green,sirloin tender steak,2,24,1.0,5,shear,shear,94,0.179825,270.059,0.0,False,0.9576640725135803,test,compression_only
green2-1.xls,green,sirloin tender steak,2,24,1.0,1,shear,shear,95,0.18936399999999998,326.898,1.740014492753624,False,1.0132224559783936,train,compression_only
green2-2.xls,green,sirloin tender steak,2,24,1.0,2,shear,shear,95,0.183858,283.907,0.3576046195652168,False,0.9810660481452942,train,compression_only
green2-4.xls,green,sirloin tender steak,2,24,1.0,4,shear,shear,95,0.18618200000000001,251.81,-0.6745,False,0.9946092963218689,train,compression_only
green2-5.xls,green,sirloin tender steak,2,24,1.0,5,shear,shear,95,0.189612,272.786,0.0,False,1.0146769285202026,test,compression_only
green2-1.xls,green,sirloin tender steak,2,24,1.0,1,shear,shear,96,0.18936399999999998,326.898,1.740014492753624,False,1.0132224559783936,train,compression_only
green2-2.xls,green,sirloin tender steak,2,24,1.0,2,shear,shear,96,0.183858,283.907,0.3576046195652168,False,0.9810660481452942,train,compression_only
green2-4.xls,green,sirloin tender steak,2,24,1.0,4,shear,shear,96,0.18618200000000001,251.81,-0.6745,False,0.9946092963218689,train,compression_only
green2-5.xls,green,sirloin tender steak,2,24,1.0,5,shear,shear,96,0.189612,272.786,0.0,False,1.0146769285202026,test,compression_only
green2-1.xls,green,sirloin tender steak,2,24,1.0,1,shear,shear,97,0.18936399999999998,326.898,1.740014492753624,False,1.0132224559783936,train,compression_only
green2-2.xls,green,sirloin tender steak,2,24,1.0,2,shear,shear,97,0.193804,287.001,0.4570946557971007,False,1.0393321514129639,train,compression_only
green2-4.xls,green,sirloin tender steak,2,24,1.0,4,shear,shear,97,0.18618200000000001,251.81,-0.6745,False,0.9946092963218689,train,compression_only
green2-5.xls,green,sirloin tender steak,2,24,1.0,5,shear,shear,97,0.189612,272.786,0.0,False,1.0146769285202026,test,compression_only
green2-1.xls,green,sirloin tender steak,2,24,1.0,1,shear,shear,98,0.18936399999999998,326.898,2.247032198485503,False,1.0132224559783936,train,compression_only
green2-2.xls,green,sirloin tender steak,2,24,1.0,2,shear,shear,98,0.193804,287.001,0.5902861232530928,False,1.0393321514129639,train,compression_only
green2-4.xls,green,sirloin tender steak,2,24,1.0,4,shear,shear,98,0.196404,256.543,-0.6745,False,1.0546971559524536,train,compression_only
green2-5.xls,green,sirloin tender steak,2,24,1.0,5,shear,shear,98,0.189612,272.786,0.0,False,1.0146769285202026,test,compression_only
green2-1.xls,green,sirloin tender steak,2,24,1.0,1,shear,shear,99,0.197382,330.417,2.3931607153850885,False,1.060491919517517,train,compression_only
green2-2.xls,green,sirloin tender steak,2,24,1.0,2,shear,shear,99,0.193804,287.001,0.5902861232530928,False,1.0393321514129639,train,compression_only
green2-4.xls,green,sirloin tender steak,2,24,1.0,4,shear,shear,99,0.196404,256.543,-0.6745,False,1.0546971559524536,train,compression_only
green2-5.xls,green,sirloin tender steak,2,24,1.0,5,shear,shear,99,0.189612,272.786,0.0,False,1.0146769285202026,test,compression_only
green3-1.xls,green,sirloin tender steak,3,48,2.0,1,shear,shear,0,0.00420052,28.4801,0.6174086939630417,False,0.012032992206513882,train,compression_only
green3-2.xls,green,sirloin tender steak,3,48,2.0,2,shear,shear,0,0.00231932,9.34889,-1.562247592142157,False,0.006643913220614195,train,compression_only
green3-3.xls,green,sirloin tender steak,3,48,2.0,3,shear,shear,0,-0.000697768,23.061,0.0,False,-0.0019988087005913258,train,compression_only
green3-4.xls,green,sirloin tender steak,3,48,2.0,4,shear,shear,0,0.00037099100000000004,17.1408,-0.6745,False,0.001062731258571148,train,compression_only
green3-5.xls,green,sirloin tender steak,3,48,2.0,5,shear,shear,0,0.00100193,31.3759,0.9473328688219992,False,0.0028701056726276875,test,compression_only
green3-1.xls,green,sirloin tender steak,3,48,2.0,1,shear,shear,1,0.00419867,28.4801,0.0,False,0.01202769298106432,train,compression_only
green3-2.xls,green,sirloin tender steak,3,48,2.0,2,shear,shear,1,0.00231932,9.34889,-1.1379892184702758,False,0.006643913220614195,train,compression_only
green3-3.xls,green,sirloin tender steak,3,48,2.0,3,shear,shear,1,0.00128604,45.981,1.0410128535271135,False,0.003683963790535927,train,compression_only
green3-4.xls,green,sirloin tender steak,3,48,2.0,4,shear,shear,1,0.00037099100000000004,17.1408,-0.6745,False,0.001062731258571148,train,compression_only
green3-5.xls,green,sirloin tender steak,3,48,2.0,5,shear,shear,1,0.00100135,31.3759,0.17225199968252014,False,0.0028684441931545734,test,compression_only
green3-1.xls,green,sirloin tender steak,3,48,2.0,1,shear,shear,2,0.00375076,40.9496,0.4536294546578524,False,0.01074453815817833,train,compression_only
green3-2.xls,green,sirloin tender steak,3,48,2.0,2,shear,shear,2,0.0023193,9.34889,-1.0437031172945745,False,0.006643855944275856,train,compression_only
green3-3.xls,green,sirloin tender steak,3,48,2.0,3,shear,shear,2,0.00128604,45.981,0.6920316646879895,False,0.003683963790535927,train,compression_only
green3-4.xls,green,sirloin tender steak,3,48,2.0,4,shear,shear,2,0.00037099100000000004,17.1408,-0.6745,False,0.001062731258571148,train,compression_only
green3-5.xls,green,sirloin tender steak,3,48,2.0,5,shear,shear,2,0.00100135,31.3759,0.0,False,0.0028684441931545734,test,compression_only
green3-1.xls,green,sirloin tender steak,3,48,2.0,1,shear,shear,3,0.00375073,40.9496,0.6745,False,0.010744452476501465,train,compression_only
green3-2.xls,green,sirloin tender steak,3,48,2.0,2,shear,shear,3,0.0056684000000000005,26.3998,-0.3505833115723287,False,0.016238277778029442,train,compression_only
green3-3.xls,green,sirloin tender steak,3,48,2.0,3,shear,shear,3,0.00128604,45.981,1.0289793862352075,False,0.003683963790535927,train,compression_only
green3-4.xls,green,sirloin tender steak,3,48,2.0,4,shear,shear,3,0.00037099100000000004,17.1408,-1.0029116172430728,False,0.001062731258571148,train,compression_only
green3-5.xls,green,sirloin tender steak,3,48,2.0,5,shear,shear,3,0.00100134,31.3759,0.0,False,0.002868415554985404,test,compression_only
green3-1.xls,green,sirloin tender steak,3,48,2.0,1,shear,shear,4,0.00375073,40.9496,0.6745,False,0.010744452476501465,train,compression_only
green3-2.xls,green,sirloin tender steak,3,48,2.0,2,shear,shear,4,0.0056684000000000005,26.3998,-0.3505833115723287,False,0.016238277778029442,train,compression_only
green3-3.xls,green,sirloin tender steak,3,48,2.0,3,shear,shear,4,0.00128604,45.981,1.0289793862352075,False,0.003683963790535927,train,compression_only
green3-4.xls,green,sirloin tender steak,3,48,2.0,4,shear,shear,4,0.000370988,17.1408,-1.0029116172430728,False,0.0010627226438373327,train,compression_only
green3-5.xls,green,sirloin tender steak,3,48,2.0,5,shear,shear,4,0.00100134,31.3759,0.0,False,0.002868415554985404,test,compression_only
green3-1.xls,green,sirloin tender steak,3,48,2.0,1,shear,shear,5,0.00375073,40.9496,0.0,False,0.010744452476501465,train,compression_only
green3-2.xls,green,sirloin tender steak,3,48,2.0,2,shear,shear,5,0.0056684000000000005,26.3998,-0.39482145845737915,False,0.016238277778029442,train,compression_only
green3-3.xls,green,sirloin tender steak,3,48,2.0,3,shear,shear,5,0.0105527,77.0685,0.980117718173187,False,0.03023368865251541,train,compression_only
green3-4.xls,green,sirloin tender steak,3,48,2.0,4,shear,shear,5,0.010822499999999999,16.0932,-0.6745,False,0.031006919220089912,train,compression_only
green3-5.xls,green,sirloin tender steak,3,48,2.0,5,shear,shear,5,0.00986764,93.7551,1.432923100288055,False,0.028270425274968147,test,compression_only
green3-1.xls,green,sirloin tender steak,3,48,2.0,1,shear,shear,6,0.012224500000000001,37.5649,0.0,False,0.03502529859542847,train,compression_only
green3-2.xls,green,sirloin tender steak,3,48,2.0,2,shear,shear,6,0.0056684000000000005,26.3998,-0.35073421992669424,False,0.016238277778029442,train,compression_only
green3-3.xls,green,sirloin tender steak,3,48,2.0,3,shear,shear,6,0.0105527,77.0685,1.2409440426235463,False,0.03023368865251541,train,compression_only
green3-4.xls,green,sirloin tender steak,3,48,2.0,4,shear,shear,6,0.010822499999999999,16.0932,-0.6745,False,0.031006919220089912,train,compression_only
green3-5.xls,green,sirloin tender steak,3,48,2.0,5,shear,shear,6,0.00986764,93.7551,1.7651275818868555,False,0.028270425274968147,test,compression_only
green3-1.xls,green,sirloin tender steak,3,48,2.0,1,shear,shear,7,0.012224500000000001,37.5649,-0.13119509052167191,False,0.03502529859542847,train,compression_only
green3-2.xls,green,sirloin tender steak,3,48,2.0,2,shear,shear,7,0.013705199999999999,42.7498,0.0,False,0.039269864559173584,train,compression_only
green3-3.xls,green,sirloin tender steak,3,48,2.0,3,shear,shear,7,0.0105526,77.0685,0.8683764302274107,False,0.03023340366780758,train,compression_only
green3-4.xls,green,sirloin tender steak,3,48,2.0,4,shear,shear,7,0.010822499999999999,16.0932,-0.6745000000000001,False,0.031006919220089912,train,compression_only
green3-5.xls,green,sirloin tender steak,3,48,2.0,5,shear,shear,7,0.00986762,93.7551,1.290602509322269,False,0.028270365670323372,test,compression_only
green3-1.xls,green,sirloin tender steak,3,48,2.0,1,shear,shear,8,0.012224500000000001,37.5649,-0.13119509052167191,False,0.03502529859542847,train,compression_only
green3-2.xls,green,sirloin tender steak,3,48,2.0,2,shear,shear,8,0.013705199999999999,42.7498,0.0,False,0.039269864559173584,train,compression_only
green3-3.xls,green,sirloin tender steak,3,48,2.0,3,shear,shear,8,0.0105526,77.0685,0.8683764302274107,False,0.03023340366780758,train,compression_only
green3-4.xls,green,sirloin tender steak,3,48,2.0,4,shear,shear,8,0.010822499999999999,16.0932,-0.6745000000000001,False,0.031006919220089912,train,compression_only
green3-5.xls,green,sirloin tender steak,3,48,2.0,5,shear,shear,8,0.00986762,93.7551,1.290602509322269,False,0.028270365670323372,test,compression_only
green3-1.xls,green,sirloin tender steak,3,48,2.0,1,shear,shear,9,0.012224500000000001,37.5649,-0.13119509052167191,False,0.03502529859542847,train,compression_only
green3-2.xls,green,sirloin tender steak,3,48,2.0,2,shear,shear,9,0.013705199999999999,42.7498,0.0,False,0.039269864559173584,train,compression_only
green3-3.xls,green,sirloin tender steak,3,48,2.0,3,shear,shear,9,0.0105526,77.0685,0.8683764302274107,False,0.03023340366780758,train,compression_only
green3-4.xls,green,sirloin tender steak,3,48,2.0,4,shear,shear,9,0.010822499999999999,16.0932,-0.6745000000000001,False,0.031006919220089912,train,compression_only
green3-5.xls,green,sirloin tender steak,3,48,2.0,5,shear,shear,9,0.009867599999999999,93.7551,1.290602509322269,False,0.028270309790968895,test,compression_only
green3-1.xls,green,sirloin tender steak,3,48,2.0,1,shear,shear,10,0.0206495,73.037,0.0,False,0.059187281876802444,train,compression_only
green3-2.xls,green,sirloin tender steak,3,48,2.0,2,shear,shear,10,0.013705199999999999,42.7498,-0.6745,False,0.039269864559173584,train,compression_only
green3-3.xls,green,sirloin tender steak,3,48,2.0,3,shear,shear,10,0.018950599999999998,163.188,2.0076748428378974,False,0.05431264638900757,train,compression_only
green3-4.xls,green,sirloin tender steak,3,48,2.0,4,shear,shear,10,0.020009299999999997,55.3539,-0.3938050050846562,False,0.05735019966959953,train,compression_only
green3-5.xls,green,sirloin tender steak,3,48,2.0,5,shear,shear,10,0.0203132,197.2,2.7651266376555106,False,0.058222245424985886,test,compression_only
green3-1.xls,green,sirloin tender steak,3,48,2.0,1,shear,shear,11,0.0206495,73.037,-0.0649404890887718,False,0.059187281876802444,train,compression_only
green3-2.xls,green,sirloin tender steak,3,48,2.0,2,shear,shear,11,0.0217814,74.9209,0.0,False,0.062435831874608994,train,compression_only
green3-3.xls,green,sirloin tender steak,3,48,2.0,3,shear,shear,11,0.018950599999999998,163.188,3.042682013083252,False,0.05431264638900757,train,compression_only
green3-4.xls,green,sirloin tender steak,3,48,2.0,4,shear,shear,11,0.020009299999999997,55.3539,-0.6745,False,0.05735019966959953,train,compression_only
green3-1.xls,green,sirloin tender steak,3,48,2.0,1,shear,shear,12,0.0206495,73.037,-0.0649404890887718,False,0.059187281876802444,train,compression_only
green3-2.xls,green,sirloin tender steak,3,48,2.0,2,shear,shear,12,0.0217814,74.9209,0.0,False,0.062435831874608994,train,compression_only
green3-3.xls,green,sirloin tender steak,3,48,2.0,3,shear,shear,12,0.018950599999999998,163.188,3.042682013083252,False,0.05431264638900757,train,compression_only
green3-4.xls,green,sirloin tender steak,3,48,2.0,4,shear,shear,12,0.020009299999999997,55.3539,-0.6745,False,0.05735019966959953,train,compression_only
green3-1.xls,green,sirloin tender steak,3,48,2.0,1,shear,shear,13,0.0206495,73.037,-0.0649404890887718,False,0.059187281876802444,train,compression_only
green3-2.xls,green,sirloin tender steak,3,48,2.0,2,shear,shear,13,0.0217814,74.9209,0.0,False,0.062435831874608994,train,compression_only
green3-3.xls,green,sirloin tender steak,3,48,2.0,3,shear,shear,13,0.018950599999999998,163.188,3.042682013083252,False,0.05431264638900757,train,compression_only
green3-4.xls,green,sirloin tender steak,3,48,2.0,4,shear,shear,13,0.020009299999999997,55.3539,-0.6745,False,0.05735019966959953,train,compression_only
green3-1.xls,green,sirloin tender steak,3,48,2.0,1,shear,shear,14,0.0206495,73.037,-0.0649404890887718,False,0.059187281876802444,train,compression_only
green3-2.xls,green,sirloin tender steak,3,48,2.0,2,shear,shear,14,0.0217814,74.9209,0.0,False,0.062435831874608994,train,compression_only
green3-4.xls,green,sirloin tender steak,3,48,2.0,4,shear,shear,14,0.020009299999999997,55.3539,-0.6745,False,0.05735019966959953,train,compression_only
green3-1.xls,green,sirloin tender steak,3,48,2.0,1,shear,shear,15,0.0291107,86.4675,-0.16012341496008395,False,0.0834885686635971,train,compression_only
green3-2.xls,green,sirloin tender steak,3,48,2.0,2,shear,shear,15,0.0298251,91.2284,0.0,False,0.08554250001907349,train,compression_only
green3-4.xls,green,sirloin tender steak,3,48,2.0,4,shear,shear,15,0.029065599999999997,71.1737,-0.6745,False,0.08335892111063004,train,compression_only
green3-1.xls,green,sirloin tender steak,3,48,2.0,1,shear,shear,16,0.0291107,86.4675,-0.16012341496008395,False,0.0834885686635971,train,compression_only
green3-2.xls,green,sirloin tender steak,3,48,2.0,2,shear,shear,16,0.0298251,91.2284,0.0,False,0.08554250001907349,train,compression_only
green3-4.xls,green,sirloin tender steak,3,48,2.0,4,shear,shear,16,0.029065599999999997,71.1737,-0.6745,False,0.08335892111063004,train,compression_only
green3-1.xls,green,sirloin tender steak,3,48,2.0,1,shear,shear,17,0.029110399999999998,86.4675,-0.16012341496008395,False,0.08348771184682846,train,compression_only
green3-2.xls,green,sirloin tender steak,3,48,2.0,2,shear,shear,17,0.0298251,91.2284,0.0,False,0.08554250001907349,train,compression_only
green3-4.xls,green,sirloin tender steak,3,48,2.0,4,shear,shear,17,0.029065599999999997,71.1737,-0.6745,False,0.08335892111063004,train,compression_only
green3-1.xls,green,sirloin tender steak,3,48,2.0,1,shear,shear,18,0.029110399999999998,86.4675,-0.16012341496008395,False,0.08348771184682846,train,compression_only
green3-2.xls,green,sirloin tender steak,3,48,2.0,2,shear,shear,18,0.0298251,91.2284,0.0,False,0.08554250001907349,train,compression_only
green3-4.xls,green,sirloin tender steak,3,48,2.0,4,shear,shear,18,0.029065599999999997,71.1737,-0.6745,False,0.08335892111063004,train,compression_only
green3-1.xls,green,sirloin tender steak,3,48,2.0,1,shear,shear,19,0.0375428,98.0288,-0.1664070525467759,False,0.10775616019964218,train,compression_only
green3-2.xls,green,sirloin tender steak,3,48,2.0,2,shear,shear,19,0.0379005,104.031,0.0,False,0.1087869182229042,train,compression_only
green3-4.xls,green,sirloin tender steak,3,48,2.0,4,shear,shear,19,0.038186,79.7022,-0.6745,False,0.10960972309112549,train,compression_only
green3-1.xls,green,sirloin tender steak,3,48,2.0,1,shear,shear,20,0.0375428,98.0288,-0.1664070525467759,False,0.10775616019964218,train,compression_only
green3-2.xls,green,sirloin tender steak,3,48,2.0,2,shear,shear,20,0.0379005,104.031,0.0,False,0.1087869182229042,train,compression_only
green3-4.xls,green,sirloin tender steak,3,48,2.0,4,shear,shear,20,0.038186,79.7022,-0.6745,False,0.10960972309112549,train,compression_only
green3-1.xls,green,sirloin tender steak,3,48,2.0,1,shear,shear,21,0.0375428,98.0288,-0.1664070525467759,False,0.10775616019964218,train,compression_only
green3-2.xls,green,sirloin tender steak,3,48,2.0,2,shear,shear,21,0.0379005,104.031,0.0,False,0.1087869182229042,train,compression_only
green3-4.xls,green,sirloin tender steak,3,48,2.0,4,shear,shear,21,0.038186,79.7022,-0.6745,False,0.10960972309112549,train,compression_only
green3-1.xls,green,sirloin tender steak,3,48,2.0,1,shear,shear,22,0.0375428,98.0288,-0.1664070525467759,False,0.10775616019964218,train,compression_only
green3-2.xls,green,sirloin tender steak,3,48,2.0,2,shear,shear,22,0.0379005,104.031,0.0,False,0.1087869182229042,train,compression_only
green3-4.xls,green,sirloin tender steak,3,48,2.0,4,shear,shear,22,0.038186,79.7022,-0.6745,False,0.10960972309112549,train,compression_only
green3-1.xls,green,sirloin tender steak,3,48,2.0,1,shear,shear,23,0.0459835,106.917,-0.17112140068071227,False,0.1321127563714981,train,compression_only
green3-2.xls,green,sirloin tender steak,3,48,2.0,2,shear,shear,23,0.0460385,114.207,0.0,False,0.1322716921567917,train,compression_only
green3-4.xls,green,sirloin tender steak,3,48,2.0,4,shear,shear,23,0.0473379,85.4724,-0.6745,False,0.1360279768705368,train,compression_only
green3-1.xls,green,sirloin tender steak,3,48,2.0,1,shear,shear,24,0.0459835,106.917,-0.17112140068071227,False,0.1321127563714981,train,compression_only
green3-2.xls,green,sirloin tender steak,3,48,2.0,2,shear,shear,24,0.0460385,114.207,0.0,False,0.1322716921567917,train,compression_only
green3-4.xls,green,sirloin tender steak,3,48,2.0,4,shear,shear,24,0.0473379,85.4724,-0.6745,False,0.1360279768705368,train,compression_only
green3-1.xls,green,sirloin tender steak,3,48,2.0,1,shear,shear,25,0.0459835,106.917,-0.17112140068071227,False,0.1321127563714981,train,compression_only
green3-2.xls,green,sirloin tender steak,3,48,2.0,2,shear,shear,25,0.0460385,114.207,0.0,False,0.1322716921567917,train,compression_only
green3-4.xls,green,sirloin tender steak,3,48,2.0,4,shear,shear,25,0.0473379,85.4724,-0.6745,False,0.1360279768705368,train,compression_only
green3-1.xls,green,sirloin tender steak,3,48,2.0,1,shear,shear,26,0.0459835,106.917,-0.17112140068071227,False,0.1321127563714981,train,compression_only
green3-2.xls,green,sirloin tender steak,3,48,2.0,2,shear,shear,26,0.0460385,114.207,0.0,False,0.1322716921567917,train,compression_only
green3-4.xls,green,sirloin tender steak,3,48,2.0,4,shear,shear,26,0.0473379,85.4724,-0.6745,False,0.1360279768705368,train,compression_only
green3-1.xls,green,sirloin tender steak,3,48,2.0,1,shear,shear,27,0.0544622,113.836,-0.12787104341316516,False,0.15665830671787262,train,compression_only
green3-2.xls,green,sirloin tender steak,3,48,2.0,2,shear,shear,27,0.0540673,120.471,0.0,False,0.15551312267780304,train,compression_only
green3-3.xls,green,sirloin tender steak,3,48,2.0,3,shear,shear,27,0.0525149,300.567,3.4708460338413527,False,0.15101313591003418,train,compression_only
green3-4.xls,green,sirloin tender steak,3,48,2.0,4,shear,shear,27,0.0473379,85.4724,-0.6745,False,0.1360279768705368,train,compression_only
green3-5.xls,green,sirloin tender steak,3,48,2.0,5,shear,shear,27,0.0515716,299.947,3.45889727017652,False,0.1482802778482437,test,compression_only
green3-1.xls,green,sirloin tender steak,3,48,2.0,1,shear,shear,28,0.0544622,113.836,-0.14290071716862093,False,0.15665830671787262,train,compression_only
green3-2.xls,green,sirloin tender steak,3,48,2.0,2,shear,shear,28,0.0540673,120.471,0.0,False,0.15551312267780304,train,compression_only
green3-4.xls,green,sirloin tender steak,3,48,2.0,4,shear,shear,28,0.0563551,89.1534,-0.6745,False,0.162150576710701,train,compression_only
green3-1.xls,green,sirloin tender steak,3,48,2.0,1,shear,shear,29,0.0544622,113.836,-0.14290071716862093,False,0.15665830671787262,train,compression_only
green3-2.xls,green,sirloin tender steak,3,48,2.0,2,shear,shear,29,0.0540673,120.471,0.0,False,0.15551312267780304,train,compression_only
green3-4.xls,green,sirloin tender steak,3,48,2.0,4,shear,shear,29,0.0563551,89.1534,-0.6745,False,0.162150576710701,train,compression_only
green3-1.xls,green,sirloin tender steak,3,48,2.0,1,shear,shear,30,0.0544622,113.836,-0.14290071716862093,False,0.15665830671787262,train,compression_only
green3-2.xls,green,sirloin tender steak,3,48,2.0,2,shear,shear,30,0.0540673,120.471,0.0,False,0.15551312267780304,train,compression_only
green3-4.xls,green,sirloin tender steak,3,48,2.0,4,shear,shear,30,0.0563551,89.1534,-0.6745,False,0.162150576710701,train,compression_only
green3-1.xls,green,sirloin tender steak,3,48,2.0,1,shear,shear,31,0.0628778,119.944,-0.07953344066738095,False,0.1811143010854721,train,compression_only
green3-2.xls,green,sirloin tender steak,3,48,2.0,2,shear,shear,31,0.0621438,124.06,0.0,False,0.17897723615169525,train,compression_only
green3-4.xls,green,sirloin tender steak,3,48,2.0,4,shear,shear,31,0.0563551,89.1534,-0.6745,False,0.162150576710701,train,compression_only
green3-1.xls,green,sirloin tender steak,3,48,2.0,1,shear,shear,32,0.0628778,119.944,-0.07953344066738095,False,0.1811143010854721,train,compression_only
green3-2.xls,green,sirloin tender steak,3,48,2.0,2,shear,shear,32,0.0621438,124.06,0.0,False,0.17897723615169525,train,compression_only
green3-4.xls,green,sirloin tender steak,3,48,2.0,4,shear,shear,32,0.0563551,89.1534,-0.6745,False,0.162150576710701,train,compression_only
green3-1.xls,green,sirloin tender steak,3,48,2.0,1,shear,shear,33,0.0628778,119.944,-0.08826355948369044,False,0.1811143010854721,train,compression_only
green3-2.xls,green,sirloin tender steak,3,48,2.0,2,shear,shear,33,0.0621438,124.06,0.0,False,0.17897723615169525,train,compression_only
green3-4.xls,green,sirloin tender steak,3,48,2.0,4,shear,shear,33,0.0654845,92.606,-0.6745,False,0.18871046602725983,train,compression_only
green3-1.xls,green,sirloin tender steak,3,48,2.0,1,shear,shear,34,0.0628778,119.944,-0.08826355948369044,False,0.1811143010854721,train,compression_only
green3-2.xls,green,sirloin tender steak,3,48,2.0,2,shear,shear,34,0.0621438,124.06,0.0,False,0.17897723615169525,train,compression_only
green3-4.xls,green,sirloin tender steak,3,48,2.0,4,shear,shear,34,0.0654845,92.606,-0.6745,False,0.18871046602725983,train,compression_only
green3-1.xls,green,sirloin tender steak,3,48,2.0,1,shear,shear,35,0.0628778,119.944,-0.10653717735477111,False,0.1811143010854721,train,compression_only
green3-2.xls,green,sirloin tender steak,3,48,2.0,2,shear,shear,35,0.0702084,125.072,0.0,False,0.2025040090084076,train,compression_only
green3-4.xls,green,sirloin tender steak,3,48,2.0,4,shear,shear,35,0.0654845,92.606,-0.6745,False,0.18871046602725983,train,compression_only
green3-1.xls,green,sirloin tender steak,3,48,2.0,1,shear,shear,36,0.071355,122.993,-0.043192432082794455,False,0.2058575600385666,train,compression_only
green3-2.xls,green,sirloin tender steak,3,48,2.0,2,shear,shear,36,0.0702084,125.072,0.0,False,0.2025040090084076,train,compression_only
green3-4.xls,green,sirloin tender steak,3,48,2.0,4,shear,shear,36,0.0654845,92.606,-0.6745,False,0.18871046602725983,train,compression_only
green3-1.xls,green,sirloin tender steak,3,48,2.0,1,shear,shear,37,0.071355,122.993,-0.04631612410986791,False,0.2058575600385666,train,compression_only
green3-2.xls,green,sirloin tender steak,3,48,2.0,2,shear,shear,37,0.0702084,125.072,0.0,False,0.2025040090084076,train,compression_only
green3-4.xls,green,sirloin tender steak,3,48,2.0,4,shear,shear,37,0.074602,94.7956,-0.6745,False,0.21536678075790405,train,compression_only
green3-1.xls,green,sirloin tender steak,3,48,2.0,1,shear,shear,38,0.071355,122.993,-0.04631612410986791,False,0.2058575600385666,train,compression_only
green3-2.xls,green,sirloin tender steak,3,48,2.0,2,shear,shear,38,0.0702084,125.072,0.0,False,0.2025040090084076,train,compression_only
green3-4.xls,green,sirloin tender steak,3,48,2.0,4,shear,shear,38,0.074602,94.7956,-0.6745,False,0.21536678075790405,train,compression_only
green3-1.xls,green,sirloin tender steak,3,48,2.0,1,shear,shear,39,0.071355,122.993,-0.06791380157170943,False,0.2058575600385666,train,compression_only
green3-2.xls,green,sirloin tender steak,3,48,2.0,2,shear,shear,39,0.0782958,126.15,0.0,False,0.22620755434036255,train,compression_only
green3-4.xls,green,sirloin tender steak,3,48,2.0,4,shear,shear,39,0.074602,94.7956,-0.6745,False,0.21536678075790405,train,compression_only
green3-1.xls,green,sirloin tender steak,3,48,2.0,1,shear,shear,40,0.07980229999999999,128.126,0.0,False,0.23063623905181885,train,compression_only
green3-2.xls,green,sirloin tender steak,3,48,2.0,2,shear,shear,40,0.0782958,126.15,-0.039987878933346106,False,0.22620755434036255,train,compression_only
green3-4.xls,green,sirloin tender steak,3,48,2.0,4,shear,shear,40,0.074602,94.7956,-0.6745,False,0.21536678075790405,train,compression_only
green3-1.xls,green,sirloin tender steak,3,48,2.0,1,shear,shear,41,0.07980229999999999,128.126,0.0,False,0.23063623905181885,train,compression_only
green3-2.xls,green,sirloin tender steak,3,48,2.0,2,shear,shear,41,0.0782958,126.15,-0.039987878933346106,False,0.22620755434036255,train,compression_only
green3-4.xls,green,sirloin tender steak,3,48,2.0,4,shear,shear,41,0.074602,94.7956,-0.6745,False,0.21536678075790405,train,compression_only
green3-1.xls,green,sirloin tender steak,3,48,2.0,1,shear,shear,42,0.07980229999999999,128.126,0.0,False,0.23063623905181885,train,compression_only
green3-2.xls,green,sirloin tender steak,3,48,2.0,2,shear,shear,42,0.0782958,126.15,-0.04655900343390516,False,0.22620755434036255,train,compression_only
green3-4.xls,green,sirloin tender steak,3,48,2.0,4,shear,shear,42,0.0836355,99.4997,-0.6745,False,0.24192456901073456,train,compression_only
green3-1.xls,green,sirloin tender steak,3,48,2.0,1,shear,shear,43,0.07980229999999999,128.126,0.0,False,0.23063623905181885,train,compression_only
green3-2.xls,green,sirloin tender steak,3,48,2.0,2,shear,shear,43,0.0863976,123.712,-0.10400376576784288,False,0.25007688999176025,train,compression_only
green3-4.xls,green,sirloin tender steak,3,48,2.0,4,shear,shear,43,0.0836355,99.4997,-0.6745,False,0.24192456901073456,train,compression_only
green3-1.xls,green,sirloin tender steak,3,48,2.0,1,shear,shear,44,0.08826890000000001,131.448,0.0,False,0.2556089162826538,train,compression_only
green3-2.xls,green,sirloin tender steak,3,48,2.0,2,shear,shear,44,0.0863976,123.712,-0.1633242457345149,False,0.25007688999176025,train,compression_only
green3-4.xls,green,sirloin tender steak,3,48,2.0,4,shear,shear,44,0.0836355,99.4997,-0.6745,False,0.24192456901073456,train,compression_only
green3-1.xls,green,sirloin tender steak,3,48,2.0,1,shear,shear,45,0.08826890000000001,131.448,0.0,False,0.2556089162826538,train,compression_only
green3-2.xls,green,sirloin tender steak,3,48,2.0,2,shear,shear,45,0.0863976,123.712,-0.1633242457345149,False,0.25007688999176025,train,compression_only
green3-4.xls,green,sirloin tender steak,3,48,2.0,4,shear,shear,45,0.0836355,99.4997,-0.6745,False,0.24192456901073456,train,compression_only
green3-1.xls,green,sirloin tender steak,3,48,2.0,1,shear,shear,46,0.08826890000000001,131.448,0.0,False,0.2556089162826538,train,compression_only
green3-2.xls,green,sirloin tender steak,3,48,2.0,2,shear,shear,46,0.0863976,123.712,-0.16732185345518688,False,0.25007688999176025,train,compression_only
green3-4.xls,green,sirloin tender steak,3,48,2.0,4,shear,shear,46,0.0927674,100.263,-0.6745,False,0.26893845200538635,train,compression_only
green3-1.xls,green,sirloin tender steak,3,48,2.0,1,shear,shear,47,0.0882681,131.448,0.0,False,0.25560662150382996,train,compression_only
green3-2.xls,green,sirloin tender steak,3,48,2.0,2,shear,shear,47,0.0944474,123.905,-0.1631474587141255,False,0.2739279568195343,train,compression_only
green3-4.xls,green,sirloin tender steak,3,48,2.0,4,shear,shear,47,0.0927674,100.263,-0.6745,False,0.26893845200538635,train,compression_only
green3-1.xls,green,sirloin tender steak,3,48,2.0,1,shear,shear,48,0.09669879999999999,135.3,0.0,False,0.2806246280670166,train,compression_only
green3-2.xls,green,sirloin tender steak,3,48,2.0,2,shear,shear,48,0.0944474,123.905,-0.21936602734252378,False,0.2739279568195343,train,compression_only
green3-4.xls,green,sirloin tender steak,3,48,2.0,4,shear,shear,48,0.0927674,100.263,-0.6745,False,0.26893845200538635,train,compression_only
green3-1.xls,green,sirloin tender steak,3,48,2.0,1,shear,shear,49,0.0966996,135.3,0.0,False,0.28062698245048523,train,compression_only
green3-2.xls,green,sirloin tender steak,3,48,2.0,2,shear,shear,49,0.0944474,123.905,-0.21936602734252378,False,0.2739279568195343,train,compression_only
green3-4.xls,green,sirloin tender steak,3,48,2.0,4,shear,shear,49,0.0927674,100.263,-0.6745,False,0.26893845200538635,train,compression_only
green3-1.xls,green,sirloin tender steak,3,48,2.0,1,shear,shear,50,0.0966996,135.3,0.0,False,0.28062698245048523,train,compression_only
green3-2.xls,green,sirloin tender steak,3,48,2.0,2,shear,shear,50,0.0944474,123.905,-0.21936602734252378,False,0.2739279568195343,train,compression_only
green3-4.xls,green,sirloin tender steak,3,48,2.0,4,shear,shear,50,0.0927674,100.263,-0.6745,False,0.26893845200538635,train,compression_only
green3-1.xls,green,sirloin tender steak,3,48,2.0,1,shear,shear,51,0.09669879999999999,135.3,0.0,False,0.2806246280670166,train,compression_only
green3-2.xls,green,sirloin tender steak,3,48,2.0,2,shear,shear,51,0.102536,125.187,-0.21542504105608912,False,0.298042356967926,train,compression_only
green3-4.xls,green,sirloin tender steak,3,48,2.0,4,shear,shear,51,0.101829,103.636,-0.6745,False,0.29592832922935486,train,compression_only
green3-1.xls,green,sirloin tender steak,3,48,2.0,1,shear,shear,52,0.09669879999999999,135.3,0.0,False,0.2806246280670166,train,compression_only
green3-2.xls,green,sirloin tender steak,3,48,2.0,2,shear,shear,52,0.102536,125.187,-0.21542504105608912,False,0.298042356967926,train,compression_only
green3-4.xls,green,sirloin tender steak,3,48,2.0,4,shear,shear,52,0.101829,103.636,-0.6745,False,0.29592832922935486,train,compression_only
green3-1.xls,green,sirloin tender steak,3,48,2.0,1,shear,shear,53,0.10517599999999999,138.982,0.0,False,0.3059472441673279,train,compression_only
green3-2.xls,green,sirloin tender steak,3,48,2.0,2,shear,shear,53,0.102536,125.187,-0.2632469727833418,False,0.298042356967926,train,compression_only
green3-4.xls,green,sirloin tender steak,3,48,2.0,4,shear,shear,53,0.101829,103.636,-0.6745,False,0.29592832922935486,train,compression_only
green3-1.xls,green,sirloin tender steak,3,48,2.0,1,shear,shear,54,0.10517599999999999,138.982,0.0,False,0.3059472441673279,train,compression_only
green3-2.xls,green,sirloin tender steak,3,48,2.0,2,shear,shear,54,0.102536,125.187,-0.2632469727833418,False,0.298042356967926,train,compression_only
green3-4.xls,green,sirloin tender steak,3,48,2.0,4,shear,shear,54,0.101829,103.636,-0.6745,False,0.29592832922935486,train,compression_only
green3-1.xls,green,sirloin tender steak,3,48,2.0,1,shear,shear,55,0.10517599999999999,138.982,0.0,False,0.3059472441673279,train,compression_only
green3-2.xls,green,sirloin tender steak,3,48,2.0,2,shear,shear,55,0.102536,125.187,-0.2632469727833418,False,0.298042356967926,train,compression_only
green3-4.xls,green,sirloin tender steak,3,48,2.0,4,shear,shear,55,0.101829,103.636,-0.6745,False,0.29592832922935486,train,compression_only
green3-1.xls,green,sirloin tender steak,3,48,2.0,1,shear,shear,56,0.10517599999999999,138.982,0.0,False,0.3059472441673279,train,compression_only
green3-2.xls,green,sirloin tender steak,3,48,2.0,2,shear,shear,56,0.110739,123.482,-0.30578385492834165,False,0.32266271114349365,train,compression_only
green3-4.xls,green,sirloin tender steak,3,48,2.0,4,shear,shear,56,0.110968,104.792,-0.6745,False,0.32335254549980164,train,compression_only
green3-1.xls,green,sirloin tender steak,3,48,2.0,1,shear,shear,57,0.11366899999999999,141.278,0.0,False,0.33149948716163635,train,compression_only
green3-2.xls,green,sirloin tender steak,3,48,2.0,2,shear,shear,57,0.110739,123.482,-0.3289865153757605,False,0.32266271114349365,train,compression_only
green3-4.xls,green,sirloin tender steak,3,48,2.0,4,shear,shear,57,0.110968,104.792,-0.6745,False,0.32335254549980164,train,compression_only
green3-1.xls,green,sirloin tender steak,3,48,2.0,1,shear,shear,58,0.11366899999999999,141.278,0.0,False,0.33149948716163635,train,compression_only
green3-2.xls,green,sirloin tender steak,3,48,2.0,2,shear,shear,58,0.110739,123.482,-0.3289865153757605,False,0.32266271114349365,train,compression_only
green3-4.xls,green,sirloin tender steak,3,48,2.0,4,shear,shear,58,0.110968,104.792,-0.6745,False,0.32335254549980164,train,compression_only
green3-1.xls,green,sirloin tender steak,3,48,2.0,1,shear,shear,59,0.11366899999999999,141.278,0.0,False,0.33149948716163635,train,compression_only
green3-2.xls,green,sirloin tender steak,3,48,2.0,2,shear,shear,59,0.11870900000000001,123.708,-0.32480855670668196,False,0.3467552661895752,train,compression_only
green3-4.xls,green,sirloin tender steak,3,48,2.0,4,shear,shear,59,0.110968,104.792,-0.6745,False,0.32335254549980164,train,compression_only
green3-1.xls,green,sirloin tender steak,3,48,2.0,1,shear,shear,60,0.11366899999999999,141.278,0.0,False,0.33149948716163635,train,compression_only
green3-2.xls,green,sirloin tender steak,3,48,2.0,2,shear,shear,60,0.11870900000000001,123.708,-0.3393358435459855,False,0.3467552661895752,train,compression_only
green3-4.xls,green,sirloin tender steak,3,48,2.0,4,shear,shear,60,0.12003899999999999,106.354,-0.6745,False,0.35079309344291687,train,compression_only
green3-1.xls,green,sirloin tender steak,3,48,2.0,1,shear,shear,61,0.122084,144.246,0.0,False,0.357011616230011,train,compression_only
green3-2.xls,green,sirloin tender steak,3,48,2.0,2,shear,shear,61,0.11870900000000001,123.708,-0.3655885411168585,False,0.3467552661895752,train,compression_only
green3-4.xls,green,sirloin tender steak,3,48,2.0,4,shear,shear,61,0.12003899999999999,106.354,-0.6745,False,0.35079309344291687,train,compression_only
green3-1.xls,green,sirloin tender steak,3,48,2.0,1,shear,shear,62,0.122084,144.246,0.0,False,0.357011616230011,train,compression_only
green3-2.xls,green,sirloin tender steak,3,48,2.0,2,shear,shear,62,0.11870900000000001,123.708,-0.3655885411168585,False,0.3467552661895752,train,compression_only
green3-4.xls,green,sirloin tender steak,3,48,2.0,4,shear,shear,62,0.12003899999999999,106.354,-0.6745,False,0.35079309344291687,train,compression_only
green3-1.xls,green,sirloin tender steak,3,48,2.0,1,shear,shear,63,0.122084,144.246,0.0,False,0.357011616230011,train,compression_only
green3-2.xls,green,sirloin tender steak,3,48,2.0,2,shear,shear,63,0.126767,123.156,-0.37541446743375906,False,0.3712984025478363,train,compression_only
green3-4.xls,green,sirloin tender steak,3,48,2.0,4,shear,shear,63,0.12003899999999999,106.354,-0.6745,False,0.35079309344291687,train,compression_only
green3-1.xls,green,sirloin tender steak,3,48,2.0,1,shear,shear,64,0.122084,144.246,0.0,False,0.357011616230011,train,compression_only
green3-2.xls,green,sirloin tender steak,3,48,2.0,2,shear,shear,64,0.126767,123.156,-0.37541446743375906,False,0.3712984025478363,train,compression_only
green3-4.xls,green,sirloin tender steak,3,48,2.0,4,shear,shear,64,0.12003899999999999,106.354,-0.6745,False,0.35079309344291687,train,compression_only
green3-1.xls,green,sirloin tender steak,3,48,2.0,1,shear,shear,65,0.130581,147.126,0.0,False,0.3829834461212158,train,compression_only
green3-2.xls,green,sirloin tender steak,3,48,2.0,2,shear,shear,65,0.126767,123.156,-0.4119070851698045,False,0.3712984025478363,train,compression_only
green3-4.xls,green,sirloin tender steak,3,48,2.0,4,shear,shear,65,0.12908899999999998,107.875,-0.6745,False,0.37840700149536133,train,compression_only
green3-1.xls,green,sirloin tender steak,3,48,2.0,1,shear,shear,66,0.130581,147.126,0.0,False,0.3829834461212158,train,compression_only
green3-2.xls,green,sirloin tender steak,3,48,2.0,2,shear,shear,66,0.126767,123.156,-0.4119070851698045,False,0.3712984025478363,train,compression_only
green3-4.xls,green,sirloin tender steak,3,48,2.0,4,shear,shear,66,0.12908899999999998,107.875,-0.6745,False,0.37840700149536133,train,compression_only
green3-1.xls,green,sirloin tender steak,3,48,2.0,1,shear,shear,67,0.130581,147.126,0.0,False,0.3829834461212158,train,compression_only
green3-2.xls,green,sirloin tender steak,3,48,2.0,2,shear,shear,67,0.134853,124.781,-0.3839826373850347,False,0.3961259424686432,train,compression_only
green3-4.xls,green,sirloin tender steak,3,48,2.0,4,shear,shear,67,0.12908899999999998,107.875,-0.6745,False,0.37840700149536133,train,compression_only
green3-1.xls,green,sirloin tender steak,3,48,2.0,1,shear,shear,68,0.130581,147.126,0.0,False,0.3829834461212158,train,compression_only
green3-2.xls,green,sirloin tender steak,3,48,2.0,2,shear,shear,68,0.134853,124.781,-0.3839826373850347,False,0.3961259424686432,train,compression_only
green3-4.xls,green,sirloin tender steak,3,48,2.0,4,shear,shear,68,0.12908899999999998,107.875,-0.6745,False,0.37840700149536133,train,compression_only
green3-1.xls,green,sirloin tender steak,3,48,2.0,1,shear,shear,69,0.13904,149.718,0.0,False,0.4090643525123596,train,compression_only
green3-2.xls,green,sirloin tender steak,3,48,2.0,2,shear,shear,69,0.134852,124.781,-0.4140207379510656,False,0.39612287282943726,train,compression_only
green3-4.xls,green,sirloin tender steak,3,48,2.0,4,shear,shear,69,0.138213,109.092,-0.6745,False,0.40650418400764465,train,compression_only
green3-1.xls,green,sirloin tender steak,3,48,2.0,1,shear,shear,70,0.13904,149.718,0.0,False,0.4090643525123596,train,compression_only
green3-2.xls,green,sirloin tender steak,3,48,2.0,2,shear,shear,70,0.134852,124.781,-0.4140207379510656,False,0.39612287282943726,train,compression_only
green3-4.xls,green,sirloin tender steak,3,48,2.0,4,shear,shear,70,0.138213,109.092,-0.6745,False,0.40650418400764465,train,compression_only
green3-1.xls,green,sirloin tender steak,3,48,2.0,1,shear,shear,71,0.13904,149.718,0.0,False,0.4090643525123596,train,compression_only
green3-2.xls,green,sirloin tender steak,3,48,2.0,2,shear,shear,71,0.134853,124.781,-0.4140207379510656,False,0.3961259424686432,train,compression_only
green3-4.xls,green,sirloin tender steak,3,48,2.0,4,shear,shear,71,0.138213,109.092,-0.6745,False,0.40650418400764465,train,compression_only
green3-1.xls,green,sirloin tender steak,3,48,2.0,1,shear,shear,72,0.13904,149.718,0.0,False,0.4090643525123596,train,compression_only
green3-2.xls,green,sirloin tender steak,3,48,2.0,2,shear,shear,72,0.14299699999999999,125.929,-0.39496087480923536,False,0.421345978975296,train,compression_only
green3-4.xls,green,sirloin tender steak,3,48,2.0,4,shear,shear,72,0.138213,109.092,-0.6745,False,0.40650418400764465,train,compression_only
green3-1.xls,green,sirloin tender steak,3,48,2.0,1,shear,shear,73,0.13904,149.718,0.0,False,0.4090643525123596,train,compression_only
green3-2.xls,green,sirloin tender steak,3,48,2.0,2,shear,shear,73,0.14299699999999999,125.929,-0.39496087480923536,False,0.421345978975296,train,compression_only
green3-4.xls,green,sirloin tender steak,3,48,2.0,4,shear,shear,73,0.138213,109.092,-0.6745,False,0.40650418400764465,train,compression_only
green3-1.xls,green,sirloin tender steak,3,48,2.0,1,shear,shear,74,0.147447,152.515,0.0,False,0.43522223830223083,train,compression_only
green3-2.xls,green,sirloin tender steak,3,48,2.0,2,shear,shear,74,0.14299699999999999,125.929,-0.411309165558053,False,0.421345978975296,train,compression_only
green3-4.xls,green,sirloin tender steak,3,48,2.0,4,shear,shear,74,0.14730600000000002,108.917,-0.6745,False,0.43478137254714966,train,compression_only
green3-1.xls,green,sirloin tender steak,3,48,2.0,1,shear,shear,75,0.147447,152.515,0.0,False,0.43522223830223083,train,compression_only
green3-2.xls,green,sirloin tender steak,3,48,2.0,2,shear,shear,75,0.14299699999999999,125.929,-0.411309165558053,False,0.421345978975296,train,compression_only
green3-4.xls,green,sirloin tender steak,3,48,2.0,4,shear,shear,75,0.14730600000000002,108.917,-0.6745,False,0.43478137254714966,train,compression_only
green3-1.xls,green,sirloin tender steak,3,48,2.0,1,shear,shear,76,0.147447,152.515,0.0,False,0.43522223830223083,train,compression_only
green3-2.xls,green,sirloin tender steak,3,48,2.0,2,shear,shear,76,0.151026,125.391,-0.4196325060782603,False,0.44643324613571167,train,compression_only
green3-4.xls,green,sirloin tender steak,3,48,2.0,4,shear,shear,76,0.14730600000000002,108.917,-0.6745,False,0.43478137254714966,train,compression_only
green3-1.xls,green,sirloin tender steak,3,48,2.0,1,shear,shear,77,0.147447,152.515,0.0,False,0.43522223830223083,train,compression_only
green3-2.xls,green,sirloin tender steak,3,48,2.0,2,shear,shear,77,0.151026,125.391,-0.4196325060782603,False,0.44643324613571167,train,compression_only
green3-4.xls,green,sirloin tender steak,3,48,2.0,4,shear,shear,77,0.14730600000000002,108.917,-0.6745,False,0.43478137254714966,train,compression_only
green3-1.xls,green,sirloin tender steak,3,48,2.0,1,shear,shear,78,0.15588,154.81,0.0,False,0.4617129862308502,train,compression_only
green3-2.xls,green,sirloin tender steak,3,48,2.0,2,shear,shear,78,0.151026,125.391,-0.4595760590129002,False,0.44643324613571167,train,compression_only
green3-4.xls,green,sirloin tender steak,3,48,2.0,4,shear,shear,78,0.156422,111.633,-0.6745,False,0.46342459321022034,train,compression_only
green3-1.xls,green,sirloin tender steak,3,48,2.0,1,shear,shear,79,0.15588,154.81,0.0,False,0.4617129862308502,train,compression_only
green3-2.xls,green,sirloin tender steak,3,48,2.0,2,shear,shear,79,0.151025,125.391,-0.4595760590129002,False,0.44643014669418335,train,compression_only
green3-4.xls,green,sirloin tender steak,3,48,2.0,4,shear,shear,79,0.156422,111.633,-0.6745,False,0.46342459321022034,train,compression_only
green3-1.xls,green,sirloin tender steak,3,48,2.0,1,shear,shear,80,0.15588,154.81,0.0,False,0.4617129862308502,train,compression_only
green3-2.xls,green,sirloin tender steak,3,48,2.0,2,shear,shear,80,0.159088,128.849,-0.40555607151955914,False,0.4718596637248993,train,compression_only
green3-4.xls,green,sirloin tender steak,3,48,2.0,4,shear,shear,80,0.156422,111.633,-0.6745,False,0.46342459321022034,train,compression_only
green3-1.xls,green,sirloin tender steak,3,48,2.0,1,shear,shear,81,0.15588,154.81,0.0,False,0.4617129862308502,train,compression_only
green3-2.xls,green,sirloin tender steak,3,48,2.0,2,shear,shear,81,0.159088,128.849,-0.40555607151955914,False,0.4718596637248993,train,compression_only
green3-4.xls,green,sirloin tender steak,3,48,2.0,4,shear,shear,81,0.156422,111.633,-0.6745,False,0.46342459321022034,train,compression_only
green3-1.xls,green,sirloin tender steak,3,48,2.0,1,shear,shear,82,0.16436599999999998,155.925,0.0,False,0.48863962292671204,train,compression_only
green3-2.xls,green,sirloin tender steak,3,48,2.0,2,shear,shear,82,0.159088,128.849,-0.4123264246365034,False,0.4718596637248993,train,compression_only
green3-4.xls,green,sirloin tender steak,3,48,2.0,4,shear,shear,82,0.156422,111.633,-0.6745,False,0.46342459321022034,train,compression_only
green3-5.xls,green,sirloin tender steak,3,48,2.0,5,shear,shear,82,0.155493,385.276,3.492667964869501,False,0.4604915380477905,test,compression_only
green3-1.xls,green,sirloin tender steak,3,48,2.0,1,shear,shear,83,0.16436599999999998,155.925,0.0,False,0.48863962292671204,train,compression_only
green3-2.xls,green,sirloin tender steak,3,48,2.0,2,shear,shear,83,0.159088,128.849,-0.42288616681331936,False,0.4718596637248993,train,compression_only
green3-4.xls,green,sirloin tender steak,3,48,2.0,4,shear,shear,83,0.165441,112.739,-0.6745,False,0.4920707046985626,train,compression_only
green3-1.xls,green,sirloin tender steak,3,48,2.0,1,shear,shear,84,0.16436599999999998,155.925,0.0,False,0.48863962292671204,train,compression_only
green3-2.xls,green,sirloin tender steak,3,48,2.0,2,shear,shear,84,0.1672,129.417,-0.41401486592877323,False,0.49769479036331177,train,compression_only
green3-4.xls,green,sirloin tender steak,3,48,2.0,4,shear,shear,84,0.165441,112.739,-0.6745,False,0.4920707046985626,train,compression_only
green3-1.xls,green,sirloin tender steak,3,48,2.0,1,shear,shear,85,0.16436599999999998,155.925,0.0,False,0.48863962292671204,train,compression_only
green3-2.xls,green,sirloin tender steak,3,48,2.0,2,shear,shear,85,0.1672,129.417,-0.41401486592877323,False,0.49769479036331177,train,compression_only
green3-4.xls,green,sirloin tender steak,3,48,2.0,4,shear,shear,85,0.165441,112.739,-0.6745,False,0.4920707046985626,train,compression_only
green3-1.xls,green,sirloin tender steak,3,48,2.0,1,shear,shear,86,0.17286300000000002,157.857,0.0,False,0.5158867835998535,train,compression_only
green3-2.xls,green,sirloin tender steak,3,48,2.0,2,shear,shear,86,0.1672,129.417,-0.4251691121060331,False,0.49769479036331177,train,compression_only
green3-4.xls,green,sirloin tender steak,3,48,2.0,4,shear,shear,86,0.165441,112.739,-0.6745,False,0.4920707046985626,train,compression_only
green3-5.xls,green,sirloin tender steak,3,48,2.0,5,shear,shear,86,0.16589099999999998,389.249,3.4592380867946284,False,0.49350839853286743,test,compression_only
green3-1.xls,green,sirloin tender steak,3,48,2.0,1,shear,shear,87,0.17286300000000002,157.857,0.0,False,0.5158867835998535,train,compression_only
green3-2.xls,green,sirloin tender steak,3,48,2.0,2,shear,shear,87,0.1672,129.417,-0.43354834335307146,False,0.49769479036331177,train,compression_only
green3-4.xls,green,sirloin tender steak,3,48,2.0,4,shear,shear,87,0.17454799999999998,113.611,-0.6745,False,0.5213251709938049,train,compression_only
green3-1.xls,green,sirloin tender steak,3,48,2.0,1,shear,shear,88,0.17286300000000002,157.857,0.0,False,0.5158867835998535,train,compression_only
green3-2.xls,green,sirloin tender steak,3,48,2.0,2,shear,shear,88,0.175248,132.444,-0.3874037992134884,False,0.5235880017280579,train,compression_only
green3-4.xls,green,sirloin tender steak,3,48,2.0,4,shear,shear,88,0.17454799999999998,113.611,-0.6745,False,0.5213251709938049,train,compression_only
green3-1.xls,green,sirloin tender steak,3,48,2.0,1,shear,shear,89,0.17286300000000002,157.857,0.0,False,0.5158867835998535,train,compression_only
green3-2.xls,green,sirloin tender steak,3,48,2.0,2,shear,shear,89,0.17525,132.444,-0.3874037992134884,False,0.5235945582389832,train,compression_only
green3-4.xls,green,sirloin tender steak,3,48,2.0,4,shear,shear,89,0.17454799999999998,113.611,-0.6745,False,0.5213251709938049,train,compression_only
green3-1.xls,green,sirloin tender steak,3,48,2.0,1,shear,shear,90,0.17286300000000002,157.857,0.0,False,0.5158867835998535,train,compression_only
green3-2.xls,green,sirloin tender steak,3,48,2.0,2,shear,shear,90,0.17525,132.444,-0.3874037992134884,False,0.5235945582389832,train,compression_only
green3-4.xls,green,sirloin tender steak,3,48,2.0,4,shear,shear,90,0.17454799999999998,113.611,-0.6745,False,0.5213251709938049,train,compression_only
green3-1.xls,green,sirloin tender steak,3,48,2.0,1,shear,shear,91,0.18128799999999998,159.826,0.0,False,0.5431996583938599,train,compression_only
green3-2.xls,green,sirloin tender steak,3,48,2.0,2,shear,shear,91,0.17525,132.444,-0.39963559450394914,False,0.5235945582389832,train,compression_only
green3-4.xls,green,sirloin tender steak,3,48,2.0,4,shear,shear,91,0.17454699999999998,113.611,-0.6745,False,0.5213218927383423,train,compression_only
green3-5.xls,green,sirloin tender steak,3,48,2.0,5,shear,shear,91,0.176333,391.83,3.386058595694039,False,0.5270994901657104,test,compression_only
green3-1.xls,green,sirloin tender steak,3,48,2.0,1,shear,shear,92,0.18128799999999998,159.826,0.0,False,0.5431996583938599,train,compression_only
green3-2.xls,green,sirloin tender steak,3,48,2.0,2,shear,shear,92,0.183328,135.378,-0.35193307153833037,False,0.5498591661453247,train,compression_only
green3-4.xls,green,sirloin tender steak,3,48,2.0,4,shear,shear,92,0.183621,112.97,-0.6745,False,0.5508171916007996,train,compression_only
green3-5.xls,green,sirloin tender steak,3,48,2.0,5,shear,shear,92,0.176333,391.83,3.339736597234079,False,0.5270994901657104,test,compression_only
green3-1.xls,green,sirloin tender steak,3,48,2.0,1,shear,shear,93,0.18128799999999998,159.826,0.0,False,0.5431996583938599,train,compression_only
green3-2.xls,green,sirloin tender steak,3,48,2.0,2,shear,shear,93,0.183328,135.378,-0.35193307153833037,False,0.5498591661453247,train,compression_only
green3-4.xls,green,sirloin tender steak,3,48,2.0,4,shear,shear,93,0.183622,112.97,-0.6745,False,0.550820529460907,train,compression_only
green3-5.xls,green,sirloin tender steak,3,48,2.0,5,shear,shear,93,0.176333,391.83,3.339736597234079,False,0.5270994901657104,test,compression_only
green3-1.xls,green,sirloin tender steak,3,48,2.0,1,shear,shear,94,0.18128799999999998,159.826,0.0,False,0.5431996583938599,train,compression_only
green3-2.xls,green,sirloin tender steak,3,48,2.0,2,shear,shear,94,0.183328,135.378,-0.35193307153833037,False,0.5498591661453247,train,compression_only
green3-4.xls,green,sirloin tender steak,3,48,2.0,4,shear,shear,94,0.183622,112.97,-0.6745,False,0.550820529460907,train,compression_only
green3-5.xls,green,sirloin tender steak,3,48,2.0,5,shear,shear,94,0.186738,398.067,3.4295192611405163,False,0.5610321164131165,test,compression_only
green3-1.xls,green,sirloin tender steak,3,48,2.0,1,shear,shear,95,0.18967900000000001,162.675,0.0,False,0.5707103610038757,train,compression_only
green3-2.xls,green,sirloin tender steak,3,48,2.0,2,shear,shear,95,0.183327,135.378,-0.3704220199175136,False,0.5498558282852173,train,compression_only
green3-4.xls,green,sirloin tender steak,3,48,2.0,4,shear,shear,95,0.183622,112.97,-0.6745,False,0.550820529460907,train,compression_only
green3-5.xls,green,sirloin tender steak,3,48,2.0,5,shear,shear,95,0.186738,398.067,3.194284357710491,False,0.5610321164131165,test,compression_only
green3-1.xls,green,sirloin tender steak,3,48,2.0,1,shear,shear,96,0.18967900000000001,162.675,0.0,False,0.5707103610038757,train,compression_only
green3-2.xls,green,sirloin tender steak,3,48,2.0,2,shear,shear,96,0.191388,136.341,-0.37803352062316425,False,0.576352596282959,train,compression_only
green3-4.xls,green,sirloin tender steak,3,48,2.0,4,shear,shear,96,0.19278199999999998,115.689,-0.6745,False,0.5809646844863892,train,compression_only
green3-5.xls,green,sirloin tender steak,3,48,2.0,5,shear,shear,96,0.186738,398.067,3.3791321670284753,False,0.5610321164131165,test,compression_only
green3-1.xls,green,sirloin tender steak,3,48,2.0,1,shear,shear,97,0.18967900000000001,162.675,0.0,False,0.5707103610038757,train,compression_only
green3-2.xls,green,sirloin tender steak,3,48,2.0,2,shear,shear,97,0.191388,136.341,-0.37803352062316425,False,0.576352596282959,train,compression_only
green3-4.xls,green,sirloin tender steak,3,48,2.0,4,shear,shear,97,0.19278199999999998,115.689,-0.6745,False,0.5809646844863892,train,compression_only
green3-5.xls,green,sirloin tender steak,3,48,2.0,5,shear,shear,97,0.186738,398.067,3.3791321670284753,False,0.5610321164131165,test,compression_only
green3-1.xls,green,sirloin tender steak,3,48,2.0,1,shear,shear,98,0.18967900000000001,162.675,0.0,False,0.5707103610038757,train,compression_only
green3-2.xls,green,sirloin tender steak,3,48,2.0,2,shear,shear,98,0.191388,136.341,-0.37803352062316425,False,0.576352596282959,train,compression_only
green3-4.xls,green,sirloin tender steak,3,48,2.0,4,shear,shear,98,0.19278199999999998,115.689,-0.6745,False,0.5809646844863892,train,compression_only
green3-5.xls,green,sirloin tender steak,3,48,2.0,5,shear,shear,98,0.186738,398.067,3.3791321670284753,False,0.5610321164131165,test,compression_only
green3-1.xls,green,sirloin tender steak,3,48,2.0,1,shear,shear,99,0.19813099999999997,164.578,0.0,False,0.5987464785575867,train,compression_only
green3-2.xls,green,sirloin tender steak,3,48,2.0,2,shear,shear,99,0.191388,136.341,-0.3895734521057905,False,0.5763526558876038,train,compression_only
green3-4.xls,green,sirloin tender steak,3,48,2.0,4,shear,shear,99,0.19278199999999998,115.689,-0.6745,False,0.5809648036956787,train,compression_only
green3-5.xls,green,sirloin tender steak,3,48,2.0,5,shear,shear,99,0.197054,398.504,3.2273739900591125,False,0.5951554775238037,test,compression_only
