file_name,color,cut_name,freshness_index,time_hours,time_days,sample_num,mode,loading,point_index,deformation,stress_pa,stress_std_pa,n_used,n_total,used_samples,used_files,dropped_samples
aggregated,green,sirloin steak,1,0,0.0,0,shear,shear,1,0.003208110367346939,28.455425446304126,40.19722816113915,5,5,"1,2,3,4,5","green1-1.xls,green1-2.xls,green1-3.xls,green1-4.xls,green1-5.xls",
aggregated,green,sirloin steak,1,0,0.0,0,shear,shear,2,0.0072732747346938775,56.04260424400627,34.261652892487724,5,5,"1,2,3,4,5","green1-1.xls,green1-2.xls,green1-3.xls,green1-4.xls,green1-5.xls",
aggregated,green,sirloin steak,1,0,0.0,0,shear,shear,3,0.011338439102040817,78.79648993328347,33.08254752055289,5,5,"1,2,3,4,5","green1-1.xls,green1-2.xls,green1-3.xls,green1-4.xls,green1-5.xls",
aggregated,green,sirloin steak,1,0,0.0,0,shear,shear,4,0.015403603469387756,110.77390955761209,34.33815535007908,5,5,"1,2,3,4,5","green1-1.xls,green1-2.xls,green1-3.xls,green1-4.xls,green1-5.xls",
aggregated,green,sirloin steak,1,0,0.0,0,shear,shear,5,0.019468767836734697,143.95256725228305,35.75588274991629,5,5,"1,2,3,4,5","green1-1.xls,green1-2.xls,green1-3.xls,green1-4.xls,green1-5.xls",
aggregated,green,sirloin steak,1,0,0.0,0,shear,shear,6,0.023533932204081634,166.193941189672,36.144145399929194,5,5,"1,2,3,4,5","green1-1.xls,green1-2.xls,green1-3.xls,green1-4.xls,green1-5.xls",
aggregated,green,sirloin steak,1,0,0.0,0,shear,shear,7,0.02759909657142857,185.29792681543728,36.709389585830394,5,5,"1,2,3,4,5","green1-1.xls,green1-2.xls,green1-3.xls,green1-4.xls,green1-5.xls",
aggregated,green,sirloin steak,1,0,0.0,0,shear,shear,8,0.03166426093877551,201.66042047995194,37.5224897742237,5,5,"1,2,3,4,5","green1-1.xls,green1-2.xls,green1-3.xls,green1-4.xls,green1-5.xls",
aggregated,green,sirloin steak,1,0,0.0,0,shear,shear,9,0.03572942530612245,216.8407499781143,38.374405136049944,5,5,"1,2,3,4,5","green1-1.xls,green1-2.xls,green1-3.xls,green1-4.xls,green1-5.xls",
aggregated,green,sirloin steak,1,0,0.0,0,shear,shear,10,0.03979458967346939,230.52651016432256,39.28781968210627,5,5,"1,2,3,4,5","green1-1.xls,green1-2.xls,green1-3.xls,green1-4.xls,green1-5.xls",
aggregated,green,sirloin steak,1,0,0.0,0,shear,shear,11,0.04385975404081632,243.4738186328084,40.09686872937224,5,5,"1,2,3,4,5","green1-1.xls,green1-2.xls,green1-3.xls,green1-4.xls,green1-5.xls",
aggregated,green,sirloin steak,1,0,0.0,0,shear,shear,12,0.047924918408163264,254.85459692946856,41.13057219043499,5,5,"1,2,3,4,5","green1-1.xls,green1-2.xls,green1-3.xls,green1-4.xls,green1-5.xls",
aggregated,green,sirloin steak,1,0,0.0,0,shear,shear,13,0.051990082775510205,265.5561228826499,42.326771770821544,5,5,"1,2,3,4,5","green1-1.xls,green1-2.xls,green1-3.xls,green1-4.xls,green1-5.xls",
aggregated,green,sirloin steak,1,0,0.0,0,shear,shear,14,0.05605524714285714,275.5366634440153,43.22661476822735,5,5,"1,2,3,4,5","green1-1.xls,green1-2.xls,green1-3.xls,green1-4.xls,green1-5.xls",
aggregated,green,sirloin steak,1,0,0.0,0,shear,shear,15,0.06012041151020408,285.1458108725609,44.0793607033607,5,5,"1,2,3,4,5","green1-1.xls,green1-2.xls,green1-3.xls,green1-4.xls,green1-5.xls",
aggregated,green,sirloin steak,1,0,0.0,0,shear,shear,16,0.06418557587755103,293.8895420148414,45.111960726405265,5,5,"1,2,3,4,5","green1-1.xls,green1-2.xls,green1-3.xls,green1-4.xls,green1-5.xls",
aggregated,green,sirloin steak,1,0,0.0,0,shear,shear,17,0.06825074024489797,302.31111248912134,46.32426824857686,5,5,"1,2,3,4,5","green1-1.xls,green1-2.xls,green1-3.xls,green1-4.xls,green1-5.xls",
aggregated,green,sirloin steak,1,0,0.0,0,shear,shear,18,0.07231590461224491,310.05678725928067,47.52128653960468,5,5,"1,2,3,4,5","green1-1.xls,green1-2.xls,green1-3.xls,green1-4.xls,green1-5.xls",
aggregated,green,sirloin steak,1,0,0.0,0,shear,shear,19,0.07638106897959185,317.463817974466,48.930962957786754,5,5,"1,2,3,4,5","green1-1.xls,green1-2.xls,green1-3.xls,green1-4.xls,green1-5.xls",
aggregated,green,sirloin steak,1,0,0.0,0,shear,shear,20,0.08044623334693879,323.7461230838404,50.480263969647,5,5,"1,2,3,4,5","green1-1.xls,green1-2.xls,green1-3.xls,green1-4.xls,green1-5.xls",
aggregated,green,sirloin steak,1,0,0.0,0,shear,shear,21,0.08451139771428572,329.8053039783355,52.30369130077439,5,5,"1,2,3,4,5","green1-1.xls,green1-2.xls,green1-3.xls,green1-4.xls,green1-5.xls",
aggregated,green,sirloin steak,1,0,0.0,0,shear,shear,22,0.08857656208163266,335.8233697688498,54.16114880601665,5,5,"1,2,3,4,5","green1-1.xls,green1-2.xls,green1-3.xls,green1-4.xls,green1-5.xls",
aggregated,green,sirloin steak,1,0,0.0,0,shear,shear,23,0.0926417264489796,341.6885680850945,56.11247798264338,5,5,"1,2,3,4,5","green1-1.xls,green1-2.xls,green1-3.xls,green1-4.xls,green1-5.xls",
aggregated,green,sirloin steak,1,0,0.0,0,shear,shear,24,0.09670689081632654,347.09767333869297,58.40081353503704,5,5,"1,2,3,4,5","green1-1.xls,green1-2.xls,green1-3.xls,green1-4.xls,green1-5.xls",
aggregated,green,sirloin steak,1,0,0.0,0,shear,shear,25,0.10077205518367348,352.31777635363994,60.745668712355084,5,5,"1,2,3,4,5","green1-1.xls,green1-2.xls,green1-3.xls,green1-4.xls,green1-5.xls",
aggregated,green,sirloin steak,1,0,0.0,0,shear,shear,26,0.10483721955102042,357.39001425368343,62.956140293931156,5,5,"1,2,3,4,5","green1-1.xls,green1-2.xls,green1-3.xls,green1-4.xls,green1-5.xls",
aggregated,green,sirloin steak,1,0,0.0,0,shear,shear,27,0.10890238391836736,362.2128914516329,65.09943768537345,5,5,"1,2,3,4,5","green1-1.xls,green1-2.xls,green1-3.xls,green1-4.xls,green1-5.xls",
aggregated,green,sirloin steak,1,0,0.0,0,shear,shear,28,0.11296754828571429,366.63014434384695,67.3762759762643,5,5,"1,2,3,4,5","green1-1.xls,green1-2.xls,green1-3.xls,green1-4.xls,green1-5.xls",
aggregated,green,sirloin steak,1,0,0.0,0,shear,shear,29,0.11703271265306123,370.88039470790716,69.69663149633213,5,5,"1,2,3,4,5","green1-1.xls,green1-2.xls,green1-3.xls,green1-4.xls,green1-5.xls",
aggregated,green,sirloin steak,1,0,0.0,0,shear,shear,30,0.12109787702040817,375.2392983962351,71.835980018231,5,5,"1,2,3,4,5","green1-1.xls,green1-2.xls,green1-3.xls,green1-4.xls,green1-5.xls",
aggregated,green,sirloin steak,1,0,0.0,0,shear,shear,31,0.1251630413877551,379.44941958321954,73.82915524342764,5,5,"1,2,3,4,5","green1-1.xls,green1-2.xls,green1-3.xls,green1-4.xls,green1-5.xls",
aggregated,green,sirloin steak,1,0,0.0,0,shear,shear,32,0.12922820575510205,383.4969879301229,75.78635451876872,5,5,"1,2,3,4,5","green1-1.xls,green1-2.xls,green1-3.xls,green1-4.xls,green1-5.xls",
aggregated,green,sirloin steak,1,0,0.0,0,shear,shear,33,0.133293370122449,387.4041891348326,77.59524363879315,5,5,"1,2,3,4,5","green1-1.xls,green1-2.xls,green1-3.xls,green1-4.xls,green1-5.xls",
aggregated,green,sirloin steak,1,0,0.0,0,shear,shear,34,0.13735853448979593,390.9419539504985,79.41004027173867,5,5,"1,2,3,4,5","green1-1.xls,green1-2.xls,green1-3.xls,green1-4.xls,green1-5.xls",
aggregated,green,sirloin steak,1,0,0.0,0,shear,shear,35,0.14142369885714287,394.39980460371964,81.27061190743002,5,5,"1,2,3,4,5","green1-1.xls,green1-2.xls,green1-3.xls,green1-4.xls,green1-5.xls",
aggregated,green,sirloin steak,1,0,0.0,0,shear,shear,36,0.1454888632244898,397.8921892002086,83.14794960706394,5,5,"1,2,3,4,5","green1-1.xls,green1-2.xls,green1-3.xls,green1-4.xls,green1-5.xls",
aggregated,green,sirloin steak,1,0,0.0,0,shear,shear,37,0.14955402759183675,401.21836405848387,85.03960455056648,5,5,"1,2,3,4,5","green1-1.xls,green1-2.xls,green1-3.xls,green1-4.xls,green1-5.xls",
aggregated,green,sirloin steak,1,0,0.0,0,shear,shear,38,0.1536191919591837,404.2115650584189,86.80792002701897,5,5,"1,2,3,4,5","green1-1.xls,green1-2.xls,green1-3.xls,green1-4.xls,green1-5.xls",
aggregated,green,sirloin steak,1,0,0.0,0,shear,shear,39,0.15768435632653063,407.262612825763,88.52778713944706,5,5,"1,2,3,4,5","green1-1.xls,green1-2.xls,green1-3.xls,green1-4.xls,green1-5.xls",
aggregated,green,sirloin steak,1,0,0.0,0,shear,shear,40,0.16174952069387757,410.04193418910063,90.89233969643882,5,5,"1,2,3,4,5","green1-1.xls,green1-2.xls,green1-3.xls,green1-4.xls,green1-5.xls",
aggregated,green,sirloin steak,1,0,0.0,0,shear,shear,41,0.1658146850612245,412.6828449409253,93.32177429188127,5,5,"1,2,3,4,5","green1-1.xls,green1-2.xls,green1-3.xls,green1-4.xls,green1-5.xls",
aggregated,green,sirloin steak,1,0,0.0,0,shear,shear,42,0.16987984942857143,414.7682057445116,96.32985846026622,5,5,"1,2,3,4,5","green1-1.xls,green1-2.xls,green1-3.xls,green1-4.xls,green1-5.xls",
aggregated,green,sirloin steak,1,0,0.0,0,shear,shear,43,0.17394501379591837,416.8396989815781,99.3943178038479,5,5,"1,2,3,4,5","green1-1.xls,green1-2.xls,green1-3.xls,green1-4.xls,green1-5.xls",
aggregated,green,sirloin steak,1,0,0.0,0,shear,shear,44,0.1780101781632653,419.04943450687506,102.24074290198166,5,5,"1,2,3,4,5","green1-1.xls,green1-2.xls,green1-3.xls,green1-4.xls,green1-5.xls",
aggregated,green,sirloin steak,1,0,0.0,0,shear,shear,45,0.18207534253061225,421.1568095264499,104.97582762823497,5,5,"1,2,3,4,5","green1-1.xls,green1-2.xls,green1-3.xls,green1-4.xls,green1-5.xls",
aggregated,green,sirloin steak,1,0,0.0,0,shear,shear,46,0.1861405068979592,423.1953041522073,107.4609837226234,5,5,"1,2,3,4,5","green1-1.xls,green1-2.xls,green1-3.xls,green1-4.xls,green1-5.xls",
aggregated,green,sirloin steak,1,0,0.0,0,shear,shear,47,0.19020567126530613,425.4236770090216,109.97904564578809,5,5,"1,2,3,4,5","green1-1.xls,green1-2.xls,green1-3.xls,green1-4.xls,green1-5.xls",
aggregated,green,sirloin steak,1,0,0.0,0,shear,shear,48,0.19427083563265307,387.84238127872254,87.25997531239271,4,4,"2,3,4,5","green1-2.xls,green1-3.xls,green1-4.xls,green1-5.xls",1
aggregated,green,sirloin steak,1,0,0.0,0,uniaxial,compression,1,0.8213001018884398,-2132.423238415987,425.1151476138475,5,5,"1,2,3,4,5","green1-1.xls,green1-2.xls,green1-3.xls,green1-4.xls,green1-5.xls",
aggregated,green,sirloin steak,1,0,0.0,0,uniaxial,compression,2,0.8254520740867027,-2087.50985391596,411.6881538719844,5,5,"1,2,3,4,5","green1-1.xls,green1-2.xls,green1-3.xls,green1-4.xls,green1-5.xls",
aggregated,green,sirloin steak,1,0,0.0,0,uniaxial,compression,3,0.8296040462849656,-2042.5964694159331,398.8076264965395,5,5,"1,2,3,4,5","green1-1.xls,green1-2.xls,green1-3.xls,green1-4.xls,green1-5.xls",
aggregated,green,sirloin steak,1,0,0.0,0,uniaxial,compression,4,0.8337560184832286,-1997.6830849159057,386.5282000974646,5,5,"1,2,3,4,5","green1-1.xls,green1-2.xls,green1-3.xls,green1-4.xls,green1-5.xls",
aggregated,green,sirloin steak,1,0,0.0,0,uniaxial,compression,5,0.8379079906814915,-1952.5690492565925,374.07942046143216,5,5,"1,2,3,4,5","green1-1.xls,green1-2.xls,green1-3.xls,green1-4.xls,green1-5.xls",
aggregated,green,sirloin steak,1,0,0.0,0,uniaxial,compression,6,0.8420599628797544,-1914.9290016475038,360.20655524893704,5,5,"1,2,3,4,5","green1-1.xls,green1-2.xls,green1-3.xls,green1-4.xls,green1-5.xls",
aggregated,green,sirloin steak,1,0,0.0,0,uniaxial,compression,7,0.8462119350780173,-1878.4000877539438,347.6889504814423,5,5,"1,2,3,4,5","green1-1.xls,green1-2.xls,green1-3.xls,green1-4.xls,green1-5.xls",
aggregated,green,sirloin steak,1,0,0.0,0,uniaxial,compression,8,0.8503639072762802,-1841.871173860383,335.27459263007853,5,5,"1,2,3,4,5","green1-1.xls,green1-2.xls,green1-3.xls,green1-4.xls,green1-5.xls",
aggregated,green,sirloin steak,1,0,0.0,0,uniaxial,compression,9,0.8545158794745431,-1805.3422599668224,322.9753875660498,5,5,"1,2,3,4,5","green1-1.xls,green1-2.xls,green1-3.xls,green1-4.xls,green1-5.xls",
aggregated,green,sirloin steak,1,0,0.0,0,uniaxial,compression,10,0.858667851672806,-1769.6342491790608,312.8151204202616,5,5,"1,2,3,4,5","green1-1.xls,green1-2.xls,green1-3.xls,green1-4.xls,green1-5.xls",
aggregated,green,sirloin steak,1,0,0.0,0,uniaxial,compression,11,0.8628198238710689,-1733.5675612854254,304.6207777063523,5,5,"1,2,3,4,5","green1-1.xls,green1-2.xls,green1-3.xls,green1-4.xls,green1-5.xls",
aggregated,green,sirloin steak,1,0,0.0,0,uniaxial,compression,12,0.8669717960693318,-1697.50087339179,297.04850756780013,5,5,"1,2,3,4,5","green1-1.xls,green1-2.xls,green1-3.xls,green1-4.xls,green1-5.xls",
aggregated,green,sirloin steak,1,0,0.0,0,uniaxial,compression,13,0.8711237682675947,-1661.4341854981546,290.1470187285166,5,5,"1,2,3,4,5","green1-1.xls,green1-2.xls,green1-3.xls,green1-4.xls,green1-5.xls",
aggregated,green,sirloin steak,1,0,0.0,0,uniaxial,compression,14,0.8752757404658577,-1625.3674976045193,283.96522339326924,5,5,"1,2,3,4,5","green1-1.xls,green1-2.xls,green1-3.xls,green1-4.xls,green1-5.xls",
aggregated,green,sirloin steak,1,0,0.0,0,uniaxial,compression,15,0.8794277126641206,-1591.1034359539085,276.79728062072604,5,5,"1,2,3,4,5","green1-1.xls,green1-2.xls,green1-3.xls,green1-4.xls,green1-5.xls",
aggregated,green,sirloin steak,1,0,0.0,0,uniaxial,compression,16,0.8835796848623835,-1563.1748746218066,269.72376224500476,5,5,"1,2,3,4,5","green1-1.xls,green1-2.xls,green1-3.xls,green1-4.xls,green1-5.xls",
aggregated,green,sirloin steak,1,0,0.0,0,uniaxial,compression,17,0.8877316570606464,-1535.2463132897049,262.83894753748376,5,5,"1,2,3,4,5","green1-1.xls,green1-2.xls,green1-3.xls,green1-4.xls,green1-5.xls",
aggregated,green,sirloin steak,1,0,0.0,0,uniaxial,compression,18,0.8918836292589093,-1507.317751957603,256.1580524365099,5,5,"1,2,3,4,5","green1-1.xls,green1-2.xls,green1-3.xls,green1-4.xls,green1-5.xls",
aggregated,green,sirloin steak,1,0,0.0,0,uniaxial,compression,19,0.8960356014571722,-1479.3891906255017,249.69744567368076,5,5,"1,2,3,4,5","green1-1.xls,green1-2.xls,green1-3.xls,green1-4.xls,green1-5.xls",
aggregated,green,sirloin steak,1,0,0.0,0,uniaxial,compression,20,0.900187573655435,-1451.982443069927,245.9111164497063,5,5,"1,2,3,4,5","green1-1.xls,green1-2.xls,green1-3.xls,green1-4.xls,green1-5.xls",
aggregated,green,sirloin steak,1,0,0.0,0,uniaxial,compression,21,0.904339545853698,-1423.6700980671112,243.90947338029963,5,5,"1,2,3,4,5","green1-1.xls,green1-2.xls,green1-3.xls,green1-4.xls,green1-5.xls",
aggregated,green,sirloin steak,1,0,0.0,0,uniaxial,compression,22,0.9084915180519608,-1395.3577530642967,242.62266258480696,5,5,"1,2,3,4,5","green1-1.xls,green1-2.xls,green1-3.xls,green1-4.xls,green1-5.xls",
aggregated,green,sirloin steak,1,0,0.0,0,uniaxial,compression,23,0.9126434902502238,-1367.045408061481,242.0620845543534,5,5,"1,2,3,4,5","green1-1.xls,green1-2.xls,green1-3.xls,green1-4.xls,green1-5.xls",
aggregated,green,sirloin steak,1,0,0.0,0,uniaxial,compression,24,0.9167954624484866,-1338.7330630586666,242.2327813113426,5,5,"1,2,3,4,5","green1-1.xls,green1-2.xls,green1-3.xls,green1-4.xls,green1-5.xls",
aggregated,green,sirloin steak,1,0,0.0,0,uniaxial,compression,25,0.9209474346467496,-1311.2605795222705,238.71672418118195,5,5,"1,2,3,4,5","green1-1.xls,green1-2.xls,green1-3.xls,green1-4.xls,green1-5.xls",
aggregated,green,sirloin steak,1,0,0.0,0,uniaxial,compression,26,0.9250994068450125,-1285.7775524905105,234.0885552905615,5,5,"1,2,3,4,5","green1-1.xls,green1-2.xls,green1-3.xls,green1-4.xls,green1-5.xls",
aggregated,green,sirloin steak,1,0,0.0,0,uniaxial,compression,27,0.9292513790432754,-1260.2945254587507,229.55036785962793,5,5,"1,2,3,4,5","green1-1.xls,green1-2.xls,green1-3.xls,green1-4.xls,green1-5.xls",
aggregated,green,sirloin steak,1,0,0.0,0,uniaxial,compression,28,0.9334033512415383,-1234.811498426991,225.10760405459266,5,5,"1,2,3,4,5","green1-1.xls,green1-2.xls,green1-3.xls,green1-4.xls,green1-5.xls",
aggregated,green,sirloin steak,1,0,0.0,0,uniaxial,compression,29,0.9375553234398012,-1209.3284713952312,220.76602495435853,5,5,"1,2,3,4,5","green1-1.xls,green1-2.xls,green1-3.xls,green1-4.xls,green1-5.xls",
aggregated,green,sirloin steak,1,0,0.0,0,uniaxial,compression,30,0.9417072956380641,-1178.58273814483,217.13604237593668,5,5,"1,2,3,4,5","green1-1.xls,green1-2.xls,green1-3.xls,green1-4.xls,green1-5.xls",
aggregated,green,sirloin steak,1,0,0.0,0,uniaxial,compression,31,0.945859267836327,-1146.0992382242828,214.6632344572967,5,5,"1,2,3,4,5","green1-1.xls,green1-2.xls,green1-3.xls,green1-4.xls,green1-5.xls",
aggregated,green,sirloin steak,1,0,0.0,0,uniaxial,compression,32,0.9500112400345899,-1113.615738303736,212.84656680644142,5,5,"1,2,3,4,5","green1-1.xls,green1-2.xls,green1-3.xls,green1-4.xls,green1-5.xls",
aggregated,green,sirloin steak,1,0,0.0,0,uniaxial,compression,33,0.9541632122328528,-1081.132238383189,211.70293153271714,5,5,"1,2,3,4,5","green1-1.xls,green1-2.xls,green1-3.xls,green1-4.xls,green1-5.xls",
aggregated,green,sirloin steak,1,0,0.0,0,uniaxial,compression,34,0.9583151844311157,-1048.0647859121646,210.7603767632158,5,5,"1,2,3,4,5","green1-1.xls,green1-2.xls,green1-3.xls,green1-4.xls,green1-5.xls",
aggregated,green,sirloin steak,1,0,0.0,0,uniaxial,compression,35,0.9624671566293787,-1002.4475767665429,204.73978337814845,5,5,"1,2,3,4,5","green1-1.xls,green1-2.xls,green1-3.xls,green1-4.xls,green1-5.xls",
aggregated,green,sirloin steak,1,0,0.0,0,uniaxial,compression,36,0.9666191288276416,-956.7158615705303,199.34553648987995,5,5,"1,2,3,4,5","green1-1.xls,green1-2.xls,green1-3.xls,green1-4.xls,green1-5.xls",
aggregated,green,sirloin steak,1,0,0.0,0,uniaxial,compression,37,0.9707711010259045,-910.9841463745175,194.54949005500686,5,5,"1,2,3,4,5","green1-1.xls,green1-2.xls,green1-3.xls,green1-4.xls,green1-5.xls",
aggregated,green,sirloin steak,1,0,0.0,0,uniaxial,compression,38,0.9749230732241674,-865.2524311785048,190.39685497509285,5,5,"1,2,3,4,5","green1-1.xls,green1-2.xls,green1-3.xls,green1-4.xls,green1-5.xls",
aggregated,green,sirloin steak,1,0,0.0,0,uniaxial,unloading,1,0.8224095783964566,1105.540197266098,252.81865848549,5,5,"1,2,3,4,5","green1-1.xls,green1-2.xls,green1-3.xls,green1-4.xls,green1-5.xls",
aggregated,green,sirloin steak,1,0,0.0,0,uniaxial,unloading,2,0.8239746782872532,1044.9611692494832,237.3609882761096,5,5,"1,2,3,4,5","green1-1.xls,green1-2.xls,green1-3.xls,green1-4.xls,green1-5.xls",
aggregated,green,sirloin steak,1,0,0.0,0,uniaxial,unloading,3,0.8255397781780499,984.3821412328682,222.0809015330859,5,5,"1,2,3,4,5","green1-1.xls,green1-2.xls,green1-3.xls,green1-4.xls,green1-5.xls",
aggregated,green,sirloin steak,1,0,0.0,0,uniaxial,unloading,4,0.8271048780688466,923.8031132162536,207.0177245779045,5,5,"1,2,3,4,5","green1-1.xls,green1-2.xls,green1-3.xls,green1-4.xls,green1-5.xls",
aggregated,green,sirloin steak,1,0,0.0,0,uniaxial,unloading,5,0.8286699779596433,863.2240851996387,192.2224574455499,5,5,"1,2,3,4,5","green1-1.xls,green1-2.xls,green1-3.xls,green1-4.xls,green1-5.xls",
aggregated,green,sirloin steak,1,0,0.0,0,uniaxial,unloading,6,0.8302350778504399,802.645057183024,177.76200774273315,5,5,"1,2,3,4,5","green1-1.xls,green1-2.xls,green1-3.xls,green1-4.xls,green1-5.xls",
aggregated,green,sirloin steak,1,0,0.0,0,uniaxial,unloading,7,0.8318001777412367,742.066029166405,163.7251142628297,5,5,"1,2,3,4,5","green1-1.xls,green1-2.xls,green1-3.xls,green1-4.xls,green1-5.xls",
aggregated,green,sirloin steak,1,0,0.0,0,uniaxial,unloading,8,0.8333652776320334,681.4870011497902,150.23054974722783,5,5,"1,2,3,4,5","green1-1.xls,green1-2.xls,green1-3.xls,green1-4.xls,green1-5.xls",
aggregated,green,sirloin steak,1,0,0.0,0,uniaxial,unloading,9,0.8349303775228301,620.9079731331755,137.43815521048046,5,5,"1,2,3,4,5","green1-1.xls,green1-2.xls,green1-3.xls,green1-4.xls,green1-5.xls",
aggregated,green,sirloin steak,1,0,0.0,0,uniaxial,unloading,10,0.8364954774136267,560.3289451165607,125.56272667991125,5,5,"1,2,3,4,5","green1-1.xls,green1-2.xls,green1-3.xls,green1-4.xls,green1-5.xls",
aggregated,green,sirloin steak,1,0,0.0,0,uniaxial,unloading,11,0.8380605773044234,499.74991709994595,114.88896182077832,5,5,"1,2,3,4,5","green1-1.xls,green1-2.xls,green1-3.xls,green1-4.xls,green1-5.xls",
aggregated,green,sirloin steak,1,0,0.0,0,uniaxial,unloading,12,0.8396256771952201,439.1708890833312,105.78124672429698,5,5,"1,2,3,4,5","green1-1.xls,green1-2.xls,green1-3.xls,green1-4.xls,green1-5.xls",
aggregated,green,sirloin steak,1,0,0.0,0,uniaxial,unloading,13,0.8411907770860167,381.7573452795674,95.15304392068893,5,5,"1,2,3,4,5","green1-1.xls,green1-2.xls,green1-3.xls,green1-4.xls,green1-5.xls",
aggregated,green,sirloin steak,1,0,0.0,0,uniaxial,unloading,14,0.8427558769768134,356.25671371694165,85.87390256388981,5,5,"1,2,3,4,5","green1-1.xls,green1-2.xls,green1-3.xls,green1-4.xls,green1-5.xls",
aggregated,green,sirloin steak,1,0,0.0,0,uniaxial,unloading,15,0.8443209768676101,334.20222266449707,78.97022450831089,5,5,"1,2,3,4,5","green1-1.xls,green1-2.xls,green1-3.xls,green1-4.xls,green1-5.xls",
aggregated,green,sirloin steak,1,0,0.0,0,uniaxial,unloading,16,0.8458860767584068,312.14773161205255,72.23016366642554,5,5,"1,2,3,4,5","green1-1.xls,green1-2.xls,green1-3.xls,green1-4.xls,green1-5.xls",
aggregated,green,sirloin steak,1,0,0.0,0,uniaxial,unloading,17,0.8474511766492034,290.09324055960803,65.70409191754517,5,5,"1,2,3,4,5","green1-1.xls,green1-2.xls,green1-3.xls,green1-4.xls,green1-5.xls",
aggregated,green,sirloin steak,1,0,0.0,0,uniaxial,unloading,18,0.8490162765400001,268.0387495071634,59.46250762610704,5,5,"1,2,3,4,5","green1-1.xls,green1-2.xls,green1-3.xls,green1-4.xls,green1-5.xls",
aggregated,green,sirloin steak,1,0,0.0,0,uniaxial,unloading,19,0.8505813764307968,245.9842584547188,53.60487756450397,5,5,"1,2,3,4,5","green1-1.xls,green1-2.xls,green1-3.xls,green1-4.xls,green1-5.xls",
aggregated,green,sirloin steak,1,0,0.0,0,uniaxial,unloading,20,0.8521464763215936,223.9297674022727,48.2711813743051,5,5,"1,2,3,4,5","green1-1.xls,green1-2.xls,green1-3.xls,green1-4.xls,green1-5.xls",
aggregated,green,sirloin steak,1,0,0.0,0,uniaxial,unloading,21,0.8537115762123902,201.8752763498281,43.65388838215574,5,5,"1,2,3,4,5","green1-1.xls,green1-2.xls,green1-3.xls,green1-4.xls,green1-5.xls",
aggregated,green,sirloin steak,1,0,0.0,0,uniaxial,unloading,22,0.8552766761031869,179.82078529738354,40.00184942646244,5,5,"1,2,3,4,5","green1-1.xls,green1-2.xls,green1-3.xls,green1-4.xls,green1-5.xls",
aggregated,green,sirloin steak,1,0,0.0,0,uniaxial,unloading,23,0.8568417759939836,157.76629424493893,37.59740564504479,5,5,"1,2,3,4,5","green1-1.xls,green1-2.xls,green1-3.xls,green1-4.xls,green1-5.xls",
aggregated,green,sirloin steak,1,0,0.0,0,uniaxial,unloading,24,0.8584068758847803,135.71180319249441,36.68668466874225,5,5,"1,2,3,4,5","green1-1.xls,green1-2.xls,green1-3.xls,green1-4.xls,green1-5.xls",
aggregated,green,sirloin steak,1,0,0.0,0,uniaxial,unloading,25,0.8599719757755769,113.65731214004981,37.37902780670492,5,5,"1,2,3,4,5","green1-1.xls,green1-2.xls,green1-3.xls,green1-4.xls,green1-5.xls",
aggregated,green,sirloin steak,1,0,0.0,0,uniaxial,unloading,26,0.8615370756663736,93.19174947586684,39.583390046228594,5,5,"1,2,3,4,5","green1-1.xls,green1-2.xls,green1-3.xls,green1-4.xls,green1-5.xls",
aggregated,green,sirloin steak,1,0,0.0,0,uniaxial,unloading,27,0.8631021755571703,81.03656332856028,38.57281978882138,5,5,"1,2,3,4,5","green1-1.xls,green1-2.xls,green1-3.xls,green1-4.xls,green1-5.xls",
aggregated,green,sirloin steak,1,0,0.0,0,uniaxial,unloading,28,0.864667275447967,69.55250902845395,38.349658579397186,5,5,"1,2,3,4,5","green1-1.xls,green1-2.xls,green1-3.xls,green1-4.xls,green1-5.xls",
aggregated,green,sirloin steak,1,0,0.0,0,uniaxial,unloading,29,0.8662323753387636,58.068454728347604,38.20708285860838,5,5,"1,2,3,4,5","green1-1.xls,green1-2.xls,green1-3.xls,green1-4.xls,green1-5.xls",
aggregated,green,sirloin steak,1,0,0.0,0,uniaxial,unloading,30,0.8677974752295603,46.58440042824128,38.14599623401637,5,5,"1,2,3,4,5","green1-1.xls,green1-2.xls,green1-3.xls,green1-4.xls,green1-5.xls",
aggregated,green,sirloin steak,1,0,0.0,0,uniaxial,unloading,31,0.869362575120357,35.10034612813495,38.16678998185999,5,5,"1,2,3,4,5","green1-1.xls,green1-2.xls,green1-3.xls,green1-4.xls,green1-5.xls",
aggregated,green,sirloin steak,1,0,0.0,0,uniaxial,unloading,32,0.8709276750111536,23.616291828028615,38.26933063258379,5,5,"1,2,3,4,5","green1-1.xls,green1-2.xls,green1-3.xls,green1-4.xls,green1-5.xls",
aggregated,green,sirloin steak,1,0,0.0,0,uniaxial,unloading,33,0.8724927749019504,12.13223752792147,38.45296422027068,5,5,"1,2,3,4,5","green1-1.xls,green1-2.xls,green1-3.xls,green1-4.xls,green1-5.xls",
aggregated,green,sirloin steak,1,0,0.0,0,uniaxial,unloading,34,0.8740578747927471,0.6481832278151358,38.71653688409655,5,5,"1,2,3,4,5","green1-1.xls,green1-2.xls,green1-3.xls,green1-4.xls,green1-5.xls",
aggregated,green,sirloin steak,1,0,0.0,0,uniaxial,unloading,35,0.8756229746835438,-10.835871072291198,39.05843033178102,5,5,"1,2,3,4,5","green1-1.xls,green1-2.xls,green1-3.xls,green1-4.xls,green1-5.xls",
aggregated,green,sirloin steak,1,0,0.0,0,uniaxial,unloading,36,0.8771880745743404,-22.319925372397527,39.476609687007894,5,5,"1,2,3,4,5","green1-1.xls,green1-2.xls,green1-3.xls,green1-4.xls,green1-5.xls",
aggregated,green,sirloin steak,1,0,0.0,0,uniaxial,unloading,37,0.8787531744651371,-33.80397967250385,39.968680557293,5,5,"1,2,3,4,5","green1-1.xls,green1-2.xls,green1-3.xls,green1-4.xls,green1-5.xls",
aggregated,green,sirloin steak,1,0,0.0,0,uniaxial,unloading,38,0.8803182743559338,-45.288033972610194,40.531951832033556,5,5,"1,2,3,4,5","green1-1.xls,green1-2.xls,green1-3.xls,green1-4.xls,green1-5.xls",
aggregated,green,sirloin steak,2,24,1.0,0,shear,shear,1,0.0028370791836734694,19.360323666483783,6.904588869526497,4,4,"2,3,4,5","green2-2.xls,green2-3.xls,green2-4.xls,green2-5.xls",1
aggregated,green,sirloin steak,2,24,1.0,0,shear,shear,2,0.006890098367346938,37.689852491278984,7.781180617869549,5,5,"1,2,3,4,5","green2-1.xls,green2-2.xls,green2-3.xls,green2-4.xls,green2-5.xls",
aggregated,green,sirloin steak,2,24,1.0,0,shear,shear,3,0.010943117551020407,57.037605658478725,2.9228894338587015,4,5,"1,2,3,5","green2-1.xls,green2-2.xls,green2-3.xls,green2-5.xls",4
aggregated,green,sirloin steak,2,24,1.0,0,shear,shear,4,0.014996136734693877,73.93118024269951,3.587545133835109,4,5,"1,2,3,5","green2-1.xls,green2-2.xls,green2-3.xls,green2-5.xls",4
aggregated,green,sirloin steak,2,24,1.0,0,shear,shear,5,0.01904915591836735,85.60166015528512,14.434330094586088,5,5,"1,2,3,4,5","green2-1.xls,green2-2.xls,green2-3.xls,green2-4.xls,green2-5.xls",
aggregated,green,sirloin steak,2,24,1.0,0,shear,shear,6,0.023102175102040816,102.54711797555858,16.837775625129417,5,5,"1,2,3,4,5","green2-1.xls,green2-2.xls,green2-3.xls,green2-4.xls,green2-5.xls",
aggregated,green,sirloin steak,2,24,1.0,0,shear,shear,7,0.027155194285714286,113.9951526237367,20.719034538078553,5,5,"1,2,3,4,5","green2-1.xls,green2-2.xls,green2-3.xls,green2-4.xls,green2-5.xls",
aggregated,green,sirloin steak,2,24,1.0,0,shear,shear,8,0.031208213469387756,123.96317955624413,23.45449649737037,5,5,"1,2,3,4,5","green2-1.xls,green2-2.xls,green2-3.xls,green2-4.xls,green2-5.xls",
aggregated,green,sirloin steak,2,24,1.0,0,shear,shear,9,0.03526123265306123,133.2699836618553,26.10738214565111,5,5,"1,2,3,4,5","green2-1.xls,green2-2.xls,green2-3.xls,green2-4.xls,green2-5.xls",
aggregated,green,sirloin steak,2,24,1.0,0,shear,shear,10,0.0393142518367347,141.0949003565901,27.896760208813507,5,5,"1,2,3,4,5","green2-1.xls,green2-2.xls,green2-3.xls,green2-4.xls,green2-5.xls",
aggregated,green,sirloin steak,2,24,1.0,0,shear,shear,11,0.04336727102040817,148.64091177228784,29.769418388383222,5,5,"1,2,3,4,5","green2-1.xls,green2-2.xls,green2-3.xls,green2-4.xls,green2-5.xls",
aggregated,green,sirloin steak,2,24,1.0,0,shear,shear,12,0.04742029020408163,155.28318371974333,31.321762832409508,5,5,"1,2,3,4,5","green2-1.xls,green2-2.xls,green2-3.xls,green2-4.xls,green2-5.xls",
aggregated,green,sirloin steak,2,24,1.0,0,shear,shear,13,0.0514733093877551,160.9149590113973,34.01238396613056,5,5,"1,2,3,4,5","green2-1.xls,green2-2.xls,green2-3.xls,green2-4.xls,green2-5.xls",
aggregated,green,sirloin steak,2,24,1.0,0,shear,shear,14,0.05552632857142857,166.0826528795296,36.769171421391704,5,5,"1,2,3,4,5","green2-1.xls,green2-2.xls,green2-3.xls,green2-4.xls,green2-5.xls",
aggregated,green,sirloin steak,2,24,1.0,0,shear,shear,15,0.05957934775510204,171.0432781609452,38.77067532516688,5,5,"1,2,3,4,5","green2-1.xls,green2-2.xls,green2-3.xls,green2-4.xls,green2-5.xls",
aggregated,green,sirloin steak,2,24,1.0,0,shear,shear,16,0.06363236693877551,176.00460867066687,40.68228083575861,5,5,"1,2,3,4,5","green2-1.xls,green2-2.xls,green2-3.xls,green2-4.xls,green2-5.xls",
aggregated,green,sirloin steak,2,24,1.0,0,shear,shear,17,0.06768538612244898,180.90946934643483,42.05520055035065,5,5,"1,2,3,4,5","green2-1.xls,green2-2.xls,green2-3.xls,green2-4.xls,green2-5.xls",
aggregated,green,sirloin steak,2,24,1.0,0,shear,shear,18,0.07173840530612245,185.73017821069402,43.18601084207976,5,5,"1,2,3,4,5","green2-1.xls,green2-2.xls,green2-3.xls,green2-4.xls,green2-5.xls",
aggregated,green,sirloin steak,2,24,1.0,0,shear,shear,19,0.07579142448979592,189.9617512751925,44.49967852171199,5,5,"1,2,3,4,5","green2-1.xls,green2-2.xls,green2-3.xls,green2-4.xls,green2-5.xls",
aggregated,green,sirloin steak,2,24,1.0,0,shear,shear,20,0.07984444367346939,193.7548130272231,45.74003511635459,5,5,"1,2,3,4,5","green2-1.xls,green2-2.xls,green2-3.xls,green2-4.xls,green2-5.xls",
aggregated,green,sirloin steak,2,24,1.0,0,shear,shear,21,0.08389746285714286,197.66996787388626,46.91477619207708,5,5,"1,2,3,4,5","green2-1.xls,green2-2.xls,green2-3.xls,green2-4.xls,green2-5.xls",
aggregated,green,sirloin steak,2,24,1.0,0,shear,shear,22,0.08795048204081633,201.3803491860706,47.93374029020525,5,5,"1,2,3,4,5","green2-1.xls,green2-2.xls,green2-3.xls,green2-4.xls,green2-5.xls",
aggregated,green,sirloin steak,2,24,1.0,0,shear,shear,23,0.0920035012244898,204.99766057391034,48.93469791975676,5,5,"1,2,3,4,5","green2-1.xls,green2-2.xls,green2-3.xls,green2-4.xls,green2-5.xls",
aggregated,green,sirloin steak,2,24,1.0,0,shear,shear,24,0.09605652040816326,208.14618173938078,49.730785154251784,5,5,"1,2,3,4,5","green2-1.xls,green2-2.xls,green2-3.xls,green2-4.xls,green2-5.xls",
aggregated,green,sirloin steak,2,24,1.0,0,shear,shear,25,0.10010953959183673,211.33062808309137,50.3419720981304,5,5,"1,2,3,4,5","green2-1.xls,green2-2.xls,green2-3.xls,green2-4.xls,green2-5.xls",
aggregated,green,sirloin steak,2,24,1.0,0,shear,shear,26,0.1041625587755102,214.5934142704782,50.83249331081823,5,5,"1,2,3,4,5","green2-1.xls,green2-2.xls,green2-3.xls,green2-4.xls,green2-5.xls",
aggregated,green,sirloin steak,2,24,1.0,0,shear,shear,27,0.10821557795918367,217.59169721526672,51.53041313960293,5,5,"1,2,3,4,5","green2-1.xls,green2-2.xls,green2-3.xls,green2-4.xls,green2-5.xls",
aggregated,green,sirloin steak,2,24,1.0,0,shear,shear,28,0.11226859714285714,220.2809054596521,52.329696248413036,5,5,"1,2,3,4,5","green2-1.xls,green2-2.xls,green2-3.xls,green2-4.xls,green2-5.xls",
aggregated,green,sirloin steak,2,24,1.0,0,shear,shear,29,0.11632161632653061,222.92709980404237,52.94218968335115,5,5,"1,2,3,4,5","green2-1.xls,green2-2.xls,green2-3.xls,green2-4.xls,green2-5.xls",
aggregated,green,sirloin steak,2,24,1.0,0,shear,shear,30,0.12037463551020408,225.6056342463231,53.32790385270626,5,5,"1,2,3,4,5","green2-1.xls,green2-2.xls,green2-3.xls,green2-4.xls,green2-5.xls",
aggregated,green,sirloin steak,2,24,1.0,0,shear,shear,31,0.12442765469387757,228.1950879527804,53.7800964833735,5,5,"1,2,3,4,5","green2-1.xls,green2-2.xls,green2-3.xls,green2-4.xls,green2-5.xls",
aggregated,green,sirloin steak,2,24,1.0,0,shear,shear,32,0.12848067387755102,230.506801083058,54.30165982942435,5,5,"1,2,3,4,5","green2-1.xls,green2-2.xls,green2-3.xls,green2-4.xls,green2-5.xls",
aggregated,green,sirloin steak,2,24,1.0,0,shear,shear,33,0.13253369306122448,232.80311348121768,54.84647945905631,5,5,"1,2,3,4,5","green2-1.xls,green2-2.xls,green2-3.xls,green2-4.xls,green2-5.xls",
aggregated,green,sirloin steak,2,24,1.0,0,shear,shear,34,0.13658671224489796,235.06718672369084,55.45627222914877,5,5,"1,2,3,4,5","green2-1.xls,green2-2.xls,green2-3.xls,green2-4.xls,green2-5.xls",
aggregated,green,sirloin steak,2,24,1.0,0,shear,shear,35,0.14063973142857142,237.34931607168727,56.0800112002348,5,5,"1,2,3,4,5","green2-1.xls,green2-2.xls,green2-3.xls,green2-4.xls,green2-5.xls",
aggregated,green,sirloin steak,2,24,1.0,0,shear,shear,36,0.1446927506122449,239.6979793578634,56.39976092806073,5,5,"1,2,3,4,5","green2-1.xls,green2-2.xls,green2-3.xls,green2-4.xls,green2-5.xls",
aggregated,green,sirloin steak,2,24,1.0,0,shear,shear,37,0.14874576979591836,241.89450059344836,56.58966098268591,5,5,"1,2,3,4,5","green2-1.xls,green2-2.xls,green2-3.xls,green2-4.xls,green2-5.xls",
aggregated,green,sirloin steak,2,24,1.0,0,shear,shear,38,0.15279878897959184,244.06460864917955,56.746666876149554,5,5,"1,2,3,4,5","green2-1.xls,green2-2.xls,green2-3.xls,green2-4.xls,green2-5.xls",
aggregated,green,sirloin steak,2,24,1.0,0,shear,shear,39,0.1568518081632653,245.86084940396898,56.699811746407285,5,5,"1,2,3,4,5","green2-1.xls,green2-2.xls,green2-3.xls,green2-4.xls,green2-5.xls",
aggregated,green,sirloin steak,2,24,1.0,0,shear,shear,40,0.16090482734693878,273.0866822265584,26.124241023364505,4,5,"1,2,4,5","green2-1.xls,green2-2.xls,green2-4.xls,green2-5.xls",3
aggregated,green,sirloin steak,2,24,1.0,0,shear,shear,41,0.16495784653061224,274.55119496286363,26.185367908965965,4,5,"1,2,4,5","green2-1.xls,green2-2.xls,green2-4.xls,green2-5.xls",3
aggregated,green,sirloin steak,2,24,1.0,0,shear,shear,42,0.16901086571428572,276.2962770238629,26.35988851461708,4,5,"1,2,4,5","green2-1.xls,green2-2.xls,green2-4.xls,green2-5.xls",3
aggregated,green,sirloin steak,2,24,1.0,0,shear,shear,43,0.17306388489795918,278.093232047334,26.52537442312431,4,5,"1,2,4,5","green2-1.xls,green2-2.xls,green2-4.xls,green2-5.xls",3
aggregated,green,sirloin steak,2,24,1.0,0,shear,shear,44,0.17711690408163266,279.8101442331037,26.633324274086558,4,5,"1,2,4,5","green2-1.xls,green2-2.xls,green2-4.xls,green2-5.xls",3
aggregated,green,sirloin steak,2,24,1.0,0,shear,shear,45,0.18116992326530612,281.4671861977757,26.72308172201243,4,5,"1,2,4,5","green2-1.xls,green2-2.xls,green2-4.xls,green2-5.xls",3
aggregated,green,sirloin steak,2,24,1.0,0,shear,shear,46,0.1852229424489796,282.9668209006147,26.807837079725722,4,5,"1,2,4,5","green2-1.xls,green2-2.xls,green2-4.xls,green2-5.xls",3
aggregated,green,sirloin steak,2,24,1.0,0,shear,shear,47,0.18927596163265306,284.59449697820406,26.9777342119904,4,5,"1,2,4,5","green2-1.xls,green2-2.xls,green2-4.xls,green2-5.xls",3
aggregated,green,sirloin steak,2,24,1.0,0,shear,shear,48,0.19332898081632652,290.20353284201934,30.107347126163607,3,3,"1,2,4","green2-1.xls,green2-2.xls,green2-4.xls","3,5"
aggregated,green,sirloin steak,2,24,1.0,0,uniaxial,compression,1,0.8211904244788628,-1867.2178733954104,276.3644455883305,5,5,"1,2,3,4,5","green2-1.xls,green2-2.xls,green2-3.xls,green2-4.xls,green2-5.xls",
aggregated,green,sirloin steak,2,24,1.0,0,uniaxial,compression,2,0.8253299483228352,-1705.9772539138426,100.41315991019495,4,5,"1,3,4,5","green2-1.xls,green2-3.xls,green2-4.xls,green2-5.xls",2
aggregated,green,sirloin steak,2,24,1.0,0,uniaxial,compression,3,0.8294694721668077,-1674.44047836129,96.23530732294424,4,5,"1,3,4,5","green2-1.xls,green2-3.xls,green2-4.xls,green2-5.xls",2
aggregated,green,sirloin steak,2,24,1.0,0,uniaxial,compression,4,0.8336089960107801,-1642.9037028087375,94.29471304926498,4,5,"1,3,4,5","green2-1.xls,green2-3.xls,green2-4.xls,green2-5.xls",2
aggregated,green,sirloin steak,2,24,1.0,0,uniaxial,compression,5,0.8377485198547525,-1611.9017477587036,95.19948629365811,4,5,"1,3,4,5","green2-1.xls,green2-3.xls,green2-4.xls,green2-5.xls",2
aggregated,green,sirloin steak,2,24,1.0,0,uniaxial,compression,6,0.8418880436987249,-1589.240200126586,104.57688865516708,4,5,"1,3,4,5","green2-1.xls,green2-3.xls,green2-4.xls,green2-5.xls",2
aggregated,green,sirloin steak,2,24,1.0,0,uniaxial,compression,7,0.8460275675426974,-1684.7086077498584,257.70303125287273,5,5,"1,2,3,4,5","green2-1.xls,green2-2.xls,green2-3.xls,green2-4.xls,green2-5.xls",
aggregated,green,sirloin steak,2,24,1.0,0,uniaxial,compression,8,0.8501670913866698,-1661.5170630493878,260.9568812735048,5,5,"1,2,3,4,5","green2-1.xls,green2-2.xls,green2-3.xls,green2-4.xls,green2-5.xls",
aggregated,green,sirloin steak,2,24,1.0,0,uniaxial,compression,9,0.8543066152306422,-1638.3255183489168,264.8258340036974,5,5,"1,2,3,4,5","green2-1.xls,green2-2.xls,green2-3.xls,green2-4.xls,green2-5.xls",
aggregated,green,sirloin steak,2,24,1.0,0,uniaxial,compression,10,0.8584461390746145,-1613.883316546293,267.60898691284797,5,5,"1,2,3,4,5","green2-1.xls,green2-2.xls,green2-3.xls,green2-4.xls,green2-5.xls",
aggregated,green,sirloin steak,2,24,1.0,0,uniaxial,compression,11,0.862585662918587,-1584.3454879811356,265.66647016243235,5,5,"1,2,3,4,5","green2-1.xls,green2-2.xls,green2-3.xls,green2-4.xls,green2-5.xls",
aggregated,green,sirloin steak,2,24,1.0,0,uniaxial,compression,12,0.8667251867625594,-1554.8076594159788,263.9974929189088,5,5,"1,2,3,4,5","green2-1.xls,green2-2.xls,green2-3.xls,green2-4.xls,green2-5.xls",
aggregated,green,sirloin steak,2,24,1.0,0,uniaxial,compression,13,0.8708647106065318,-1525.269830850822,262.6072706023749,5,5,"1,2,3,4,5","green2-1.xls,green2-2.xls,green2-3.xls,green2-4.xls,green2-5.xls",
aggregated,green,sirloin steak,2,24,1.0,0,uniaxial,compression,14,0.8750042344505042,-1495.7320022856645,261.50024911239706,5,5,"1,2,3,4,5","green2-1.xls,green2-2.xls,green2-3.xls,green2-4.xls,green2-5.xls",
aggregated,green,sirloin steak,2,24,1.0,0,uniaxial,compression,15,0.8791437582944767,-1468.0076506865466,262.61684182140806,5,5,"1,2,3,4,5","green2-1.xls,green2-2.xls,green2-3.xls,green2-4.xls,green2-5.xls",
aggregated,green,sirloin steak,2,24,1.0,0,uniaxial,compression,16,0.8832832821384491,-1443.0669576658413,267.22162693948906,5,5,"1,2,3,4,5","green2-1.xls,green2-2.xls,green2-3.xls,green2-4.xls,green2-5.xls",
aggregated,green,sirloin steak,2,24,1.0,0,uniaxial,compression,17,0.8874228059824215,-1418.1262646451357,272.19006618620597,5,5,"1,2,3,4,5","green2-1.xls,green2-2.xls,green2-3.xls,green2-4.xls,green2-5.xls",
aggregated,green,sirloin steak,2,24,1.0,0,uniaxial,compression,18,0.8915623298263939,-1393.1855716244304,277.50262753177975,5,5,"1,2,3,4,5","green2-1.xls,green2-2.xls,green2-3.xls,green2-4.xls,green2-5.xls",
aggregated,green,sirloin steak,2,24,1.0,0,uniaxial,compression,19,0.8957018536703664,-1368.244878603725,283.1399413257672,5,5,"1,2,3,4,5","green2-1.xls,green2-2.xls,green2-3.xls,green2-4.xls,green2-5.xls",
aggregated,green,sirloin steak,2,24,1.0,0,uniaxial,compression,20,0.8998413775143388,-1341.6409934275775,282.34052158475527,5,5,"1,2,3,4,5","green2-1.xls,green2-2.xls,green2-3.xls,green2-4.xls,green2-5.xls",
aggregated,green,sirloin steak,2,24,1.0,0,uniaxial,compression,21,0.9039809013583112,-1313.8055208690123,275.68838622952524,5,5,"1,2,3,4,5","green2-1.xls,green2-2.xls,green2-3.xls,green2-4.xls,green2-5.xls",
aggregated,green,sirloin steak,2,24,1.0,0,uniaxial,compression,22,0.9081204252022836,-1285.970048310447,269.097856364639,5,5,"1,2,3,4,5","green2-1.xls,green2-2.xls,green2-3.xls,green2-4.xls,green2-5.xls",
aggregated,green,sirloin steak,2,24,1.0,0,uniaxial,compression,23,0.9122599490462561,-1258.1345757518818,262.57357087750415,5,5,"1,2,3,4,5","green2-1.xls,green2-2.xls,green2-3.xls,green2-4.xls,green2-5.xls",
aggregated,green,sirloin steak,2,24,1.0,0,uniaxial,compression,24,0.9163994728902285,-1230.2991031933168,256.12059224474575,5,5,"1,2,3,4,5","green2-1.xls,green2-2.xls,green2-3.xls,green2-4.xls,green2-5.xls",
aggregated,green,sirloin steak,2,24,1.0,0,uniaxial,compression,25,0.9205389967342009,-1203.451083460563,253.9450955233472,5,5,"1,2,3,4,5","green2-1.xls,green2-2.xls,green2-3.xls,green2-4.xls,green2-5.xls",
aggregated,green,sirloin steak,2,24,1.0,0,uniaxial,compression,26,0.9246785205781733,-1177.2176472442875,254.05873027789823,5,5,"1,2,3,4,5","green2-1.xls,green2-2.xls,green2-3.xls,green2-4.xls,green2-5.xls",
aggregated,green,sirloin steak,2,24,1.0,0,uniaxial,compression,27,0.9288180444221457,-1150.9842110280133,254.2136628061424,5,5,"1,2,3,4,5","green2-1.xls,green2-2.xls,green2-3.xls,green2-4.xls,green2-5.xls",
aggregated,green,sirloin steak,2,24,1.0,0,uniaxial,compression,28,0.9329575682661182,-1124.7507748117373,254.4098176585442,5,5,"1,2,3,4,5","green2-1.xls,green2-2.xls,green2-3.xls,green2-4.xls,green2-5.xls",
aggregated,green,sirloin steak,2,24,1.0,0,uniaxial,compression,29,0.9370970921100905,-1098.5173385954631,254.64709957435923,5,5,"1,2,3,4,5","green2-1.xls,green2-2.xls,green2-3.xls,green2-4.xls,green2-5.xls",
aggregated,green,sirloin steak,2,24,1.0,0,uniaxial,compression,30,0.9412366159540629,-1070.5022197636026,247.8097076061659,5,5,"1,2,3,4,5","green2-1.xls,green2-2.xls,green2-3.xls,green2-4.xls,green2-5.xls",
aggregated,green,sirloin steak,2,24,1.0,0,uniaxial,compression,31,0.9453761397980354,-1041.9228484915197,239.15757472940567,5,5,"1,2,3,4,5","green2-1.xls,green2-2.xls,green2-3.xls,green2-4.xls,green2-5.xls",
aggregated,green,sirloin steak,2,24,1.0,0,uniaxial,compression,32,0.9495156636420078,-1013.3434772194369,230.64224090374515,5,5,"1,2,3,4,5","green2-1.xls,green2-2.xls,green2-3.xls,green2-4.xls,green2-5.xls",
aggregated,green,sirloin steak,2,24,1.0,0,uniaxial,compression,33,0.9536551874859802,-984.7641059473539,222.2794286473746,5,5,"1,2,3,4,5","green2-1.xls,green2-2.xls,green2-3.xls,green2-4.xls,green2-5.xls",
aggregated,green,sirloin steak,2,24,1.0,0,uniaxial,compression,34,0.9577947113299526,-956.0865684185344,214.2043775467016,5,5,"1,2,3,4,5","green2-1.xls,green2-2.xls,green2-3.xls,green2-4.xls,green2-5.xls",
aggregated,green,sirloin steak,2,24,1.0,0,uniaxial,compression,35,0.9619342351739251,-922.534109514859,214.38058739670305,5,5,"1,2,3,4,5","green2-1.xls,green2-2.xls,green2-3.xls,green2-4.xls,green2-5.xls",
aggregated,green,sirloin steak,2,24,1.0,0,uniaxial,compression,36,0.9660737590178975,-888.6221053089946,215.523839499018,5,5,"1,2,3,4,5","green2-1.xls,green2-2.xls,green2-3.xls,green2-4.xls,green2-5.xls",
aggregated,green,sirloin steak,2,24,1.0,0,uniaxial,compression,37,0.9702132828618699,-854.7101011031307,217.06416932509418,5,5,"1,2,3,4,5","green2-1.xls,green2-2.xls,green2-3.xls,green2-4.xls,green2-5.xls",
aggregated,green,sirloin steak,2,24,1.0,0,uniaxial,compression,38,0.9743528067058423,-820.7980968972666,218.9931982727762,5,5,"1,2,3,4,5","green2-1.xls,green2-2.xls,green2-3.xls,green2-4.xls,green2-5.xls",
aggregated,green,sirloin steak,2,24,1.0,0,uniaxial,unloading,1,0.8222420235942589,709.2533776815076,137.6663905239096,5,5,"1,2,3,4,5","green2-1.xls,green2-2.xls,green2-3.xls,green2-4.xls,green2-5.xls",
aggregated,green,sirloin steak,2,24,1.0,0,uniaxial,unloading,2,0.8238083587019523,667.0804333118838,129.94900078593076,5,5,"1,2,3,4,5","green2-1.xls,green2-2.xls,green2-3.xls,green2-4.xls,green2-5.xls",
aggregated,green,sirloin steak,2,24,1.0,0,uniaxial,unloading,3,0.8253746938096457,624.9074889422632,122.45648093168839,5,5,"1,2,3,4,5","green2-1.xls,green2-2.xls,green2-3.xls,green2-4.xls,green2-5.xls",
aggregated,green,sirloin steak,2,24,1.0,0,uniaxial,unloading,4,0.8269410289173391,582.7345445726396,115.23270295629915,5,5,"1,2,3,4,5","green2-1.xls,green2-2.xls,green2-3.xls,green2-4.xls,green2-5.xls",
aggregated,green,sirloin steak,2,24,1.0,0,uniaxial,unloading,5,0.8285073640250324,540.561600203019,108.33144109900516,5,5,"1,2,3,4,5","green2-1.xls,green2-2.xls,green2-3.xls,green2-4.xls,green2-5.xls",
aggregated,green,sirloin steak,2,24,1.0,0,uniaxial,unloading,6,0.8300736991327259,498.3886558333954,101.81829708893382,5,5,"1,2,3,4,5","green2-1.xls,green2-2.xls,green2-3.xls,green2-4.xls,green2-5.xls",
aggregated,green,sirloin steak,2,24,1.0,0,uniaxial,unloading,7,0.8316400342404192,456.2157114637748,95.77248720339449,5,5,"1,2,3,4,5","green2-1.xls,green2-2.xls,green2-3.xls,green2-4.xls,green2-5.xls",
aggregated,green,sirloin steak,2,24,1.0,0,uniaxial,unloading,8,0.8332063693481127,414.04276709415115,90.28794038900756,5,5,"1,2,3,4,5","green2-1.xls,green2-2.xls,green2-3.xls,green2-4.xls,green2-5.xls",
aggregated,green,sirloin steak,2,24,1.0,0,uniaxial,unloading,9,0.834772704455806,371.8698227245306,85.4727690307526,5,5,"1,2,3,4,5","green2-1.xls,green2-2.xls,green2-3.xls,green2-4.xls,green2-5.xls",
aggregated,green,sirloin steak,2,24,1.0,0,uniaxial,unloading,10,0.8363390395634994,329.69687835490697,81.4457826005156,5,5,"1,2,3,4,5","green2-1.xls,green2-2.xls,green2-3.xls,green2-4.xls,green2-5.xls",
aggregated,green,sirloin steak,2,24,1.0,0,uniaxial,unloading,11,0.8379053746711927,287.52393398528636,78.32864069143085,5,5,"1,2,3,4,5","green2-1.xls,green2-2.xls,green2-3.xls,green2-4.xls,green2-5.xls",
aggregated,green,sirloin steak,2,24,1.0,0,uniaxial,unloading,12,0.8394717097788862,245.35098961566277,76.23303478974715,5,5,"1,2,3,4,5","green2-1.xls,green2-2.xls,green2-3.xls,green2-4.xls,green2-5.xls",
aggregated,green,sirloin steak,2,24,1.0,0,uniaxial,unloading,13,0.8410380448865795,234.4324684786456,46.82892454272044,4,5,"1,2,4,5","green2-1.xls,green2-2.xls,green2-4.xls,green2-5.xls",3
aggregated,green,sirloin steak,2,24,1.0,0,uniaxial,unloading,14,0.842604379994273,212.4605899527575,46.19864830614191,4,5,"1,2,4,5","green2-1.xls,green2-2.xls,green2-4.xls,green2-5.xls",3
aggregated,green,sirloin steak,2,24,1.0,0,uniaxial,unloading,15,0.8441707151019663,197.7194057973645,46.614894109276236,4,5,"1,2,4,5","green2-1.xls,green2-2.xls,green2-4.xls,green2-5.xls",3
aggregated,green,sirloin steak,2,24,1.0,0,uniaxial,unloading,16,0.8457370502096597,182.97822164197046,47.073380142526794,4,5,"1,2,4,5","green2-1.xls,green2-2.xls,green2-4.xls,green2-5.xls",3
aggregated,green,sirloin steak,2,24,1.0,0,uniaxial,unloading,17,0.847303385317353,140.7384448023577,69.53584628980431,5,5,"1,2,3,4,5","green2-1.xls,green2-2.xls,green2-3.xls,green2-4.xls,green2-5.xls",
aggregated,green,sirloin steak,2,24,1.0,0,uniaxial,unloading,18,0.8488697204250465,126.59314803934947,68.89734370348306,5,5,"1,2,3,4,5","green2-1.xls,green2-2.xls,green2-3.xls,green2-4.xls,green2-5.xls",
aggregated,green,sirloin steak,2,24,1.0,0,uniaxial,unloading,19,0.8504360555327398,112.44785127634225,68.29898892372555,5,5,"1,2,3,4,5","green2-1.xls,green2-2.xls,green2-3.xls,green2-4.xls,green2-5.xls",
aggregated,green,sirloin steak,2,24,1.0,0,uniaxial,unloading,20,0.8520023906404333,98.30255451333403,67.7418458197088,5,5,"1,2,3,4,5","green2-1.xls,green2-2.xls,green2-3.xls,green2-4.xls,green2-5.xls",
aggregated,green,sirloin steak,2,24,1.0,0,uniaxial,unloading,21,0.8535687257481266,84.1572577503268,67.22693902424781,5,5,"1,2,3,4,5","green2-1.xls,green2-2.xls,green2-3.xls,green2-4.xls,green2-5.xls",
aggregated,green,sirloin steak,2,24,1.0,0,uniaxial,unloading,22,0.85513506085582,70.01196098731859,66.75524589520572,5,5,"1,2,3,4,5","green2-1.xls,green2-2.xls,green2-3.xls,green2-4.xls,green2-5.xls",
aggregated,green,sirloin steak,2,24,1.0,0,uniaxial,unloading,23,0.8567013959635134,55.866664224311364,66.32768838833104,5,5,"1,2,3,4,5","green2-1.xls,green2-2.xls,green2-3.xls,green2-4.xls,green2-5.xls",
aggregated,green,sirloin steak,2,24,1.0,0,uniaxial,unloading,24,0.8582677310712068,41.721367461303146,65.9451249737266,5,5,"1,2,3,4,5","green2-1.xls,green2-2.xls,green2-3.xls,green2-4.xls,green2-5.xls",
aggregated,green,sirloin steak,2,24,1.0,0,uniaxial,unloading,25,0.8598340661789001,27.57607069829593,65.60834274017303,5,5,"1,2,3,4,5","green2-1.xls,green2-2.xls,green2-3.xls,green2-4.xls,green2-5.xls",
aggregated,green,sirloin steak,2,24,1.0,0,uniaxial,unloading,26,0.8614004012865936,13.935368023723498,65.32710170286873,5,5,"1,2,3,4,5","green2-1.xls,green2-2.xls,green2-3.xls,green2-4.xls,green2-5.xls",
aggregated,green,sirloin steak,2,24,1.0,0,uniaxial,unloading,27,0.8629667363942869,3.9841825778278674,65.17871920822643,5,5,"1,2,3,4,5","green2-1.xls,green2-2.xls,green2-3.xls,green2-4.xls,green2-5.xls",
aggregated,green,sirloin steak,2,24,1.0,0,uniaxial,unloading,28,0.8645330715019803,-5.915073357663016,65.16033297059357,5,5,"1,2,3,4,5","green2-1.xls,green2-2.xls,green2-3.xls,green2-4.xls,green2-5.xls",
aggregated,green,sirloin steak,2,24,1.0,0,uniaxial,unloading,29,0.8660994066096737,-15.814329293153198,65.22572942139371,5,5,"1,2,3,4,5","green2-1.xls,green2-2.xls,green2-3.xls,green2-4.xls,green2-5.xls",
aggregated,green,sirloin steak,2,24,1.0,0,uniaxial,unloading,30,0.8676657417173671,-25.71358522864408,65.37465712925419,5,5,"1,2,3,4,5","green2-1.xls,green2-2.xls,green2-3.xls,green2-4.xls,green2-5.xls",
aggregated,green,sirloin steak,2,24,1.0,0,uniaxial,unloading,31,0.8692320768250604,-13.69545750570511,54.574859319098984,4,5,"1,2,4,5","green2-1.xls,green2-2.xls,green2-4.xls,green2-5.xls",3
aggregated,green,sirloin steak,2,24,1.0,0,uniaxial,unloading,32,0.8707984119327539,7.979661979912438,7.3545541282364875,3,5,"1,4,5","green2-1.xls,green2-4.xls,green2-5.xls","2,3"
aggregated,green,sirloin steak,2,24,1.0,0,uniaxial,unloading,33,0.8723647470404472,-1.4573231987174964,4.991982301509934,3,5,"1,4,5","green2-1.xls,green2-4.xls,green2-5.xls","2,3"
aggregated,green,sirloin steak,2,24,1.0,0,uniaxial,unloading,34,0.8739310821481406,-10.894308377348098,3.443747328567066,3,5,"1,4,5","green2-1.xls,green2-4.xls,green2-5.xls","2,3"
aggregated,green,sirloin steak,2,24,1.0,0,uniaxial,unloading,35,0.875497417255834,-20.331293555978036,3.8610868312478344,3,5,"1,4,5","green2-1.xls,green2-4.xls,green2-5.xls","2,3"
aggregated,green,sirloin steak,2,24,1.0,0,uniaxial,unloading,36,0.8770637523635274,-29.76827873460864,5.836580751163884,3,5,"1,4,5","green2-1.xls,green2-4.xls,green2-5.xls","2,3"
aggregated,green,sirloin steak,2,24,1.0,0,uniaxial,unloading,37,0.8786300874712207,-39.20526391323857,8.326610697172894,3,5,"1,4,5","green2-1.xls,green2-4.xls,green2-5.xls","2,3"
aggregated,green,sirloin steak,2,24,1.0,0,uniaxial,unloading,38,0.8801964225789141,-48.64224909186851,10.986733091810695,3,5,"1,4,5","green2-1.xls,green2-4.xls,green2-5.xls","2,3"
aggregated,green,sirloin steak,3,48,2.0,0,shear,shear,1,0.003359961959183673,33.098485003991144,17.460395214819393,4,4,"2,3,4,5","green3-2.xls,green3-3.xls,green3-4.xls,green3-5.xls",1
aggregated,green,sirloin steak,3,48,2.0,0,shear,shear,2,0.007417691918367346,44.316914456985955,23.080491333514374,5,5,"1,2,3,4,5","green3-1.xls,green3-2.xls,green3-3.xls,green3-4.xls,green3-5.xls",
aggregated,green,sirloin steak,3,48,2.0,0,shear,shear,3,0.01147542187755102,58.00445682519462,34.232013848004144,5,5,"1,2,3,4,5","green3-1.xls,green3-2.xls,green3-3.xls,green3-4.xls,green3-5.xls",
aggregated,green,sirloin steak,3,48,2.0,0,shear,shear,4,0.015533151836734692,66.47347208574254,36.099657622030136,4,5,"1,2,3,4","green3-1.xls,green3-2.xls,green3-3.xls,green3-4.xls",5
aggregated,green,sirloin steak,3,48,2.0,0,shear,shear,5,0.019590881795918363,62.78023280332686,6.587959873842548,3,5,"1,2,4","green3-1.xls,green3-2.xls,green3-4.xls","3,5"
aggregated,green,sirloin steak,3,48,2.0,0,shear,shear,6,0.023648611755102036,72.73841349145015,7.806271870361426,3,5,"1,2,4","green3-1.xls,green3-2.xls,green3-4.xls","3,5"
aggregated,green,sirloin steak,3,48,2.0,0,shear,shear,7,0.02770634171428571,79.99032339795973,7.989314292578717,3,5,"1,2,4","green3-1.xls,green3-2.xls,green3-4.xls","3,5"
aggregated,green,sirloin steak,3,48,2.0,0,shear,shear,8,0.03176407167346938,86.03500339273722,8.890906225305496,3,5,"1,2,4","green3-1.xls,green3-2.xls,green3-4.xls","3,5"
aggregated,green,sirloin steak,3,48,2.0,0,shear,shear,9,0.035821801632653055,91.29867710756118,9.979876646283122,3,5,"1,2,4","green3-1.xls,green3-2.xls,green3-4.xls","3,5"
aggregated,green,sirloin steak,3,48,2.0,0,shear,shear,10,0.03987953159183673,95.92167224337852,10.99180189803185,3,5,"1,2,4","green3-1.xls,green3-2.xls,green3-4.xls","3,5"
aggregated,green,sirloin steak,3,48,2.0,0,shear,shear,11,0.0439372615510204,99.89004969032528,12.037077541765568,3,5,"1,2,4","green3-1.xls,green3-2.xls,green3-4.xls","3,5"
aggregated,green,sirloin steak,3,48,2.0,0,shear,shear,12,0.047994991510204074,103.34418096194196,12.787587694870544,3,5,"1,2,4","green3-1.xls,green3-2.xls,green3-4.xls","3,5"
aggregated,green,sirloin steak,3,48,2.0,0,shear,shear,13,0.05205272146938775,106.05536144477138,13.50189899884641,3,5,"1,2,4","green3-1.xls,green3-2.xls,green3-4.xls","3,5"
aggregated,green,sirloin steak,3,48,2.0,0,shear,shear,14,0.05611045142857142,108.48824964152904,13.984543820024001,3,5,"1,2,4","green3-1.xls,green3-2.xls,green3-4.xls","3,5"
aggregated,green,sirloin steak,3,48,2.0,0,shear,shear,15,0.06016818138775509,110.58496831988894,14.293539486818176,3,5,"1,2,4","green3-1.xls,green3-2.xls,green3-4.xls","3,5"
aggregated,green,sirloin steak,3,48,2.0,0,shear,shear,16,0.06422591134693877,112.29339143184603,14.345936214348505,3,5,"1,2,4","green3-1.xls,green3-2.xls,green3-4.xls","3,5"
aggregated,green,sirloin steak,3,48,2.0,0,shear,shear,17,0.06828364130612244,113.33233818385321,14.231179051311443,3,5,"1,2,4","green3-1.xls,green3-2.xls,green3-4.xls","3,5"
aggregated,green,sirloin steak,3,48,2.0,0,shear,shear,18,0.07234137126530611,114.40046067933258,14.26480539757994,3,5,"1,2,4","green3-1.xls,green3-2.xls,green3-4.xls","3,5"
aggregated,green,sirloin steak,3,48,2.0,0,shear,shear,19,0.07639910122448978,115.89555014135921,14.258343314821515,3,5,"1,2,4","green3-1.xls,green3-2.xls,green3-4.xls","3,5"
aggregated,green,sirloin steak,3,48,2.0,0,shear,shear,20,0.08045683118367346,117.2423273596894,13.766786087497037,3,5,"1,2,4","green3-1.xls,green3-2.xls,green3-4.xls","3,5"
aggregated,green,sirloin steak,3,48,2.0,0,shear,shear,21,0.08451456114285713,117.94230842613847,13.195482536826574,3,5,"1,2,4","green3-1.xls,green3-2.xls,green3-4.xls","3,5"
aggregated,green,sirloin steak,3,48,2.0,0,shear,shear,22,0.0885722911020408,118.42104001367325,13.471615420878967,3,5,"1,2,4","green3-1.xls,green3-2.xls,green3-4.xls","3,5"
aggregated,green,sirloin steak,3,48,2.0,0,shear,shear,23,0.09263002106122448,119.18457870942234,13.947202290877483,3,5,"1,2,4","green3-1.xls,green3-2.xls,green3-4.xls","3,5"
aggregated,green,sirloin steak,3,48,2.0,0,shear,shear,24,0.09668775102040815,120.42576915256127,13.971582221436078,3,5,"1,2,4","green3-1.xls,green3-2.xls,green3-4.xls","3,5"
aggregated,green,sirloin steak,3,48,2.0,0,shear,shear,25,0.10074548097959182,121.73111796486262,13.989890258577981,3,5,"1,2,4","green3-1.xls,green3-2.xls,green3-4.xls","3,5"
aggregated,green,sirloin steak,3,48,2.0,0,shear,shear,26,0.1048032109387755,122.51601196029368,14.295124596338576,3,5,"1,2,4","green3-1.xls,green3-2.xls,green3-4.xls","3,5"
aggregated,green,sirloin steak,3,48,2.0,0,shear,shear,27,0.10886094089795917,122.79200676371671,14.493655101865153,3,5,"1,2,4","green3-1.xls,green3-2.xls,green3-4.xls","3,5"
aggregated,green,sirloin steak,3,48,2.0,0,shear,shear,28,0.11291867085714284,123.24895439214862,14.676886723343554,3,5,"1,2,4","green3-1.xls,green3-2.xls,green3-4.xls","3,5"
aggregated,green,sirloin steak,3,48,2.0,0,shear,shear,29,0.11697640081632651,123.97667698792907,14.950885117051122,3,5,"1,2,4","green3-1.xls,green3-2.xls,green3-4.xls","3,5"
aggregated,green,sirloin steak,3,48,2.0,0,shear,shear,30,0.12103413077551019,124.64855871363515,15.269711714360449,3,5,"1,2,4","green3-1.xls,green3-2.xls,green3-4.xls","3,5"
aggregated,green,sirloin steak,3,48,2.0,0,shear,shear,31,0.12509186073469386,125.24648735458288,15.601536278550215,3,5,"1,2,4","green3-1.xls,green3-2.xls,green3-4.xls","3,5"
aggregated,green,sirloin steak,3,48,2.0,0,shear,shear,32,0.12914959069387755,126.05293038349465,15.91490018096487,3,5,"1,2,4","green3-1.xls,green3-2.xls,green3-4.xls","3,5"
aggregated,green,sirloin steak,3,48,2.0,0,shear,shear,33,0.13320732065306123,126.93517062418361,16.2238513434522,3,5,"1,2,4","green3-1.xls,green3-2.xls,green3-4.xls","3,5"
aggregated,green,sirloin steak,3,48,2.0,0,shear,shear,34,0.1372650506122449,127.75356293123524,16.5202883906528,3,5,"1,2,4","green3-1.xls,green3-2.xls,green3-4.xls","3,5"
aggregated,green,sirloin steak,3,48,2.0,0,shear,shear,35,0.14132278057142855,128.4008755749491,17.02798206325947,3,5,"1,2,4","green3-1.xls,green3-2.xls,green3-4.xls","3,5"
aggregated,green,sirloin steak,3,48,2.0,0,shear,shear,36,0.14538051053061224,128.8502687564127,17.63806575835654,3,5,"1,2,4","green3-1.xls,green3-2.xls,green3-4.xls","3,5"
aggregated,green,sirloin steak,3,48,2.0,0,shear,shear,37,0.14943824048979593,129.3688395454723,17.970432006700328,3,5,"1,2,4","green3-1.xls,green3-2.xls,green3-4.xls","3,5"
aggregated,green,sirloin steak,3,48,2.0,0,shear,shear,38,0.15349597044897959,130.45761918516283,17.9431054686484,3,5,"1,2,4","green3-1.xls,green3-2.xls,green3-4.xls","3,5"
aggregated,green,sirloin steak,3,48,2.0,0,shear,shear,39,0.15755370040816324,131.664197342568,17.830018570709587,3,5,"1,2,4","green3-1.xls,green3-2.xls,green3-4.xls","3,5"
aggregated,green,sirloin steak,3,48,2.0,0,shear,shear,40,0.16161143036734693,132.28604630564502,17.824296640273953,3,5,"1,2,4","green3-1.xls,green3-2.xls,green3-4.xls","3,5"
aggregated,green,sirloin steak,3,48,2.0,0,shear,shear,41,0.16566916032653062,132.76398838435833,17.90998461216174,3,5,"1,2,4","green3-1.xls,green3-2.xls,green3-4.xls","3,5"
aggregated,green,sirloin steak,3,48,2.0,0,shear,shear,42,0.16972689028571428,133.55358666277638,18.101435869108304,3,5,"1,2,4","green3-1.xls,green3-2.xls,green3-4.xls","3,5"
aggregated,green,sirloin steak,3,48,2.0,0,shear,shear,43,0.17378462024489794,134.50132698728848,18.274359693348995,3,5,"1,2,4","green3-1.xls,green3-2.xls,green3-4.xls","3,5"
aggregated,green,sirloin steak,3,48,2.0,0,shear,shear,44,0.17784235020408162,199.62984933297383,112.656809792601,4,5,"1,2,4,5","green3-1.xls,green3-2.xls,green3-4.xls,green3-5.xls",3
aggregated,green,sirloin steak,3,48,2.0,0,shear,shear,45,0.1819000801632653,200.7880263510204,113.4474774669159,4,5,"1,2,4,5","green3-1.xls,green3-2.xls,green3-4.xls,green3-5.xls",3
aggregated,green,sirloin steak,3,48,2.0,0,shear,shear,46,0.18595781012244897,202.0916083856397,114.1343255172166,4,5,"1,2,4,5","green3-1.xls,green3-2.xls,green3-4.xls,green3-5.xls",3
aggregated,green,sirloin steak,3,48,2.0,0,shear,shear,47,0.19001554008163263,203.0003637146263,113.971391570444,4,5,"1,2,4,5","green3-1.xls,green3-2.xls,green3-4.xls,green3-5.xls",3
aggregated,green,sirloin steak,3,48,2.0,0,shear,shear,48,0.19407327004081631,347.1145957447247,133.85976562646476,3,3,"1,3,5","green3-1.xls,green3-3.xls,green3-5.xls","2,4"
aggregated,green,sirloin steak,3,48,2.0,0,uniaxial,compression,1,0.8212013821721289,-1535.4476460145286,323.94234553645583,4,5,"1,2,3,4","green3-1.xls,green3-2.xls,green3-3.xls,green3-4.xls",5
aggregated,green,sirloin steak,3,48,2.0,0,uniaxial,compression,2,0.8253485113489932,-1510.284636420612,315.6074412531469,4,5,"1,2,3,4","green3-1.xls,green3-2.xls,green3-3.xls,green3-4.xls",5
aggregated,green,sirloin steak,3,48,2.0,0,uniaxial,compression,3,0.8294956405258577,-1655.7248182081937,98.3427561872005,3,5,"1,2,3","green3-1.xls,green3-2.xls,green3-3.xls","4,5"
aggregated,green,sirloin steak,3,48,2.0,0,uniaxial,compression,4,0.8336427697027221,-1459.9586172327777,299.7064101869867,4,5,"1,2,3,4","green3-1.xls,green3-2.xls,green3-3.xls,green3-4.xls",5
aggregated,green,sirloin steak,3,48,2.0,0,uniaxial,compression,5,0.8377898988795864,-1434.5832771567766,292.75807370973496,4,5,"1,2,3,4","green3-1.xls,green3-2.xls,green3-3.xls,green3-4.xls",5
aggregated,green,sirloin steak,3,48,2.0,0,uniaxial,compression,6,0.8419370280564509,-1405.175765816603,286.15789794755824,4,5,"1,2,3,4","green3-1.xls,green3-2.xls,green3-3.xls,green3-4.xls",5
aggregated,green,sirloin steak,3,48,2.0,0,uniaxial,compression,7,0.8460841572333153,-1375.7682544764293,279.5944693272005,4,5,"1,2,3,4","green3-1.xls,green3-2.xls,green3-3.xls,green3-4.xls",5
aggregated,green,sirloin steak,3,48,2.0,0,uniaxial,compression,8,0.8502312864101796,-1346.3607431362566,273.07043758710995,4,5,"1,2,3,4","green3-1.xls,green3-2.xls,green3-3.xls,green3-4.xls",5
aggregated,green,sirloin steak,3,48,2.0,0,uniaxial,compression,9,0.8543784155870441,-1316.9532317960827,266.5886951367886,4,5,"1,2,3,4","green3-1.xls,green3-2.xls,green3-3.xls,green3-4.xls",5
aggregated,green,sirloin steak,3,48,2.0,0,uniaxial,compression,10,0.8585255447639085,-1289.0372300033682,260.1508363152486,4,5,"1,2,3,4","green3-1.xls,green3-2.xls,green3-3.xls,green3-4.xls",5
aggregated,green,sirloin steak,3,48,2.0,0,uniaxial,compression,11,0.8626726739407728,-1460.8336492256014,454.4557597639388,5,5,"1,2,3,4,5","green3-1.xls,green3-2.xls,green3-3.xls,green3-4.xls,green3-5.xls",
aggregated,green,sirloin steak,3,48,2.0,0,uniaxial,compression,12,0.8668198031176373,-1436.6757281872692,453.29680607503116,5,5,"1,2,3,4,5","green3-1.xls,green3-2.xls,green3-3.xls,green3-4.xls,green3-5.xls",
aggregated,green,sirloin steak,3,48,2.0,0,uniaxial,compression,13,0.8709669322945017,-1412.5178071489372,452.30415698050786,5,5,"1,2,3,4,5","green3-1.xls,green3-2.xls,green3-3.xls,green3-4.xls,green3-5.xls",
aggregated,green,sirloin steak,3,48,2.0,0,uniaxial,compression,14,0.8751140614713661,-1388.3598861106057,451.4789094240053,5,5,"1,2,3,4,5","green3-1.xls,green3-2.xls,green3-3.xls,green3-4.xls,green3-5.xls",
aggregated,green,sirloin steak,3,48,2.0,0,uniaxial,compression,15,0.8792611906482305,-1364.3348787638201,447.81580256640814,5,5,"1,2,3,4,5","green3-1.xls,green3-2.xls,green3-3.xls,green3-4.xls,green3-5.xls",
aggregated,green,sirloin steak,3,48,2.0,0,uniaxial,compression,16,0.8834083198250949,-1339.9473963632558,440.1380411606379,5,5,"1,2,3,4,5","green3-1.xls,green3-2.xls,green3-3.xls,green3-4.xls,green3-5.xls",
aggregated,green,sirloin steak,3,48,2.0,0,uniaxial,compression,17,0.8875554490019593,-1315.5599139626918,432.5295037683733,5,5,"1,2,3,4,5","green3-1.xls,green3-2.xls,green3-3.xls,green3-4.xls,green3-5.xls",
aggregated,green,sirloin steak,3,48,2.0,0,uniaxial,compression,18,0.8917025781788237,-1291.1724315621273,424.99390829560275,5,5,"1,2,3,4,5","green3-1.xls,green3-2.xls,green3-3.xls,green3-4.xls,green3-5.xls",
aggregated,green,sirloin steak,3,48,2.0,0,uniaxial,compression,19,0.8958497073556881,-1266.7849491615627,417.53520408642385,5,5,"1,2,3,4,5","green3-1.xls,green3-2.xls,green3-3.xls,green3-4.xls,green3-5.xls",
aggregated,green,sirloin steak,3,48,2.0,0,uniaxial,compression,20,0.8999968365325525,-1241.938837502549,413.39156200523485,5,5,"1,2,3,4,5","green3-1.xls,green3-2.xls,green3-3.xls,green3-4.xls,green3-5.xls",
aggregated,green,sirloin steak,3,48,2.0,0,uniaxial,compression,21,0.9041439657094169,-1216.0710374996327,412.3588698620204,5,5,"1,2,3,4,5","green3-1.xls,green3-2.xls,green3-3.xls,green3-4.xls,green3-5.xls",
aggregated,green,sirloin steak,3,48,2.0,0,uniaxial,compression,22,0.9082910948862813,-1190.2032374967164,411.6384290787259,5,5,"1,2,3,4,5","green3-1.xls,green3-2.xls,green3-3.xls,green3-4.xls,green3-5.xls",
aggregated,green,sirloin steak,3,48,2.0,0,uniaxial,compression,23,0.9124382240631457,-1164.3354374938008,411.2318807664159,5,5,"1,2,3,4,5","green3-1.xls,green3-2.xls,green3-3.xls,green3-4.xls,green3-5.xls",
aggregated,green,sirloin steak,3,48,2.0,0,uniaxial,compression,24,0.9165853532400101,-1138.4676374908845,411.14015608637624,5,5,"1,2,3,4,5","green3-1.xls,green3-2.xls,green3-3.xls,green3-4.xls,green3-5.xls",
aggregated,green,sirloin steak,3,48,2.0,0,uniaxial,compression,25,0.9207324824168746,-1113.473929179166,408.06124867385705,5,5,"1,2,3,4,5","green3-1.xls,green3-2.xls,green3-3.xls,green3-4.xls,green3-5.xls",
aggregated,green,sirloin steak,3,48,2.0,0,uniaxial,compression,26,0.9248796115937389,-1087.9113389492866,403.82146340910566,5,5,"1,2,3,4,5","green3-1.xls,green3-2.xls,green3-3.xls,green3-4.xls,green3-5.xls",
aggregated,green,sirloin steak,3,48,2.0,0,uniaxial,compression,27,0.9290267407706033,-1062.3487487194066,399.75190621694213,5,5,"1,2,3,4,5","green3-1.xls,green3-2.xls,green3-3.xls,green3-4.xls,green3-5.xls",
aggregated,green,sirloin steak,3,48,2.0,0,uniaxial,compression,28,0.9331738699474678,-1036.7861584895265,395.8578271449099,5,5,"1,2,3,4,5","green3-1.xls,green3-2.xls,green3-3.xls,green3-4.xls,green3-5.xls",
aggregated,green,sirloin steak,3,48,2.0,0,uniaxial,compression,29,0.9373209991243321,-1011.2235682596471,392.14445383468444,5,5,"1,2,3,4,5","green3-1.xls,green3-2.xls,green3-3.xls,green3-4.xls,green3-5.xls",
aggregated,green,sirloin steak,3,48,2.0,0,uniaxial,compression,30,0.9414681283011965,-987.4572933599168,387.4163755653171,5,5,"1,2,3,4,5","green3-1.xls,green3-2.xls,green3-3.xls,green3-4.xls,green3-5.xls",
aggregated,green,sirloin steak,3,48,2.0,0,uniaxial,compression,31,0.945615257478061,-964.0125764852212,382.9772938911237,5,5,"1,2,3,4,5","green3-1.xls,green3-2.xls,green3-3.xls,green3-4.xls,green3-5.xls",
aggregated,green,sirloin steak,3,48,2.0,0,uniaxial,compression,32,0.9497623866549253,-940.5678596105263,378.7036150656409,5,5,"1,2,3,4,5","green3-1.xls,green3-2.xls,green3-3.xls,green3-4.xls,green3-5.xls",
aggregated,green,sirloin steak,3,48,2.0,0,uniaxial,compression,33,0.9539095158317897,-917.1231427358307,374.6010001842196,5,5,"1,2,3,4,5","green3-1.xls,green3-2.xls,green3-3.xls,green3-4.xls,green3-5.xls",
aggregated,green,sirloin steak,3,48,2.0,0,uniaxial,compression,34,0.9580566450086541,-893.2446359722314,370.1982608417213,5,5,"1,2,3,4,5","green3-1.xls,green3-2.xls,green3-3.xls,green3-4.xls,green3-5.xls",
aggregated,green,sirloin steak,3,48,2.0,0,uniaxial,compression,35,0.9622037741855185,-857.4564946776861,353.55271723074395,5,5,"1,2,3,4,5","green3-1.xls,green3-2.xls,green3-3.xls,green3-4.xls,green3-5.xls",
aggregated,green,sirloin steak,3,48,2.0,0,uniaxial,compression,36,0.9663509033623829,-821.515671530429,337.12380647813677,5,5,"1,2,3,4,5","green3-1.xls,green3-2.xls,green3-3.xls,green3-4.xls,green3-5.xls",
aggregated,green,sirloin steak,3,48,2.0,0,uniaxial,compression,37,0.9704980325392474,-785.5748483831721,320.91827457464154,5,5,"1,2,3,4,5","green3-1.xls,green3-2.xls,green3-3.xls,green3-4.xls,green3-5.xls",
aggregated,green,sirloin steak,3,48,2.0,0,uniaxial,compression,38,0.9746451617161117,-749.6340252359159,304.9717331921324,5,5,"1,2,3,4,5","green3-1.xls,green3-2.xls,green3-3.xls,green3-4.xls,green3-5.xls",
aggregated,green,sirloin steak,3,48,2.0,0,uniaxial,unloading,1,0.8224474458509226,658.039010142965,222.22198383239845,5,5,"1,2,3,4,5","green3-1.xls,green3-2.xls,green3-3.xls,green3-4.xls,green3-5.xls",
aggregated,green,sirloin steak,3,48,2.0,0,uniaxial,unloading,2,0.8240072101735564,624.6855327722564,214.7028862064089,5,5,"1,2,3,4,5","green3-1.xls,green3-2.xls,green3-3.xls,green3-4.xls,green3-5.xls",
aggregated,green,sirloin steak,3,48,2.0,0,uniaxial,unloading,3,0.8255669744961902,591.3320554015479,207.4343384018971,5,5,"1,2,3,4,5","green3-1.xls,green3-2.xls,green3-3.xls,green3-4.xls,green3-5.xls",
aggregated,green,sirloin steak,3,48,2.0,0,uniaxial,unloading,4,0.8271267388188241,557.9785780308371,200.44359881776796,5,5,"1,2,3,4,5","green3-1.xls,green3-2.xls,green3-3.xls,green3-4.xls,green3-5.xls",
aggregated,green,sirloin steak,3,48,2.0,0,uniaxial,unloading,5,0.828686503141458,524.6251006601285,193.76073911326634,5,5,"1,2,3,4,5","green3-1.xls,green3-2.xls,green3-3.xls,green3-4.xls,green3-5.xls",
aggregated,green,sirloin steak,3,48,2.0,0,uniaxial,unloading,6,0.8302462674640918,491.27162328941995,187.41869675231283,5,5,"1,2,3,4,5","green3-1.xls,green3-2.xls,green3-3.xls,green3-4.xls,green3-5.xls",
aggregated,green,sirloin steak,3,48,2.0,0,uniaxial,unloading,7,0.8318060317867256,457.91814591871145,181.45321137656038,5,5,"1,2,3,4,5","green3-1.xls,green3-2.xls,green3-3.xls,green3-4.xls,green3-5.xls",
aggregated,green,sirloin steak,3,48,2.0,0,uniaxial,unloading,8,0.8333657961093595,424.56466854800294,175.90259833587785,5,5,"1,2,3,4,5","green3-1.xls,green3-2.xls,green3-3.xls,green3-4.xls,green3-5.xls",
aggregated,green,sirloin steak,3,48,2.0,0,uniaxial,unloading,9,0.8349255604319933,391.2111911772944,170.80730792233348,5,5,"1,2,3,4,5","green3-1.xls,green3-2.xls,green3-3.xls,green3-4.xls,green3-5.xls",
aggregated,green,sirloin steak,3,48,2.0,0,uniaxial,unloading,10,0.8364853247546272,357.8577138065835,166.20922036382814,5,5,"1,2,3,4,5","green3-1.xls,green3-2.xls,green3-3.xls,green3-4.xls,green3-5.xls",
aggregated,green,sirloin steak,3,48,2.0,0,uniaxial,unloading,11,0.838045089077261,324.504236435875,162.15063855607733,5,5,"1,2,3,4,5","green3-1.xls,green3-2.xls,green3-3.xls,green3-4.xls,green3-5.xls",
aggregated,green,sirloin steak,3,48,2.0,0,uniaxial,unloading,12,0.8396048533998949,291.1507590651664,158.6729667909781,5,5,"1,2,3,4,5","green3-1.xls,green3-2.xls,green3-3.xls,green3-4.xls,green3-5.xls",
aggregated,green,sirloin steak,3,48,2.0,0,uniaxial,unloading,13,0.8411646177225287,258.311277919985,156.56402520703813,5,5,"1,2,3,4,5","green3-1.xls,green3-2.xls,green3-3.xls,green3-4.xls,green3-5.xls",
aggregated,green,sirloin steak,3,48,2.0,0,uniaxial,unloading,14,0.8427243820451625,237.98755911996895,150.36710700369218,5,5,"1,2,3,4,5","green3-1.xls,green3-2.xls,green3-3.xls,green3-4.xls,green3-5.xls",
aggregated,green,sirloin steak,3,48,2.0,0,uniaxial,unloading,15,0.8442841463677964,218.7575127852057,143.29536248085626,5,5,"1,2,3,4,5","green3-1.xls,green3-2.xls,green3-3.xls,green3-4.xls,green3-5.xls",
aggregated,green,sirloin steak,3,48,2.0,0,uniaxial,unloading,16,0.8458439106904302,199.52746645044243,136.24472948835665,5,5,"1,2,3,4,5","green3-1.xls,green3-2.xls,green3-3.xls,green3-4.xls,green3-5.xls",
aggregated,green,sirloin steak,3,48,2.0,0,uniaxial,unloading,17,0.8474036750130641,180.29742011567777,129.2186638344715,5,5,"1,2,3,4,5","green3-1.xls,green3-2.xls,green3-3.xls,green3-4.xls,green3-5.xls",
aggregated,green,sirloin steak,3,48,2.0,0,uniaxial,unloading,18,0.848963439335698,161.0673737809145,122.22140245453045,5,5,"1,2,3,4,5","green3-1.xls,green3-2.xls,green3-3.xls,green3-4.xls,green3-5.xls",
aggregated,green,sirloin steak,3,48,2.0,0,uniaxial,unloading,19,0.8505232036583318,141.83732744615125,115.25819154278697,5,5,"1,2,3,4,5","green3-1.xls,green3-2.xls,green3-3.xls,green3-4.xls,green3-5.xls",
aggregated,green,sirloin steak,3,48,2.0,0,uniaxial,unloading,20,0.8520829679809656,122.60728111138796,108.33559702355716,5,5,"1,2,3,4,5","green3-1.xls,green3-2.xls,green3-3.xls,green3-4.xls,green3-5.xls",
aggregated,green,sirloin steak,3,48,2.0,0,uniaxial,unloading,21,0.8536427323035994,103.37723477662469,101.46193282291975,5,5,"1,2,3,4,5","green3-1.xls,green3-2.xls,green3-3.xls,green3-4.xls,green3-5.xls",
aggregated,green,sirloin steak,3,48,2.0,0,uniaxial,unloading,22,0.8552024966262333,84.14718844186142,94.64786002256004,5,5,"1,2,3,4,5","green3-1.xls,green3-2.xls,green3-3.xls,green3-4.xls,green3-5.xls",
aggregated,green,sirloin steak,3,48,2.0,0,uniaxial,unloading,23,0.8567622609488672,64.9171421070968,87.90723728176651,5,5,"1,2,3,4,5","green3-1.xls,green3-2.xls,green3-3.xls,green3-4.xls,green3-5.xls",
aggregated,green,sirloin steak,3,48,2.0,0,uniaxial,unloading,24,0.858322025271501,45.68709577233352,81.25834536311267,5,5,"1,2,3,4,5","green3-1.xls,green3-2.xls,green3-3.xls,green3-4.xls,green3-5.xls",
aggregated,green,sirloin steak,3,48,2.0,0,uniaxial,unloading,25,0.8598817895941349,26.45704943757024,74.72567417403681,5,5,"1,2,3,4,5","green3-1.xls,green3-2.xls,green3-3.xls,green3-4.xls,green3-5.xls",
aggregated,green,sirloin steak,3,48,2.0,0,uniaxial,unloading,26,0.8614415539167687,8.91829887343243,69.7343034905821,5,5,"1,2,3,4,5","green3-1.xls,green3-2.xls,green3-3.xls,green3-4.xls,green3-5.xls",
aggregated,green,sirloin steak,3,48,2.0,0,uniaxial,unloading,27,0.8630013182394025,-0.5107576603315807,69.81086481041763,5,5,"1,2,3,4,5","green3-1.xls,green3-2.xls,green3-3.xls,green3-4.xls,green3-5.xls",
aggregated,green,sirloin steak,3,48,2.0,0,uniaxial,unloading,28,0.8645610825620363,-10.087528703948653,70.30993137559936,5,5,"1,2,3,4,5","green3-1.xls,green3-2.xls,green3-3.xls,green3-4.xls,green3-5.xls",
aggregated,green,sirloin steak,3,48,2.0,0,uniaxial,unloading,29,0.8661208468846702,-19.664299747565728,70.93452461458818,5,5,"1,2,3,4,5","green3-1.xls,green3-2.xls,green3-3.xls,green3-4.xls,green3-5.xls",
aggregated,green,sirloin steak,3,48,2.0,0,uniaxial,unloading,30,0.8676806112073041,-29.24107079118349,71.68136328465575,5,5,"1,2,3,4,5","green3-1.xls,green3-2.xls,green3-3.xls,green3-4.xls,green3-5.xls",
aggregated,green,sirloin steak,3,48,2.0,0,uniaxial,unloading,31,0.8692403755299379,-38.81784183480056,72.54667208210863,5,5,"1,2,3,4,5","green3-1.xls,green3-2.xls,green3-3.xls,green3-4.xls,green3-5.xls",
aggregated,green,sirloin steak,3,48,2.0,0,uniaxial,unloading,32,0.8708001398525718,-48.394612878417625,73.52626840676908,5,5,"1,2,3,4,5","green3-1.xls,green3-2.xls,green3-3.xls,green3-4.xls,green3-5.xls",
aggregated,green,sirloin steak,3,48,2.0,0,uniaxial,unloading,33,0.8723599041752056,-57.971383922034704,74.61565110117672,5,5,"1,2,3,4,5","green3-1.xls,green3-2.xls,green3-3.xls,green3-4.xls,green3-5.xls",
aggregated,green,sirloin steak,3,48,2.0,0,uniaxial,unloading,34,0.8739196684978394,-67.54815496565178,75.81008745855569,5,5,"1,2,3,4,5","green3-1.xls,green3-2.xls,green3-3.xls,green3-4.xls,green3-5.xls",
aggregated,green,sirloin steak,3,48,2.0,0,uniaxial,unloading,35,0.8754794328204732,-77.12492600926885,77.10469544384591,5,5,"1,2,3,4,5","green3-1.xls,green3-2.xls,green3-3.xls,green3-4.xls,green3-5.xls",
aggregated,green,sirloin steak,3,48,2.0,0,uniaxial,unloading,36,0.8770391971431072,-49.52194849867246,28.10815442352322,4,5,"1,3,4,5","green3-1.xls,green3-3.xls,green3-4.xls,green3-5.xls",2
aggregated,green,sirloin steak,3,48,2.0,0,uniaxial,unloading,37,0.878598961465741,-58.2356365756724,27.54331861828498,4,5,"1,3,4,5","green3-1.xls,green3-3.xls,green3-4.xls,green3-5.xls",2
aggregated,green,sirloin steak,3,48,2.0,0,uniaxial,unloading,38,0.8801587257883748,-66.94932465267233,27.25095858109865,4,5,"1,3,4,5","green3-1.xls,green3-3.xls,green3-4.xls,green3-5.xls",2
aggregated,red,new york strip steak,1,0,0.0,0,shear,shear,2,0.0038226218367346937,40.04668755869662,20.60058223773573,5,5,"1,2,3,4,5","red1-1.xls,red1-2.xls,red1-3.xls,red1-4.xls,red1-5.xls",
aggregated,red,new york strip steak,1,0,0.0,0,shear,shear,3,0.00796192775510204,54.09226181317227,26.978670533633807,5,5,"1,2,3,4,5","red1-1.xls,red1-2.xls,red1-3.xls,red1-4.xls,red1-5.xls",
aggregated,red,new york strip steak,1,0,0.0,0,shear,shear,4,0.012101233673469387,74.51481665429768,36.04118917249179,5,5,"1,2,3,4,5","red1-1.xls,red1-2.xls,red1-3.xls,red1-4.xls,red1-5.xls",
aggregated,red,new york strip steak,1,0,0.0,0,shear,shear,5,0.016240539591836734,102.48640667367161,44.05291548586553,5,5,"1,2,3,4,5","red1-1.xls,red1-2.xls,red1-3.xls,red1-4.xls,red1-5.xls",
aggregated,red,new york strip steak,1,0,0.0,0,shear,shear,6,0.02037984551020408,130.35943852067348,51.1329060672741,5,5,"1,2,3,4,5","red1-1.xls,red1-2.xls,red1-3.xls,red1-4.xls,red1-5.xls",
aggregated,red,new york strip steak,1,0,0.0,0,shear,shear,7,0.024519151428571428,150.38913230473378,55.81121572012596,5,5,"1,2,3,4,5","red1-1.xls,red1-2.xls,red1-3.xls,red1-4.xls,red1-5.xls",
aggregated,red,new york strip steak,1,0,0.0,0,shear,shear,8,0.028658457346938775,167.12322662209485,61.67155600851139,5,5,"1,2,3,4,5","red1-1.xls,red1-2.xls,red1-3.xls,red1-4.xls,red1-5.xls",
aggregated,red,new york strip steak,1,0,0.0,0,shear,shear,9,0.032797763265306125,181.66583005192996,66.94734084370253,5,5,"1,2,3,4,5","red1-1.xls,red1-2.xls,red1-3.xls,red1-4.xls,red1-5.xls",
aggregated,red,new york strip steak,1,0,0.0,0,shear,shear,10,0.03693706918367347,194.09978922600027,72.1814761766973,5,5,"1,2,3,4,5","red1-1.xls,red1-2.xls,red1-3.xls,red1-4.xls,red1-5.xls",
aggregated,red,new york strip steak,1,0,0.0,0,shear,shear,11,0.04107637510204081,205.68514919657432,77.3429400874516,5,5,"1,2,3,4,5","red1-1.xls,red1-2.xls,red1-3.xls,red1-4.xls,red1-5.xls",
aggregated,red,new york strip steak,1,0,0.0,0,shear,shear,12,0.04521568102040816,215.67983020661205,81.7382204295942,5,5,"1,2,3,4,5","red1-1.xls,red1-2.xls,red1-3.xls,red1-4.xls,red1-5.xls",
aggregated,red,new york strip steak,1,0,0.0,0,shear,shear,13,0.04935498693877551,224.97213554615124,86.03294187189057,5,5,"1,2,3,4,5","red1-1.xls,red1-2.xls,red1-3.xls,red1-4.xls,red1-5.xls",
aggregated,red,new york strip steak,1,0,0.0,0,shear,shear,14,0.053494292857142856,233.48122019973485,90.2993348190748,5,5,"1,2,3,4,5","red1-1.xls,red1-2.xls,red1-3.xls,red1-4.xls,red1-5.xls",
aggregated,red,new york strip steak,1,0,0.0,0,shear,shear,15,0.0576335987755102,240.96697683537323,94.16846973294334,5,5,"1,2,3,4,5","red1-1.xls,red1-2.xls,red1-3.xls,red1-4.xls,red1-5.xls",
aggregated,red,new york strip steak,1,0,0.0,0,shear,shear,16,0.06177290469387755,247.84972518274034,98.16180656183323,5,5,"1,2,3,4,5","red1-1.xls,red1-2.xls,red1-3.xls,red1-4.xls,red1-5.xls",
aggregated,red,new york strip steak,1,0,0.0,0,shear,shear,17,0.06591221061224489,253.90724297896767,101.58879212834967,5,5,"1,2,3,4,5","red1-1.xls,red1-2.xls,red1-3.xls,red1-4.xls,red1-5.xls",
aggregated,red,new york strip steak,1,0,0.0,0,shear,shear,18,0.07005151653061226,259.6714345217072,104.83539262129666,5,5,"1,2,3,4,5","red1-1.xls,red1-2.xls,red1-3.xls,red1-4.xls,red1-5.xls",
aggregated,red,new york strip steak,1,0,0.0,0,shear,shear,19,0.0741908224489796,265.24158777683107,107.87922280062143,5,5,"1,2,3,4,5","red1-1.xls,red1-2.xls,red1-3.xls,red1-4.xls,red1-5.xls",
aggregated,red,new york strip steak,1,0,0.0,0,shear,shear,20,0.07833012836734693,270.2506314317369,110.70326210377523,5,5,"1,2,3,4,5","red1-1.xls,red1-2.xls,red1-3.xls,red1-4.xls,red1-5.xls",
aggregated,red,new york strip steak,1,0,0.0,0,shear,shear,21,0.0824694342857143,275.0470535179289,113.60173727026273,5,5,"1,2,3,4,5","red1-1.xls,red1-2.xls,red1-3.xls,red1-4.xls,red1-5.xls",
aggregated,red,new york strip steak,1,0,0.0,0,shear,shear,22,0.08660874020408163,279.4083435235776,116.10802296870632,5,5,"1,2,3,4,5","red1-1.xls,red1-2.xls,red1-3.xls,red1-4.xls,red1-5.xls",
aggregated,red,new york strip steak,1,0,0.0,0,shear,shear,23,0.09074804612244897,283.5806837879605,118.57337839641188,5,5,"1,2,3,4,5","red1-1.xls,red1-2.xls,red1-3.xls,red1-4.xls,red1-5.xls",
aggregated,red,new york strip steak,1,0,0.0,0,shear,shear,24,0.09488735204081633,287.4891926797029,120.84292478810701,5,5,"1,2,3,4,5","red1-1.xls,red1-2.xls,red1-3.xls,red1-4.xls,red1-5.xls",
aggregated,red,new york strip steak,1,0,0.0,0,shear,shear,25,0.09902665795918367,290.8823758693147,122.71961854111471,5,5,"1,2,3,4,5","red1-1.xls,red1-2.xls,red1-3.xls,red1-4.xls,red1-5.xls",
aggregated,red,new york strip steak,1,0,0.0,0,shear,shear,26,0.10316596387755103,294.3655017091667,124.55356807341379,5,5,"1,2,3,4,5","red1-1.xls,red1-2.xls,red1-3.xls,red1-4.xls,red1-5.xls",
aggregated,red,new york strip steak,1,0,0.0,0,shear,shear,27,0.10730526979591837,297.3482094307825,126.23514623166264,5,5,"1,2,3,4,5","red1-1.xls,red1-2.xls,red1-3.xls,red1-4.xls,red1-5.xls",
aggregated,red,new york strip steak,1,0,0.0,0,shear,shear,28,0.1114445757142857,300.1664892078356,127.9453572364903,5,5,"1,2,3,4,5","red1-1.xls,red1-2.xls,red1-3.xls,red1-4.xls,red1-5.xls",
aggregated,red,new york strip steak,1,0,0.0,0,shear,shear,29,0.11558388163265307,302.4969338136202,129.55083017587833,5,5,"1,2,3,4,5","red1-1.xls,red1-2.xls,red1-3.xls,red1-4.xls,red1-5.xls",
aggregated,red,new york strip steak,1,0,0.0,0,shear,shear,30,0.1197231875510204,304.289874415038,130.86829283921534,5,5,"1,2,3,4,5","red1-1.xls,red1-2.xls,red1-3.xls,red1-4.xls,red1-5.xls",
aggregated,red,new york strip steak,1,0,0.0,0,shear,shear,31,0.12386249346938777,305.9135919504644,132.27737741503555,5,5,"1,2,3,4,5","red1-1.xls,red1-2.xls,red1-3.xls,red1-4.xls,red1-5.xls",
aggregated,red,new york strip steak,1,0,0.0,0,shear,shear,32,0.1280017993877551,307.49420082295245,133.2380805324081,5,5,"1,2,3,4,5","red1-1.xls,red1-2.xls,red1-3.xls,red1-4.xls,red1-5.xls",
aggregated,red,new york strip steak,1,0,0.0,0,shear,shear,33,0.13214110530612244,309.1998270727043,134.03222360580588,5,5,"1,2,3,4,5","red1-1.xls,red1-2.xls,red1-3.xls,red1-4.xls,red1-5.xls",
aggregated,red,new york strip steak,1,0,0.0,0,shear,shear,34,0.1362804112244898,310.7495311247941,134.61985223343027,5,5,"1,2,3,4,5","red1-1.xls,red1-2.xls,red1-3.xls,red1-4.xls,red1-5.xls",
aggregated,red,new york strip steak,1,0,0.0,0,shear,shear,35,0.14041971714285714,312.09104825927596,134.94184237450594,5,5,"1,2,3,4,5","red1-1.xls,red1-2.xls,red1-3.xls,red1-4.xls,red1-5.xls",
aggregated,red,new york strip steak,1,0,0.0,0,shear,shear,36,0.1445590230612245,313.4601732099482,135.1239563052315,5,5,"1,2,3,4,5","red1-1.xls,red1-2.xls,red1-3.xls,red1-4.xls,red1-5.xls",
aggregated,red,new york strip steak,1,0,0.0,0,shear,shear,37,0.14869832897959184,314.73591294334057,135.03963573070794,5,5,"1,2,3,4,5","red1-1.xls,red1-2.xls,red1-3.xls,red1-4.xls,red1-5.xls",
aggregated,red,new york strip steak,1,0,0.0,0,shear,shear,38,0.15283763489795918,315.74694874315855,135.08479783060093,5,5,"1,2,3,4,5","red1-1.xls,red1-2.xls,red1-3.xls,red1-4.xls,red1-5.xls",
aggregated,red,new york strip steak,1,0,0.0,0,shear,shear,39,0.15697694081632654,316.26563152633935,135.27925492245433,5,5,"1,2,3,4,5","red1-1.xls,red1-2.xls,red1-3.xls,red1-4.xls,red1-5.xls",
aggregated,red,new york strip steak,1,0,0.0,0,shear,shear,40,0.16111624673469388,316.7246447671864,135.35506571147423,5,5,"1,2,3,4,5","red1-1.xls,red1-2.xls,red1-3.xls,red1-4.xls,red1-5.xls",
aggregated,red,new york strip steak,1,0,0.0,0,shear,shear,41,0.16525555265306122,317.41340681116753,135.50837533811438,5,5,"1,2,3,4,5","red1-1.xls,red1-2.xls,red1-3.xls,red1-4.xls,red1-5.xls",
aggregated,red,new york strip steak,1,0,0.0,0,shear,shear,42,0.16939485857142858,317.9343130536148,135.4420450134451,5,5,"1,2,3,4,5","red1-1.xls,red1-2.xls,red1-3.xls,red1-4.xls,red1-5.xls",
aggregated,red,new york strip steak,1,0,0.0,0,shear,shear,43,0.17353416448979592,318.3260874662941,135.33243861254738,5,5,"1,2,3,4,5","red1-1.xls,red1-2.xls,red1-3.xls,red1-4.xls,red1-5.xls",
aggregated,red,new york strip steak,1,0,0.0,0,shear,shear,44,0.17767347040816325,318.6027545503578,134.9895060372581,5,5,"1,2,3,4,5","red1-1.xls,red1-2.xls,red1-3.xls,red1-4.xls,red1-5.xls",
aggregated,red,new york strip steak,1,0,0.0,0,shear,shear,45,0.18181277632653062,318.9332503676449,134.39803543434434,5,5,"1,2,3,4,5","red1-1.xls,red1-2.xls,red1-3.xls,red1-4.xls,red1-5.xls",
aggregated,red,new york strip steak,1,0,0.0,0,shear,shear,46,0.18595208224489795,319.50728916745203,133.77699717191263,5,5,"1,2,3,4,5","red1-1.xls,red1-2.xls,red1-3.xls,red1-4.xls,red1-5.xls",
aggregated,red,new york strip steak,1,0,0.0,0,shear,shear,47,0.19009138816326532,315.89160750369007,148.82767802351884,4,4,"1,2,4,5","red1-1.xls,red1-2.xls,red1-4.xls,red1-5.xls",3
aggregated,red,new york strip steak,1,0,0.0,0,uniaxial,compression,1,0.8207275176888441,-1627.7698627069492,339.9383418265387,5,5,"1,2,3,4,5","red1-1.xls,red1-2.xls,red1-3.xls,red1-4.xls,red1-5.xls",
aggregated,red,new york strip steak,1,0,0.0,0,uniaxial,compression,2,0.8248784663699914,-1588.3720360927043,333.8210373965101,5,5,"1,2,3,4,5","red1-1.xls,red1-2.xls,red1-3.xls,red1-4.xls,red1-5.xls",
aggregated,red,new york strip steak,1,0,0.0,0,uniaxial,compression,3,0.8290294150511387,-1548.9742094784594,327.8810631912677,5,5,"1,2,3,4,5","red1-1.xls,red1-2.xls,red1-3.xls,red1-4.xls,red1-5.xls",
aggregated,red,new york strip steak,1,0,0.0,0,uniaxial,compression,4,0.833180363732286,-1509.5763828642143,322.1282291520539,5,5,"1,2,3,4,5","red1-1.xls,red1-2.xls,red1-3.xls,red1-4.xls,red1-5.xls",
aggregated,red,new york strip steak,1,0,0.0,0,uniaxial,compression,5,0.8373313124134333,-1469.6850992015982,316.4899083002918,5,5,"1,2,3,4,5","red1-1.xls,red1-2.xls,red1-3.xls,red1-4.xls,red1-5.xls",
aggregated,red,new york strip steak,1,0,0.0,0,uniaxial,compression,6,0.8414822610945806,-1433.0442084731997,312.1187779272866,5,5,"1,2,3,4,5","red1-1.xls,red1-2.xls,red1-3.xls,red1-4.xls,red1-5.xls",
aggregated,red,new york strip steak,1,0,0.0,0,uniaxial,compression,7,0.8456332097757279,-1396.7266698953524,307.86394185712106,5,5,"1,2,3,4,5","red1-1.xls,red1-2.xls,red1-3.xls,red1-4.xls,red1-5.xls",
aggregated,red,new york strip steak,1,0,0.0,0,uniaxial,compression,8,0.8497841584568752,-1360.409131317505,303.8961345213811,5,5,"1,2,3,4,5","red1-1.xls,red1-2.xls,red1-3.xls,red1-4.xls,red1-5.xls",
aggregated,red,new york strip steak,1,0,0.0,0,uniaxial,compression,9,0.8539351071380226,-1324.0915927396568,300.2267362819647,5,5,"1,2,3,4,5","red1-1.xls,red1-2.xls,red1-3.xls,red1-4.xls,red1-5.xls",
aggregated,red,new york strip steak,1,0,0.0,0,uniaxial,compression,10,0.8580860558191699,-1290.3000302576322,296.69720668148665,5,5,"1,2,3,4,5","red1-1.xls,red1-2.xls,red1-3.xls,red1-4.xls,red1-5.xls",
aggregated,red,new york strip steak,1,0,0.0,0,uniaxial,compression,11,0.8622370045003172,-1265.9985787160947,289.0021296763973,5,5,"1,2,3,4,5","red1-1.xls,red1-2.xls,red1-3.xls,red1-4.xls,red1-5.xls",
aggregated,red,new york strip steak,1,0,0.0,0,uniaxial,compression,12,0.8663879531814644,-1241.6971271745574,281.3251734671872,5,5,"1,2,3,4,5","red1-1.xls,red1-2.xls,red1-3.xls,red1-4.xls,red1-5.xls",
aggregated,red,new york strip steak,1,0,0.0,0,uniaxial,compression,13,0.8705389018626117,-1217.3956756330203,273.66786303683216,5,5,"1,2,3,4,5","red1-1.xls,red1-2.xls,red1-3.xls,red1-4.xls,red1-5.xls",
aggregated,red,new york strip steak,1,0,0.0,0,uniaxial,compression,14,0.874689850543759,-1193.094224091483,266.03189480944417,5,5,"1,2,3,4,5","red1-1.xls,red1-2.xls,red1-3.xls,red1-4.xls,red1-5.xls",
aggregated,red,new york strip steak,1,0,0.0,0,uniaxial,compression,15,0.8788407992249063,-1167.3781743262841,260.2499118380323,5,5,"1,2,3,4,5","red1-1.xls,red1-2.xls,red1-3.xls,red1-4.xls,red1-5.xls",
aggregated,red,new york strip steak,1,0,0.0,0,uniaxial,compression,16,0.8829917479060536,-1139.4448046782068,259.38155939017383,5,5,"1,2,3,4,5","red1-1.xls,red1-2.xls,red1-3.xls,red1-4.xls,red1-5.xls",
aggregated,red,new york strip steak,1,0,0.0,0,uniaxial,compression,17,0.8871426965872009,-1111.5114350301296,258.69944734102404,5,5,"1,2,3,4,5","red1-1.xls,red1-2.xls,red1-3.xls,red1-4.xls,red1-5.xls",
aggregated,red,new york strip steak,1,0,0.0,0,uniaxial,compression,18,0.8912936452683482,-1083.5780653820523,258.205051694041,5,5,"1,2,3,4,5","red1-1.xls,red1-2.xls,red1-3.xls,red1-4.xls,red1-5.xls",
aggregated,red,new york strip steak,1,0,0.0,0,uniaxial,compression,19,0.8954445939494955,-1055.6446957339751,257.89945201374854,5,5,"1,2,3,4,5","red1-1.xls,red1-2.xls,red1-3.xls,red1-4.xls,red1-5.xls",
aggregated,red,new york strip steak,1,0,0.0,0,uniaxial,compression,20,0.8995955426306428,-1032.0077335251465,255.78852485923466,5,5,"1,2,3,4,5","red1-1.xls,red1-2.xls,red1-3.xls,red1-4.xls,red1-5.xls",
aggregated,red,new york strip steak,1,0,0.0,0,uniaxial,compression,21,0.9037464913117901,-1012.4700348791994,250.36690350448782,5,5,"1,2,3,4,5","red1-1.xls,red1-2.xls,red1-3.xls,red1-4.xls,red1-5.xls",
aggregated,red,new york strip steak,1,0,0.0,0,uniaxial,compression,22,0.9078974399929374,-992.9323362332522,244.94857088234318,5,5,"1,2,3,4,5","red1-1.xls,red1-2.xls,red1-3.xls,red1-4.xls,red1-5.xls",
aggregated,red,new york strip steak,1,0,0.0,0,uniaxial,compression,23,0.9120483886740847,-973.394637587305,239.53375016956096,5,5,"1,2,3,4,5","red1-1.xls,red1-2.xls,red1-3.xls,red1-4.xls,red1-5.xls",
aggregated,red,new york strip steak,1,0,0.0,0,uniaxial,compression,24,0.916199337355232,-953.8569389413581,234.12268503799373,5,5,"1,2,3,4,5","red1-1.xls,red1-2.xls,red1-3.xls,red1-4.xls,red1-5.xls",
aggregated,red,new york strip steak,1,0,0.0,0,uniaxial,compression,25,0.9203502860363793,-932.9670400609002,230.8180358119071,5,5,"1,2,3,4,5","red1-1.xls,red1-2.xls,red1-3.xls,red1-4.xls,red1-5.xls",
aggregated,red,new york strip steak,1,0,0.0,0,uniaxial,compression,26,0.9245012347175265,-911.7128392118163,229.21775271746026,5,5,"1,2,3,4,5","red1-1.xls,red1-2.xls,red1-3.xls,red1-4.xls,red1-5.xls",
aggregated,red,new york strip steak,1,0,0.0,0,uniaxial,compression,27,0.9286521833986738,-890.4586383627326,227.81303765810028,5,5,"1,2,3,4,5","red1-1.xls,red1-2.xls,red1-3.xls,red1-4.xls,red1-5.xls",
aggregated,red,new york strip steak,1,0,0.0,0,uniaxial,compression,28,0.9328031320798211,-869.2044375136487,226.60752757702375,5,5,"1,2,3,4,5","red1-1.xls,red1-2.xls,red1-3.xls,red1-4.xls,red1-5.xls",
aggregated,red,new york strip steak,1,0,0.0,0,uniaxial,compression,29,0.9369540807609685,-847.9502366645642,225.60441583338852,5,5,"1,2,3,4,5","red1-1.xls,red1-2.xls,red1-3.xls,red1-4.xls,red1-5.xls",
aggregated,red,new york strip steak,1,0,0.0,0,uniaxial,compression,30,0.9411050294421158,-829.2961952256868,222.5659815629031,5,5,"1,2,3,4,5","red1-1.xls,red1-2.xls,red1-3.xls,red1-4.xls,red1-5.xls",
aggregated,red,new york strip steak,1,0,0.0,0,uniaxial,compression,31,0.9452559781232631,-811.044904528191,218.51245794075265,5,5,"1,2,3,4,5","red1-1.xls,red1-2.xls,red1-3.xls,red1-4.xls,red1-5.xls",
aggregated,red,new york strip steak,1,0,0.0,0,uniaxial,compression,32,0.9494069268044104,-792.793613830695,214.50202388788568,5,5,"1,2,3,4,5","red1-1.xls,red1-2.xls,red1-3.xls,red1-4.xls,red1-5.xls",
aggregated,red,new york strip steak,1,0,0.0,0,uniaxial,compression,33,0.9535578754855577,-774.542323133199,210.5371418043102,5,5,"1,2,3,4,5","red1-1.xls,red1-2.xls,red1-3.xls,red1-4.xls,red1-5.xls",
aggregated,red,new york strip steak,1,0,0.0,0,uniaxial,compression,34,0.957708824166705,-756.2910324357031,206.62043402504182,5,5,"1,2,3,4,5","red1-1.xls,red1-2.xls,red1-3.xls,red1-4.xls,red1-5.xls",
aggregated,red,new york strip steak,1,0,0.0,0,uniaxial,compression,35,0.9618597728478523,-721.2887973820118,204.562662606917,5,5,"1,2,3,4,5","red1-1.xls,red1-2.xls,red1-3.xls,red1-4.xls,red1-5.xls",
aggregated,red,new york strip steak,1,0,0.0,0,uniaxial,compression,36,0.9660107215289996,-684.9906927169405,203.61749828920978,5,5,"1,2,3,4,5","red1-1.xls,red1-2.xls,red1-3.xls,red1-4.xls,red1-5.xls",
aggregated,red,new york strip steak,1,0,0.0,0,uniaxial,compression,37,0.9701616702101469,-648.6925880518692,203.38064346192218,5,5,"1,2,3,4,5","red1-1.xls,red1-2.xls,red1-3.xls,red1-4.xls,red1-5.xls",
aggregated,red,new york strip steak,1,0,0.0,0,uniaxial,compression,38,0.9743126188912942,-515.105567335065,67.97197734208497,4,5,"2,3,4,5","red1-2.xls,red1-3.xls,red1-4.xls,red1-5.xls",1
aggregated,red,new york strip steak,1,0,0.0,0,uniaxial,unloading,1,0.8221458921929957,697.9456001166601,181.1237117644432,5,5,"1,2,3,4,5","red1-1.xls,red1-2.xls,red1-3.xls,red1-4.xls,red1-5.xls",
aggregated,red,new york strip steak,1,0,0.0,0,uniaxial,unloading,2,0.8237109329862823,661.4890848332032,168.68126142943512,5,5,"1,2,3,4,5","red1-1.xls,red1-2.xls,red1-3.xls,red1-4.xls,red1-5.xls",
aggregated,red,new york strip steak,1,0,0.0,0,uniaxial,unloading,3,0.825275973779569,625.0325695497438,156.4260840152625,5,5,"1,2,3,4,5","red1-1.xls,red1-2.xls,red1-3.xls,red1-4.xls,red1-5.xls",
aggregated,red,new york strip steak,1,0,0.0,0,uniaxial,unloading,4,0.8268410145728555,588.576054266287,144.4058668202343,5,5,"1,2,3,4,5","red1-1.xls,red1-2.xls,red1-3.xls,red1-4.xls,red1-5.xls",
aggregated,red,new york strip steak,1,0,0.0,0,uniaxial,unloading,5,0.8284060553661422,552.1195389828275,132.68448210956993,5,5,"1,2,3,4,5","red1-1.xls,red1-2.xls,red1-3.xls,red1-4.xls,red1-5.xls",
aggregated,red,new york strip steak,1,0,0.0,0,uniaxial,unloading,6,0.8299710961594288,515.6630236993708,121.34855591268906,5,5,"1,2,3,4,5","red1-1.xls,red1-2.xls,red1-3.xls,red1-4.xls,red1-5.xls",
aggregated,red,new york strip steak,1,0,0.0,0,uniaxial,unloading,7,0.8315361369527154,479.2065084159114,110.51676370729272,5,5,"1,2,3,4,5","red1-1.xls,red1-2.xls,red1-3.xls,red1-4.xls,red1-5.xls",
aggregated,red,new york strip steak,1,0,0.0,0,uniaxial,unloading,8,0.833101177746002,442.74999313245445,100.35248331456862,5,5,"1,2,3,4,5","red1-1.xls,red1-2.xls,red1-3.xls,red1-4.xls,red1-5.xls",
aggregated,red,new york strip steak,1,0,0.0,0,uniaxial,unloading,9,0.8346662185392887,406.2934778489951,91.07946839599097,5,5,"1,2,3,4,5","red1-1.xls,red1-2.xls,red1-3.xls,red1-4.xls,red1-5.xls",
aggregated,red,new york strip steak,1,0,0.0,0,uniaxial,unloading,10,0.8362312593325752,369.8369625655383,82.99699409027093,5,5,"1,2,3,4,5","red1-1.xls,red1-2.xls,red1-3.xls,red1-4.xls,red1-5.xls",
aggregated,red,new york strip steak,1,0,0.0,0,uniaxial,unloading,11,0.8377963001258619,333.3804472820789,76.48343154940828,5,5,"1,2,3,4,5","red1-1.xls,red1-2.xls,red1-3.xls,red1-4.xls,red1-5.xls",
aggregated,red,new york strip steak,1,0,0.0,0,uniaxial,unloading,12,0.8393613409191485,296.923931998622,71.96605021782234,5,5,"1,2,3,4,5","red1-1.xls,red1-2.xls,red1-3.xls,red1-4.xls,red1-5.xls",
aggregated,red,new york strip steak,1,0,0.0,0,uniaxial,unloading,13,0.8409263817124352,229.45830713626566,32.69595704669306,4,5,"1,2,3,5","red1-1.xls,red1-2.xls,red1-3.xls,red1-5.xls",4
aggregated,red,new york strip steak,1,0,0.0,0,uniaxial,unloading,14,0.8424914225057218,238.2849161482397,66.169418941161,5,5,"1,2,3,4,5","red1-1.xls,red1-2.xls,red1-3.xls,red1-4.xls,red1-5.xls",
aggregated,red,new york strip steak,1,0,0.0,0,uniaxial,unloading,15,0.8440564632990084,219.02498634319448,63.26759680692466,5,5,"1,2,3,4,5","red1-1.xls,red1-2.xls,red1-3.xls,red1-4.xls,red1-5.xls",
aggregated,red,new york strip steak,1,0,0.0,0,uniaxial,unloading,16,0.8456215040922951,199.765056538148,60.55830239124535,5,5,"1,2,3,4,5","red1-1.xls,red1-2.xls,red1-3.xls,red1-4.xls,red1-5.xls",
aggregated,red,new york strip steak,1,0,0.0,0,uniaxial,unloading,17,0.8471865448855816,180.50512673310283,58.06849017641762,5,5,"1,2,3,4,5","red1-1.xls,red1-2.xls,red1-3.xls,red1-4.xls,red1-5.xls",
aggregated,red,new york strip steak,1,0,0.0,0,uniaxial,unloading,18,0.8487515856788683,161.24519692805626,55.827533478572505,5,5,"1,2,3,4,5","red1-1.xls,red1-2.xls,red1-3.xls,red1-4.xls,red1-5.xls",
aggregated,red,new york strip steak,1,0,0.0,0,uniaxial,unloading,19,0.8503166264721549,141.98526712301108,53.8664999541164,5,5,"1,2,3,4,5","red1-1.xls,red1-2.xls,red1-3.xls,red1-4.xls,red1-5.xls",
aggregated,red,new york strip steak,1,0,0.0,0,uniaxial,unloading,20,0.8518816672654416,122.72533731796457,52.21693710268482,5,5,"1,2,3,4,5","red1-1.xls,red1-2.xls,red1-3.xls,red1-4.xls,red1-5.xls",
aggregated,red,new york strip steak,1,0,0.0,0,uniaxial,unloading,21,0.8534467080587281,103.46540751291937,50.90913084642007,5,5,"1,2,3,4,5","red1-1.xls,red1-2.xls,red1-3.xls,red1-4.xls,red1-5.xls",
aggregated,red,new york strip steak,1,0,0.0,0,uniaxial,unloading,22,0.8550117488520148,84.20547770787282,49.96992162054426,5,5,"1,2,3,4,5","red1-1.xls,red1-2.xls,red1-3.xls,red1-4.xls,red1-5.xls",
aggregated,red,new york strip steak,1,0,0.0,0,uniaxial,unloading,23,0.8565767896453014,64.94554790282766,49.420328914951654,5,5,"1,2,3,4,5","red1-1.xls,red1-2.xls,red1-3.xls,red1-4.xls,red1-5.xls",
aggregated,red,new york strip steak,1,0,0.0,0,uniaxial,unloading,24,0.858141830438588,45.685618097781116,49.27339173868509,5,5,"1,2,3,4,5","red1-1.xls,red1-2.xls,red1-3.xls,red1-4.xls,red1-5.xls",
aggregated,red,new york strip steak,1,0,0.0,0,uniaxial,unloading,25,0.8597068712318747,26.425688292734566,49.532693616227675,5,5,"1,2,3,4,5","red1-1.xls,red1-2.xls,red1-3.xls,red1-4.xls,red1-5.xls",
aggregated,red,new york strip steak,1,0,0.0,0,uniaxial,unloading,26,0.8612719120251613,30.39512646240219,22.60037644744772,4,5,"1,2,4,5","red1-1.xls,red1-2.xls,red1-4.xls,red1-5.xls",3
aggregated,red,new york strip steak,1,0,0.0,0,uniaxial,unloading,27,0.862836952818448,21.419169208573166,19.318060053768413,4,5,"1,2,4,5","red1-1.xls,red1-2.xls,red1-4.xls,red1-5.xls",3
aggregated,red,new york strip steak,1,0,0.0,0,uniaxial,unloading,28,0.8644019936117345,13.23483492928115,17.204290208098303,4,5,"1,2,4,5","red1-1.xls,red1-2.xls,red1-4.xls,red1-5.xls",3
aggregated,red,new york strip steak,1,0,0.0,0,uniaxial,unloading,29,0.8659670344050212,5.05050064998855,15.765489017443675,4,5,"1,2,4,5","red1-1.xls,red1-2.xls,red1-4.xls,red1-5.xls",3
aggregated,red,new york strip steak,1,0,0.0,0,uniaxial,unloading,30,0.8675320751983078,-25.57854204286753,46.90160978281735,5,5,"1,2,3,4,5","red1-1.xls,red1-2.xls,red1-3.xls,red1-4.xls,red1-5.xls",
aggregated,red,new york strip steak,1,0,0.0,0,uniaxial,unloading,31,0.8690971159915944,-33.543823339698896,46.58638582824529,5,5,"1,2,3,4,5","red1-1.xls,red1-2.xls,red1-3.xls,red1-4.xls,red1-5.xls",
aggregated,red,new york strip steak,1,0,0.0,0,uniaxial,unloading,32,0.870662156784881,-41.509104636529706,46.52973103926743,5,5,"1,2,3,4,5","red1-1.xls,red1-2.xls,red1-3.xls,red1-4.xls,red1-5.xls",
aggregated,red,new york strip steak,1,0,0.0,0,uniaxial,unloading,33,0.8722271975781677,-27.68683646718069,18.87939787837332,4,5,"1,2,4,5","red1-1.xls,red1-2.xls,red1-4.xls,red1-5.xls",3
aggregated,red,new york strip steak,1,0,0.0,0,uniaxial,unloading,34,0.8737922383714543,-35.87117074647271,21.396474756385594,4,5,"1,2,4,5","red1-1.xls,red1-2.xls,red1-4.xls,red1-5.xls",3
aggregated,red,new york strip steak,1,0,0.0,0,uniaxial,unloading,35,0.8753572791647409,-44.05550502576531,24.268281455895938,4,5,"1,2,4,5","red1-1.xls,red1-2.xls,red1-4.xls,red1-5.xls",3
aggregated,red,new york strip steak,1,0,0.0,0,uniaxial,unloading,36,0.8769223199580275,-36.63982076247825,5.1343272365891925,3,5,"2,4,5","red1-2.xls,red1-4.xls,red1-5.xls","1,3"
aggregated,red,new york strip steak,1,0,0.0,0,uniaxial,unloading,37,0.8784873607513142,-60.42417358434993,30.667879706299857,4,5,"1,2,4,5","red1-1.xls,red1-2.xls,red1-4.xls,red1-5.xls",3
aggregated,red,new york strip steak,1,0,0.0,0,uniaxial,unloading,38,0.8800524015446007,-68.60850786364195,34.072684862153636,4,5,"1,2,4,5","red1-1.xls,red1-2.xls,red1-4.xls,red1-5.xls",3
aggregated,red,new york strip steak,2,24,1.0,0,shear,shear,1,0.0027784285714285723,30.457211177464288,23.74552025647527,4,4,"1,2,4,5","red2-1.xls,red2-2.xls,red2-4.xls,red2-5.xls",3
aggregated,red,new york strip steak,2,24,1.0,0,shear,shear,2,0.006853107142857144,67.50048180103234,38.65899018640504,5,5,"1,2,3,4,5","red2-1.xls,red2-2.xls,red2-3.xls,red2-4.xls,red2-5.xls",
aggregated,red,new york strip steak,2,24,1.0,0,shear,shear,3,0.010927785714285715,95.06791315481229,47.4405436522588,5,5,"1,2,3,4,5","red2-1.xls,red2-2.xls,red2-3.xls,red2-4.xls,red2-5.xls",
aggregated,red,new york strip steak,2,24,1.0,0,shear,shear,4,0.015002464285714287,127.55743519178766,51.87111995276738,5,5,"1,2,3,4,5","red2-1.xls,red2-2.xls,red2-3.xls,red2-4.xls,red2-5.xls",
aggregated,red,new york strip steak,2,24,1.0,0,shear,shear,5,0.019077142857142862,125.66451142902093,23.53943675506241,4,5,"1,3,4,5","red2-1.xls,red2-3.xls,red2-4.xls,red2-5.xls",2
aggregated,red,new york strip steak,2,24,1.0,0,shear,shear,6,0.02315182142857143,181.18403344664037,54.52169883874984,5,5,"1,2,3,4,5","red2-1.xls,red2-2.xls,red2-3.xls,red2-4.xls,red2-5.xls",
aggregated,red,new york strip steak,2,24,1.0,0,shear,shear,7,0.027226500000000004,206.95362080484506,62.30786111787136,5,5,"1,2,3,4,5","red2-1.xls,red2-2.xls,red2-3.xls,red2-4.xls,red2-5.xls",
aggregated,red,new york strip steak,2,24,1.0,0,shear,shear,8,0.03130117857142858,225.18017932146705,64.6079761859157,5,5,"1,2,3,4,5","red2-1.xls,red2-2.xls,red2-3.xls,red2-4.xls,red2-5.xls",
aggregated,red,new york strip steak,2,24,1.0,0,shear,shear,9,0.035375857142857146,242.50034450233852,67.48955477696457,5,5,"1,2,3,4,5","red2-1.xls,red2-2.xls,red2-3.xls,red2-4.xls,red2-5.xls",
aggregated,red,new york strip steak,2,24,1.0,0,shear,shear,10,0.03945053571428572,256.8386497225716,68.43997077415206,5,5,"1,2,3,4,5","red2-1.xls,red2-2.xls,red2-3.xls,red2-4.xls,red2-5.xls",
aggregated,red,new york strip steak,2,24,1.0,0,shear,shear,11,0.04352521428571429,270.62971385293,70.16528039221105,5,5,"1,2,3,4,5","red2-1.xls,red2-2.xls,red2-3.xls,red2-4.xls,red2-5.xls",
aggregated,red,new york strip steak,2,24,1.0,0,shear,shear,12,0.04759989285714286,281.83729800303456,71.29858922704855,5,5,"1,2,3,4,5","red2-1.xls,red2-2.xls,red2-3.xls,red2-4.xls,red2-5.xls",
aggregated,red,new york strip steak,2,24,1.0,0,shear,shear,13,0.05167457142857144,292.32314757150823,72.25984899300855,5,5,"1,2,3,4,5","red2-1.xls,red2-2.xls,red2-3.xls,red2-4.xls,red2-5.xls",
aggregated,red,new york strip steak,2,24,1.0,0,shear,shear,14,0.05574925000000001,302.58352871059236,73.1028604483072,5,5,"1,2,3,4,5","red2-1.xls,red2-2.xls,red2-3.xls,red2-4.xls,red2-5.xls",
aggregated,red,new york strip steak,2,24,1.0,0,shear,shear,15,0.05982392857142858,312.2271709364551,73.8286316851653,5,5,"1,2,3,4,5","red2-1.xls,red2-2.xls,red2-3.xls,red2-4.xls,red2-5.xls",
aggregated,red,new york strip steak,2,24,1.0,0,shear,shear,16,0.06389860714285715,321.4009599077658,74.93213067244098,5,5,"1,2,3,4,5","red2-1.xls,red2-2.xls,red2-3.xls,red2-4.xls,red2-5.xls",
aggregated,red,new york strip steak,2,24,1.0,0,shear,shear,17,0.06797328571428572,329.4610886679099,75.65075402930798,5,5,"1,2,3,4,5","red2-1.xls,red2-2.xls,red2-3.xls,red2-4.xls,red2-5.xls",
aggregated,red,new york strip steak,2,24,1.0,0,shear,shear,18,0.07204796428571429,337.2080701220008,76.5110787128035,5,5,"1,2,3,4,5","red2-1.xls,red2-2.xls,red2-3.xls,red2-4.xls,red2-5.xls",
aggregated,red,new york strip steak,2,24,1.0,0,shear,shear,19,0.07612264285714287,344.3307134203252,77.15420774429545,5,5,"1,2,3,4,5","red2-1.xls,red2-2.xls,red2-3.xls,red2-4.xls,red2-5.xls",
aggregated,red,new york strip steak,2,24,1.0,0,shear,shear,20,0.08019732142857144,350.7199408360965,77.6950347405333,5,5,"1,2,3,4,5","red2-1.xls,red2-2.xls,red2-3.xls,red2-4.xls,red2-5.xls",
aggregated,red,new york strip steak,2,24,1.0,0,shear,shear,21,0.08427200000000001,356.83230077007124,78.28257116415787,5,5,"1,2,3,4,5","red2-1.xls,red2-2.xls,red2-3.xls,red2-4.xls,red2-5.xls",
aggregated,red,new york strip steak,2,24,1.0,0,shear,shear,22,0.08834667857142858,362.0520872593155,79.11532966803874,5,5,"1,2,3,4,5","red2-1.xls,red2-2.xls,red2-3.xls,red2-4.xls,red2-5.xls",
aggregated,red,new york strip steak,2,24,1.0,0,shear,shear,23,0.09242135714285715,367.241224442464,79.99322613169164,5,5,"1,2,3,4,5","red2-1.xls,red2-2.xls,red2-3.xls,red2-4.xls,red2-5.xls",
aggregated,red,new york strip steak,2,24,1.0,0,shear,shear,24,0.09649603571428572,372.16071498307264,80.66567581639988,5,5,"1,2,3,4,5","red2-1.xls,red2-2.xls,red2-3.xls,red2-4.xls,red2-5.xls",
aggregated,red,new york strip steak,2,24,1.0,0,shear,shear,25,0.1005707142857143,376.9614596220414,81.25460252897597,5,5,"1,2,3,4,5","red2-1.xls,red2-2.xls,red2-3.xls,red2-4.xls,red2-5.xls",
aggregated,red,new york strip steak,2,24,1.0,0,shear,shear,26,0.10464539285714287,381.0068480851552,82.56112410761655,5,5,"1,2,3,4,5","red2-1.xls,red2-2.xls,red2-3.xls,red2-4.xls,red2-5.xls",
aggregated,red,new york strip steak,2,24,1.0,0,shear,shear,27,0.10872007142857144,384.6770609948484,83.8737220857384,5,5,"1,2,3,4,5","red2-1.xls,red2-2.xls,red2-3.xls,red2-4.xls,red2-5.xls",
aggregated,red,new york strip steak,2,24,1.0,0,shear,shear,28,0.11279475000000001,388.23552883463697,84.97677847711455,5,5,"1,2,3,4,5","red2-1.xls,red2-2.xls,red2-3.xls,red2-4.xls,red2-5.xls",
aggregated,red,new york strip steak,2,24,1.0,0,shear,shear,29,0.11686942857142858,391.54524840546753,85.81864879247787,5,5,"1,2,3,4,5","red2-1.xls,red2-2.xls,red2-3.xls,red2-4.xls,red2-5.xls",
aggregated,red,new york strip steak,2,24,1.0,0,shear,shear,30,0.12094410714285717,394.6176918059464,86.8596278910334,5,5,"1,2,3,4,5","red2-1.xls,red2-2.xls,red2-3.xls,red2-4.xls,red2-5.xls",
aggregated,red,new york strip steak,2,24,1.0,0,shear,shear,31,0.12501878571428574,437.8798981657323,36.816318749045784,4,5,"1,2,3,4","red2-1.xls,red2-2.xls,red2-3.xls,red2-4.xls",5
aggregated,red,new york strip steak,2,24,1.0,0,shear,shear,32,0.1290934642857143,441.18611443830446,35.49694471362723,4,5,"1,2,3,4","red2-1.xls,red2-2.xls,red2-3.xls,red2-4.xls",5
aggregated,red,new york strip steak,2,24,1.0,0,shear,shear,33,0.13316814285714287,444.6863785728046,34.28532691935612,4,5,"1,2,3,4","red2-1.xls,red2-2.xls,red2-3.xls,red2-4.xls",5
aggregated,red,new york strip steak,2,24,1.0,0,shear,shear,34,0.13724282142857144,447.84451916978566,32.848040716561314,4,5,"1,2,3,4","red2-1.xls,red2-2.xls,red2-3.xls,red2-4.xls",5
aggregated,red,new york strip steak,2,24,1.0,0,shear,shear,35,0.1413175,450.9567297015504,31.411390495305184,4,5,"1,2,3,4","red2-1.xls,red2-2.xls,red2-3.xls,red2-4.xls",5
aggregated,red,new york strip steak,2,24,1.0,0,shear,shear,36,0.14539217857142858,454.05641081678345,30.26496470911978,4,5,"1,2,3,4","red2-1.xls,red2-2.xls,red2-3.xls,red2-4.xls",5
aggregated,red,new york strip steak,2,24,1.0,0,shear,shear,37,0.14946685714285715,457.24667772047394,29.337092349483175,4,5,"1,2,3,4","red2-1.xls,red2-2.xls,red2-3.xls,red2-4.xls",5
aggregated,red,new york strip steak,2,24,1.0,0,shear,shear,38,0.15354153571428575,460.14369713355643,28.57348225001478,4,5,"1,2,3,4","red2-1.xls,red2-2.xls,red2-3.xls,red2-4.xls",5
aggregated,red,new york strip steak,2,24,1.0,0,shear,shear,39,0.15761621428571432,462.55636618433954,27.17593921793947,4,5,"1,2,3,4","red2-1.xls,red2-2.xls,red2-3.xls,red2-4.xls",5
aggregated,red,new york strip steak,2,24,1.0,0,shear,shear,40,0.1616908928571429,464.6957925781989,26.0504675773573,4,5,"1,2,3,4","red2-1.xls,red2-2.xls,red2-3.xls,red2-4.xls",5
aggregated,red,new york strip steak,2,24,1.0,0,shear,shear,41,0.16576557142857146,466.9454432162601,25.24325075686526,4,5,"1,2,3,4","red2-1.xls,red2-2.xls,red2-3.xls,red2-4.xls",5
aggregated,red,new york strip steak,2,24,1.0,0,shear,shear,42,0.16984025000000003,469.3897694272194,24.74896379001715,4,5,"1,2,3,4","red2-1.xls,red2-2.xls,red2-3.xls,red2-4.xls",5
aggregated,red,new york strip steak,2,24,1.0,0,shear,shear,43,0.1739149285714286,471.89454826950544,24.243243986300122,4,5,"1,2,3,4","red2-1.xls,red2-2.xls,red2-3.xls,red2-4.xls",5
aggregated,red,new york strip steak,2,24,1.0,0,shear,shear,44,0.17798960714285716,474.0486260353325,23.541788883858384,4,5,"1,2,3,4","red2-1.xls,red2-2.xls,red2-3.xls,red2-4.xls",5
aggregated,red,new york strip steak,2,24,1.0,0,shear,shear,45,0.18206428571428573,476.1318941304653,23.11116475247866,4,5,"1,2,3,4","red2-1.xls,red2-2.xls,red2-3.xls,red2-4.xls",5
aggregated,red,new york strip steak,2,24,1.0,0,shear,shear,46,0.1861389642857143,477.92171742962825,22.484202959802026,4,5,"1,2,3,4","red2-1.xls,red2-2.xls,red2-3.xls,red2-4.xls",5
aggregated,red,new york strip steak,2,24,1.0,0,shear,shear,47,0.19021364285714287,479.52587424081094,21.67767280276059,4,5,"1,2,3,4","red2-1.xls,red2-2.xls,red2-3.xls,red2-4.xls",5
aggregated,red,new york strip steak,2,24,1.0,0,shear,shear,48,0.19428832142857144,474.31869581043657,20.16169350868503,3,3,"1,2,4","red2-1.xls,red2-2.xls,red2-4.xls","3,5"
aggregated,red,new york strip steak,2,24,1.0,0,uniaxial,compression,1,0.8208521760912035,-2162.1293746983138,721.6540710703865,5,5,"1,2,3,4,5","red2-1.xls,red2-2.xls,red2-3.xls,red2-4.xls,red2-5.xls",
aggregated,red,new york strip steak,2,24,1.0,0,uniaxial,compression,2,0.8249971462913819,-2122.7932692060867,714.9411752392037,5,5,"1,2,3,4,5","red2-1.xls,red2-2.xls,red2-3.xls,red2-4.xls,red2-5.xls",
aggregated,red,new york strip steak,2,24,1.0,0,uniaxial,compression,3,0.8291421164915602,-2083.457163713859,709.0926011602684,5,5,"1,2,3,4,5","red2-1.xls,red2-2.xls,red2-3.xls,red2-4.xls,red2-5.xls",
aggregated,red,new york strip steak,2,24,1.0,0,uniaxial,compression,4,0.8332870866917386,-2044.1210582216313,704.1298865947442,5,5,"1,2,3,4,5","red2-1.xls,red2-2.xls,red2-3.xls,red2-4.xls,red2-5.xls",
aggregated,red,new york strip steak,2,24,1.0,0,uniaxial,compression,5,0.8374320568919169,-2005.0144055333446,699.5419789814451,5,5,"1,2,3,4,5","red2-1.xls,red2-2.xls,red2-3.xls,red2-4.xls,red2-5.xls",
aggregated,red,new york strip steak,2,24,1.0,0,uniaxial,compression,6,0.8415770270920951,-1970.5038759259314,690.3052024502781,5,5,"1,2,3,4,5","red2-1.xls,red2-2.xls,red2-3.xls,red2-4.xls,red2-5.xls",
aggregated,red,new york strip steak,2,24,1.0,0,uniaxial,compression,7,0.8457219972922735,-1936.0239180430628,681.1964009779954,5,5,"1,2,3,4,5","red2-1.xls,red2-2.xls,red2-3.xls,red2-4.xls,red2-5.xls",
aggregated,red,new york strip steak,2,24,1.0,0,uniaxial,compression,8,0.8498669674924518,-1901.5439601601934,672.2202697341488,5,5,"1,2,3,4,5","red2-1.xls,red2-2.xls,red2-3.xls,red2-4.xls,red2-5.xls",
aggregated,red,new york strip steak,2,24,1.0,0,uniaxial,compression,9,0.8540119376926302,-1867.064002277324,663.3821941672487,5,5,"1,2,3,4,5","red2-1.xls,red2-2.xls,red2-3.xls,red2-4.xls,red2-5.xls",
aggregated,red,new york strip steak,2,24,1.0,0,uniaxial,compression,10,0.8581569078928085,-1832.4994744723845,655.338320088197,5,5,"1,2,3,4,5","red2-1.xls,red2-2.xls,red2-3.xls,red2-4.xls,red2-5.xls",
aggregated,red,new york strip steak,2,24,1.0,0,uniaxial,compression,11,0.8623018780929869,-1798.1677667973267,649.3648521433973,5,5,"1,2,3,4,5","red2-1.xls,red2-2.xls,red2-3.xls,red2-4.xls,red2-5.xls",
aggregated,red,new york strip steak,2,24,1.0,0,uniaxial,compression,12,0.8664468482931652,-1763.83605912227,643.7271901747447,5,5,"1,2,3,4,5","red2-1.xls,red2-2.xls,red2-3.xls,red2-4.xls,red2-5.xls",
aggregated,red,new york strip steak,2,24,1.0,0,uniaxial,compression,13,0.8705918184933435,-1729.5043514472122,638.4342301985279,5,5,"1,2,3,4,5","red2-1.xls,red2-2.xls,red2-3.xls,red2-4.xls,red2-5.xls",
aggregated,red,new york strip steak,2,24,1.0,0,uniaxial,compression,14,0.8747367886935219,-1695.1726437721547,633.4946124127353,5,5,"1,2,3,4,5","red2-1.xls,red2-2.xls,red2-3.xls,red2-4.xls,red2-5.xls",
aggregated,red,new york strip steak,2,24,1.0,0,uniaxial,compression,15,0.8788817588937001,-1663.636526340703,630.0681048066059,5,5,"1,2,3,4,5","red2-1.xls,red2-2.xls,red2-3.xls,red2-4.xls,red2-5.xls",
aggregated,red,new york strip steak,2,24,1.0,0,uniaxial,compression,16,0.8830267290938785,-1636.7950486824884,626.8805735475244,5,5,"1,2,3,4,5","red2-1.xls,red2-2.xls,red2-3.xls,red2-4.xls,red2-5.xls",
aggregated,red,new york strip steak,2,24,1.0,0,uniaxial,compression,17,0.8871716992940568,-1609.9535710242733,623.7709376237691,5,5,"1,2,3,4,5","red2-1.xls,red2-2.xls,red2-3.xls,red2-4.xls,red2-5.xls",
aggregated,red,new york strip steak,2,24,1.0,0,uniaxial,compression,18,0.8913166694942352,-1583.1120933660584,620.7403677004396,5,5,"1,2,3,4,5","red2-1.xls,red2-2.xls,red2-3.xls,red2-4.xls,red2-5.xls",
aggregated,red,new york strip steak,2,24,1.0,0,uniaxial,compression,19,0.8954616396944135,-1556.2706157078435,617.7900273537894,5,5,"1,2,3,4,5","red2-1.xls,red2-2.xls,red2-3.xls,red2-4.xls,red2-5.xls",
aggregated,red,new york strip steak,2,24,1.0,0,uniaxial,compression,20,0.8996066098945918,-1528.218095569479,610.9495335549451,5,5,"1,2,3,4,5","red2-1.xls,red2-2.xls,red2-3.xls,red2-4.xls,red2-5.xls",
aggregated,red,new york strip steak,2,24,1.0,0,uniaxial,compression,21,0.9037515800947702,-1499.5148020399429,601.5192859061965,5,5,"1,2,3,4,5","red2-1.xls,red2-2.xls,red2-3.xls,red2-4.xls,red2-5.xls",
aggregated,red,new york strip steak,2,24,1.0,0,uniaxial,compression,22,0.9078965502949485,-1470.8115085104066,592.2379462709098,5,5,"1,2,3,4,5","red2-1.xls,red2-2.xls,red2-3.xls,red2-4.xls,red2-5.xls",
aggregated,red,new york strip steak,2,24,1.0,0,uniaxial,compression,23,0.9120415204951269,-1442.1082149808703,583.1126251499434,5,5,"1,2,3,4,5","red2-1.xls,red2-2.xls,red2-3.xls,red2-4.xls,red2-5.xls",
aggregated,red,new york strip steak,2,24,1.0,0,uniaxial,compression,24,0.9161864906953052,-1164.5518879688357,320.0347013246281,4,5,"1,2,4,5","red2-1.xls,red2-2.xls,red2-4.xls,red2-5.xls",3
aggregated,red,new york strip steak,2,24,1.0,0,uniaxial,compression,25,0.9203314608954836,-1140.2801113337357,316.11234280032227,4,5,"1,2,4,5","red2-1.xls,red2-2.xls,red2-4.xls,red2-5.xls",3
aggregated,red,new york strip steak,2,24,1.0,0,uniaxial,compression,26,0.9244764310956618,-1115.5242068659209,310.1798270870439,4,5,"1,2,4,5","red2-1.xls,red2-2.xls,red2-4.xls,red2-5.xls",3
aggregated,red,new york strip steak,2,24,1.0,0,uniaxial,compression,27,0.9286214012958401,-1090.7683023981053,304.3611781958838,4,5,"1,2,4,5","red2-1.xls,red2-2.xls,red2-4.xls,red2-5.xls",3
aggregated,red,new york strip steak,2,24,1.0,0,uniaxial,compression,28,0.9327663714960185,-1066.0123979302898,298.6630513703074,4,5,"1,2,4,5","red2-1.xls,red2-2.xls,red2-4.xls,red2-5.xls",3
aggregated,red,new york strip steak,2,24,1.0,0,uniaxial,compression,29,0.9369113416961968,-1041.2564934624743,293.0924760461406,4,5,"1,2,4,5","red2-1.xls,red2-2.xls,red2-4.xls,red2-5.xls",3
aggregated,red,new york strip steak,2,24,1.0,0,uniaxial,compression,30,0.9410563118963752,-1016.6141100553749,287.3972249523804,4,5,"1,2,4,5","red2-1.xls,red2-2.xls,red2-4.xls,red2-5.xls",3
aggregated,red,new york strip steak,2,24,1.0,0,uniaxial,compression,31,0.9452012820965535,-991.5576658642262,282.1770151407437,4,5,"1,2,4,5","red2-1.xls,red2-2.xls,red2-4.xls,red2-5.xls",3
aggregated,red,new york strip steak,2,24,1.0,0,uniaxial,compression,32,0.9493462522967319,-966.5012216730775,277.1832512397799,4,5,"1,2,4,5","red2-1.xls,red2-2.xls,red2-4.xls,red2-5.xls",3
aggregated,red,new york strip steak,2,24,1.0,0,uniaxial,compression,33,0.9534912224969102,-941.4447774819288,272.428386172725,4,5,"1,2,4,5","red2-1.xls,red2-2.xls,red2-4.xls,red2-5.xls",3
aggregated,red,new york strip steak,2,24,1.0,0,uniaxial,compression,34,0.9576361926970884,-916.3883332907807,267.9251394479453,4,5,"1,2,4,5","red2-1.xls,red2-2.xls,red2-4.xls,red2-5.xls",3
aggregated,red,new york strip steak,2,24,1.0,0,uniaxial,compression,35,0.9617811628972668,-878.5386844306518,253.14588818611603,4,5,"1,2,4,5","red2-1.xls,red2-2.xls,red2-4.xls,red2-5.xls",3
aggregated,red,new york strip steak,2,24,1.0,0,uniaxial,compression,36,0.9659261330974451,-838.6261370789355,236.03209382465087,4,5,"1,2,4,5","red2-1.xls,red2-2.xls,red2-4.xls,red2-5.xls",3
aggregated,red,new york strip steak,2,24,1.0,0,uniaxial,compression,37,0.9700711032976235,-798.7135897272191,219.22514979426768,4,5,"1,2,4,5","red2-1.xls,red2-2.xls,red2-4.xls,red2-5.xls",3
aggregated,red,new york strip steak,2,24,1.0,0,uniaxial,compression,38,0.9742160734978018,-938.9358515379312,403.3570517808469,5,5,"1,2,3,4,5","red2-1.xls,red2-2.xls,red2-3.xls,red2-4.xls,red2-5.xls",
aggregated,red,new york strip steak,2,24,1.0,0,uniaxial,unloading,1,0.8223360716087074,1000.4041267149336,372.21765099531973,5,5,"1,2,3,4,5","red2-1.xls,red2-2.xls,red2-3.xls,red2-4.xls,red2-5.xls",
aggregated,red,new york strip steak,2,24,1.0,0,uniaxial,unloading,2,0.8238983527907496,941.2696048236891,347.9739602608032,5,5,"1,2,3,4,5","red2-1.xls,red2-2.xls,red2-3.xls,red2-4.xls,red2-5.xls",
aggregated,red,new york strip steak,2,24,1.0,0,uniaxial,unloading,3,0.8254606339727918,882.1350829324489,323.760885304522,5,5,"1,2,3,4,5","red2-1.xls,red2-2.xls,red2-3.xls,red2-4.xls,red2-5.xls",
aggregated,red,new york strip steak,2,24,1.0,0,uniaxial,unloading,4,0.8270229151548341,823.0005610412045,299.5858494876115,5,5,"1,2,3,4,5","red2-1.xls,red2-2.xls,red2-3.xls,red2-4.xls,red2-5.xls",
aggregated,red,new york strip steak,2,24,1.0,0,uniaxial,unloading,5,0.8285851963368762,763.8660391499643,275.45886825391375,5,5,"1,2,3,4,5","red2-1.xls,red2-2.xls,red2-3.xls,red2-4.xls,red2-5.xls",
aggregated,red,new york strip steak,2,24,1.0,0,uniaxial,unloading,6,0.8301474775189185,704.7315172587198,251.39377779234204,5,5,"1,2,3,4,5","red2-1.xls,red2-2.xls,red2-3.xls,red2-4.xls,red2-5.xls",
aggregated,red,new york strip steak,2,24,1.0,0,uniaxial,unloading,7,0.8317097587009606,645.5969953674797,227.4102272373673,5,5,"1,2,3,4,5","red2-1.xls,red2-2.xls,red2-3.xls,red2-4.xls,red2-5.xls",
aggregated,red,new york strip steak,2,24,1.0,0,uniaxial,unloading,8,0.8332720398830028,586.4624734762394,203.53704311024745,5,5,"1,2,3,4,5","red2-1.xls,red2-2.xls,red2-3.xls,red2-4.xls,red2-5.xls",
aggregated,red,new york strip steak,2,24,1.0,0,uniaxial,unloading,9,0.8348343210650451,527.327951584995,179.81818848614836,5,5,"1,2,3,4,5","red2-1.xls,red2-2.xls,red2-3.xls,red2-4.xls,red2-5.xls",
aggregated,red,new york strip steak,2,24,1.0,0,uniaxial,unloading,10,0.8363966022470872,468.19342969375487,156.32392788464617,5,5,"1,2,3,4,5","red2-1.xls,red2-2.xls,red2-3.xls,red2-4.xls,red2-5.xls",
aggregated,red,new york strip steak,2,24,1.0,0,uniaxial,unloading,11,0.8379588834291295,409.0589078025105,133.17318226502596,5,5,"1,2,3,4,5","red2-1.xls,red2-2.xls,red2-3.xls,red2-4.xls,red2-5.xls",
aggregated,red,new york strip steak,2,24,1.0,0,uniaxial,unloading,12,0.8395211646111717,304.0658907184712,69.06837844645673,4,5,"1,2,4,5","red2-1.xls,red2-2.xls,red2-4.xls,red2-5.xls",3
aggregated,red,new york strip steak,2,24,1.0,0,uniaxial,unloading,13,0.8410834457932139,225.95259784221284,4.771925445011309,3,5,"2,4,5","red2-2.xls,red2-4.xls,red2-5.xls","1,3"
aggregated,red,new york strip steak,2,24,1.0,0,uniaxial,unloading,14,0.8426457269752561,207.6131169533635,6.17157222740052,3,5,"2,4,5","red2-2.xls,red2-4.xls,red2-5.xls","1,3"
aggregated,red,new york strip steak,2,24,1.0,0,uniaxial,unloading,15,0.8442080081572984,214.9498575540043,42.677357213187015,4,5,"1,2,4,5","red2-1.xls,red2-2.xls,red2-4.xls,red2-5.xls",3
aggregated,red,new york strip steak,2,24,1.0,0,uniaxial,unloading,16,0.8457702893393405,196.6151995466579,40.93160210450853,4,5,"1,2,4,5","red2-1.xls,red2-2.xls,red2-4.xls,red2-5.xls",3
aggregated,red,new york strip steak,2,24,1.0,0,uniaxial,unloading,17,0.8473325705213827,207.73310020567948,68.73143155027654,5,5,"1,2,3,4,5","red2-1.xls,red2-2.xls,red2-3.xls,red2-4.xls,red2-5.xls",
aggregated,red,new york strip steak,2,24,1.0,0,uniaxial,unloading,18,0.8488948517034249,187.47997435459305,65.04790594290739,5,5,"1,2,3,4,5","red2-1.xls,red2-2.xls,red2-3.xls,red2-4.xls,red2-5.xls",
aggregated,red,new york strip steak,2,24,1.0,0,uniaxial,unloading,19,0.8504571328854671,167.2268485035081,61.63232278346861,5,5,"1,2,3,4,5","red2-1.xls,red2-2.xls,red2-3.xls,red2-4.xls,red2-5.xls",
aggregated,red,new york strip steak,2,24,1.0,0,uniaxial,unloading,20,0.8520194140675094,146.97372265242174,58.53160783145554,5,5,"1,2,3,4,5","red2-1.xls,red2-2.xls,red2-3.xls,red2-4.xls,red2-5.xls",
aggregated,red,new york strip steak,2,24,1.0,0,uniaxial,unloading,21,0.8535816952495515,126.72059680133677,55.798277558597654,5,5,"1,2,3,4,5","red2-1.xls,red2-2.xls,red2-3.xls,red2-4.xls,red2-5.xls",
aggregated,red,new york strip steak,2,24,1.0,0,uniaxial,unloading,22,0.8551439764315938,106.46747095025037,53.488682926378075,5,5,"1,2,3,4,5","red2-1.xls,red2-2.xls,red2-3.xls,red2-4.xls,red2-5.xls",
aggregated,red,new york strip steak,2,24,1.0,0,uniaxial,unloading,23,0.856706257613636,86.21434509916543,51.65968818539522,5,5,"1,2,3,4,5","red2-1.xls,red2-2.xls,red2-3.xls,red2-4.xls,red2-5.xls",
aggregated,red,new york strip steak,2,24,1.0,0,uniaxial,unloading,24,0.8582685387956781,65.96121924808047,50.363680615571,5,5,"1,2,3,4,5","red2-1.xls,red2-2.xls,red2-3.xls,red2-4.xls,red2-5.xls",
aggregated,red,new york strip steak,2,24,1.0,0,uniaxial,unloading,25,0.8598308199777204,45.70809339699407,49.642421641208685,5,5,"1,2,3,4,5","red2-1.xls,red2-2.xls,red2-3.xls,red2-4.xls,red2-5.xls",
aggregated,red,new york strip steak,2,24,1.0,0,uniaxial,unloading,26,0.8613931011597625,25.948381984015317,48.923116645347015,5,5,"1,2,3,4,5","red2-1.xls,red2-2.xls,red2-3.xls,red2-4.xls,red2-5.xls",
aggregated,red,new york strip steak,2,24,1.0,0,uniaxial,unloading,27,0.8629553823418048,10.838237586184043,45.5385532137077,5,5,"1,2,3,4,5","red2-1.xls,red2-2.xls,red2-3.xls,red2-4.xls,red2-5.xls",
aggregated,red,new york strip steak,2,24,1.0,0,uniaxial,unloading,28,0.864517663523847,-4.17194119694455,42.815678423194555,5,5,"1,2,3,4,5","red2-1.xls,red2-2.xls,red2-3.xls,red2-4.xls,red2-5.xls",
aggregated,red,new york strip steak,2,24,1.0,0,uniaxial,unloading,29,0.8660799447058892,-19.182119980074212,40.858353903991805,5,5,"1,2,3,4,5","red2-1.xls,red2-2.xls,red2-3.xls,red2-4.xls,red2-5.xls",
aggregated,red,new york strip steak,2,24,1.0,0,uniaxial,unloading,30,0.8676422258879314,-34.1922987632028,39.779745141390926,5,5,"1,2,3,4,5","red2-1.xls,red2-2.xls,red2-3.xls,red2-4.xls,red2-5.xls",
aggregated,red,new york strip steak,2,24,1.0,0,uniaxial,unloading,31,0.8692045070699737,-49.202477546332474,39.65162592062164,5,5,"1,2,3,4,5","red2-1.xls,red2-2.xls,red2-3.xls,red2-4.xls,red2-5.xls",
aggregated,red,new york strip steak,2,24,1.0,0,uniaxial,unloading,32,0.8707667882520158,-83.08932509715777,16.338624964604485,4,5,"1,2,3,4","red2-1.xls,red2-2.xls,red2-3.xls,red2-4.xls",5
aggregated,red,new york strip steak,2,24,1.0,0,uniaxial,unloading,33,0.872329069434058,-99.0825759534629,15.994595452304292,4,5,"1,2,3,4","red2-1.xls,red2-2.xls,red2-3.xls,red2-4.xls",5
aggregated,red,new york strip steak,2,24,1.0,0,uniaxial,unloading,34,0.8738913506161002,-94.23301389571932,44.7495590061174,5,5,"1,2,3,4,5","red2-1.xls,red2-2.xls,red2-3.xls,red2-4.xls,red2-5.xls",
aggregated,red,new york strip steak,2,24,1.0,0,uniaxial,unloading,35,0.8754536317981424,-109.24319267884793,47.9535967924804,5,5,"1,2,3,4,5","red2-1.xls,red2-2.xls,red2-3.xls,red2-4.xls,red2-5.xls",
aggregated,red,new york strip steak,2,24,1.0,0,uniaxial,unloading,36,0.8770159129801847,-147.06232852238057,27.211625400762014,4,5,"1,2,3,4","red2-1.xls,red2-2.xls,red2-3.xls,red2-4.xls",5
aggregated,red,new york strip steak,2,24,1.0,0,uniaxial,unloading,37,0.8785781941622268,-163.0555793786857,32.78251242936575,4,5,"1,2,3,4","red2-1.xls,red2-2.xls,red2-3.xls,red2-4.xls",5
aggregated,red,new york strip steak,2,24,1.0,0,uniaxial,unloading,38,0.8801404753442691,-201.12587196124778,6.639518841348144,3,5,"1,2,3","red2-1.xls,red2-2.xls,red2-3.xls","4,5"
aggregated,red,new york strip steak,3,48,2.0,0,shear,shear,1,0.0009865812244897964,12.771440566527742,20.108287842279207,4,4,"1,2,4,5","red3-1.xls,red3-2.xls,red3-4.xls,red3-5.xls",3
aggregated,red,new york strip steak,3,48,2.0,0,shear,shear,2,0.005090402448979592,37.06953882855482,19.774337390414765,5,5,"1,2,3,4,5","red3-1.xls,red3-2.xls,red3-3.xls,red3-4.xls,red3-5.xls",
aggregated,red,new york strip steak,3,48,2.0,0,shear,shear,3,0.00919422367346939,69.06690652225932,29.5032327882976,5,5,"1,2,3,4,5","red3-1.xls,red3-2.xls,red3-3.xls,red3-4.xls,red3-5.xls",
aggregated,red,new york strip steak,3,48,2.0,0,shear,shear,4,0.013298044897959185,108.17684480921912,45.858994374050575,5,5,"1,2,3,4,5","red3-1.xls,red3-2.xls,red3-3.xls,red3-4.xls,red3-5.xls",
aggregated,red,new york strip steak,3,48,2.0,0,shear,shear,5,0.01740186612244898,148.49667507011975,52.879083826715075,5,5,"1,2,3,4,5","red3-1.xls,red3-2.xls,red3-3.xls,red3-4.xls,red3-5.xls",
aggregated,red,new york strip steak,3,48,2.0,0,shear,shear,6,0.02150568734693878,183.62897054588734,60.61685698856955,5,5,"1,2,3,4,5","red3-1.xls,red3-2.xls,red3-3.xls,red3-4.xls,red3-5.xls",
aggregated,red,new york strip steak,3,48,2.0,0,shear,shear,7,0.025609508571428574,207.62695513903023,65.90961294118816,5,5,"1,2,3,4,5","red3-1.xls,red3-2.xls,red3-3.xls,red3-4.xls,red3-5.xls",
aggregated,red,new york strip steak,3,48,2.0,0,shear,shear,8,0.02971332979591837,229.6734086516513,71.66001730127547,5,5,"1,2,3,4,5","red3-1.xls,red3-2.xls,red3-3.xls,red3-4.xls,red3-5.xls",
aggregated,red,new york strip steak,3,48,2.0,0,shear,shear,9,0.033817151020408165,248.05788056926644,76.54199617149303,5,5,"1,2,3,4,5","red3-1.xls,red3-2.xls,red3-3.xls,red3-4.xls,red3-5.xls",
aggregated,red,new york strip steak,3,48,2.0,0,shear,shear,10,0.03792097224489796,265.4812840479766,81.53957627819328,5,5,"1,2,3,4,5","red3-1.xls,red3-2.xls,red3-3.xls,red3-4.xls,red3-5.xls",
aggregated,red,new york strip steak,3,48,2.0,0,shear,shear,11,0.042024793469387756,280.74610573827556,85.72243383793115,5,5,"1,2,3,4,5","red3-1.xls,red3-2.xls,red3-3.xls,red3-4.xls,red3-5.xls",
aggregated,red,new york strip steak,3,48,2.0,0,shear,shear,12,0.04612861469387756,294.68558329370137,90.13031346882713,5,5,"1,2,3,4,5","red3-1.xls,red3-2.xls,red3-3.xls,red3-4.xls,red3-5.xls",
aggregated,red,new york strip steak,3,48,2.0,0,shear,shear,13,0.05023243591836735,306.81243952868357,94.4781683140155,5,5,"1,2,3,4,5","red3-1.xls,red3-2.xls,red3-3.xls,red3-4.xls,red3-5.xls",
aggregated,red,new york strip steak,3,48,2.0,0,shear,shear,14,0.05433625714285715,317.3475089310611,98.92932241791397,5,5,"1,2,3,4,5","red3-1.xls,red3-2.xls,red3-3.xls,red3-4.xls,red3-5.xls",
aggregated,red,new york strip steak,3,48,2.0,0,shear,shear,15,0.058440078367346944,326.8459665771263,103.4009602903123,5,5,"1,2,3,4,5","red3-1.xls,red3-2.xls,red3-3.xls,red3-4.xls,red3-5.xls",
aggregated,red,new york strip steak,3,48,2.0,0,shear,shear,16,0.06254389959183675,335.7700435808514,107.82707657288611,5,5,"1,2,3,4,5","red3-1.xls,red3-2.xls,red3-3.xls,red3-4.xls,red3-5.xls",
aggregated,red,new york strip steak,3,48,2.0,0,shear,shear,17,0.06664772081632654,343.8301980729722,112.19985052893466,5,5,"1,2,3,4,5","red3-1.xls,red3-2.xls,red3-3.xls,red3-4.xls,red3-5.xls",
aggregated,red,new york strip steak,3,48,2.0,0,shear,shear,18,0.07075154204081634,351.3634578709807,115.94078120382595,5,5,"1,2,3,4,5","red3-1.xls,red3-2.xls,red3-3.xls,red3-4.xls,red3-5.xls",
aggregated,red,new york strip steak,3,48,2.0,0,shear,shear,19,0.07485536326530613,358.34016048505515,119.74711330459883,5,5,"1,2,3,4,5","red3-1.xls,red3-2.xls,red3-3.xls,red3-4.xls,red3-5.xls",
aggregated,red,new york strip steak,3,48,2.0,0,shear,shear,20,0.07895918448979593,364.83960454897067,123.83811351815712,5,5,"1,2,3,4,5","red3-1.xls,red3-2.xls,red3-3.xls,red3-4.xls,red3-5.xls",
aggregated,red,new york strip steak,3,48,2.0,0,shear,shear,21,0.08306300571428572,370.58427800160996,128.411763123912,5,5,"1,2,3,4,5","red3-1.xls,red3-2.xls,red3-3.xls,red3-4.xls,red3-5.xls",
aggregated,red,new york strip steak,3,48,2.0,0,shear,shear,22,0.08716682693877552,375.6340783552463,132.49221004768634,5,5,"1,2,3,4,5","red3-1.xls,red3-2.xls,red3-3.xls,red3-4.xls,red3-5.xls",
aggregated,red,new york strip steak,3,48,2.0,0,shear,shear,23,0.09127064816326531,380.301829090341,136.43115761056623,5,5,"1,2,3,4,5","red3-1.xls,red3-2.xls,red3-3.xls,red3-4.xls,red3-5.xls",
aggregated,red,new york strip steak,3,48,2.0,0,shear,shear,24,0.09537446938775512,384.3496403746258,140.3468495262774,5,5,"1,2,3,4,5","red3-1.xls,red3-2.xls,red3-3.xls,red3-4.xls,red3-5.xls",
aggregated,red,new york strip steak,3,48,2.0,0,shear,shear,25,0.09947829061224492,388.4653350080746,144.18945586293881,5,5,"1,2,3,4,5","red3-1.xls,red3-2.xls,red3-3.xls,red3-4.xls,red3-5.xls",
aggregated,red,new york strip steak,3,48,2.0,0,shear,shear,26,0.10358211183673471,323.59461669236003,61.457622175312196,4,5,"1,2,4,5","red3-1.xls,red3-2.xls,red3-4.xls,red3-5.xls",3
aggregated,red,new york strip steak,3,48,2.0,0,shear,shear,27,0.10768593306122451,325.0344548453962,61.57674237332989,4,5,"1,2,4,5","red3-1.xls,red3-2.xls,red3-4.xls,red3-5.xls",3
aggregated,red,new york strip steak,3,48,2.0,0,shear,shear,28,0.1117897542857143,325.3442969925309,61.260431249449695,4,5,"1,2,4,5","red3-1.xls,red3-2.xls,red3-4.xls,red3-5.xls",3
aggregated,red,new york strip steak,3,48,2.0,0,shear,shear,29,0.1158935755102041,324.9602346637312,60.212941573517725,4,5,"1,2,4,5","red3-1.xls,red3-2.xls,red3-4.xls,red3-5.xls",3
aggregated,red,new york strip steak,3,48,2.0,0,shear,shear,30,0.1199973967346939,324.39482209003984,58.95703890220308,4,5,"1,2,4,5","red3-1.xls,red3-2.xls,red3-4.xls,red3-5.xls",3
aggregated,red,new york strip steak,3,48,2.0,0,shear,shear,31,0.12410121795918369,323.09457364295827,57.420084709307794,4,5,"1,2,4,5","red3-1.xls,red3-2.xls,red3-4.xls,red3-5.xls",3
aggregated,red,new york strip steak,3,48,2.0,0,shear,shear,32,0.12820503918367349,322.1917738473985,55.87763625855989,4,5,"1,2,4,5","red3-1.xls,red3-2.xls,red3-4.xls,red3-5.xls",3
aggregated,red,new york strip steak,3,48,2.0,0,shear,shear,33,0.13230886040816328,321.7284218593753,54.37960042744931,4,5,"1,2,4,5","red3-1.xls,red3-2.xls,red3-4.xls,red3-5.xls",3
aggregated,red,new york strip steak,3,48,2.0,0,shear,shear,34,0.13641268163265308,320.5522202932583,53.31932476693534,4,5,"1,2,4,5","red3-1.xls,red3-2.xls,red3-4.xls,red3-5.xls",3
aggregated,red,new york strip steak,3,48,2.0,0,shear,shear,35,0.14051650285714287,318.9625654766089,52.76871563374726,4,5,"1,2,4,5","red3-1.xls,red3-2.xls,red3-4.xls,red3-5.xls",3
aggregated,red,new york strip steak,3,48,2.0,0,shear,shear,36,0.14462032408163267,318.18391412687015,52.20862168037619,4,5,"1,2,4,5","red3-1.xls,red3-2.xls,red3-4.xls,red3-5.xls",3
aggregated,red,new york strip steak,3,48,2.0,0,shear,shear,37,0.14872414530612246,318.03000815946467,51.913461634702124,4,5,"1,2,4,5","red3-1.xls,red3-2.xls,red3-4.xls,red3-5.xls",3
aggregated,red,new york strip steak,3,48,2.0,0,shear,shear,38,0.15282796653061226,317.3242385565734,51.76060896963274,4,5,"1,2,4,5","red3-1.xls,red3-2.xls,red3-4.xls,red3-5.xls",3
aggregated,red,new york strip steak,3,48,2.0,0,shear,shear,39,0.15693178775510205,316.1227308634653,51.622732467168014,4,5,"1,2,4,5","red3-1.xls,red3-2.xls,red3-4.xls,red3-5.xls",3
aggregated,red,new york strip steak,3,48,2.0,0,shear,shear,40,0.16103560897959185,315.3459863058375,51.43025486758798,4,5,"1,2,4,5","red3-1.xls,red3-2.xls,red3-4.xls,red3-5.xls",3
aggregated,red,new york strip steak,3,48,2.0,0,shear,shear,41,0.16513943020408164,315.0387233402889,51.06853270147518,4,5,"1,2,4,5","red3-1.xls,red3-2.xls,red3-4.xls,red3-5.xls",3
aggregated,red,new york strip steak,3,48,2.0,0,shear,shear,42,0.16924325142857144,314.3375671443297,50.62448900289808,4,5,"1,2,4,5","red3-1.xls,red3-2.xls,red3-4.xls,red3-5.xls",3
aggregated,red,new york strip steak,3,48,2.0,0,shear,shear,43,0.17334707265306123,312.8649397550512,49.95602210810016,4,5,"1,2,4,5","red3-1.xls,red3-2.xls,red3-4.xls,red3-5.xls",3
aggregated,red,new york strip steak,3,48,2.0,0,shear,shear,44,0.17745089387755103,311.6596574873987,49.653858196820956,4,5,"1,2,4,5","red3-1.xls,red3-2.xls,red3-4.xls,red3-5.xls",3
aggregated,red,new york strip steak,3,48,2.0,0,shear,shear,45,0.18155471510204083,311.6345603715193,50.07717745984566,4,5,"1,2,4,5","red3-1.xls,red3-2.xls,red3-4.xls,red3-5.xls",3
aggregated,red,new york strip steak,3,48,2.0,0,shear,shear,46,0.18565853632653062,311.6209791120431,50.43361351140821,4,5,"1,2,4,5","red3-1.xls,red3-2.xls,red3-4.xls,red3-5.xls",3
aggregated,red,new york strip steak,3,48,2.0,0,shear,shear,47,0.18976235755102042,311.23673959343785,50.18859483012697,4,5,"1,2,4,5","red3-1.xls,red3-2.xls,red3-4.xls,red3-5.xls",3
aggregated,red,new york strip steak,3,48,2.0,0,shear,shear,48,0.19386617877551024,459.255599445433,248.52012364336565,3,3,"3,4,5","red3-3.xls,red3-4.xls,red3-5.xls","1,2"
aggregated,red,new york strip steak,3,48,2.0,0,uniaxial,compression,1,0.8211196634594286,-2265.8727280067606,685.0834200511921,5,5,"1,2,3,4,5","red3-1.xls,red3-2.xls,red3-3.xls,red3-4.xls,red3-5.xls",
aggregated,red,new york strip steak,3,48,2.0,0,uniaxial,compression,2,0.8252637253226113,-2221.3148465204595,670.825207722849,5,5,"1,2,3,4,5","red3-1.xls,red3-2.xls,red3-3.xls,red3-4.xls,red3-5.xls",
aggregated,red,new york strip steak,3,48,2.0,0,uniaxial,compression,3,0.829407787185794,-2176.7569650341584,656.7012186032964,5,5,"1,2,3,4,5","red3-1.xls,red3-2.xls,red3-3.xls,red3-4.xls,red3-5.xls",
aggregated,red,new york strip steak,3,48,2.0,0,uniaxial,compression,4,0.8335518490489767,-2132.1990835478573,642.720301550365,5,5,"1,2,3,4,5","red3-1.xls,red3-2.xls,red3-3.xls,red3-4.xls,red3-5.xls",
aggregated,red,new york strip steak,3,48,2.0,0,uniaxial,compression,5,0.8376959109121594,-2088.215335990818,629.8454084937382,5,5,"1,2,3,4,5","red3-1.xls,red3-2.xls,red3-3.xls,red3-4.xls,red3-5.xls",
aggregated,red,new york strip steak,3,48,2.0,0,uniaxial,compression,6,0.8418399727753422,-2050.058316864371,618.9014019676575,5,5,"1,2,3,4,5","red3-1.xls,red3-2.xls,red3-3.xls,red3-4.xls,red3-5.xls",
aggregated,red,new york strip steak,3,48,2.0,0,uniaxial,compression,7,0.8459840346385249,-2011.9012977379243,608.1411699211991,5,5,"1,2,3,4,5","red3-1.xls,red3-2.xls,red3-3.xls,red3-4.xls,red3-5.xls",
aggregated,red,new york strip steak,3,48,2.0,0,uniaxial,compression,8,0.8501280965017076,-1973.7442786114777,597.574639846289,5,5,"1,2,3,4,5","red3-1.xls,red3-2.xls,red3-3.xls,red3-4.xls,red3-5.xls",
aggregated,red,new york strip steak,3,48,2.0,0,uniaxial,compression,9,0.8542721583648903,-1935.587259485031,587.2122684859572,5,5,"1,2,3,4,5","red3-1.xls,red3-2.xls,red3-3.xls,red3-4.xls,red3-5.xls",
aggregated,red,new york strip steak,3,48,2.0,0,uniaxial,compression,10,0.8584162202280731,-1897.5074830121061,575.3921794642969,5,5,"1,2,3,4,5","red3-1.xls,red3-2.xls,red3-3.xls,red3-4.xls,red3-5.xls",
aggregated,red,new york strip steak,3,48,2.0,0,uniaxial,compression,11,0.8625602820912558,-1859.764868655176,561.6016360583138,5,5,"1,2,3,4,5","red3-1.xls,red3-2.xls,red3-3.xls,red3-4.xls,red3-5.xls",
aggregated,red,new york strip steak,3,48,2.0,0,uniaxial,compression,12,0.8667043439544385,-1822.0222542982458,547.8448986499409,5,5,"1,2,3,4,5","red3-1.xls,red3-2.xls,red3-3.xls,red3-4.xls,red3-5.xls",
aggregated,red,new york strip steak,3,48,2.0,0,uniaxial,compression,13,0.8708484058176212,-1784.2796399413157,534.1245793341113,5,5,"1,2,3,4,5","red3-1.xls,red3-2.xls,red3-3.xls,red3-4.xls,red3-5.xls",
aggregated,red,new york strip steak,3,48,2.0,0,uniaxial,compression,14,0.874992467680804,-1746.5370255843852,520.4435583611413,5,5,"1,2,3,4,5","red3-1.xls,red3-2.xls,red3-3.xls,red3-4.xls,red3-5.xls",
aggregated,red,new york strip steak,3,48,2.0,0,uniaxial,compression,15,0.8791365295439867,-1710.096882054835,508.0010836516347,5,5,"1,2,3,4,5","red3-1.xls,red3-2.xls,red3-3.xls,red3-4.xls,red3-5.xls",
aggregated,red,new york strip steak,3,48,2.0,0,uniaxial,compression,16,0.8832805914071694,-1676.1364856550347,496.95928797304464,5,5,"1,2,3,4,5","red3-1.xls,red3-2.xls,red3-3.xls,red3-4.xls,red3-5.xls",
aggregated,red,new york strip steak,3,48,2.0,0,uniaxial,compression,17,0.8874246532703521,-1642.1760892552343,486.106726724716,5,5,"1,2,3,4,5","red3-1.xls,red3-2.xls,red3-3.xls,red3-4.xls,red3-5.xls",
aggregated,red,new york strip steak,3,48,2.0,0,uniaxial,compression,18,0.8915687151335349,-1608.2156928554336,475.4563582330791,5,5,"1,2,3,4,5","red3-1.xls,red3-2.xls,red3-3.xls,red3-4.xls,red3-5.xls",
aggregated,red,new york strip steak,3,48,2.0,0,uniaxial,compression,19,0.8957127769967175,-1574.2552964556344,465.02207512591093,5,5,"1,2,3,4,5","red3-1.xls,red3-2.xls,red3-3.xls,red3-4.xls,red3-5.xls",
aggregated,red,new york strip steak,3,48,2.0,0,uniaxial,compression,20,0.8998568388599002,-1540.566642461235,453.98284454947395,5,5,"1,2,3,4,5","red3-1.xls,red3-2.xls,red3-3.xls,red3-4.xls,red3-5.xls",
aggregated,red,new york strip steak,3,48,2.0,0,uniaxial,compression,21,0.9040009007230829,-1506.7506916938587,443.63470209629344,5,5,"1,2,3,4,5","red3-1.xls,red3-2.xls,red3-3.xls,red3-4.xls,red3-5.xls",
aggregated,red,new york strip steak,3,48,2.0,0,uniaxial,compression,22,0.9081449625862656,-1472.9347409264828,433.32722986232665,5,5,"1,2,3,4,5","red3-1.xls,red3-2.xls,red3-3.xls,red3-4.xls,red3-5.xls",
aggregated,red,new york strip steak,3,48,2.0,0,uniaxial,compression,23,0.9122890244494484,-1439.118790159107,423.06340051285906,5,5,"1,2,3,4,5","red3-1.xls,red3-2.xls,red3-3.xls,red3-4.xls,red3-5.xls",
aggregated,red,new york strip steak,3,48,2.0,0,uniaxial,compression,24,0.9164330863126311,-1405.302839391731,412.8464690948748,5,5,"1,2,3,4,5","red3-1.xls,red3-2.xls,red3-3.xls,red3-4.xls,red3-5.xls",
aggregated,red,new york strip steak,3,48,2.0,0,uniaxial,compression,25,0.9205771481758138,-1370.5596275064984,403.40415183387256,5,5,"1,2,3,4,5","red3-1.xls,red3-2.xls,red3-3.xls,red3-4.xls,red3-5.xls",
aggregated,red,new york strip steak,3,48,2.0,0,uniaxial,compression,26,0.9247212100389965,-1178.6816644495157,266.0368966616337,4,5,"1,2,4,5","red3-1.xls,red3-2.xls,red3-4.xls,red3-5.xls",3
aggregated,red,new york strip steak,3,48,2.0,0,uniaxial,compression,27,0.9288652719021793,-1145.0304349570572,252.58718482193862,4,5,"1,2,4,5","red3-1.xls,red3-2.xls,red3-4.xls,red3-5.xls",3
aggregated,red,new york strip steak,3,48,2.0,0,uniaxial,compression,28,0.933009333765362,-1248.0917414599107,40.71290100959941,3,5,"2,4,5","red3-2.xls,red3-4.xls,red3-5.xls","1,3"
aggregated,red,new york strip steak,3,48,2.0,0,uniaxial,compression,29,0.9371533956285447,-1207.5810501847045,31.23316843762474,3,5,"2,4,5","red3-2.xls,red3-4.xls,red3-5.xls","1,3"
aggregated,red,new york strip steak,3,48,2.0,0,uniaxial,compression,30,0.9412974574917274,-1174.3382209715328,26.118676914235323,3,5,"2,4,5","red3-2.xls,red3-4.xls,red3-5.xls","1,3"
aggregated,red,new york strip steak,3,48,2.0,0,uniaxial,compression,31,0.9454415193549102,-1142.0681772903436,22.09200213176104,3,5,"2,4,5","red3-2.xls,red3-4.xls,red3-5.xls","1,3"
aggregated,red,new york strip steak,3,48,2.0,0,uniaxial,compression,32,0.9495855812180929,-1109.798133609154,18.14728240868943,3,5,"2,4,5","red3-2.xls,red3-4.xls,red3-5.xls","1,3"
aggregated,red,new york strip steak,3,48,2.0,0,uniaxial,compression,33,0.9537296430812756,-1077.5280899279649,14.352253678192897,3,5,"2,4,5","red3-2.xls,red3-4.xls,red3-5.xls","1,3"
aggregated,red,new york strip steak,3,48,2.0,0,uniaxial,compression,34,0.9578737049444583,-1045.0025119549382,10.568730327823529,3,5,"2,4,5","red3-2.xls,red3-4.xls,red3-5.xls","1,3"
aggregated,red,new york strip steak,3,48,2.0,0,uniaxial,compression,35,0.9620177668076411,-987.9066586723953,12.250907322216419,3,5,"2,4,5","red3-2.xls,red3-4.xls,red3-5.xls","1,3"
aggregated,red,new york strip steak,3,48,2.0,0,uniaxial,compression,36,0.9661618286708238,-930.7405963200489,26.74008722441913,3,5,"2,4,5","red3-2.xls,red3-4.xls,red3-5.xls","1,3"
aggregated,red,new york strip steak,3,48,2.0,0,uniaxial,compression,37,0.9703058905340065,-787.3348973385164,153.83713257978914,4,5,"1,2,4,5","red3-1.xls,red3-2.xls,red3-4.xls,red3-5.xls",3
aggregated,red,new york strip steak,3,48,2.0,0,uniaxial,compression,38,0.9744499523971892,-846.8377624551528,247.92580529989036,5,5,"1,2,3,4,5","red3-1.xls,red3-2.xls,red3-3.xls,red3-4.xls,red3-5.xls",
aggregated,red,new york strip steak,3,48,2.0,0,uniaxial,unloading,1,0.8222740600809941,909.6568049626101,120.08379071174565,4,5,"2,3,4,5","red3-2.xls,red3-3.xls,red3-4.xls,red3-5.xls",1
aggregated,red,new york strip steak,3,48,2.0,0,uniaxial,unloading,2,0.823840811285941,859.5697446331837,111.66422267233897,4,5,"2,3,4,5","red3-2.xls,red3-3.xls,red3-4.xls,red3-5.xls",1
aggregated,red,new york strip steak,3,48,2.0,0,uniaxial,unloading,3,0.825407562490888,726.911458588627,189.28552865377716,5,5,"1,2,3,4,5","red3-1.xls,red3-2.xls,red3-3.xls,red3-4.xls,red3-5.xls",
aggregated,red,new york strip steak,3,48,2.0,0,uniaxial,unloading,4,0.8269743136958349,680.2670637672879,179.79710558046972,5,5,"1,2,3,4,5","red3-1.xls,red3-2.xls,red3-3.xls,red3-4.xls,red3-5.xls",
aggregated,red,new york strip steak,3,48,2.0,0,uniaxial,unloading,5,0.8285410649007817,633.6226689459488,170.47768266132002,5,5,"1,2,3,4,5","red3-1.xls,red3-2.xls,red3-3.xls,red3-4.xls,red3-5.xls",
aggregated,red,new york strip steak,3,48,2.0,0,uniaxial,unloading,6,0.8301078161057286,586.9782741246098,161.35654523172389,5,5,"1,2,3,4,5","red3-1.xls,red3-2.xls,red3-3.xls,red3-4.xls,red3-5.xls",
aggregated,red,new york strip steak,3,48,2.0,0,uniaxial,unloading,7,0.8316745673106755,540.3338793032708,152.4692834171704,5,5,"1,2,3,4,5","red3-1.xls,red3-2.xls,red3-3.xls,red3-4.xls,red3-5.xls",
aggregated,red,new york strip steak,3,48,2.0,0,uniaxial,unloading,8,0.8332413185156223,493.6894844819318,143.85924848774224,5,5,"1,2,3,4,5","red3-1.xls,red3-2.xls,red3-3.xls,red3-4.xls,red3-5.xls",
aggregated,red,new york strip steak,3,48,2.0,0,uniaxial,unloading,9,0.8348080697205693,447.0450896605894,135.57926706637275,5,5,"1,2,3,4,5","red3-1.xls,red3-2.xls,red3-3.xls,red3-4.xls,red3-5.xls",
aggregated,red,new york strip steak,3,48,2.0,0,uniaxial,unloading,10,0.8363748209255162,458.873261997766,57.33106480900839,4,5,"2,3,4,5","red3-2.xls,red3-3.xls,red3-4.xls,red3-5.xls",1
aggregated,red,new york strip steak,3,48,2.0,0,uniaxial,unloading,11,0.837941572130463,408.7862016683397,54.24534312361439,4,5,"2,3,4,5","red3-2.xls,red3-3.xls,red3-4.xls,red3-5.xls",1
aggregated,red,new york strip steak,3,48,2.0,0,uniaxial,unloading,12,0.8395083233354099,358.69914133891336,52.69545205624895,4,5,"2,3,4,5","red3-2.xls,red3-3.xls,red3-4.xls,red3-5.xls",1
aggregated,red,new york strip steak,3,48,2.0,0,uniaxial,unloading,13,0.8410750745403568,309.04853680073256,53.01083275653299,4,5,"2,3,4,5","red3-2.xls,red3-3.xls,red3-4.xls,red3-5.xls",1
aggregated,red,new york strip steak,3,48,2.0,0,uniaxial,unloading,14,0.8426418257453037,281.75797415100794,52.60667978886232,4,5,"2,3,4,5","red3-2.xls,red3-3.xls,red3-4.xls,red3-5.xls",1
aggregated,red,new york strip steak,3,48,2.0,0,uniaxial,unloading,15,0.8442085769502506,255.53293431048806,53.0655592799764,4,5,"2,3,4,5","red3-2.xls,red3-3.xls,red3-4.xls,red3-5.xls",1
aggregated,red,new york strip steak,3,48,2.0,0,uniaxial,unloading,16,0.8457753281551975,229.30789446997005,53.88656723169627,4,5,"2,3,4,5","red3-2.xls,red3-3.xls,red3-4.xls,red3-5.xls",1
aggregated,red,new york strip steak,3,48,2.0,0,uniaxial,unloading,17,0.8473420793601444,203.08285462945202,55.05350485996507,4,5,"2,3,4,5","red3-2.xls,red3-3.xls,red3-4.xls,red3-5.xls",1
aggregated,red,new york strip steak,3,48,2.0,0,uniaxial,unloading,18,0.8489088305650913,144.84185036540885,81.59628559972109,5,5,"1,2,3,4,5","red3-1.xls,red3-2.xls,red3-3.xls,red3-4.xls,red3-5.xls",
aggregated,red,new york strip steak,3,48,2.0,0,uniaxial,unloading,19,0.8504755817700381,121.80444177422733,77.76095716061322,5,5,"1,2,3,4,5","red3-1.xls,red3-2.xls,red3-3.xls,red3-4.xls,red3-5.xls",
aggregated,red,new york strip steak,3,48,2.0,0,uniaxial,unloading,20,0.8520423329749851,98.76703318304418,74.48705401394697,5,5,"1,2,3,4,5","red3-1.xls,red3-2.xls,red3-3.xls,red3-4.xls,red3-5.xls",
aggregated,red,new york strip steak,3,48,2.0,0,uniaxial,unloading,21,0.853609084179932,75.72962459186265,71.85136112209085,5,5,"1,2,3,4,5","red3-1.xls,red3-2.xls,red3-3.xls,red3-4.xls,red3-5.xls",
aggregated,red,new york strip steak,3,48,2.0,0,uniaxial,unloading,22,0.8551758353848788,52.69221600068115,69.92608309347843,5,5,"1,2,3,4,5","red3-1.xls,red3-2.xls,red3-3.xls,red3-4.xls,red3-5.xls",
aggregated,red,new york strip steak,3,48,2.0,0,uniaxial,unloading,23,0.8567425865898257,29.654807409499643,68.77091115270667,5,5,"1,2,3,4,5","red3-1.xls,red3-2.xls,red3-3.xls,red3-4.xls,red3-5.xls",
aggregated,red,new york strip steak,3,48,2.0,0,uniaxial,unloading,24,0.8583093377947726,6.6173988183181365,68.42486000737883,5,5,"1,2,3,4,5","red3-1.xls,red3-2.xls,red3-3.xls,red3-4.xls,red3-5.xls",
aggregated,red,new york strip steak,3,48,2.0,0,uniaxial,unloading,25,0.8598760889997195,-16.42000977286339,68.90012217379436,5,5,"1,2,3,4,5","red3-1.xls,red3-2.xls,red3-3.xls,red3-4.xls,red3-5.xls",
aggregated,red,new york strip steak,3,48,2.0,0,uniaxial,unloading,26,0.8614428402046664,-37.97740463433613,69.09824970973223,5,5,"1,2,3,4,5","red3-1.xls,red3-2.xls,red3-3.xls,red3-4.xls,red3-5.xls",
aggregated,red,new york strip steak,3,48,2.0,0,uniaxial,unloading,27,0.8630095914096133,-48.745088408067474,66.86115131131237,5,5,"1,2,3,4,5","red3-1.xls,red3-2.xls,red3-3.xls,red3-4.xls,red3-5.xls",
aggregated,red,new york strip steak,3,48,2.0,0,uniaxial,unloading,28,0.8645763426145602,-59.48313529786917,64.68037794021537,5,5,"1,2,3,4,5","red3-1.xls,red3-2.xls,red3-3.xls,red3-4.xls,red3-5.xls",
aggregated,red,new york strip steak,3,48,2.0,0,uniaxial,unloading,29,0.866143093819507,-70.22118218767085,62.508550821041375,5,5,"1,2,3,4,5","red3-1.xls,red3-2.xls,red3-3.xls,red3-4.xls,red3-5.xls",
aggregated,red,new york strip steak,3,48,2.0,0,uniaxial,unloading,30,0.8677098450244539,-80.95922907747254,60.34663586685715,5,5,"1,2,3,4,5","red3-1.xls,red3-2.xls,red3-3.xls,red3-4.xls,red3-5.xls",
aggregated,red,new york strip steak,3,48,2.0,0,uniaxial,unloading,31,0.8692765962294009,-91.69727596727498,58.19573776996124,5,5,"1,2,3,4,5","red3-1.xls,red3-2.xls,red3-3.xls,red3-4.xls,red3-5.xls",
aggregated,red,new york strip steak,3,48,2.0,0,uniaxial,unloading,32,0.8708433474343478,-102.43532285707667,56.05712468701799,5,5,"1,2,3,4,5","red3-1.xls,red3-2.xls,red3-3.xls,red3-4.xls,red3-5.xls",
aggregated,red,new york strip steak,3,48,2.0,0,uniaxial,unloading,33,0.8724100986392946,-113.17336974687836,53.93225807626077,5,5,"1,2,3,4,5","red3-1.xls,red3-2.xls,red3-3.xls,red3-4.xls,red3-5.xls",
aggregated,red,new york strip steak,3,48,2.0,0,uniaxial,unloading,34,0.8739768498442415,-123.91141663668006,51.82282888530527,5,5,"1,2,3,4,5","red3-1.xls,red3-2.xls,red3-3.xls,red3-4.xls,red3-5.xls",
aggregated,red,new york strip steak,3,48,2.0,0,uniaxial,unloading,35,0.8755436010491884,-134.64946352648175,49.730801577991805,5,5,"1,2,3,4,5","red3-1.xls,red3-2.xls,red3-3.xls,red3-4.xls,red3-5.xls",
aggregated,red,new york strip steak,3,48,2.0,0,uniaxial,unloading,36,0.8771103522541353,-145.38751041628342,47.65846784094382,5,5,"1,2,3,4,5","red3-1.xls,red3-2.xls,red3-3.xls,red3-4.xls,red3-5.xls",
aggregated,red,new york strip steak,3,48,2.0,0,uniaxial,unloading,37,0.8786771034590822,-156.12555730608588,45.60851222903103,5,5,"1,2,3,4,5","red3-1.xls,red3-2.xls,red3-3.xls,red3-4.xls,red3-5.xls",
aggregated,red,new york strip steak,3,48,2.0,0,uniaxial,unloading,38,0.8802438546640291,-166.86360419588758,43.58409248783102,5,5,"1,2,3,4,5","red3-1.xls,red3-2.xls,red3-3.xls,red3-4.xls,red3-5.xls",
