file_name,color,cut_name,freshness_index,time_hours,time_days,sample_num,mode,loading,point_index,deformation,stress_pa,stress_q25_pa,stress_q75_pa,n_used,n_total,used_samples,dropped_samples
robust_summary,green,sirloin steak,1,0,0.0,0,shear,shear,0,0.00309664,18.361381741726316,-1.6422835331258705,50.47310889102572,5,5,"1,2,3,4,5",
robust_summary,green,sirloin steak,1,0,0.0,0,shear,shear,1,0.00502548202020202,31.16164160323278,11.744124549011516,62.64220888010615,5,5,"1,2,3,4,5",
robust_summary,green,sirloin steak,1,0,0.0,0,shear,shear,2,0.00695432404040404,42.95829375085182,21.78362113624206,74.49497327016384,5,5,"1,2,3,4,5",
robust_summary,green,sirloin steak,1,0,0.0,0,shear,shear,3,0.00888316606060606,54.75494589847087,33.49657347092602,86.34773766022153,5,5,"1,2,3,4,5",
robust_summary,green,sirloin steak,1,0,0.0,0,shear,shear,4,0.01081200808080808,66.55159804608992,45.20952580560999,98.20050205027923,5,5,"1,2,3,4,5",
robust_summary,green,sirloin steak,1,0,0.0,0,shear,shear,5,0.0127408501010101,78.71666256659074,61.9237596981941,111.15956926332694,5,5,"1,2,3,4,5",
robust_summary,green,sirloin steak,1,0,0.0,0,shear,shear,6,0.01466969212121212,93.59287681392729,79.20497611190254,127.4225494776586,5,5,"1,2,3,4,5",
robust_summary,green,sirloin steak,1,0,0.0,0,shear,shear,7,0.01659853414141414,108.46909106126384,96.48619252561099,143.68552969199027,5,5,"1,2,3,4,5",
robust_summary,green,sirloin steak,1,0,0.0,0,shear,shear,8,0.01852737616161616,123.3453053086004,113.76740893931944,159.94850990632193,5,5,"1,2,3,4,5",
robust_summary,green,sirloin steak,1,0,0.0,0,shear,shear,9,0.02045621818181818,138.22151955593696,125.90400430074888,176.2114901206536,5,5,"1,2,3,4,5",
robust_summary,green,sirloin steak,1,0,0.0,0,shear,shear,10,0.0223850602020202,147.76094557698121,136.3218672247586,189.12832532113023,5,5,"1,2,3,4,5",
robust_summary,green,sirloin steak,1,0,0.0,0,shear,shear,11,0.02431390222222222,155.80177242830086,146.7397301487683,198.88152824408704,5,5,"1,2,3,4,5",
robust_summary,green,sirloin steak,1,0,0.0,0,shear,shear,12,0.026242744242424242,163.8425992796205,157.157593072778,208.63473116704387,5,5,"1,2,3,4,5",
robust_summary,green,sirloin steak,1,0,0.0,0,shear,shear,13,0.028171586262626263,171.88342613094014,166.3063596003935,218.38793409000067,5,5,"1,2,3,4,5",
robust_summary,green,sirloin steak,1,0,0.0,0,shear,shear,14,0.03010042828282828,179.08482300922643,174.67525851657868,228.14113701295744,5,5,"1,2,3,4,5",
robust_summary,green,sirloin steak,1,0,0.0,0,shear,shear,15,0.0320292703030303,185.07981975801604,183.04415743276385,236.42399712263423,5,5,"1,2,3,4,5",
robust_summary,green,sirloin steak,1,0,0.0,0,shear,shear,16,0.03395811232323232,191.41305634894903,191.0748165068057,244.40617994050365,5,5,"1,2,3,4,5",
robust_summary,green,sirloin steak,1,0,0.0,0,shear,shear,17,0.035886954343434335,199.158746752241,197.06981325559528,252.38836275837303,5,5,"1,2,3,4,5",
robust_summary,green,sirloin steak,1,0,0.0,0,shear,shear,18,0.037815796363636356,206.17863335130798,203.0174939899062,260.3705455762425,5,5,"1,2,3,4,5",
robust_summary,green,sirloin steak,1,0,0.0,0,shear,shear,19,0.03974463838383838,213.19851995037493,208.18503719493305,268.2358189722598,5,5,"1,2,3,4,5",
robust_summary,green,sirloin steak,1,0,0.0,0,shear,shear,20,0.0416734804040404,220.2184065494419,213.3525803999599,275.1970199660717,5,5,"1,2,3,4,5",
robust_summary,green,sirloin steak,1,0,0.0,0,shear,shear,21,0.04360232242424242,227.0026315790829,218.52012360498674,282.15822095988364,5,5,"1,2,3,4,5",
robust_summary,green,sirloin steak,1,0,0.0,0,shear,shear,22,0.04553116444444444,233.13871656098542,223.6876668100136,289.11942195369556,5,5,"1,2,3,4,5",
robust_summary,green,sirloin steak,1,0,0.0,0,shear,shear,23,0.04746000646464646,239.27480154288793,228.18393264770395,296.08062294750744,5,5,"1,2,3,4,5",
robust_summary,green,sirloin steak,1,0,0.0,0,shear,shear,24,0.04938884848484848,245.41088652479044,232.40479026865415,302.77184355897026,5,5,"1,2,3,4,5",
robust_summary,green,sirloin steak,1,0,0.0,0,shear,shear,25,0.0513176905050505,251.4621567462044,236.62564788960438,309.0277886059858,5,5,"1,2,3,4,5",
robust_summary,green,sirloin steak,1,0,0.0,0,shear,shear,26,0.05324653252525252,256.8827568336451,240.8465055105546,315.28373365300126,5,5,"1,2,3,4,5",
robust_summary,green,sirloin steak,1,0,0.0,0,shear,shear,27,0.055175374545454535,262.30335692108576,244.90771774196148,321.5396787000168,5,5,"1,2,3,4,5",
robust_summary,green,sirloin steak,1,0,0.0,0,shear,shear,28,0.057104216565656556,267.72395700852644,248.65648774608144,327.718720804301,5,5,"1,2,3,4,5",
robust_summary,green,sirloin steak,1,0,0.0,0,shear,shear,29,0.059033058585858576,273.1445570959671,252.4052577502014,331.7169726935659,5,5,"1,2,3,4,5",
robust_summary,green,sirloin steak,1,0,0.0,0,shear,shear,30,0.0609619006060606,278.0132647752438,256.15402775432136,335.4646109966922,5,5,"1,2,3,4,5",
robust_summary,green,sirloin steak,1,0,0.0,0,shear,shear,31,0.06289074262626262,282.85883872692926,259.90279775844135,338.97100928635956,5,5,"1,2,3,4,5",
robust_summary,green,sirloin steak,1,0,0.0,0,shear,shear,32,0.06481958464646465,287.70441267861474,263.24376501545703,342.4774075760269,5,5,"1,2,3,4,5",
robust_summary,green,sirloin steak,1,0,0.0,0,shear,shear,33,0.06674842666666665,292.54998663030017,266.56628942569733,345.98380586569425,5,5,"1,2,3,4,5",
robust_summary,green,sirloin steak,1,0,0.0,0,shear,shear,34,0.06867726868686867,297.0393850139373,269.8888138359377,349.315460248534,5,5,"1,2,3,4,5",
robust_summary,green,sirloin steak,1,0,0.0,0,shear,shear,35,0.0706061107070707,301.44876177199956,273.21133824617806,352.2914572812579,5,5,"1,2,3,4,5",
robust_summary,green,sirloin steak,1,0,0.0,0,shear,shear,36,0.07253495272727271,305.85813853006175,276.14928070879336,355.26745431398183,5,5,"1,2,3,4,5",
robust_summary,green,sirloin steak,1,0,0.0,0,shear,shear,37,0.07446379474747473,310.267515288124,278.8571503197968,358.2434513467058,5,5,"1,2,3,4,5",
robust_summary,green,sirloin steak,1,0,0.0,0,shear,shear,38,0.07639263676767676,314.37204287797397,281.5650199308002,361.1001537806745,5,5,"1,2,3,4,5",
robust_summary,green,sirloin steak,1,0,0.0,0,shear,shear,39,0.07832147878787878,318.3036999977287,284.2728895418036,363.135570879125,5,5,"1,2,3,4,5",
robust_summary,green,sirloin steak,1,0,0.0,0,shear,shear,40,0.0802503208080808,322.2353571174834,286.89684324018685,365.1709879775755,5,5,"1,2,3,4,5",
robust_summary,green,sirloin steak,1,0,0.0,0,shear,shear,41,0.08217916282828282,326.1670142372381,289.3068031521357,367.20640507602604,5,5,"1,2,3,4,5",
robust_summary,green,sirloin steak,1,0,0.0,0,shear,shear,42,0.08410800484848484,329.94389452414185,291.71676306408466,369.24182217447657,5,5,"1,2,3,4,5",
robust_summary,green,sirloin steak,1,0,0.0,0,shear,shear,43,0.08603684686868686,333.558443203406,294.1267229760336,371.58838404335245,5,5,"1,2,3,4,5",
robust_summary,green,sirloin steak,1,0,0.0,0,shear,shear,44,0.08796568888888888,337.17299188267015,296.5366828879825,373.9583532910225,5,5,"1,2,3,4,5",
robust_summary,green,sirloin steak,1,0,0.0,0,shear,shear,45,0.0898945309090909,340.7875405619343,298.65749556950016,376.3283225386926,5,5,"1,2,3,4,5",
robust_summary,green,sirloin steak,1,0,0.0,0,shear,shear,46,0.09182337292929292,344.34151056590264,300.75797778187274,378.69829178636263,5,5,"1,2,3,4,5",
robust_summary,green,sirloin steak,1,0,0.0,0,shear,shear,47,0.09375221494949494,347.7562185069221,302.8584599942453,381.07903532384313,5,5,"1,2,3,4,5",
robust_summary,green,sirloin steak,1,0,0.0,0,shear,shear,48,0.09568105696969696,351.1709264479415,304.9589422066179,383.46504363972616,5,5,"1,2,3,4,5",
robust_summary,green,sirloin steak,1,0,0.0,0,shear,shear,49,0.09760989898989898,354.58563438896095,306.98835156801994,385.8510519556092,5,5,"1,2,3,4,5",
robust_summary,green,sirloin steak,1,0,0.0,0,shear,shear,50,0.099538741010101,357.9797329992683,308.96760241861017,388.2370602714922,5,5,"1,2,3,4,5",
robust_summary,green,sirloin steak,1,0,0.0,0,shear,shear,51,0.10146758303030302,361.2623415273428,310.9468532692004,390.5222863971812,5,5,"1,2,3,4,5",
robust_summary,green,sirloin steak,1,0,0.0,0,shear,shear,52,0.10339642505050504,364.5449500554173,312.92610411979064,392.7320741684353,5,5,"1,2,3,4,5",
robust_summary,green,sirloin steak,1,0,0.0,0,shear,shear,53,0.10532526707070707,367.82755858349185,314.85296137398745,394.94186193968943,5,5,"1,2,3,4,5",
robust_summary,green,sirloin steak,1,0,0.0,0,shear,shear,54,0.10725410909090907,371.11016711156634,316.5940156326416,397.15164971094356,5,5,"1,2,3,4,5",
robust_summary,green,sirloin steak,1,0,0.0,0,shear,shear,55,0.10918295111111109,374.1677994529914,318.3350698912957,399.17546308931065,5,5,"1,2,3,4,5",
robust_summary,green,sirloin steak,1,0,0.0,0,shear,shear,56,0.11111179313131311,377.22427219269616,320.07612414994986,400.89915467034155,5,5,"1,2,3,4,5",
robust_summary,green,sirloin steak,1,0,0.0,0,shear,shear,57,0.11304063515151513,380.2807449324009,321.817178408604,402.6228462513725,5,5,"1,2,3,4,5",
robust_summary,green,sirloin steak,1,0,0.0,0,shear,shear,58,0.11496947717171715,383.3372176721056,323.4185399378288,404.3465378324034,5,5,"1,2,3,4,5",
robust_summary,green,sirloin steak,1,0,0.0,0,shear,shear,59,0.11689831919191918,386.164472369154,324.9988569875152,406.0895809067313,5,5,"1,2,3,4,5",
robust_summary,green,sirloin steak,1,0,0.0,0,shear,shear,60,0.1188271612121212,388.9512444949432,326.57917403720154,407.923275029068,5,5,"1,2,3,4,5",
robust_summary,green,sirloin steak,1,0,0.0,0,shear,shear,61,0.12075600323232322,391.73801662073237,328.15949108688795,409.7569691514047,5,5,"1,2,3,4,5",
robust_summary,green,sirloin steak,1,0,0.0,0,shear,shear,62,0.12268484525252524,394.52478874652155,329.70816429254376,411.59066327374137,5,5,"1,2,3,4,5",
robust_summary,green,sirloin steak,1,0,0.0,0,shear,shear,63,0.12461368727272726,397.1597480742672,331.22841573213043,413.4234900312091,5,5,"1,2,3,4,5",
robust_summary,green,sirloin steak,1,0,0.0,0,shear,shear,64,0.12654252929292928,399.72496786304504,332.74866717171716,415.00700596067725,5,5,"1,2,3,4,5",
robust_summary,green,sirloin steak,1,0,0.0,0,shear,shear,65,0.1284713713131313,402.29018765182286,334.2689186113039,416.59052189014545,5,5,"1,2,3,4,5",
robust_summary,green,sirloin steak,1,0,0.0,0,shear,shear,66,0.13040021333333332,404.85540744060074,335.8073745084476,418.1740378196136,5,5,"1,2,3,4,5",
robust_summary,green,sirloin steak,1,0,0.0,0,shear,shear,67,0.13232905535353534,407.2347935140962,337.4369412193732,419.75755374908175,5,5,"1,2,3,4,5",
robust_summary,green,sirloin steak,1,0,0.0,0,shear,shear,68,0.13425789737373736,409.407866506271,339.0665079302988,420.97922380880027,5,5,"1,2,3,4,5",
robust_summary,green,sirloin steak,1,0,0.0,0,shear,shear,69,0.13618673939393938,411.58093949844573,340.6960746412244,422.1047407086501,5,5,"1,2,3,4,5",
robust_summary,green,sirloin steak,1,0,0.0,0,shear,shear,70,0.1381155814141414,413.7540124906205,342.32564135215,423.2302576085,5,5,"1,2,3,4,5",
robust_summary,green,sirloin steak,1,0,0.0,0,shear,shear,71,0.14004442343434342,415.91733454570675,343.78929151440656,424.3557745083498,5,5,"1,2,3,4,5",
robust_summary,green,sirloin steak,1,0,0.0,0,shear,shear,72,0.14197326545454544,418.0629274484387,345.21636387858604,425.61623030542574,5,5,"1,2,3,4,5",
robust_summary,green,sirloin steak,1,0,0.0,0,shear,shear,73,0.14390210747474746,420.2085203511706,346.64343624276546,426.96208363696246,5,5,"1,2,3,4,5",
robust_summary,green,sirloin steak,1,0,0.0,0,shear,shear,74,0.14583094949494949,422.3541132539025,348.0705086069449,428.3079369684992,5,5,"1,2,3,4,5",
robust_summary,green,sirloin steak,1,0,0.0,0,shear,shear,75,0.1477597915151515,424.4941397598428,349.3313195332204,429.6537903000359,5,5,"1,2,3,4,5",
robust_summary,green,sirloin steak,1,0,0.0,0,shear,shear,76,0.14968863353535353,426.61225842217686,350.39757381767987,430.79261413122146,5,5,"1,2,3,4,5",
robust_summary,green,sirloin steak,1,0,0.0,0,shear,shear,77,0.15161747555555555,428.73037708451096,351.4638281021394,431.63970344393357,5,5,"1,2,3,4,5",
robust_summary,green,sirloin steak,1,0,0.0,0,shear,shear,78,0.15354631757575757,430.848495746845,352.5300823865989,432.4867927566456,5,5,"1,2,3,4,5",
robust_summary,green,sirloin steak,1,0,0.0,0,shear,shear,79,0.1554751595959596,432.9549787443454,353.6379769588943,433.3338820693577,5,5,"1,2,3,4,5",
robust_summary,green,sirloin steak,1,0,0.0,0,shear,shear,80,0.1574040016161616,434.2711720375884,355.0501895337235,434.83442506009504,5,5,"1,2,3,4,5",
robust_summary,green,sirloin steak,1,0,0.0,0,shear,shear,81,0.15933284363636363,435.48922556155003,356.4624021085527,436.71387137584463,5,5,"1,2,3,4,5",
robust_summary,green,sirloin steak,1,0,0.0,0,shear,shear,82,0.16126168565656565,436.70727908551163,357.8746146833819,438.5933176915943,5,5,"1,2,3,4,5",
robust_summary,green,sirloin steak,1,0,0.0,0,shear,shear,83,0.16319052767676767,437.9253326094732,359.2868272582111,440.4727640073439,5,5,"1,2,3,4,5",
robust_summary,green,sirloin steak,1,0,0.0,0,shear,shear,84,0.1651193696969697,439.1430046311964,360.47714299255875,442.166665995679,5,5,"1,2,3,4,5",
robust_summary,green,sirloin steak,1,0,0.0,0,shear,shear,85,0.1670482117171717,440.3892221113319,361.60370914051714,443.8395366418915,5,5,"1,2,3,4,5",
robust_summary,green,sirloin steak,1,0,0.0,0,shear,shear,86,0.16897705373737373,441.63543959146745,362.7302752884756,445.51240728810404,5,5,"1,2,3,4,5",
robust_summary,green,sirloin steak,1,0,0.0,0,shear,shear,87,0.17090589575757575,442.881657071603,363.85684143643397,447.18527793431656,5,5,"1,2,3,4,5",
robust_summary,green,sirloin steak,1,0,0.0,0,shear,shear,88,0.17283473777777777,444.1278745517385,364.90904962732753,449.02107595656224,5,5,"1,2,3,4,5",
robust_summary,green,sirloin steak,1,0,0.0,0,shear,shear,89,0.1747635797979798,445.40667312891674,365.84880101082547,450.92746993423157,5,5,"1,2,3,4,5",
robust_summary,green,sirloin steak,1,0,0.0,0,shear,shear,90,0.17669242181818182,446.6898666834414,366.78855239432335,452.8338639119009,5,5,"1,2,3,4,5",
robust_summary,green,sirloin steak,1,0,0.0,0,shear,shear,91,0.17862126383838384,447.97306023796597,367.7283037778212,454.7402578895702,5,5,"1,2,3,4,5",
robust_summary,green,sirloin steak,1,0,0.0,0,shear,shear,92,0.18055010585858586,449.2562537924906,368.69188208119834,456.4500507469909,5,5,"1,2,3,4,5",
robust_summary,green,sirloin steak,1,0,0.0,0,shear,shear,93,0.18247894787878788,450.1155173261724,370.0240849169973,458.0020755761205,5,5,"1,2,3,4,5",
robust_summary,green,sirloin steak,1,0,0.0,0,shear,shear,94,0.1844077898989899,450.7801584771207,371.3562877527963,459.5541004052501,5,5,"1,2,3,4,5",
robust_summary,green,sirloin steak,1,0,0.0,0,shear,shear,95,0.18633663191919192,451.4447996280691,372.68849058859524,461.1061252343797,5,5,"1,2,3,4,5",
robust_summary,green,sirloin steak,1,0,0.0,0,shear,shear,96,0.18826547393939394,452.10944077901746,374.0206934243942,462.83641626877335,5,5,"1,2,3,4,5",
robust_summary,green,sirloin steak,1,0,0.0,0,shear,shear,97,0.19019431595959596,452.8156335382603,375.6118639387809,464.83530138763035,5,5,"1,2,3,4,5",
robust_summary,green,sirloin steak,1,0,0.0,0,shear,shear,98,0.19212315797979798,453.5649678482668,377.30726167306767,466.83418650648736,5,5,"1,2,3,4,5",
robust_summary,green,sirloin steak,1,0,0.0,0,shear,shear,99,0.194052,454.31430215827334,379.0026594073545,468.83307162534436,5,5,"1,2,3,4,5",
robust_summary,green,sirloin steak,1,0,0.0,0,uniaxial,compression,0,0.8182208712932227,-1989.8200928993874,-2324.1737626182376,-1677.1793166860932,4,5,"2,3,4,5",1
robust_summary,green,sirloin steak,1,0,0.0,0,uniaxial,compression,1,0.8202457124488367,-1972.0903267735187,-2307.079866289941,-1659.4904658400242,4,5,"2,3,4,5",1
robust_summary,green,sirloin steak,1,0,0.0,0,uniaxial,compression,2,0.8222705536044506,-1954.3605606476508,-2289.985969961646,-1641.8016149939563,4,5,"2,3,4,5",1
robust_summary,green,sirloin steak,1,0,0.0,0,uniaxial,compression,3,0.8242953947600645,-1936.6307945217818,-2272.8920736333494,-1624.1127641478874,4,5,"2,3,4,5",1
robust_summary,green,sirloin steak,1,0,0.0,0,uniaxial,compression,4,0.8263202359156784,-1918.9010283959137,-2255.798177305054,-1606.4239133018195,4,5,"2,3,4,5",1
robust_summary,green,sirloin steak,1,0,0.0,0,uniaxial,compression,5,0.8283450770712923,-1901.1712622700447,-2238.7042809767577,-1588.7350624557507,4,5,"2,3,4,5",1
robust_summary,green,sirloin steak,1,0,0.0,0,uniaxial,compression,6,0.8303699182269062,-1883.4414961441769,-2221.6103846484625,-1571.0462116096828,4,5,"2,3,4,5",1
robust_summary,green,sirloin steak,1,0,0.0,0,uniaxial,compression,7,0.8323947593825202,-1865.711730018308,-2204.516488320166,-1553.3573607636138,4,5,"2,3,4,5",1
robust_summary,green,sirloin steak,1,0,0.0,0,uniaxial,compression,8,0.834419600538134,-1847.98196389244,-2187.422591991871,-1535.6685099175459,4,5,"2,3,4,5",1
robust_summary,green,sirloin steak,1,0,0.0,0,uniaxial,compression,9,0.836444441693748,-1830.252197766571,-2170.3286956635748,-1517.979659071477,4,5,"2,3,4,5",1
robust_summary,green,sirloin steak,1,0,0.0,0,uniaxial,compression,10,0.8384692828493618,-1811.1531292147401,-2149.440532112052,-1502.8185827648008,4,5,"2,3,4,5",1
robust_summary,green,sirloin steak,1,0,0.0,0,uniaxial,compression,11,0.8404941240049758,-1793.549144209159,-2126.5396623175884,-1492.3487970884883,4,5,"2,3,4,5",1
robust_summary,green,sirloin steak,1,0,0.0,0,uniaxial,compression,12,0.8425189651605897,-1776.0301429668302,-2103.6387925231256,-1481.9639951754275,4,5,"2,3,4,5",1
robust_summary,green,sirloin steak,1,0,0.0,0,uniaxial,compression,13,0.8445438063162036,-1758.9165393783142,-2080.7379227286615,-1471.98459091618,4,5,"2,3,4,5",1
robust_summary,green,sirloin steak,1,0,0.0,0,uniaxial,compression,14,0.8465686474718175,-1741.8029357897992,-2057.8370529341987,-1462.0051866569333,4,5,"2,3,4,5",1
robust_summary,green,sirloin steak,1,0,0.0,0,uniaxial,compression,15,0.8485934886274314,-1724.6893322012834,-2034.9361831397348,-1452.0257823976858,4,5,"2,3,4,5",1
robust_summary,green,sirloin steak,1,0,0.0,0,uniaxial,compression,16,0.8506183297830454,-1707.5757286127673,-2012.0353133452709,-1442.0463781384385,4,5,"2,3,4,5",1
robust_summary,green,sirloin steak,1,0,0.0,0,uniaxial,compression,17,0.8526431709386593,-1690.4621250242526,-1989.1344435508079,-1432.066973879192,4,5,"2,3,4,5",1
robust_summary,green,sirloin steak,1,0,0.0,0,uniaxial,compression,18,0.8546680120942732,-1673.3485214357365,-1966.233573756344,-1422.0875696199446,4,5,"2,3,4,5",1
robust_summary,green,sirloin steak,1,0,0.0,0,uniaxial,compression,19,0.8566928532498871,-1656.2349178472216,-1943.3327039618812,-1412.1081653606977,4,5,"2,3,4,5",1
robust_summary,green,sirloin steak,1,0,0.0,0,uniaxial,compression,20,0.858717694405501,-1639.4824941213337,-1924.9309655751483,-1399.094043420872,4,5,"2,3,4,5",1
robust_summary,green,sirloin steak,1,0,0.0,0,uniaxial,compression,21,0.8607425355611149,-1623.9938727893598,-1909.7959571222787,-1384.9405301626011,4,5,"2,3,4,5",1
robust_summary,green,sirloin steak,1,0,0.0,0,uniaxial,compression,22,0.8627673767167289,-1609.070716763522,-1894.660948669408,-1371.3524822104666,4,5,"2,3,4,5",1
robust_summary,green,sirloin steak,1,0,0.0,0,uniaxial,compression,23,0.8647922178723427,-1595.0008945855134,-1879.5259402165384,-1358.6177681061613,4,5,"2,3,4,5",1
robust_summary,green,sirloin steak,1,0,0.0,0,uniaxial,compression,24,0.8668170590279567,-1580.9310724075044,-1864.390931763668,-1345.883054001855,4,5,"2,3,4,5",1
robust_summary,green,sirloin steak,1,0,0.0,0,uniaxial,compression,25,0.8688419001835705,-1566.861250229496,-1849.2559233107982,-1333.1483398975497,4,5,"2,3,4,5",1
robust_summary,green,sirloin steak,1,0,0.0,0,uniaxial,compression,26,0.8708667413391845,-1552.7914280514865,-1834.1209148579278,-1320.4136257932437,4,5,"2,3,4,5",1
robust_summary,green,sirloin steak,1,0,0.0,0,uniaxial,compression,27,0.8728915824947984,-1538.721605873478,-1818.9859064050581,-1307.6789116889381,4,5,"2,3,4,5",1
robust_summary,green,sirloin steak,1,0,0.0,0,uniaxial,compression,28,0.8749164236504123,-1524.6517836954686,-1803.8508979521876,-1294.944197584632,4,5,"2,3,4,5",1
robust_summary,green,sirloin steak,1,0,0.0,0,uniaxial,compression,29,0.8769412648060262,-1510.58196151746,-1788.7158894993179,-1282.2094834803268,4,5,"2,3,4,5",1
robust_summary,green,sirloin steak,1,0,0.0,0,uniaxial,compression,30,0.8789661059616402,-1496.5619218118495,-1771.2779618199293,-1272.3364177980184,4,5,"2,3,4,5",1
robust_summary,green,sirloin steak,1,0,0.0,0,uniaxial,compression,31,0.8809909471172541,-1483.3595475891298,-1752.9696408872971,-1264.8708586894127,4,5,"2,3,4,5",1
robust_summary,green,sirloin steak,1,0,0.0,0,uniaxial,compression,32,0.883015788272868,-1470.1571733664105,-1734.6613199546657,-1257.4052995808072,4,5,"2,3,4,5",1
robust_summary,green,sirloin steak,1,0,0.0,0,uniaxial,compression,33,0.8850406294284818,-1456.9547991436914,-1716.3529990220343,-1249.9397404722017,4,5,"2,3,4,5",1
robust_summary,green,sirloin steak,1,0,0.0,0,uniaxial,compression,34,0.8870654705840958,-1443.7524249209714,-1698.044678089402,-1242.474181363596,4,5,"2,3,4,5",1
robust_summary,green,sirloin steak,1,0,0.0,0,uniaxial,compression,35,0.8890903117397098,-1430.5500506982517,-1679.7363571567696,-1235.0086222549899,4,5,"2,3,4,5",1
robust_summary,green,sirloin steak,1,0,0.0,0,uniaxial,compression,36,0.8911151528953236,-1417.3476764755326,-1661.4280362241384,-1227.5430631463846,4,5,"2,3,4,5",1
robust_summary,green,sirloin steak,1,0,0.0,0,uniaxial,compression,37,0.8931399940509376,-1404.1453022528126,-1643.119715291506,-1220.0775040377787,4,5,"2,3,4,5",1
robust_summary,green,sirloin steak,1,0,0.0,0,uniaxial,compression,38,0.8951648352065514,-1390.9429280300938,-1624.8113943588748,-1212.6119449291732,4,5,"2,3,4,5",1
robust_summary,green,sirloin steak,1,0,0.0,0,uniaxial,compression,39,0.8971896763621654,-1377.7405538073738,-1606.5030734262425,-1205.1463858205675,4,5,"2,3,4,5",1
robust_summary,green,sirloin steak,1,0,0.0,0,uniaxial,compression,40,0.8992145175177793,-1366.4905940443923,-1592.8177370068697,-1196.3916914178335,4,5,"2,3,4,5",1
robust_summary,green,sirloin steak,1,0,0.0,0,uniaxial,compression,41,0.9012393586733932,-1356.0363698971225,-1581.9239872076469,-1186.2058828964002,4,5,"2,3,4,5",1
robust_summary,green,sirloin steak,1,0,0.0,0,uniaxial,compression,42,0.9032641998290071,-1345.5821457498532,-1571.030237408425,-1176.0200743749672,4,5,"2,3,4,5",1
robust_summary,green,sirloin steak,1,0,0.0,0,uniaxial,compression,43,0.905289040984621,-1335.1279216025835,-1560.1364876092023,-1165.834265853534,4,5,"2,3,4,5",1
robust_summary,green,sirloin steak,1,0,0.0,0,uniaxial,compression,44,0.9073138821402349,-1324.6736974553141,-1549.24273780998,-1155.6484573321009,4,5,"2,3,4,5",1
robust_summary,green,sirloin steak,1,0,0.0,0,uniaxial,compression,45,0.9093387232958489,-1314.2194733080444,-1538.3489880107572,-1145.4626488106676,4,5,"2,3,4,5",1
robust_summary,green,sirloin steak,1,0,0.0,0,uniaxial,compression,46,0.9113635644514628,-1303.7652491607746,-1527.4552382115346,-1135.276840289234,4,5,"2,3,4,5",1
robust_summary,green,sirloin steak,1,0,0.0,0,uniaxial,compression,47,0.9133884056070767,-1293.3110250135053,-1516.5614884123127,-1125.0910317678013,4,5,"2,3,4,5",1
robust_summary,green,sirloin steak,1,0,0.0,0,uniaxial,compression,48,0.9154132467626905,-1282.856800866236,-1505.6677386130905,-1114.9052232463685,4,5,"2,3,4,5",1
robust_summary,green,sirloin steak,1,0,0.0,0,uniaxial,compression,49,0.9174380879183045,-1272.4025767189664,-1494.7739888138678,-1104.719414724935,4,5,"2,3,4,5",1
robust_summary,green,sirloin steak,1,0,0.0,0,uniaxial,compression,50,0.9194629290739185,-1261.0191089575,-1480.914193715322,-1095.8568021333704,4,5,"2,3,4,5",1
robust_summary,green,sirloin steak,1,0,0.0,0,uniaxial,compression,51,0.9214877702295323,-1249.5556961220448,-1466.2487284620086,-1087.4965768060495,4,5,"2,3,4,5",1
robust_summary,green,sirloin steak,1,0,0.0,0,uniaxial,compression,52,0.9235126113851463,-1238.092283286589,-1451.5832632086945,-1079.1363514787279,4,5,"2,3,4,5",1
robust_summary,green,sirloin steak,1,0,0.0,0,uniaxial,compression,53,0.9255374525407601,-1226.628870451134,-1436.917797955381,-1070.776126151407,4,5,"2,3,4,5",1
robust_summary,green,sirloin steak,1,0,0.0,0,uniaxial,compression,54,0.9275622936963741,-1215.165457615678,-1422.252332702067,-1062.4159008240854,4,5,"2,3,4,5",1
robust_summary,green,sirloin steak,1,0,0.0,0,uniaxial,compression,55,0.929587134851988,-1203.7020447802229,-1407.5868674487535,-1054.0556754967645,4,5,"2,3,4,5",1
robust_summary,green,sirloin steak,1,0,0.0,0,uniaxial,compression,56,0.9316119760076019,-1192.238631944767,-1392.9214021954394,-1045.6954501694431,4,5,"2,3,4,5",1
robust_summary,green,sirloin steak,1,0,0.0,0,uniaxial,compression,57,0.9336368171632158,-1180.7752191093118,-1378.255936942126,-1037.335224842122,4,5,"2,3,4,5",1
robust_summary,green,sirloin steak,1,0,0.0,0,uniaxial,compression,58,0.9356616583188297,-1169.311806273856,-1363.5904716888117,-1028.9749995148006,4,5,"2,3,4,5",1
robust_summary,green,sirloin steak,1,0,0.0,0,uniaxial,compression,59,0.9376864994744436,-1157.8483934384008,-1348.9250064354983,-1020.6147741874795,4,5,"2,3,4,5",1
robust_summary,green,sirloin steak,1,0,0.0,0,uniaxial,compression,60,0.9397113406300576,-1148.044949607482,-1337.1225697869168,-1009.3762757340863,4,5,"2,3,4,5",1
robust_summary,green,sirloin steak,1,0,0.0,0,uniaxial,compression,61,0.9417361817856714,-1138.1288476780667,-1326.1107330410046,-996.8882080494925,4,5,"2,3,4,5",1
robust_summary,green,sirloin steak,1,0,0.0,0,uniaxial,compression,62,0.9437610229412854,-1128.2127457486508,-1315.0988962950921,-984.4001403648981,4,5,"2,3,4,5",1
robust_summary,green,sirloin steak,1,0,0.0,0,uniaxial,compression,63,0.9457858640968992,-1118.2966438192354,-1304.0870595491801,-971.9120726803043,4,5,"2,3,4,5",1
robust_summary,green,sirloin steak,1,0,0.0,0,uniaxial,compression,64,0.9478107052525132,-1108.3805418898196,-1293.0752228032677,-959.4240049957098,4,5,"2,3,4,5",1
robust_summary,green,sirloin steak,1,0,0.0,0,uniaxial,compression,65,0.9498355464081272,-1098.4644399604038,-1282.063386057355,-946.9359373111154,4,5,"2,3,4,5",1
robust_summary,green,sirloin steak,1,0,0.0,0,uniaxial,compression,66,0.951860387563741,-1088.5483380309884,-1271.051549311443,-934.4478696265215,4,5,"2,3,4,5",1
robust_summary,green,sirloin steak,1,0,0.0,0,uniaxial,compression,67,0.9538852287193549,-1078.632236101573,-1260.039712565531,-921.9598019419277,4,5,"2,3,4,5",1
robust_summary,green,sirloin steak,1,0,0.0,0,uniaxial,compression,68,0.9559100698749688,-1068.7161341721571,-1249.0278758196187,-909.4717342573333,4,5,"2,3,4,5",1
robust_summary,green,sirloin steak,1,0,0.0,0,uniaxial,compression,69,0.9579349110305828,-1058.6548238746414,-1237.7982265215562,-896.9836665727389,4,5,"2,3,4,5",1
robust_summary,green,sirloin steak,1,0,0.0,0,uniaxial,compression,70,0.9599597521861967,-1042.49315708322,-1216.1280452938304,-881.959102025957,4,5,"2,3,4,5",1
robust_summary,green,sirloin steak,1,0,0.0,0,uniaxial,compression,71,0.9619845933418106,-1026.1615201119291,-1194.0734939622748,-866.309349242266,4,5,"2,3,4,5",1
robust_summary,green,sirloin steak,1,0,0.0,0,uniaxial,compression,72,0.9640094344974245,-1009.8298831406391,-1172.0189426307202,-850.659596458576,4,5,"2,3,4,5",1
robust_summary,green,sirloin steak,1,0,0.0,0,uniaxial,compression,73,0.9660342756530385,-993.4982461693482,-1149.9643912991646,-835.0098436748849,4,5,"2,3,4,5",1
robust_summary,green,sirloin steak,1,0,0.0,0,uniaxial,compression,74,0.9680591168086523,-977.1666091980583,-1127.90983996761,-819.3600908911948,4,5,"2,3,4,5",1
robust_summary,green,sirloin steak,1,0,0.0,0,uniaxial,compression,75,0.9700839579642663,-960.8349722267673,-1105.8552886360542,-803.7103381075038,4,5,"2,3,4,5",1
robust_summary,green,sirloin steak,1,0,0.0,0,uniaxial,compression,76,0.9721087991198802,-944.5033352554764,-1083.8007373044984,-788.0605853238128,4,5,"2,3,4,5",1
robust_summary,green,sirloin steak,1,0,0.0,0,uniaxial,compression,77,0.9741336402754941,-928.1716982841864,-1061.746185972944,-772.4108325401228,4,5,"2,3,4,5",1
robust_summary,green,sirloin steak,1,0,0.0,0,uniaxial,compression,78,0.976158481431108,-911.8400613128963,-1039.6916346413896,-756.7610797564327,4,5,"2,3,4,5",1
robust_summary,green,sirloin steak,1,0,0.0,0,uniaxial,compression,79,0.9781833225867219,-895.5084243416054,-1017.6370833098337,-741.1113269727416,4,5,"2,3,4,5",1
robust_summary,green,sirloin steak,1,0,0.0,0,uniaxial,unloading,0,0.8214858714446966,1002.0741130236776,978.061429204507,1363.0014829945603,5,5,"1,2,3,4,5",
robust_summary,green,sirloin steak,1,0,0.0,0,uniaxial,unloading,1,0.8222390658012868,982.2414152759629,952.725049607986,1326.4981771633495,5,5,"1,2,3,4,5",
robust_summary,green,sirloin steak,1,0,0.0,0,uniaxial,unloading,2,0.822992260157877,962.4087175282482,927.3886700114649,1289.994871332139,5,5,"1,2,3,4,5",
robust_summary,green,sirloin steak,1,0,0.0,0,uniaxial,unloading,3,0.8237454545144671,942.5760197805336,902.0522904149439,1253.4915655009281,5,5,"1,2,3,4,5",
robust_summary,green,sirloin steak,1,0,0.0,0,uniaxial,unloading,4,0.8244986488710574,922.743322032816,876.715910818419,1216.988259669712,5,5,"1,2,3,4,5",
robust_summary,green,sirloin steak,1,0,0.0,0,uniaxial,unloading,5,0.8252518432276476,902.9106242851012,851.379531221898,1180.4849538385013,5,5,"1,2,3,4,5",
robust_summary,green,sirloin steak,1,0,0.0,0,uniaxial,unloading,6,0.8260050375842377,883.0779265373865,826.0431516253769,1143.9816480072907,5,5,"1,2,3,4,5",
robust_summary,green,sirloin steak,1,0,0.0,0,uniaxial,unloading,7,0.8267582319408279,863.2452287896718,800.7067720288559,1107.4783421760799,5,5,"1,2,3,4,5",
robust_summary,green,sirloin steak,1,0,0.0,0,uniaxial,unloading,8,0.827511426297418,843.4125310419571,775.3703924323348,1070.975036344869,5,5,"1,2,3,4,5",
robust_summary,green,sirloin steak,1,0,0.0,0,uniaxial,unloading,9,0.8282646206540082,823.5798332942425,750.0340128358138,1034.4717305136585,5,5,"1,2,3,4,5",
robust_summary,green,sirloin steak,1,0,0.0,0,uniaxial,unloading,10,0.8290178150105983,803.7471355465277,724.6976332392926,997.9684246824477,5,5,"1,2,3,4,5",
robust_summary,green,sirloin steak,1,0,0.0,0,uniaxial,unloading,11,0.8297710093671886,783.9144377988101,699.3612536427679,961.4651188512316,5,5,"1,2,3,4,5",
robust_summary,green,sirloin steak,1,0,0.0,0,uniaxial,unloading,12,0.8305242037237788,764.0817400510955,674.0248740462469,924.9618130200208,5,5,"1,2,3,4,5",
robust_summary,green,sirloin steak,1,0,0.0,0,uniaxial,unloading,13,0.8312773980803689,744.2490423033807,648.6884944497258,888.4585071888101,5,5,"1,2,3,4,5",
robust_summary,green,sirloin steak,1,0,0.0,0,uniaxial,unloading,14,0.8320305924369591,724.416344555666,623.3521148532047,851.9552013575994,5,5,"1,2,3,4,5",
robust_summary,green,sirloin steak,1,0,0.0,0,uniaxial,unloading,15,0.8327837867935493,704.5836468079514,598.0157352566837,815.4518955263887,5,5,"1,2,3,4,5",
robust_summary,green,sirloin steak,1,0,0.0,0,uniaxial,unloading,16,0.8335369811501394,684.7509490602367,572.6793556601626,778.9485896951779,5,5,"1,2,3,4,5",
robust_summary,green,sirloin steak,1,0,0.0,0,uniaxial,unloading,17,0.8342901755067296,664.918251312522,547.3429760636415,742.4452838639672,5,5,"1,2,3,4,5",
robust_summary,green,sirloin steak,1,0,0.0,0,uniaxial,unloading,18,0.8350433698633198,645.0855535648043,522.0065964671167,705.9419780327511,5,5,"1,2,3,4,5",
robust_summary,green,sirloin steak,1,0,0.0,0,uniaxial,unloading,19,0.83579656421991,625.2528558170897,496.6702168705956,669.4386722015404,5,5,"1,2,3,4,5",
robust_summary,green,sirloin steak,1,0,0.0,0,uniaxial,unloading,20,0.8365497585765002,605.420158069375,471.33383727407454,632.9353663703297,5,5,"1,2,3,4,5",
robust_summary,green,sirloin steak,1,0,0.0,0,uniaxial,unloading,21,0.8373029529330903,585.5874603216603,445.9974576775535,596.432060539119,5,5,"1,2,3,4,5",
robust_summary,green,sirloin steak,1,0,0.0,0,uniaxial,unloading,22,0.8380561472896805,559.9287547079082,420.66107808103243,565.7547625739455,5,5,"1,2,3,4,5",
robust_summary,green,sirloin steak,1,0,0.0,0,uniaxial,unloading,23,0.8388093416462706,523.4254488766975,395.3246984845114,545.9220648262309,5,5,"1,2,3,4,5",
robust_summary,green,sirloin steak,1,0,0.0,0,uniaxial,unloading,24,0.8395625360028608,486.9221430454868,369.9883188879903,526.0893670785161,5,5,"1,2,3,4,5",
robust_summary,green,sirloin steak,1,0,0.0,0,uniaxial,unloading,25,0.8403157303594511,450.41883721427064,344.6519392914655,506.25666933079856,5,5,"1,2,3,4,5",
robust_summary,green,sirloin steak,1,0,0.0,0,uniaxial,unloading,26,0.8410689247160412,413.91553138305994,322.43105681411015,473.0482704294875,5,5,"1,2,3,4,5",
robust_summary,green,sirloin steak,1,0,0.0,0,uniaxial,unloading,27,0.8418221190726314,390.19995764890064,315.07770287854584,445.33081912842636,5,5,"1,2,3,4,5",
robust_summary,green,sirloin steak,1,0,0.0,0,uniaxial,unloading,28,0.8425753134292215,376.119533609827,307.7243489429815,433.5104311250133,5,5,"1,2,3,4,5",
robust_summary,green,sirloin steak,1,0,0.0,0,uniaxial,unloading,29,0.8433285077858117,362.03910957075334,300.37099500741715,421.6900431216003,5,5,"1,2,3,4,5",
robust_summary,green,sirloin steak,1,0,0.0,0,uniaxial,unloading,30,0.8440817021424019,347.9586855316797,293.01764107185284,409.8696551181873,5,5,"1,2,3,4,5",
robust_summary,green,sirloin steak,1,0,0.0,0,uniaxial,unloading,31,0.844834896498992,333.87826149260604,285.66428713628846,398.0492671147743,5,5,"1,2,3,4,5",
robust_summary,green,sirloin steak,1,0,0.0,0,uniaxial,unloading,32,0.8455880908555822,319.7978374535324,278.31093320072415,386.22887911136127,5,5,"1,2,3,4,5",
robust_summary,green,sirloin steak,1,0,0.0,0,uniaxial,unloading,33,0.8463412852121724,305.7174134144567,270.9575792651587,374.4084911079465,5,5,"1,2,3,4,5",
robust_summary,green,sirloin steak,1,0,0.0,0,uniaxial,unloading,34,0.8470944795687626,291.636989375383,263.6042253295944,362.5881031045335,5,5,"1,2,3,4,5",
robust_summary,green,sirloin steak,1,0,0.0,0,uniaxial,unloading,35,0.8478476739253528,277.5565653363094,256.25087139403,350.7677151011205,5,5,"1,2,3,4,5",
robust_summary,green,sirloin steak,1,0,0.0,0,uniaxial,unloading,36,0.8486008682819429,263.4761412972357,248.8975174584657,338.94732709770744,5,5,"1,2,3,4,5",
robust_summary,green,sirloin steak,1,0,0.0,0,uniaxial,unloading,37,0.8493540626385331,249.39571725816208,241.54416352290136,325.88965380204604,5,5,"1,2,3,4,5",
robust_summary,green,sirloin steak,1,0,0.0,0,uniaxial,unloading,38,0.8501072569951232,235.31529321908843,234.19080958733701,311.3053675819533,5,5,"1,2,3,4,5",
robust_summary,green,sirloin steak,1,0,0.0,0,uniaxial,unloading,39,0.8508604513517134,226.8374556517727,221.23486918001478,296.7210813618606,5,5,"1,2,3,4,5",
robust_summary,green,sirloin steak,1,0,0.0,0,uniaxial,unloading,40,0.8516136457083037,219.48410171620725,207.15444514093903,282.1367951417658,5,5,"1,2,3,4,5",
robust_summary,green,sirloin steak,1,0,0.0,0,uniaxial,unloading,41,0.8523668400648938,212.13074778064293,193.07402110186538,267.5525089216731,5,5,"1,2,3,4,5",
robust_summary,green,sirloin steak,1,0,0.0,0,uniaxial,unloading,42,0.853120034421484,204.77739384507856,178.99359706279174,252.96822270158043,5,5,"1,2,3,4,5",
robust_summary,green,sirloin steak,1,0,0.0,0,uniaxial,unloading,43,0.8538732287780741,197.42403990951425,164.9131730237181,238.38393648148775,5,5,"1,2,3,4,5",
robust_summary,green,sirloin steak,1,0,0.0,0,uniaxial,unloading,44,0.8546264231346643,190.0706859739499,150.83274898464444,223.79965026139507,5,5,"1,2,3,4,5",
robust_summary,green,sirloin steak,1,0,0.0,0,uniaxial,unloading,45,0.8553796174912545,182.71733203838556,136.75232494557082,209.2153640413024,5,5,"1,2,3,4,5",
robust_summary,green,sirloin steak,1,0,0.0,0,uniaxial,unloading,46,0.8561328118478446,175.36397810282122,125.37265032369622,194.63107782120971,5,5,"1,2,3,4,5",
robust_summary,green,sirloin steak,1,0,0.0,0,uniaxial,unloading,47,0.8568860062044349,168.0106241672558,120.14318559254382,180.04679160111488,5,5,"1,2,3,4,5",
robust_summary,green,sirloin steak,1,0,0.0,0,uniaxial,unloading,48,0.857639200561025,160.65727023169146,114.91372086139218,165.4625053810222,5,5,"1,2,3,4,5",
robust_summary,green,sirloin steak,1,0,0.0,0,uniaxial,unloading,49,0.8583923949176152,150.87821916092952,109.68425613024054,153.3039162961271,5,5,"1,2,3,4,5",
robust_summary,green,sirloin steak,1,0,0.0,0,uniaxial,unloading,50,0.8591455892742054,136.29393294083678,104.4547913990889,145.9505623605628,5,5,"1,2,3,4,5",
robust_summary,green,sirloin steak,1,0,0.0,0,uniaxial,unloading,51,0.8598987836307955,121.7096467207441,99.22532666793728,138.59720842499846,5,5,"1,2,3,4,5",
robust_summary,green,sirloin steak,1,0,0.0,0,uniaxial,unloading,52,0.8606519779873857,107.12536050065142,93.99586193678564,131.2438544894341,5,5,"1,2,3,4,5",
robust_summary,green,sirloin steak,1,0,0.0,0,uniaxial,unloading,53,0.8614051723439758,98.90423472084701,87.89081267258736,124.28024806133205,5,5,"1,2,3,4,5",
robust_summary,green,sirloin steak,1,0,0.0,0,uniaxial,unloading,54,0.8621583667005661,93.77034107773687,81.52998915677409,117.57728598508963,5,5,"1,2,3,4,5",
robust_summary,green,sirloin steak,1,0,0.0,0,uniaxial,unloading,55,0.8629115610571563,88.6364474346275,75.16916564096177,110.8743239088482,5,5,"1,2,3,4,5",
robust_summary,green,sirloin steak,1,0,0.0,0,uniaxial,unloading,56,0.8636647554137464,83.50255379151811,68.80834212514944,104.17136183260678,5,5,"1,2,3,4,5",
robust_summary,green,sirloin steak,1,0,0.0,0,uniaxial,unloading,57,0.8644179497703366,78.36866014840874,62.44751860933711,97.46839975636534,5,5,"1,2,3,4,5",
robust_summary,green,sirloin steak,1,0,0.0,0,uniaxial,unloading,58,0.8651711441269267,73.23476650529935,56.086695093524774,90.76543768012391,5,5,"1,2,3,4,5",
robust_summary,green,sirloin steak,1,0,0.0,0,uniaxial,unloading,59,0.8659243384835169,68.10087286218996,49.72587157771245,84.06247560388249,5,5,"1,2,3,4,5",
robust_summary,green,sirloin steak,1,0,0.0,0,uniaxial,unloading,60,0.8666775328401071,62.96697921908058,43.36504806190012,77.35951352764107,5,5,"1,2,3,4,5",
robust_summary,green,sirloin steak,1,0,0.0,0,uniaxial,unloading,61,0.8674307271966972,57.8330855759712,37.00422454608779,70.65655145139964,5,5,"1,2,3,4,5",
robust_summary,green,sirloin steak,1,0,0.0,0,uniaxial,unloading,62,0.8681839215532875,52.699191932861055,30.643401030274525,63.95358937515722,5,5,"1,2,3,4,5",
robust_summary,green,sirloin steak,1,0,0.0,0,uniaxial,unloading,63,0.8689371159098777,47.565298289751674,24.28257751446219,57.25062729891579,5,5,"1,2,3,4,5",
robust_summary,green,sirloin steak,1,0,0.0,0,uniaxial,unloading,64,0.8696903102664678,42.431404646642285,17.921753998649862,50.54766522267437,5,5,"1,2,3,4,5",
robust_summary,green,sirloin steak,1,0,0.0,0,uniaxial,unloading,65,0.870443504623058,37.297511003532904,11.560930482837534,43.844703146432934,5,5,"1,2,3,4,5",
robust_summary,green,sirloin steak,1,0,0.0,0,uniaxial,unloading,66,0.8711966989796481,32.163617360423515,5.2001069670252065,37.141741070191514,5,5,"1,2,3,4,5",
robust_summary,green,sirloin steak,1,0,0.0,0,uniaxial,unloading,67,0.8719498933362383,27.02972371731414,-1.1607165487871214,30.43877899395008,5,5,"1,2,3,4,5",
robust_summary,green,sirloin steak,1,0,0.0,0,uniaxial,unloading,68,0.8727030876928286,21.895830074204,-7.521540064600387,23.735816917707666,5,5,"1,2,3,4,5",
robust_summary,green,sirloin steak,1,0,0.0,0,uniaxial,unloading,69,0.8734562820494187,16.76193643109461,-13.882363580412715,17.032854841466246,5,5,"1,2,3,4,5",
robust_summary,green,sirloin steak,1,0,0.0,0,uniaxial,unloading,70,0.8742094764060089,10.329892765224812,-20.243187096225043,11.628042787985237,5,5,"1,2,3,4,5",
robust_summary,green,sirloin steak,1,0,0.0,0,uniaxial,unloading,71,0.874962670762599,3.6269306889833786,-26.604010612037385,6.494149144875848,5,5,"1,2,3,4,5",
robust_summary,green,sirloin steak,1,0,0.0,0,uniaxial,unloading,72,0.8757158651191892,-3.076031387258041,-32.96483412784971,1.36025550176646,5,5,"1,2,3,4,5",
robust_summary,green,sirloin steak,1,0,0.0,0,uniaxial,unloading,73,0.8764690594757794,-9.77899346349946,-39.32565764366204,-3.7736381413429143,5,5,"1,2,3,4,5",
robust_summary,green,sirloin steak,1,0,0.0,0,uniaxial,unloading,74,0.8772222538323695,-16.48195553974091,-45.686481159474354,-8.907531784452303,5,5,"1,2,3,4,5",
robust_summary,green,sirloin steak,1,0,0.0,0,uniaxial,unloading,75,0.8779754481889597,-23.18491761598233,-52.047304675286696,-14.041425427561691,5,5,"1,2,3,4,5",
robust_summary,green,sirloin steak,1,0,0.0,0,uniaxial,unloading,76,0.8787286425455499,-29.887879692224743,-58.408128191099976,-19.175319070671833,5,5,"1,2,3,4,5",
robust_summary,green,sirloin steak,1,0,0.0,0,uniaxial,unloading,77,0.8794818369021401,-36.59084176846616,-64.76895170691229,-24.309212713781207,5,5,"1,2,3,4,5",
robust_summary,green,sirloin steak,1,0,0.0,0,uniaxial,unloading,78,0.8802350312587303,-43.29380384470758,-71.12977522272463,-29.443106356890596,5,5,"1,2,3,4,5",
robust_summary,green,sirloin steak,1,0,0.0,0,uniaxial,unloading,79,0.8809882256153204,-49.99676592094903,-77.49059873853695,-34.577,5,5,"1,2,3,4,5",
robust_summary,green,sirloin steak,2,24,1.0,0,shear,shear,0,0.00331255,20.28298422099469,15.19305001066065,20.802630223786064,5,5,"1,2,3,4,5",
robust_summary,green,sirloin steak,2,24,1.0,0,shear,shear,1,0.005194362626262626,29.075976490769456,28.421682330051492,36.21958184663335,5,5,"1,2,3,4,5",
robust_summary,green,sirloin steak,2,24,1.0,0,shear,shear,2,0.007076175252525253,39.02509570726487,36.151832899204855,43.356789935513184,5,5,"1,2,3,4,5",
robust_summary,green,sirloin steak,2,24,1.0,0,shear,shear,3,0.00895798787878788,48.644299305716615,43.881983468358214,50.493998024393015,5,5,"1,2,3,4,5",
robust_summary,green,sirloin steak,2,24,1.0,0,shear,shear,4,0.010839800505050505,57.63120611327284,51.612134037511574,58.26350290416835,5,5,"1,2,3,4,5",
robust_summary,green,sirloin steak,2,24,1.0,0,shear,shear,5,0.01272161313131313,64.36919432643121,59.34228460666493,64.76841420215266,5,5,"1,2,3,4,5",
robust_summary,green,sirloin steak,2,24,1.0,0,shear,shear,6,0.014603425757575759,69.57236928673498,69.27664324004621,72.45563565242851,5,5,"1,2,3,4,5",
robust_summary,green,sirloin steak,2,24,1.0,0,shear,shear,7,0.016485238383838384,79.81942250713061,72.92890885344137,82.08792045529258,5,5,"1,2,3,4,5",
robust_summary,green,sirloin steak,2,24,1.0,0,shear,shear,8,0.01836705101010101,90.06647572752624,76.58117446683652,91.72020525815664,5,5,"1,2,3,4,5",
robust_summary,green,sirloin steak,2,24,1.0,0,shear,shear,9,0.020248863636363638,100.31352894792188,80.23344008023167,101.35249006102072,5,5,"1,2,3,4,5",
robust_summary,green,sirloin steak,2,24,1.0,0,shear,shear,10,0.022130676262626263,107.74828992858413,83.88570569362683,110.98477486388478,5,5,"1,2,3,4,5",
robust_summary,green,sirloin steak,2,24,1.0,0,shear,shear,11,0.024012488888888888,114.21424261050237,86.02789463041717,120.40826881793811,5,5,"1,2,3,4,5",
robust_summary,green,sirloin steak,2,24,1.0,0,shear,shear,12,0.025894301515151517,120.68019529242062,87.76719988583538,125.65000569447818,5,5,"1,2,3,4,5",
robust_summary,green,sirloin steak,2,24,1.0,0,shear,shear,13,0.027776114141414142,127.14614797433887,90.77026521453332,130.89174257101826,5,5,"1,2,3,4,5",
robust_summary,green,sirloin steak,2,24,1.0,0,shear,shear,14,0.029657926767676767,133.03492406820794,95.2667231597492,136.13347944755833,5,5,"1,2,3,4,5",
robust_summary,green,sirloin steak,2,24,1.0,0,shear,shear,15,0.03153973939393939,138.20912649581976,99.7631811049651,141.3752163240984,5,5,"1,2,3,4,5",
robust_summary,green,sirloin steak,2,24,1.0,0,shear,shear,16,0.03342155202020202,143.3833289234316,104.14868350643593,146.61695320063848,5,5,"1,2,3,4,5",
robust_summary,green,sirloin steak,2,24,1.0,0,shear,shear,17,0.03530336464646464,148.5575313510434,107.66399751348479,150.65329381950852,5,5,"1,2,3,4,5",
robust_summary,green,sirloin steak,2,24,1.0,0,shear,shear,18,0.03718517727272727,153.5264053618706,111.17931152053364,154.48741067639156,5,5,"1,2,3,4,5",
robust_summary,green,sirloin steak,2,24,1.0,0,shear,shear,19,0.03906698989898989,157.65568254465583,114.6946255275825,158.3215275332746,5,5,"1,2,3,4,5",
robust_summary,green,sirloin steak,2,24,1.0,0,shear,shear,20,0.04094880252525252,161.78495972744108,118.20993953463136,162.15564439015768,5,5,"1,2,3,4,5",
robust_summary,green,sirloin steak,2,24,1.0,0,shear,shear,21,0.04283061515151515,165.9142369102263,121.72525354168022,165.98976124704075,5,5,"1,2,3,4,5",
robust_summary,green,sirloin steak,2,24,1.0,0,shear,shear,22,0.04471242777777777,169.15224390292306,124.90773462645919,170.04351409301154,5,5,"1,2,3,4,5",
robust_summary,green,sirloin steak,2,24,1.0,0,shear,shear,23,0.0465942404040404,172.00545406501865,127.94214097402934,173.92699282656864,5,5,"1,2,3,4,5",
robust_summary,green,sirloin steak,2,24,1.0,0,shear,shear,24,0.04847605303030303,174.85866422711422,130.9765473215995,177.77672490448165,5,5,"1,2,3,4,5",
robust_summary,green,sirloin steak,2,24,1.0,0,shear,shear,25,0.05035786565656565,177.71187438920978,134.01095366916965,181.62645698239464,5,5,"1,2,3,4,5",
robust_summary,green,sirloin steak,2,24,1.0,0,shear,shear,26,0.05223967828282828,180.56508455130535,137.0453600167398,185.47618906030766,5,5,"1,2,3,4,5",
robust_summary,green,sirloin steak,2,24,1.0,0,shear,shear,27,0.05412149090909091,183.2146168961994,139.96882354738554,188.98131684987064,5,5,"1,2,3,4,5",
robust_summary,green,sirloin steak,2,24,1.0,0,shear,shear,28,0.05600330353535353,185.64124123063507,142.54369150636023,192.3024928059017,5,5,"1,2,3,4,5",
robust_summary,green,sirloin steak,2,24,1.0,0,shear,shear,29,0.05788511616161616,188.06786556507075,145.11855946533493,195.62366876193272,5,5,"1,2,3,4,5",
robust_summary,green,sirloin steak,2,24,1.0,0,shear,shear,30,0.05976692878787879,190.4944898995064,147.69342742430962,198.94484471796378,5,5,"1,2,3,4,5",
robust_summary,green,sirloin steak,2,24,1.0,0,shear,shear,31,0.06164874141414141,192.92111423394206,150.2682953832843,202.21917822902807,5,5,"1,2,3,4,5",
robust_summary,green,sirloin steak,2,24,1.0,0,shear,shear,32,0.06353055404040404,195.28091042193225,152.84316334225903,205.41569919721562,5,5,"1,2,3,4,5",
robust_summary,green,sirloin steak,2,24,1.0,0,shear,shear,33,0.06541236666666667,197.4700107407331,155.20476730578545,208.61222016540313,5,5,"1,2,3,4,5",
robust_summary,green,sirloin steak,2,24,1.0,0,shear,shear,34,0.06729417929292929,199.65911105953396,157.5286975452103,211.80874113359064,5,5,"1,2,3,4,5",
robust_summary,green,sirloin steak,2,24,1.0,0,shear,shear,35,0.06917599191919191,201.8482113783348,159.85262778463513,214.96680369250527,5,5,"1,2,3,4,5",
robust_summary,green,sirloin steak,2,24,1.0,0,shear,shear,36,0.07105780454545454,204.03731169713566,162.17655802406,217.80696551696764,5,5,"1,2,3,4,5",
robust_summary,green,sirloin steak,2,24,1.0,0,shear,shear,37,0.07293961717171717,206.14090801319517,164.50048826348484,220.64712734142995,5,5,"1,2,3,4,5",
robust_summary,green,sirloin steak,2,24,1.0,0,shear,shear,38,0.07482142979797979,207.61398600613137,166.76888600246187,223.4872891658923,5,5,"1,2,3,4,5",
robust_summary,green,sirloin steak,2,24,1.0,0,shear,shear,39,0.07670324242424242,209.08706399906762,168.96586435514988,226.32745099035463,5,5,"1,2,3,4,5",
robust_summary,green,sirloin steak,2,24,1.0,0,shear,shear,40,0.07858505505050505,210.56014199200382,171.16284270783788,229.01864155781584,5,5,"1,2,3,4,5",
robust_summary,green,sirloin steak,2,24,1.0,0,shear,shear,41,0.08046686767676767,212.03321998494005,173.3598210605259,231.6833293183791,5,5,"1,2,3,4,5",
robust_summary,green,sirloin steak,2,24,1.0,0,shear,shear,42,0.0823486803030303,213.50629797787627,175.55679941321392,234.3480170789424,5,5,"1,2,3,4,5",
robust_summary,green,sirloin steak,2,24,1.0,0,shear,shear,43,0.08423049292929292,215.5019905556224,177.749024333198,237.01270483950566,5,5,"1,2,3,4,5",
robust_summary,green,sirloin steak,2,24,1.0,0,shear,shear,44,0.08611230555555555,217.5240312088536,179.5933018340187,239.54936673641964,5,5,"1,2,3,4,5",
robust_summary,green,sirloin steak,2,24,1.0,0,shear,shear,45,0.08799411818181818,219.5460718620848,181.43757933483937,241.9945206543494,5,5,"1,2,3,4,5",
robust_summary,green,sirloin steak,2,24,1.0,0,shear,shear,46,0.0898759308080808,221.568112515316,183.28185683566002,244.43967457227913,5,5,"1,2,3,4,5",
robust_summary,green,sirloin steak,2,24,1.0,0,shear,shear,47,0.09175774343434343,223.59015316854718,185.12613433648067,246.88482849020886,5,5,"1,2,3,4,5",
robust_summary,green,sirloin steak,2,24,1.0,0,shear,shear,48,0.09363955606060606,224.94362982393508,186.97041183730136,249.22161593744985,5,5,"1,2,3,4,5",
robust_summary,green,sirloin steak,2,24,1.0,0,shear,shear,49,0.09552136868686868,226.10030821284303,188.84885801300095,251.3330436951263,5,5,"1,2,3,4,5",
robust_summary,green,sirloin steak,2,24,1.0,0,shear,shear,50,0.0974031813131313,227.25698660175095,190.75087146104443,253.4444714528027,5,5,"1,2,3,4,5",
robust_summary,green,sirloin steak,2,24,1.0,0,shear,shear,51,0.09928499393939394,228.4136649906589,192.65288490908793,255.33608446618626,5,5,"1,2,3,4,5",
robust_summary,green,sirloin steak,2,24,1.0,0,shear,shear,52,0.10116680656565656,229.57034337956685,194.55489835713144,256.7483140975753,5,5,"1,2,3,4,5",
robust_summary,green,sirloin steak,2,24,1.0,0,shear,shear,53,0.10304861919191918,230.67002086502526,196.4569118051749,258.16054372896434,5,5,"1,2,3,4,5",
robust_summary,green,sirloin steak,2,24,1.0,0,shear,shear,54,0.10493043181818182,231.73224415790898,198.30202433304018,259.5565020625818,5,5,"1,2,3,4,5",
robust_summary,green,sirloin steak,2,24,1.0,0,shear,shear,55,0.10681224444444444,232.79446745079267,199.8798560865175,260.8977597992197,5,5,"1,2,3,4,5",
robust_summary,green,sirloin steak,2,24,1.0,0,shear,shear,56,0.10869405707070706,233.85669074367638,201.4576878399948,262.23901753585767,5,5,"1,2,3,4,5",
robust_summary,green,sirloin steak,2,24,1.0,0,shear,shear,57,0.1105758696969697,234.9189140365601,203.03551959347212,263.5802752724956,5,5,"1,2,3,4,5",
robust_summary,green,sirloin steak,2,24,1.0,0,shear,shear,58,0.11245768232323232,235.99416718867144,204.61335134694943,264.9215330091335,5,5,"1,2,3,4,5",
robust_summary,green,sirloin steak,2,24,1.0,0,shear,shear,59,0.11433949494949494,237.08720649052896,206.19118310042674,266.26279074577144,5,5,"1,2,3,4,5",
robust_summary,green,sirloin steak,2,24,1.0,0,shear,shear,60,0.11622130757575758,238.18024579238644,207.74090472170778,267.3134689350449,5,5,"1,2,3,4,5",
robust_summary,green,sirloin steak,2,24,1.0,0,shear,shear,61,0.1181031202020202,239.27328509424396,209.28046857980456,268.3480963020272,5,5,"1,2,3,4,5",
robust_summary,green,sirloin steak,2,24,1.0,0,shear,shear,62,0.11998493282828282,240.36632439610145,210.82003243790132,269.3827236690096,5,5,"1,2,3,4,5",
robust_summary,green,sirloin steak,2,24,1.0,0,shear,shear,63,0.12186674545454546,241.4217781239568,212.35959629599807,270.4173510359919,5,5,"1,2,3,4,5",
robust_summary,green,sirloin steak,2,24,1.0,0,shear,shear,64,0.12374855808080808,242.36230055038348,213.89916015409483,271.45197840297425,5,5,"1,2,3,4,5",
robust_summary,green,sirloin steak,2,24,1.0,0,shear,shear,65,0.1256303707070707,243.30282297681012,215.41630952473895,272.2657005164227,5,5,"1,2,3,4,5",
robust_summary,green,sirloin steak,2,24,1.0,0,shear,shear,66,0.12751218333333333,244.2433454032368,216.88896058846493,272.9712856688111,5,5,"1,2,3,4,5",
robust_summary,green,sirloin steak,2,24,1.0,0,shear,shear,67,0.12939399595959594,245.18386782966343,218.36161165219087,273.6768708211995,5,5,"1,2,3,4,5",
robust_summary,green,sirloin steak,2,24,1.0,0,shear,shear,68,0.13127580858585858,246.12312664227377,219.83426271591685,274.38245597358787,5,5,"1,2,3,4,5",
robust_summary,green,sirloin steak,2,24,1.0,0,shear,shear,69,0.1331576212121212,247.0290911075892,221.30691377964283,275.0880411259763,5,5,"1,2,3,4,5",
robust_summary,green,sirloin steak,2,24,1.0,0,shear,shear,70,0.13503943383838382,247.93505557290462,222.77956484336877,275.92963093324903,5,5,"1,2,3,4,5",
robust_summary,green,sirloin steak,2,24,1.0,0,shear,shear,71,0.13692124646464646,248.84102003822005,224.0556315770172,276.9885061491757,5,5,"1,2,3,4,5",
robust_summary,green,sirloin steak,2,24,1.0,0,shear,shear,72,0.1388030590909091,249.74698450353546,225.30732659736674,278.04738136510235,5,5,"1,2,3,4,5",
robust_summary,green,sirloin steak,2,24,1.0,0,shear,shear,73,0.1406848717171717,250.65294896885086,226.5590216177162,279.106256581029,5,5,"1,2,3,4,5",
robust_summary,green,sirloin steak,2,24,1.0,0,shear,shear,74,0.14256668434343434,251.5449420113411,227.81071663806574,280.1651317969557,5,5,"1,2,3,4,5",
robust_summary,green,sirloin steak,2,24,1.0,0,shear,shear,75,0.14444849696969697,252.43512221357997,229.06241165841527,281.1746155260539,5,5,"1,2,3,4,5",
robust_summary,green,sirloin steak,2,24,1.0,0,shear,shear,76,0.14633030959595958,253.32530241581884,230.3471074325535,281.7940257053098,5,5,"1,2,3,4,5",
robust_summary,green,sirloin steak,2,24,1.0,0,shear,shear,77,0.14821212222222221,254.2154826180577,231.66435782721857,282.41343588456573,5,5,"1,2,3,4,5",
robust_summary,green,sirloin steak,2,24,1.0,0,shear,shear,78,0.15009393484848485,255.10566282029657,232.98160822188365,283.0328460638217,5,5,"1,2,3,4,5",
robust_summary,green,sirloin steak,2,24,1.0,0,shear,shear,79,0.15197574747474746,256.0460652120465,234.2988586165487,283.6522562430776,5,5,"1,2,3,4,5",
robust_summary,green,sirloin steak,2,24,1.0,0,shear,shear,80,0.1538575601010101,257.00504171933983,235.61610901121375,284.2716664223335,5,5,"1,2,3,4,5",
robust_summary,green,sirloin steak,2,24,1.0,0,shear,shear,81,0.15573937272727273,257.9640182266332,236.90046008238525,283.9324642505149,5,5,"1,2,3,4,5",
robust_summary,green,sirloin steak,2,24,1.0,0,shear,shear,82,0.15762118535353534,258.9229947339265,237.81405095135347,283.42927729826584,5,5,"1,2,3,4,5",
robust_summary,green,sirloin steak,2,24,1.0,0,shear,shear,83,0.15950299797979797,259.88197124121984,238.7276418203217,282.92609034601685,5,5,"1,2,3,4,5",
robust_summary,green,sirloin steak,2,24,1.0,0,shear,shear,84,0.1613848106060606,260.7869466040028,239.64123268928992,282.4229033937678,5,5,"1,2,3,4,5",
robust_summary,green,sirloin steak,2,24,1.0,0,shear,shear,85,0.16326662323232322,261.64875443182075,240.55482355825814,281.91971644151874,5,5,"1,2,3,4,5",
robust_summary,green,sirloin steak,2,24,1.0,0,shear,shear,86,0.16514843585858585,262.51056225963873,241.46841442722638,281.9279136634263,5,5,"1,2,3,4,5",
robust_summary,green,sirloin steak,2,24,1.0,0,shear,shear,87,0.1670302484848485,263.37237008745666,242.33523882687211,282.278282315667,5,5,"1,2,3,4,5",
robust_summary,green,sirloin steak,2,24,1.0,0,shear,shear,88,0.1689120611111111,264.23417791527464,243.17832631968963,282.6286509679077,5,5,"1,2,3,4,5",
robust_summary,green,sirloin steak,2,24,1.0,0,shear,shear,89,0.17079387373737373,265.1536509288393,244.02141381250718,282.9790196201484,5,5,"1,2,3,4,5",
robust_summary,green,sirloin steak,2,24,1.0,0,shear,shear,90,0.17267568636363637,266.1757768021688,244.86450130532472,283.3293882723891,5,5,"1,2,3,4,5",
robust_summary,green,sirloin steak,2,24,1.0,0,shear,shear,91,0.17455749898989897,267.19790267549826,245.70758879814227,283.5900550267566,5,5,"1,2,3,4,5",
robust_summary,green,sirloin steak,2,24,1.0,0,shear,shear,92,0.1764393116161616,268.22002854882777,246.59111184770083,283.65418394323456,5,5,"1,2,3,4,5",
robust_summary,green,sirloin steak,2,24,1.0,0,shear,shear,93,0.17832112424242424,269.2421544221573,247.59914671786464,283.7183128597125,5,5,"1,2,3,4,5",
robust_summary,green,sirloin steak,2,24,1.0,0,shear,shear,94,0.18020293686868685,270.1643064106375,248.60718158802845,283.78244177619047,5,5,"1,2,3,4,5",
robust_summary,green,sirloin steak,2,24,1.0,0,shear,shear,95,0.1820847494949495,270.68864512851,249.61521645819226,283.8465706926684,5,5,"1,2,3,4,5",
robust_summary,green,sirloin steak,2,24,1.0,0,shear,shear,96,0.18396656212121212,271.2129838463825,250.62325132835608,283.94046377104377,5,5,"1,2,3,4,5",
robust_summary,green,sirloin steak,2,24,1.0,0,shear,shear,97,0.18584837474747473,271.737322564255,251.6312861985199,284.52591658810326,5,5,"1,2,3,4,5",
robust_summary,green,sirloin steak,2,24,1.0,0,shear,shear,98,0.18773018737373737,272.2616612821275,252.5268431657111,285.1113694051627,5,5,"1,2,3,4,5",
robust_summary,green,sirloin steak,2,24,1.0,0,shear,shear,99,0.189612,272.786,253.3981618078654,285.6968222222222,5,5,"1,2,3,4,5",
robust_summary,green,sirloin steak,2,24,1.0,0,uniaxial,compression,0,0.8175245736527137,-1748.0074311455546,-1833.2781857549844,-1680.1713939042181,4,5,"1,3,4,5",2
robust_summary,green,sirloin steak,2,24,1.0,0,uniaxial,compression,1,0.8195538739232189,-1727.1927723701863,-1810.9708031409748,-1666.2039852320045,4,5,"1,3,4,5",2
robust_summary,green,sirloin steak,2,24,1.0,0,uniaxial,compression,2,0.8215831741937241,-1706.378113594818,-1788.6634205269654,-1652.236576559791,4,5,"1,3,4,5",2
robust_summary,green,sirloin steak,2,24,1.0,0,uniaxial,compression,3,0.8236124744642294,-1685.5634548194485,-1766.3560379129547,-1638.2691678875767,4,5,"1,3,4,5",2
robust_summary,green,sirloin steak,2,24,1.0,0,uniaxial,compression,4,0.8256417747347345,-1664.7487960440799,-1744.048655298945,-1624.3017592153633,4,5,"1,3,4,5",2
robust_summary,green,sirloin steak,2,24,1.0,0,uniaxial,compression,5,0.8276710750052397,-1646.3849859203956,-1721.7412726849357,-1612.785199194834,4,5,"1,3,4,5",2
robust_summary,green,sirloin steak,2,24,1.0,0,uniaxial,compression,6,0.8297003752757449,-1632.3175474894315,-1699.4338900709263,-1605.5650108670245,4,5,"1,3,4,5",2
robust_summary,green,sirloin steak,2,24,1.0,0,uniaxial,compression,7,0.8317296755462502,-1618.2501090584663,-1677.1265074569155,-1598.3448225392146,4,5,"1,3,4,5",2
robust_summary,green,sirloin steak,2,24,1.0,0,uniaxial,compression,8,0.8337589758167554,-1604.182670627502,-1654.8191248429061,-1591.124634211405,4,5,"1,3,4,5",2
robust_summary,green,sirloin steak,2,24,1.0,0,uniaxial,compression,9,0.8357882760872606,-1590.1152321965376,-1645.2753602814596,-1571.1408278310328,4,5,"1,3,4,5",2
robust_summary,green,sirloin steak,2,24,1.0,0,uniaxial,compression,10,0.8378175763577658,-1577.2837609463395,-1638.9214999722524,-1549.8859635055305,4,5,"1,3,4,5",2
robust_summary,green,sirloin steak,2,24,1.0,0,uniaxial,compression,11,0.839846876628271,-1569.242191209772,-1635.2383019103295,-1534.4183226315106,4,5,"1,3,4,5",2
robust_summary,green,sirloin steak,2,24,1.0,0,uniaxial,compression,12,0.8418761768987763,-1561.200621473204,-1631.5551038484061,-1518.9506817574897,4,5,"1,3,4,5",2
robust_summary,green,sirloin steak,2,24,1.0,0,uniaxial,compression,13,0.8439054771692814,-1553.1590517366365,-1627.8719057864832,-1503.48304088347,4,5,"1,3,4,5",2
robust_summary,green,sirloin steak,2,24,1.0,0,uniaxial,compression,14,0.8459347774397866,-1545.1174820000688,-1624.1887077245601,-1488.01540000945,4,5,"1,3,4,5",2
robust_summary,green,sirloin steak,2,24,1.0,0,uniaxial,compression,15,0.8479640777102918,-1537.0759122635013,-1620.5055096626372,-1472.5477591354302,4,5,"1,3,4,5",2
robust_summary,green,sirloin steak,2,24,1.0,0,uniaxial,compression,16,0.849993377980797,-1529.0343425269339,-1616.822311600714,-1457.0801182614105,4,5,"1,3,4,5",2
robust_summary,green,sirloin steak,2,24,1.0,0,uniaxial,compression,17,0.8520226782513023,-1520.992772790366,-1613.139113538791,-1441.6124773873896,4,5,"1,3,4,5",2
robust_summary,green,sirloin steak,2,24,1.0,0,uniaxial,compression,18,0.8540519785218075,-1512.9512030537985,-1609.4559154768679,-1426.1448365133697,4,5,"1,3,4,5",2
robust_summary,green,sirloin steak,2,24,1.0,0,uniaxial,compression,19,0.8560812787923127,-1504.9096333172308,-1605.7727174149447,-1410.6771956393497,4,5,"1,3,4,5",2
robust_summary,green,sirloin steak,2,24,1.0,0,uniaxial,compression,20,0.8581105790628178,-1494.9884630331471,-1600.7142829495115,-1394.2367393879474,4,5,"1,3,4,5",2
robust_summary,green,sirloin steak,2,24,1.0,0,uniaxial,compression,21,0.860139879333323,-1480.776138314319,-1591.3292066502631,-1375.92885525966,4,5,"1,3,4,5",2
robust_summary,green,sirloin steak,2,24,1.0,0,uniaxial,compression,22,0.8621691796038283,-1466.5638135954903,-1581.944130351014,-1357.6209711313713,4,5,"1,3,4,5",2
robust_summary,green,sirloin steak,2,24,1.0,0,uniaxial,compression,23,0.8641984798743335,-1452.3514888766622,-1572.5590540517658,-1339.3130870030839,4,5,"1,3,4,5",2
robust_summary,green,sirloin steak,2,24,1.0,0,uniaxial,compression,24,0.8662277801448387,-1438.1391641578343,-1563.1739777525174,-1321.0052028747962,4,5,"1,3,4,5",2
robust_summary,green,sirloin steak,2,24,1.0,0,uniaxial,compression,25,0.8682570804153439,-1423.9268394390062,-1553.788901453269,-1302.6973187465087,4,5,"1,3,4,5",2
robust_summary,green,sirloin steak,2,24,1.0,0,uniaxial,compression,26,0.8702863806858492,-1409.7145147201772,-1544.40382515402,-1284.38943461822,4,5,"1,3,4,5",2
robust_summary,green,sirloin steak,2,24,1.0,0,uniaxial,compression,27,0.8723156809563544,-1395.5021900013494,-1535.0187488547717,-1266.0815504899326,4,5,"1,3,4,5",2
robust_summary,green,sirloin steak,2,24,1.0,0,uniaxial,compression,28,0.8743449812268596,-1381.2898652825215,-1525.6336725555234,-1247.7736663616452,4,5,"1,3,4,5",2
robust_summary,green,sirloin steak,2,24,1.0,0,uniaxial,compression,29,0.8763742814973647,-1367.0775405636934,-1516.248596256275,-1229.4657822333577,4,5,"1,3,4,5",2
robust_summary,green,sirloin steak,2,24,1.0,0,uniaxial,compression,30,0.8784035817678699,-1353.7291735995564,-1508.2481173196343,-1211.4461574465704,4,5,"1,3,4,5",2
robust_summary,green,sirloin steak,2,24,1.0,0,uniaxial,compression,31,0.8804328820383752,-1341.6387768281795,-1502.2358689025334,-1193.6722434715489,4,5,"1,3,4,5",2
robust_summary,green,sirloin steak,2,24,1.0,0,uniaxial,compression,32,0.8824621823088804,-1329.5483800568031,-1496.2236204854325,-1175.8983294965287,4,5,"1,3,4,5",2
robust_summary,green,sirloin steak,2,24,1.0,0,uniaxial,compression,33,0.8844914825793856,-1317.457983285427,-1490.211372068332,-1158.1244155215084,4,5,"1,3,4,5",2
robust_summary,green,sirloin steak,2,24,1.0,0,uniaxial,compression,34,0.8865207828498908,-1305.3675865140506,-1484.1991236512313,-1140.3505015464877,4,5,"1,3,4,5",2
robust_summary,green,sirloin steak,2,24,1.0,0,uniaxial,compression,35,0.8885500831203961,-1293.2771897426737,-1478.1868752341302,-1122.5765875714665,4,5,"1,3,4,5",2
robust_summary,green,sirloin steak,2,24,1.0,0,uniaxial,compression,36,0.8905793833909013,-1281.1867929712973,-1472.1746268170295,-1104.802673596446,4,5,"1,3,4,5",2
robust_summary,green,sirloin steak,2,24,1.0,0,uniaxial,compression,37,0.8926086836614064,-1269.096396199921,-1466.162378399929,-1087.0287596214257,4,5,"1,3,4,5",2
robust_summary,green,sirloin steak,2,24,1.0,0,uniaxial,compression,38,0.8946379839319116,-1257.0059994285448,-1460.1501299828283,-1069.2548456464053,4,5,"1,3,4,5",2
robust_summary,green,sirloin steak,2,24,1.0,0,uniaxial,compression,39,0.8966672842024168,-1244.9156026571686,-1454.1378815657276,-1051.480931671385,4,5,"1,3,4,5",2
robust_summary,green,sirloin steak,2,24,1.0,0,uniaxial,compression,40,0.8986965844729221,-1232.6476760929033,-1444.4930037820363,-1037.1153362213477,4,5,"1,3,4,5",2
robust_summary,green,sirloin steak,2,24,1.0,0,uniaxial,compression,41,0.9007258847434273,-1220.7484661002823,-1431.4094100048062,-1026.494747830901,4,5,"1,3,4,5",2
robust_summary,green,sirloin steak,2,24,1.0,0,uniaxial,compression,42,0.9027551850139325,-1208.8492561076612,-1418.325816227576,-1015.8741594404542,4,5,"1,3,4,5",2
robust_summary,green,sirloin steak,2,24,1.0,0,uniaxial,compression,43,0.9047844852844377,-1196.95004611504,-1405.2422224503462,-1005.2535710500074,4,5,"1,3,4,5",2
robust_summary,green,sirloin steak,2,24,1.0,0,uniaxial,compression,44,0.906813785554943,-1185.0508361224183,-1392.1586286731153,-994.6329826595601,4,5,"1,3,4,5",2
robust_summary,green,sirloin steak,2,24,1.0,0,uniaxial,compression,45,0.9088430858254481,-1173.1516261297975,-1379.0750348958852,-984.0123942691133,4,5,"1,3,4,5",2
robust_summary,green,sirloin steak,2,24,1.0,0,uniaxial,compression,46,0.9108723860959533,-1161.2524161371762,-1365.991441118655,-973.3918058786664,4,5,"1,3,4,5",2
robust_summary,green,sirloin steak,2,24,1.0,0,uniaxial,compression,47,0.9129016863664585,-1149.3532061445553,-1352.907847341425,-962.7712174882197,4,5,"1,3,4,5",2
robust_summary,green,sirloin steak,2,24,1.0,0,uniaxial,compression,48,0.9149309866369637,-1137.4539961519342,-1339.8242535641948,-952.150629097773,4,5,"1,3,4,5",2
robust_summary,green,sirloin steak,2,24,1.0,0,uniaxial,compression,49,0.9169602869074689,-1125.5547861593132,-1326.7406597869647,-941.5300407073263,4,5,"1,3,4,5",2
robust_summary,green,sirloin steak,2,24,1.0,0,uniaxial,compression,50,0.9189895871779742,-1113.0289545118992,-1314.2474178726989,-929.3455325953717,4,5,"1,3,4,5",2
robust_summary,green,sirloin steak,2,24,1.0,0,uniaxial,compression,51,0.9210188874484794,-1099.882795464322,-1302.1835623411052,-915.9287097832037,4,5,"1,3,4,5",2
robust_summary,green,sirloin steak,2,24,1.0,0,uniaxial,compression,52,0.9230481877189846,-1086.7366364167451,-1290.1197068095114,-902.5118869710357,4,5,"1,3,4,5",2
robust_summary,green,sirloin steak,2,24,1.0,0,uniaxial,compression,53,0.9250774879894897,-1073.590477369168,-1278.0558512779178,-889.0950641588676,4,5,"1,3,4,5",2
robust_summary,green,sirloin steak,2,24,1.0,0,uniaxial,compression,54,0.927106788259995,-1060.4443183215901,-1265.9919957463233,-875.6782413466988,4,5,"1,3,4,5",2
robust_summary,green,sirloin steak,2,24,1.0,0,uniaxial,compression,55,0.9291360885305002,-1047.2981592740132,-1253.9281402147296,-862.2614185345307,4,5,"1,3,4,5",2
robust_summary,green,sirloin steak,2,24,1.0,0,uniaxial,compression,56,0.9311653888010054,-1034.152000226436,-1241.8642846831358,-848.8445957223627,4,5,"1,3,4,5",2
robust_summary,green,sirloin steak,2,24,1.0,0,uniaxial,compression,57,0.9331946890715106,-1021.005841178859,-1229.8004291515422,-835.4277729101946,4,5,"1,3,4,5",2
robust_summary,green,sirloin steak,2,24,1.0,0,uniaxial,compression,58,0.9352239893420158,-1007.8596821312818,-1217.7365736199483,-822.0109500980266,4,5,"1,3,4,5",2
robust_summary,green,sirloin steak,2,24,1.0,0,uniaxial,compression,59,0.9372532896125211,-994.7135230837041,-1205.672718088354,-808.5941272858578,4,5,"1,3,4,5",2
robust_summary,green,sirloin steak,2,24,1.0,0,uniaxial,compression,60,0.9392825898830263,-983.1580028441763,-1193.1142959199803,-797.1637121827539,4,5,"1,3,4,5",2
robust_summary,green,sirloin steak,2,24,1.0,0,uniaxial,compression,61,0.9413118901535314,-972.114804693593,-1179.9200350483015,-786.6719919235131,4,5,"1,3,4,5",2
robust_summary,green,sirloin steak,2,24,1.0,0,uniaxial,compression,62,0.9433411904240366,-961.0716065430098,-1166.7257741766227,-776.1802716642724,4,5,"1,3,4,5",2
robust_summary,green,sirloin steak,2,24,1.0,0,uniaxial,compression,63,0.9453704906945419,-950.028408392426,-1153.531513304943,-765.6885514050311,4,5,"1,3,4,5",2
robust_summary,green,sirloin steak,2,24,1.0,0,uniaxial,compression,64,0.9473997909650471,-938.9852102418428,-1140.3372524332644,-755.1968311457904,4,5,"1,3,4,5",2
robust_summary,green,sirloin steak,2,24,1.0,0,uniaxial,compression,65,0.9494290912355523,-927.9420120912596,-1127.1429915615856,-744.7051108865496,4,5,"1,3,4,5",2
robust_summary,green,sirloin steak,2,24,1.0,0,uniaxial,compression,66,0.9514583915060575,-916.8988139406763,-1113.9487306899066,-734.2133906273089,4,5,"1,3,4,5",2
robust_summary,green,sirloin steak,2,24,1.0,0,uniaxial,compression,67,0.9534876917765627,-905.8556157900931,-1100.7544698182278,-723.7216703680682,4,5,"1,3,4,5",2
robust_summary,green,sirloin steak,2,24,1.0,0,uniaxial,compression,68,0.9555169920470679,-894.8124176395099,-1087.560208946549,-713.2299501088274,4,5,"1,3,4,5",2
robust_summary,green,sirloin steak,2,24,1.0,0,uniaxial,compression,69,0.9575462923175732,-883.7692194889261,-1074.3659480748695,-702.7382298495861,4,5,"1,3,4,5",2
robust_summary,green,sirloin steak,2,24,1.0,0,uniaxial,compression,70,0.9595755925880783,-870.9834962462975,-1062.2799124612927,-686.5872170739298,4,5,"1,3,4,5",2
robust_summary,green,sirloin steak,2,24,1.0,0,uniaxial,compression,71,0.9616048928585835,-859.17916067282,-1050.4322559852485,-670.3090135473683,4,5,"1,3,4,5",2
robust_summary,green,sirloin steak,2,24,1.0,0,uniaxial,compression,72,0.9636341931290888,-847.3748250993418,-1038.5845995092036,-654.0308100208058,4,5,"1,3,4,5",2
robust_summary,green,sirloin steak,2,24,1.0,0,uniaxial,compression,73,0.965663493399594,-830.1216316439214,-1021.2880851512166,-637.7526064942443,4,5,"1,3,4,5",2
robust_summary,green,sirloin steak,2,24,1.0,0,uniaxial,compression,74,0.9676927936700992,-811.8292163644462,-1002.9523489691747,-621.4744029676829,4,5,"1,3,4,5",2
robust_summary,green,sirloin steak,2,24,1.0,0,uniaxial,compression,75,0.9697220939406044,-793.5368010849711,-984.6166127871329,-605.1961994411214,4,5,"1,3,4,5",2
robust_summary,green,sirloin steak,2,24,1.0,0,uniaxial,compression,76,0.9717513942111096,-775.244385805496,-966.2808766050911,-588.9179959145599,4,5,"1,3,4,5",2
robust_summary,green,sirloin steak,2,24,1.0,0,uniaxial,compression,77,0.9737806944816148,-756.9519705260209,-947.9451404230492,-572.6397923879985,4,5,"1,3,4,5",2
robust_summary,green,sirloin steak,2,24,1.0,0,uniaxial,compression,78,0.97580999475212,-738.6595552465446,-929.6094042410064,-556.3615888614361,4,5,"1,3,4,5",2
robust_summary,green,sirloin steak,2,24,1.0,0,uniaxial,compression,79,0.9778392950226252,-720.3671399670695,-911.2736680589646,-540.0833853348746,4,5,"1,3,4,5",2
robust_summary,green,sirloin steak,2,24,1.0,0,uniaxial,unloading,0,0.8211000870207104,848.157,720.8984805806185,869.1630079849361,3,5,"1,4,5","2,3"
robust_summary,green,sirloin steak,2,24,1.0,0,uniaxial,unloading,1,0.8218642523180226,825.3814694520988,702.9484512044035,846.0314471889166,3,5,"1,4,5","2,3"
robust_summary,green,sirloin steak,2,24,1.0,0,uniaxial,unloading,2,0.8226284176153348,802.605938904201,684.9984218281909,822.8998863929003,3,5,"1,4,5","2,3"
robust_summary,green,sirloin steak,2,24,1.0,0,uniaxial,unloading,3,0.823392582912647,779.8304083562998,667.0483924519758,799.7683255968807,3,5,"1,4,5","2,3"
robust_summary,green,sirloin steak,2,24,1.0,0,uniaxial,unloading,4,0.8241567482099592,757.0548778084019,649.0983630757632,776.6367648008645,3,5,"1,4,5","2,3"
robust_summary,green,sirloin steak,2,24,1.0,0,uniaxial,unloading,5,0.8249209135072715,734.2793472605008,631.1483336995482,753.5052040048449,3,5,"1,4,5","2,3"
robust_summary,green,sirloin steak,2,24,1.0,0,uniaxial,unloading,6,0.8256850788045836,711.5038167126029,613.1983043233356,730.3736432088286,3,5,"1,4,5","2,3"
robust_summary,green,sirloin steak,2,24,1.0,0,uniaxial,unloading,7,0.8264492441018959,688.7282861647017,595.2482749471204,707.2420824128089,3,5,"1,4,5","2,3"
robust_summary,green,sirloin steak,2,24,1.0,0,uniaxial,unloading,8,0.8272134093992081,665.9527556168039,577.298245570908,684.1105216167928,3,5,"1,4,5","2,3"
robust_summary,green,sirloin steak,2,24,1.0,0,uniaxial,unloading,9,0.8279775746965203,643.1772250689027,559.3482161946928,660.9789608207732,3,5,"1,4,5","2,3"
robust_summary,green,sirloin steak,2,24,1.0,0,uniaxial,unloading,10,0.8287417399938325,620.4016945210049,541.3981868184803,637.847400024757,3,5,"1,4,5","2,3"
robust_summary,green,sirloin steak,2,24,1.0,0,uniaxial,unloading,11,0.8295059052911448,597.6261639731036,523.4481574422651,614.7158392287374,3,5,"1,4,5","2,3"
robust_summary,green,sirloin steak,2,24,1.0,0,uniaxial,unloading,12,0.8302700705884569,574.8506334252057,505.49812806605263,591.584278432721,3,5,"1,4,5","2,3"
robust_summary,green,sirloin steak,2,24,1.0,0,uniaxial,unloading,13,0.8310342358857692,552.0751028773045,487.5480986898375,568.4527176367014,3,5,"1,4,5","2,3"
robust_summary,green,sirloin steak,2,24,1.0,0,uniaxial,unloading,14,0.8317984011830813,529.2995723294067,469.598069313625,545.3211568406853,3,5,"1,4,5","2,3"
robust_summary,green,sirloin steak,2,24,1.0,0,uniaxial,unloading,15,0.8325625664803936,506.5240417815055,451.64803993740986,522.1895960446657,3,5,"1,4,5","2,3"
robust_summary,green,sirloin steak,2,24,1.0,0,uniaxial,unloading,16,0.8333267317777058,483.74851123360764,433.6980105611973,499.0580352486494,3,5,"1,4,5","2,3"
robust_summary,green,sirloin steak,2,24,1.0,0,uniaxial,unloading,17,0.834090897075018,460.97298068570643,415.74798118498217,475.9264744526298,3,5,"1,4,5","2,3"
robust_summary,green,sirloin steak,2,24,1.0,0,uniaxial,unloading,18,0.8348550623723302,438.1974501378086,397.79795180876965,452.7949136566136,3,5,"1,4,5","2,3"
robust_summary,green,sirloin steak,2,24,1.0,0,uniaxial,unloading,19,0.8356192276696425,415.4219195899074,379.8479224325545,429.663352860594,3,5,"1,4,5","2,3"
robust_summary,green,sirloin steak,2,24,1.0,0,uniaxial,unloading,20,0.8363833929669546,392.64638904200956,361.897893056342,406.53179206457776,3,5,"1,4,5","2,3"
robust_summary,green,sirloin steak,2,24,1.0,0,uniaxial,unloading,21,0.8371475582642669,369.87085849410835,343.94786368012683,383.4002312685582,3,5,"1,4,5","2,3"
robust_summary,green,sirloin steak,2,24,1.0,0,uniaxial,unloading,22,0.8379117235615791,347.0953279462105,325.9978343039144,360.2686704725419,3,5,"1,4,5","2,3"
robust_summary,green,sirloin steak,2,24,1.0,0,uniaxial,unloading,23,0.8386758888588913,324.31979739830933,308.0478049276992,337.1371096765223,3,5,"1,4,5","2,3"
robust_summary,green,sirloin steak,2,24,1.0,0,uniaxial,unloading,24,0.8394400541562035,301.5442668504114,290.0977755514867,314.00554888050607,3,5,"1,4,5","2,3"
robust_summary,green,sirloin steak,2,24,1.0,0,uniaxial,unloading,25,0.8402042194535158,278.7687363025102,272.14774617527155,290.8739880844864,3,5,"1,4,5","2,3"
robust_summary,green,sirloin steak,2,24,1.0,0,uniaxial,unloading,26,0.8409683847508279,255.9932057546124,254.19771679905904,267.7424272884702,3,5,"1,4,5","2,3"
robust_summary,green,sirloin steak,2,24,1.0,0,uniaxial,unloading,27,0.8417325500481402,242.86264032257557,239.66476509438968,251.8331301427766,3,5,"1,4,5","2,3"
robust_summary,green,sirloin steak,2,24,1.0,0,uniaxial,unloading,28,0.8424967153454523,234.6248162453852,232.32195413179562,244.40711833882762,3,5,"1,4,5","2,3"
robust_summary,green,sirloin steak,2,24,1.0,0,uniaxial,unloading,29,0.8432608806427646,226.38699216819364,224.97914316920054,236.98110653487754,3,5,"1,4,5","2,3"
robust_summary,green,sirloin steak,2,24,1.0,0,uniaxial,unloading,30,0.8440250459400768,218.14916809100328,217.63633220660648,229.55509473092854,3,5,"1,4,5","2,3"
robust_summary,green,sirloin steak,2,24,1.0,0,uniaxial,unloading,31,0.844789211237389,210.67569847421106,210.2935212440114,222.51126015717813,3,5,"1,4,5","2,3"
robust_summary,green,sirloin steak,2,24,1.0,0,uniaxial,unloading,32,0.8455533765347012,204.22790062621337,202.95071028141734,215.98026146782547,3,5,"1,4,5","2,3"
robust_summary,green,sirloin steak,2,24,1.0,0,uniaxial,unloading,33,0.8463175418320135,197.78010277821474,195.60789931882226,209.44926277847185,3,5,"1,4,5","2,3"
robust_summary,green,sirloin steak,2,24,1.0,0,uniaxial,unloading,34,0.8470817071293256,191.33230493021705,188.26508835622826,202.9182640891192,3,5,"1,4,5","2,3"
robust_summary,green,sirloin steak,2,24,1.0,0,uniaxial,unloading,35,0.8478458724266379,184.8845070822184,180.92227739363312,196.38726539976557,3,5,"1,4,5","2,3"
robust_summary,green,sirloin steak,2,24,1.0,0,uniaxial,unloading,36,0.84861003772395,178.4367092342207,173.57946643103912,189.8562667104129,3,5,"1,4,5","2,3"
robust_summary,green,sirloin steak,2,24,1.0,0,uniaxial,unloading,37,0.8493742030212623,171.98891138622207,166.236655468444,183.3252680210593,3,5,"1,4,5","2,3"
robust_summary,green,sirloin steak,2,24,1.0,0,uniaxial,unloading,38,0.8501383683185745,165.54111353822435,158.89384450584998,176.79426933170663,3,5,"1,4,5","2,3"
robust_summary,green,sirloin steak,2,24,1.0,0,uniaxial,unloading,39,0.8509025336158867,159.09331569022572,151.55103354325487,170.263270642353,3,5,"1,4,5","2,3"
robust_summary,green,sirloin steak,2,24,1.0,0,uniaxial,unloading,40,0.8516666989131989,152.64551784222803,144.20822258066084,163.73227195300035,3,5,"1,4,5","2,3"
robust_summary,green,sirloin steak,2,24,1.0,0,uniaxial,unloading,41,0.8524308642105112,146.19771999422937,136.86541161806574,157.20127326364673,3,5,"1,4,5","2,3"
robust_summary,green,sirloin steak,2,24,1.0,0,uniaxial,unloading,42,0.8531950295078233,139.7499221462317,129.52260065547173,150.67027457429407,3,5,"1,4,5","2,3"
robust_summary,green,sirloin steak,2,24,1.0,0,uniaxial,unloading,43,0.8539591948051356,133.30212429823305,122.17978969287662,144.13927588494045,3,5,"1,4,5","2,3"
robust_summary,green,sirloin steak,2,24,1.0,0,uniaxial,unloading,44,0.8547233601024478,126.85432645023536,114.8369787302826,137.6082771955878,3,5,"1,4,5","2,3"
robust_summary,green,sirloin steak,2,24,1.0,0,uniaxial,unloading,45,0.85548752539976,120.40652860223672,107.49416776768749,131.07727850623417,3,5,"1,4,5","2,3"
robust_summary,green,sirloin steak,2,24,1.0,0,uniaxial,unloading,46,0.8562516906970722,113.95873075423903,100.15135680509346,124.54627981688151,3,5,"1,4,5","2,3"
robust_summary,green,sirloin steak,2,24,1.0,0,uniaxial,unloading,47,0.8570158559943845,107.51093290624038,92.80854584249836,118.01528112752789,3,5,"1,4,5","2,3"
robust_summary,green,sirloin steak,2,24,1.0,0,uniaxial,unloading,48,0.8577800212916966,101.0631350582427,85.46573487990435,111.48428243817521,3,5,"1,4,5","2,3"
robust_summary,green,sirloin steak,2,24,1.0,0,uniaxial,unloading,49,0.8585441865890089,94.61533721024404,78.12292391730924,104.95328374882159,3,5,"1,4,5","2,3"
robust_summary,green,sirloin steak,2,24,1.0,0,uniaxial,unloading,50,0.859308351886321,88.16753936224634,70.78011295471521,98.42228505946893,3,5,"1,4,5","2,3"
robust_summary,green,sirloin steak,2,24,1.0,0,uniaxial,unloading,51,0.8600725171836333,81.71974151424772,63.43730199212011,91.89128637011532,3,5,"1,4,5","2,3"
robust_summary,green,sirloin steak,2,24,1.0,0,uniaxial,unloading,52,0.8608366824809455,75.27194366625002,56.09449102952608,85.36028768076265,3,5,"1,4,5","2,3"
robust_summary,green,sirloin steak,2,24,1.0,0,uniaxial,unloading,53,0.8616008477782577,69.04489029894502,50.649981671866435,78.96332317719747,3,5,"1,4,5","2,3"
robust_summary,green,sirloin steak,2,24,1.0,0,uniaxial,unloading,54,0.8623650130755699,63.836964050531385,46.70154983525995,73.40178255353165,3,5,"1,4,5","2,3"
robust_summary,green,sirloin steak,2,24,1.0,0,uniaxial,unloading,55,0.8631291783728822,58.62903780211699,42.75311799865288,67.84024192986503,3,5,"1,4,5","2,3"
robust_summary,green,sirloin steak,2,24,1.0,0,uniaxial,unloading,56,0.8638933436701943,53.421111553703355,38.8046861620464,62.27870130619922,3,5,"1,4,5","2,3"
robust_summary,green,sirloin steak,2,24,1.0,0,uniaxial,unloading,57,0.8646575089675066,48.21318530528896,34.85625432543934,56.717160682532594,3,5,"1,4,5","2,3"
robust_summary,green,sirloin steak,2,24,1.0,0,uniaxial,unloading,58,0.8654216742648188,43.00525905687532,30.90782248883285,51.15562005886677,3,5,"1,4,5","2,3"
robust_summary,green,sirloin steak,2,24,1.0,0,uniaxial,unloading,59,0.866185839562131,37.79733280846093,26.959390652225792,45.59407943520016,3,5,"1,4,5","2,3"
robust_summary,green,sirloin steak,2,24,1.0,0,uniaxial,unloading,60,0.8669500048594432,32.58940656004729,23.0109588156193,40.03253881153434,3,5,"1,4,5","2,3"
robust_summary,green,sirloin steak,2,24,1.0,0,uniaxial,unloading,61,0.8677141701567554,27.3814803116329,19.062526979012244,34.470998187867714,3,5,"1,4,5","2,3"
robust_summary,green,sirloin steak,2,24,1.0,0,uniaxial,unloading,62,0.8684783354540676,22.173554063219257,15.114095142405754,28.909457564201897,3,5,"1,4,5","2,3"
robust_summary,green,sirloin steak,2,24,1.0,0,uniaxial,unloading,63,0.8692425007513799,16.96562781480486,11.165663305798692,23.347916940535274,3,5,"1,4,5","2,3"
robust_summary,green,sirloin steak,2,24,1.0,0,uniaxial,unloading,64,0.870006666048692,11.757701566391226,7.217231469192205,17.78637631686946,3,5,"1,4,5","2,3"
robust_summary,green,sirloin steak,2,24,1.0,0,uniaxial,unloading,65,0.8707708313460043,6.549775317976831,3.268799632585143,12.224835693202838,3,5,"1,4,5","2,3"
robust_summary,green,sirloin steak,2,24,1.0,0,uniaxial,unloading,66,0.8715349966433165,1.341849069563196,-0.6796322040213418,6.663295069537021,3,5,"1,4,5","2,3"
robust_summary,green,sirloin steak,2,24,1.0,0,uniaxial,unloading,67,0.8722991619406287,-3.8660771788511994,-4.628064040628402,1.101754445870398,3,5,"1,4,5","2,3"
robust_summary,green,sirloin steak,2,24,1.0,0,uniaxial,unloading,68,0.8730633272379409,-8.078988327204947,-8.576495877234894,-3.9622786277654676,3,5,"1,4,5","2,3"
robust_summary,green,sirloin steak,2,24,1.0,0,uniaxial,unloading,69,0.8738274925352532,-10.767925752004672,-12.524927713841954,-8.264324839624756,3,5,"1,4,5","2,3"
robust_summary,green,sirloin steak,2,24,1.0,0,uniaxial,unloading,70,0.8745916578325653,-13.456863176804006,-16.473359550448436,-12.566371051483422,3,5,"1,4,5","2,3"
robust_summary,green,sirloin steak,2,24,1.0,0,uniaxial,unloading,71,0.8753558231298776,-17.59103392508169,-21.144408048794475,-16.868417263342714,3,5,"1,4,5","2,3"
robust_summary,green,sirloin steak,2,24,1.0,0,uniaxial,unloading,72,0.8761199884271897,-23.506188923999687,-26.705948672460295,-21.17046347520138,3,5,"1,4,5","2,3"
robust_summary,green,sirloin steak,2,24,1.0,0,uniaxial,unloading,73,0.876884153724502,-29.42134392291854,-32.26748929612692,-25.47250968706067,3,5,"1,4,5","2,3"
robust_summary,green,sirloin steak,2,24,1.0,0,uniaxial,unloading,74,0.8776483190218142,-35.33649892183652,-37.82902991979273,-29.77455589891933,3,5,"1,4,5","2,3"
robust_summary,green,sirloin steak,2,24,1.0,0,uniaxial,unloading,75,0.8784124843191264,-41.25165392075537,-43.390570543459354,-34.07660211077862,3,5,"1,4,5","2,3"
robust_summary,green,sirloin steak,2,24,1.0,0,uniaxial,unloading,76,0.8791766496164386,-47.166808919673386,-48.952111167125175,-38.37864832263729,3,5,"1,4,5","2,3"
robust_summary,green,sirloin steak,2,24,1.0,0,uniaxial,unloading,77,0.8799408149137509,-53.08196391859222,-54.51365179079179,-42.68069453449658,3,5,"1,4,5","2,3"
robust_summary,green,sirloin steak,2,24,1.0,0,uniaxial,unloading,78,0.880704980211063,-58.99711891751021,-60.075192414457604,-46.98274074635523,3,5,"1,4,5","2,3"
robust_summary,green,sirloin steak,2,24,1.0,0,uniaxial,unloading,79,0.8814691455083753,-64.91227391642907,-65.63673303812423,-51.28478695821454,3,5,"1,4,5","2,3"
robust_summary,green,sirloin steak,3,48,2.0,0,shear,shear,0,0.00375073,16.802034126440496,16.719275152650777,28.875817063220246,3,5,"1,2,4","3,5"
robust_summary,green,sirloin steak,3,48,2.0,0,shear,shear,1,0.00564605595959596,26.286041528429998,21.449049463780163,28.201393160690152,3,5,"1,2,4","3,5"
robust_summary,green,sirloin steak,3,48,2.0,0,shear,shear,2,0.0075413819191919185,30.210179053701456,23.31612986276081,31.236411835821755,3,5,"1,2,4","3,5"
robust_summary,green,sirloin steak,3,48,2.0,0,shear,shear,3,0.009436707878787878,34.06601463992905,25.149059292219526,34.237279541431434,3,5,"1,2,4","3,5"
robust_summary,green,sirloin steak,3,48,2.0,0,shear,shear,4,0.011332033838383838,36.55444426792558,27.41259380465533,37.23814724704111,3,5,"1,2,4","3,5"
robust_summary,green,sirloin steak,3,48,2.0,0,shear,shear,5,0.013227359797979798,41.77768581238425,34.074146212596176,41.782482404110176,3,5,"1,2,4","3,5"
robust_summary,green,sirloin steak,3,48,2.0,0,shear,shear,6,0.015122685757575756,48.39627681527766,41.43337334975439,49.08175962492684,3,5,"1,2,4","3,5"
robust_summary,green,sirloin steak,3,48,2.0,0,shear,shear,7,0.017018011717171717,55.94620388230889,49.25826851898153,56.84670487781242,3,5,"1,2,4","3,5"
robust_summary,green,sirloin steak,3,48,2.0,0,shear,shear,8,0.018913337676767675,63.49613094934011,57.08316368820865,64.611650130698,3,5,"1,2,4","3,5"
robust_summary,green,sirloin steak,3,48,2.0,0,shear,shear,9,0.020808663636363637,71.04605801637135,63.89815446916563,72.16785405742286,3,5,"1,2,4","3,5"
robust_summary,green,sirloin steak,3,48,2.0,0,shear,shear,10,0.022703989595959595,76.29821600758021,68.17963785815456,76.54477002289269,3,5,"1,2,4","3,5"
robust_summary,green,sirloin steak,3,48,2.0,0,shear,shear,11,0.024599315555555556,79.30678191668605,71.33932520609198,79.97030986706801,3,5,"1,2,4","3,5"
robust_summary,green,sirloin steak,3,48,2.0,0,shear,shear,12,0.026494641515151515,82.31534782579187,74.4990125540294,83.3958497112433,3,5,"1,2,4","3,5"
robust_summary,green,sirloin steak,3,48,2.0,0,shear,shear,13,0.028389967474747476,85.3239137348977,77.65869990196683,86.82138955541859,3,5,"1,2,4","3,5"
robust_summary,green,sirloin steak,3,48,2.0,0,shear,shear,14,0.030285293434343434,88.07799170105605,80.1961144492078,90.01798722077132,3,5,"1,2,4","3,5"
robust_summary,green,sirloin steak,3,48,2.0,0,shear,shear,15,0.032180619393939396,90.67668384378169,82.38162162350548,92.81974184962499,3,5,"1,2,4","3,5"
robust_summary,green,sirloin steak,3,48,2.0,0,shear,shear,16,0.03407594535353535,93.2753759865073,84.56712879780314,95.62149647847863,3,5,"1,2,4","3,5"
robust_summary,green,sirloin steak,3,48,2.0,0,shear,shear,17,0.03597127131313131,95.87406812923294,86.75263597210082,98.4232511073323,3,5,"1,2,4","3,5"
robust_summary,green,sirloin steak,3,48,2.0,0,shear,shear,18,0.03786659727272727,98.36976401002933,88.88664501543387,101.17350760522136,3,5,"1,2,4","3,5"
robust_summary,green,sirloin steak,3,48,2.0,0,shear,shear,19,0.039761923232323235,100.36557433311637,90.53069068468838,103.3620769682368,3,5,"1,2,4","3,5"
robust_summary,green,sirloin steak,3,48,2.0,0,shear,shear,20,0.04165724919191919,102.36138465620341,92.12608980115168,105.54496842646554,3,5,"1,2,4","3,5"
robust_summary,green,sirloin steak,3,48,2.0,0,shear,shear,21,0.04355257515151515,104.35719497929045,93.72148891761498,107.72785988469427,3,5,"1,2,4","3,5"
robust_summary,green,sirloin steak,3,48,2.0,0,shear,shear,22,0.04544790111111111,106.35300530237751,95.31688803407829,109.91075134292299,3,5,"1,2,4","3,5"
robust_summary,green,sirloin steak,3,48,2.0,0,shear,shear,23,0.047343227070707074,108.02659835850098,96.7505864872437,111.62576754132883,3,5,"1,2,4","3,5"
robust_summary,green,sirloin steak,3,48,2.0,0,shear,shear,24,0.04923855303030303,109.57326946544478,97.9107768768772,113.13846151766025,3,5,"1,2,4","3,5"
robust_summary,green,sirloin steak,3,48,2.0,0,shear,shear,25,0.05113387898989899,111.11994057238859,99.0709672665107,114.65115549399167,3,5,"1,2,4","3,5"
robust_summary,green,sirloin steak,3,48,2.0,0,shear,shear,26,0.05302920494949495,112.66661167933239,100.2311576561442,116.1638494703231,3,5,"1,2,4","3,5"
robust_summary,green,sirloin steak,3,48,2.0,0,shear,shear,27,0.054924530909090906,114.17155744007881,101.37048537267901,117.51174499458452,3,5,"1,2,4","3,5"
robust_summary,green,sirloin steak,3,48,2.0,0,shear,shear,28,0.05681985686868687,115.54717545438702,102.43816971093989,118.62067236173306,3,5,"1,2,4","3,5"
robust_summary,green,sirloin steak,3,48,2.0,0,shear,shear,29,0.05871518282828283,116.92279346869522,103.48437042007336,119.72959972888157,3,5,"1,2,4","3,5"
robust_summary,green,sirloin steak,3,48,2.0,0,shear,shear,30,0.06061050878787879,118.29841148300343,104.53057112920683,120.8385270960301,3,5,"1,2,4","3,5"
robust_summary,green,sirloin steak,3,48,2.0,0,shear,shear,31,0.06250583474747474,119.67402949731164,105.5767718383403,121.88973002061255,3,5,"1,2,4","3,5"
robust_summary,green,sirloin steak,3,48,2.0,0,shear,shear,32,0.0644011607070707,120.4919081295544,106.34410285644108,122.41758843198423,3,5,"1,2,4","3,5"
robust_summary,green,sirloin steak,3,48,2.0,0,shear,shear,33,0.06629648666666665,121.17360124176221,106.9873013615081,122.87735408333843,3,5,"1,2,4","3,5"
robust_summary,green,sirloin steak,3,48,2.0,0,shear,shear,34,0.06819181262626262,121.85529435397002,107.5557325472326,123.33711973469264,3,5,"1,2,4","3,5"
robust_summary,green,sirloin steak,3,48,2.0,0,shear,shear,35,0.07008713858585858,122.53698746617783,108.12416373295707,123.79688538604684,3,5,"1,2,4","3,5"
robust_summary,green,sirloin steak,3,48,2.0,0,shear,shear,36,0.07198246454545454,123.37427869399905,108.77039397648826,124.34137521884956,3,5,"1,2,4","3,5"
robust_summary,green,sirloin steak,3,48,2.0,0,shear,shear,37,0.0738777905050505,124.52597309938373,109.57382580880119,125.04353998864903,3,5,"1,2,4","3,5"
robust_summary,green,sirloin steak,3,48,2.0,0,shear,shear,38,0.07577311646464646,125.67766750476842,110.54155703579282,125.74570475844851,3,5,"1,2,4","3,5"
robust_summary,green,sirloin steak,3,48,2.0,0,shear,shear,39,0.07766844242424242,126.06637714634287,111.22939737418315,126.44786952824799,3,5,"1,2,4","3,5"
robust_summary,green,sirloin steak,3,48,2.0,0,shear,shear,40,0.07956376838383837,125.76844196107064,111.57391529915014,126.87474913830422,3,5,"1,2,4","3,5"
robust_summary,green,sirloin steak,3,48,2.0,0,shear,shear,41,0.08145909434343433,125.19809898920082,111.78222933081835,126.98711450965445,3,5,"1,2,4","3,5"
robust_summary,green,sirloin steak,3,48,2.0,0,shear,shear,42,0.0833544203030303,124.62775601733098,111.99054336248653,127.0738082247506,3,5,"1,2,4","3,5"
robust_summary,green,sirloin steak,3,48,2.0,0,shear,shear,43,0.08524974626262626,124.05741304546116,111.84602080575289,127.16050193984677,3,5,"1,2,4","3,5"
robust_summary,green,sirloin steak,3,48,2.0,0,shear,shear,44,0.08714507222222222,123.7299212078423,111.76148634923277,127.36862122206841,3,5,"1,2,4","3,5"
robust_summary,green,sirloin steak,3,48,2.0,0,shear,shear,45,0.08904039818181818,123.77536307101927,111.86341874311057,127.78794762385965,3,5,"1,2,4","3,5"
robust_summary,green,sirloin steak,3,48,2.0,0,shear,shear,46,0.09093572414141414,123.82080493419625,111.96535113698837,128.24369834206266,3,5,"1,2,4","3,5"
robust_summary,green,sirloin steak,3,48,2.0,0,shear,shear,47,0.09283105010101009,123.86624679737322,112.07646963945574,128.6994490602657,3,5,"1,2,4","3,5"
robust_summary,green,sirloin steak,3,48,2.0,0,shear,shear,48,0.09472637606060605,123.94921621908574,112.47070300737681,129.1739635577365,3,5,"1,2,4","3,5"
robust_summary,green,sirloin steak,3,48,2.0,0,shear,shear,49,0.09662170202020201,124.24961528446195,112.97365119712975,129.75719287703913,3,5,"1,2,4","3,5"
robust_summary,green,sirloin steak,3,48,2.0,0,shear,shear,50,0.09851702797979797,124.55001434983816,113.47659938688267,130.3197366486117,3,5,"1,2,4","3,5"
robust_summary,green,sirloin steak,3,48,2.0,0,shear,shear,51,0.10041235393939393,124.85041341521438,113.9795475766356,130.88158441541054,3,5,"1,2,4","3,5"
robust_summary,green,sirloin steak,3,48,2.0,0,shear,shear,52,0.1023076798989899,125.15081248059059,114.42368055713698,131.44343218220936,3,5,"1,2,4","3,5"
robust_summary,green,sirloin steak,3,48,2.0,0,shear,shear,53,0.10420300585858586,124.84051152153006,114.38840078607006,131.69992993678983,3,5,"1,2,4","3,5"
robust_summary,green,sirloin steak,3,48,2.0,0,shear,shear,54,0.1060983318181818,124.44656653053761,114.31129899903718,131.8389549863653,3,5,"1,2,4","3,5"
robust_summary,green,sirloin steak,3,48,2.0,0,shear,shear,55,0.10799365777777777,124.05262153954516,114.23419721200429,131.898173966392,3,5,"1,2,4","3,5"
robust_summary,green,sirloin steak,3,48,2.0,0,shear,shear,56,0.10988898373737373,123.6586765485527,114.1570954249714,131.9573929464187,3,5,"1,2,4","3,5"
robust_summary,green,sirloin steak,3,48,2.0,0,shear,shear,57,0.11178430969696969,123.51164115326414,114.22210366265713,132.14006672429736,3,5,"1,2,4","3,5"
robust_summary,green,sirloin steak,3,48,2.0,0,shear,shear,58,0.11367963565656565,123.5653856534986,114.41216074073648,132.42356844342706,3,5,"1,2,4","3,5"
robust_summary,green,sirloin steak,3,48,2.0,0,shear,shear,59,0.11557496161616161,123.61913015373307,114.60221781881584,132.78468474868873,3,5,"1,2,4","3,5"
robust_summary,green,sirloin steak,3,48,2.0,0,shear,shear,60,0.11747028757575757,123.67287465396753,114.79227489689521,133.1458010539504,3,5,"1,2,4","3,5"
robust_summary,green,sirloin steak,3,48,2.0,0,shear,shear,61,0.11936561353535352,123.66301977270847,114.95053228422779,133.47511766846532,3,5,"1,2,4","3,5"
robust_summary,green,sirloin steak,3,48,2.0,0,shear,shear,62,0.12126093949494948,123.53318359379348,115.0462752207541,133.74444363415225,3,5,"1,2,4","3,5"
robust_summary,green,sirloin steak,3,48,2.0,0,shear,shear,63,0.12315626545454544,123.4033474148785,115.14062734038751,134.00639222627478,3,5,"1,2,4","3,5"
robust_summary,green,sirloin steak,3,48,2.0,0,shear,shear,64,0.1250515914141414,123.27351123596351,115.23497946002092,134.26267801840115,3,5,"1,2,4","3,5"
robust_summary,green,sirloin steak,3,48,2.0,0,shear,shear,65,0.12694691737373737,123.19216150059657,115.35357480142838,134.54320703230155,3,5,"1,2,4","3,5"
robust_summary,green,sirloin steak,3,48,2.0,0,shear,shear,66,0.12884224333333333,123.5731020923521,115.70331530639704,135.0548812097632,3,5,"1,2,4","3,5"
robust_summary,green,sirloin steak,3,48,2.0,0,shear,shear,67,0.1307375692929293,123.95404268410762,116.02446812139922,135.56400926067732,3,5,"1,2,4","3,5"
robust_summary,green,sirloin steak,3,48,2.0,0,shear,shear,68,0.13263289525252525,124.33498327586315,116.3413419515179,136.04486168726044,3,5,"1,2,4","3,5"
robust_summary,green,sirloin steak,3,48,2.0,0,shear,shear,69,0.1345282212121212,124.71592386761868,116.65821578163659,136.52571411384352,3,5,"1,2,4","3,5"
robust_summary,green,sirloin steak,3,48,2.0,0,shear,shear,70,0.13642354717171717,125.0023885256792,116.92785164490775,136.95932857357909,3,5,"1,2,4","3,5"
robust_summary,green,sirloin steak,3,48,2.0,0,shear,shear,71,0.13831887313131314,125.26955873707607,117.17976057397189,137.38329580998285,3,5,"1,2,4","3,5"
robust_summary,green,sirloin steak,3,48,2.0,0,shear,shear,72,0.1402141990909091,125.53672894847294,117.29510736212225,137.8226918714812,3,5,"1,2,4","3,5"
robust_summary,green,sirloin steak,3,48,2.0,0,shear,shear,73,0.14210952505050506,125.80389915986983,117.41045415027263,138.27156344732296,3,5,"1,2,4","3,5"
robust_summary,green,sirloin steak,3,48,2.0,0,shear,shear,74,0.14400485101010102,125.8614584151178,117.42099546034854,138.61562954509026,3,5,"1,2,4","3,5"
robust_summary,green,sirloin steak,3,48,2.0,0,shear,shear,75,0.14590017696969698,125.73444230073531,117.33924908560923,138.86740795804235,3,5,"1,2,4","3,5"
robust_summary,green,sirloin steak,3,48,2.0,0,shear,shear,76,0.14779550292929294,125.60742618635282,117.33513377965949,139.10863478312822,3,5,"1,2,4","3,5"
robust_summary,green,sirloin steak,3,48,2.0,0,shear,shear,77,0.1496908288888889,125.48041007197033,117.55397024343483,139.30302860411038,3,5,"1,2,4","3,5"
robust_summary,green,sirloin steak,3,48,2.0,0,shear,shear,78,0.15158615484848487,125.63126488043423,117.91174216863335,139.63635788651575,3,5,"1,2,4","3,5"
robust_summary,green,sirloin steak,3,48,2.0,0,shear,shear,79,0.1534814808080808,126.44421913102747,118.60056381489655,140.30073688998579,3,5,"1,2,4","3,5"
robust_summary,green,sirloin steak,3,48,2.0,0,shear,shear,80,0.15537680676767676,127.25717338162072,119.28938546115975,140.96511589345582,3,5,"1,2,4","3,5"
robust_summary,green,sirloin steak,3,48,2.0,0,shear,shear,81,0.15727213272727272,128.07012763221397,119.90368970569361,141.53152198196307,3,5,"1,2,4","3,5"
robust_summary,green,sirloin steak,3,48,2.0,0,shear,shear,82,0.15916745868686868,128.85456367531327,120.41211964160811,142.04825617396693,3,5,"1,2,4","3,5"
robust_summary,green,sirloin steak,3,48,2.0,0,shear,shear,83,0.16106278464646465,128.98727387564003,120.59468665613633,142.2391274445846,3,5,"1,2,4","3,5"
robust_summary,green,sirloin steak,3,48,2.0,0,shear,shear,84,0.1629581106060606,129.11998407596676,120.77725367066455,142.4299987152022,3,5,"1,2,4","3,5"
robust_summary,green,sirloin steak,3,48,2.0,0,shear,shear,85,0.16485343656565657,129.2526942762935,120.95982068519278,142.64426242853446,3,5,"1,2,4","3,5"
robust_summary,green,sirloin steak,3,48,2.0,0,shear,shear,86,0.16674876252525253,129.38540447662024,121.12481858588426,142.92609179926035,3,5,"1,2,4","3,5"
robust_summary,green,sirloin steak,3,48,2.0,0,shear,shear,87,0.1686440884848485,129.96014809190314,121.50293958289359,143.4289378774643,3,5,"1,2,4","3,5"
robust_summary,green,sirloin steak,3,48,2.0,0,shear,shear,88,0.17053941444444445,130.6730148513088,121.95012215196428,144.00084552772967,3,5,"1,2,4","3,5"
robust_summary,green,sirloin steak,3,48,2.0,0,shear,shear,89,0.17243474040404042,131.3858816107145,122.397304721035,144.57275317799503,3,5,"1,2,4","3,5"
robust_summary,green,sirloin steak,3,48,2.0,0,shear,shear,90,0.17433006636363638,132.09874837012018,122.84448729010572,145.1493076372856,3,5,"1,2,4","3,5"
robust_summary,green,sirloin steak,3,48,2.0,0,shear,shear,91,0.17622539232323234,132.798314854075,123.1454042318875,145.7205684350164,3,5,"1,2,4","3,5"
robust_summary,green,sirloin steak,3,48,2.0,0,shear,shear,92,0.1781207182828283,133.48679898994902,123.42269468844454,146.2862880587068,3,5,"1,2,4","3,5"
robust_summary,green,sirloin steak,3,48,2.0,0,shear,shear,93,0.18001604424242423,134.17528312582303,123.69998514500156,146.8520076823972,3,5,"1,2,4","3,5"
robust_summary,green,sirloin steak,3,48,2.0,0,shear,shear,94,0.1819113702020202,134.86376726169706,123.9772756015586,147.4507102132318,3,5,"1,2,4","3,5"
robust_summary,green,sirloin steak,3,48,2.0,0,shear,shear,95,0.18380669616161616,135.43519409474396,124.2300091032363,148.05818406706237,3,5,"1,2,4","3,5"
robust_summary,green,sirloin steak,3,48,2.0,0,shear,shear,96,0.18570202212121212,135.66164557105796,124.62453349227438,148.49317024252656,3,5,"1,2,4","3,5"
robust_summary,green,sirloin steak,3,48,2.0,0,shear,shear,97,0.18759734808080808,135.88809704737199,125.01905788131248,148.92815641799075,3,5,"1,2,4","3,5"
robust_summary,green,sirloin steak,3,48,2.0,0,shear,shear,98,0.18949267404040404,136.11454852368598,125.41358227035056,149.3631425934549,3,5,"1,2,4","3,5"
robust_summary,green,sirloin steak,3,48,2.0,0,shear,shear,99,0.191388,136.341,125.80810665938864,149.70039393043066,3,5,"1,2,4","3,5"
robust_summary,green,sirloin steak,3,48,2.0,0,uniaxial,compression,0,0.8175922936597043,-1685.121531471364,-1749.0951990575686,-1493.3723869394616,4,5,"1,2,3,4",5
robust_summary,green,sirloin steak,3,48,2.0,0,uniaxial,compression,1,0.8196234962169197,-1669.6117380587248,-1737.7358241330521,-1476.897498377069,4,5,"1,2,3,4",5
robust_summary,green,sirloin steak,3,48,2.0,0,uniaxial,compression,2,0.8216546987741351,-1654.101944646085,-1726.3764492085347,-1460.4226098146755,4,5,"1,2,3,4",5
robust_summary,green,sirloin steak,3,48,2.0,0,uniaxial,compression,3,0.8236859013313504,-1638.5921512334457,-1715.017074284018,-1443.947721252283,4,5,"1,2,3,4",5
robust_summary,green,sirloin steak,3,48,2.0,0,uniaxial,compression,4,0.8257171038885659,-1623.082357820806,-1703.6576993595008,-1427.4728326898896,4,5,"1,2,3,4",5
robust_summary,green,sirloin steak,3,48,2.0,0,uniaxial,compression,5,0.8277483064457812,-1607.5725644081672,-1692.2983244349841,-1410.997944127497,4,5,"1,2,3,4",5
robust_summary,green,sirloin steak,3,48,2.0,0,uniaxial,compression,6,0.8297795090029966,-1592.062770995528,-1680.9389495104674,-1394.5230555651044,4,5,"1,2,3,4",5
robust_summary,green,sirloin steak,3,48,2.0,0,uniaxial,compression,7,0.831810711560212,-1576.5529775828882,-1669.57957458595,-1378.048167002711,4,5,"1,2,3,4",5
robust_summary,green,sirloin steak,3,48,2.0,0,uniaxial,compression,8,0.8338419141174274,-1561.0431841702489,-1658.2201996614333,-1361.5732784403183,4,5,"1,2,3,4",5
robust_summary,green,sirloin steak,3,48,2.0,0,uniaxial,compression,9,0.8358731166746428,-1545.5333907576091,-1646.8608247369161,-1345.0983898779248,4,5,"1,2,3,4",5
robust_summary,green,sirloin steak,3,48,2.0,0,uniaxial,compression,10,0.8379043192318582,-1531.044441167616,-1634.7318223824714,-1330.0845351997125,4,5,"1,2,3,4",5
robust_summary,green,sirloin steak,3,48,2.0,0,uniaxial,compression,11,0.8399355217890735,-1516.9770511142324,-1618.9300248103384,-1317.4155784421018,4,5,"1,2,3,4",5
robust_summary,green,sirloin steak,3,48,2.0,0,uniaxial,compression,12,0.8419667243462889,-1502.9096610608483,-1603.1282272382048,-1304.7466216844905,4,5,"1,2,3,4",5
robust_summary,green,sirloin steak,3,48,2.0,0,uniaxial,compression,13,0.8439979269035043,-1488.8422710074647,-1587.3264296660718,-1292.0776649268798,4,5,"1,2,3,4",5
robust_summary,green,sirloin steak,3,48,2.0,0,uniaxial,compression,14,0.8460291294607197,-1474.7748809540803,-1571.5246320939382,-1279.4087081692683,4,5,"1,2,3,4",5
robust_summary,green,sirloin steak,3,48,2.0,0,uniaxial,compression,15,0.8480603320179351,-1460.707490900697,-1555.722834521805,-1266.7397514116576,4,5,"1,2,3,4",5
robust_summary,green,sirloin steak,3,48,2.0,0,uniaxial,compression,16,0.8500915345751505,-1446.6401008473126,-1539.9210369496714,-1254.0707946540463,4,5,"1,2,3,4",5
robust_summary,green,sirloin steak,3,48,2.0,0,uniaxial,compression,17,0.8521227371323659,-1432.5727107939292,-1524.1192393775384,-1241.4018378964356,4,5,"1,2,3,4",5
robust_summary,green,sirloin steak,3,48,2.0,0,uniaxial,compression,18,0.8541539396895812,-1418.5053207405458,-1508.3174418054057,-1228.732881138825,4,5,"1,2,3,4",5
robust_summary,green,sirloin steak,3,48,2.0,0,uniaxial,compression,19,0.8561851422467966,-1404.4379306871615,-1492.5156442332718,-1216.0639243812136,4,5,"1,2,3,4",5
robust_summary,green,sirloin steak,3,48,2.0,0,uniaxial,compression,20,0.858216344804012,-1390.098041747265,-1478.3330710564426,-1202.6462641756302,4,5,"1,2,3,4",5
robust_summary,green,sirloin steak,3,48,2.0,0,uniaxial,compression,21,0.8602475473612274,-1374.356927168837,-1466.3337028619367,-1186.7904591080612,4,5,"1,2,3,4",5
robust_summary,green,sirloin steak,3,48,2.0,0,uniaxial,compression,22,0.8622787499184428,-1358.6158125904096,-1454.3343346674314,-1170.934654040493,4,5,"1,2,3,4",5
robust_summary,green,sirloin steak,3,48,2.0,0,uniaxial,compression,23,0.8643099524756581,-1342.8746980119827,-1442.3349664729262,-1155.0788489729248,4,5,"1,2,3,4",5
robust_summary,green,sirloin steak,3,48,2.0,0,uniaxial,compression,24,0.8663411550328736,-1327.1335834335546,-1430.3355982784205,-1139.2230439053556,4,5,"1,2,3,4",5
robust_summary,green,sirloin steak,3,48,2.0,0,uniaxial,compression,25,0.8683723575900889,-1311.3924688551274,-1418.3362300839153,-1123.3672388377875,4,5,"1,2,3,4",5
robust_summary,green,sirloin steak,3,48,2.0,0,uniaxial,compression,26,0.8704035601473044,-1295.6513542766993,-1406.3368618894094,-1107.5114337702182,4,5,"1,2,3,4",5
robust_summary,green,sirloin steak,3,48,2.0,0,uniaxial,compression,27,0.8724347627045197,-1279.910239698272,-1394.3374936949042,-1091.65562870265,4,5,"1,2,3,4",5
robust_summary,green,sirloin steak,3,48,2.0,0,uniaxial,compression,28,0.874465965261735,-1264.169125119845,-1382.3381255003992,-1075.7998236350818,4,5,"1,2,3,4",5
robust_summary,green,sirloin steak,3,48,2.0,0,uniaxial,compression,29,0.8764971678189505,-1248.428010541417,-1370.3387573058933,-1059.9440185675126,4,5,"1,2,3,4",5
robust_summary,green,sirloin steak,3,48,2.0,0,uniaxial,compression,30,0.8785283703761658,-1235.3281354515452,-1359.6123365110486,-1046.5668798005797,4,5,"1,2,3,4",5
robust_summary,green,sirloin steak,3,48,2.0,0,uniaxial,compression,31,0.8805595729333813,-1224.6590563658638,-1349.484325608818,-1035.5461705369912,4,5,"1,2,3,4",5
robust_summary,green,sirloin steak,3,48,2.0,0,uniaxial,compression,32,0.8825907754905966,-1213.9899772801828,-1339.356314706588,-1024.5254612734034,4,5,"1,2,3,4",5
robust_summary,green,sirloin steak,3,48,2.0,0,uniaxial,compression,33,0.884621978047812,-1203.3208981945022,-1329.228303804358,-1013.5047520098158,4,5,"1,2,3,4",5
robust_summary,green,sirloin steak,3,48,2.0,0,uniaxial,compression,34,0.8866531806050274,-1192.6518191088207,-1319.1002929021272,-1002.4840427462274,4,5,"1,2,3,4",5
robust_summary,green,sirloin steak,3,48,2.0,0,uniaxial,compression,35,0.8886843831622427,-1181.9827400231397,-1308.9722819998972,-991.4633334826395,4,5,"1,2,3,4",5
robust_summary,green,sirloin steak,3,48,2.0,0,uniaxial,compression,36,0.8907155857194582,-1171.3136609374585,-1298.8442710976667,-980.4426242190511,4,5,"1,2,3,4",5
robust_summary,green,sirloin steak,3,48,2.0,0,uniaxial,compression,37,0.8927467882766735,-1160.6445818517777,-1288.7162601954365,-969.4219149554634,4,5,"1,2,3,4",5
robust_summary,green,sirloin steak,3,48,2.0,0,uniaxial,compression,38,0.8947779908338889,-1149.975502766097,-1278.5882492932064,-958.4012056918757,4,5,"1,2,3,4",5
robust_summary,green,sirloin steak,3,48,2.0,0,uniaxial,compression,39,0.8968091933911043,-1139.3064236804155,-1268.460238390976,-947.3804964282872,4,5,"1,2,3,4",5
robust_summary,green,sirloin steak,3,48,2.0,0,uniaxial,compression,40,0.8988403959483197,-1125.5296519724461,-1257.066571328788,-933.6532084042075,4,5,"1,2,3,4",5
robust_summary,green,sirloin steak,3,48,2.0,0,uniaxial,compression,41,0.9008715985055351,-1107.4549580188695,-1243.7219285505153,-916.132088616918,4,5,"1,2,3,4",5
robust_summary,green,sirloin steak,3,48,2.0,0,uniaxial,compression,42,0.9029028010627504,-1089.3802640652943,-1230.3772857722429,-898.6109688296295,4,5,"1,2,3,4",5
robust_summary,green,sirloin steak,3,48,2.0,0,uniaxial,compression,43,0.9049340036199658,-1071.3055701117187,-1217.0326429939705,-881.089849042341,4,5,"1,2,3,4",5
robust_summary,green,sirloin steak,3,48,2.0,0,uniaxial,compression,44,0.9069652061771812,-1053.2308761581423,-1203.6880002156977,-863.5687292550515,4,5,"1,2,3,4",5
robust_summary,green,sirloin steak,3,48,2.0,0,uniaxial,compression,45,0.9089964087343966,-1035.156182204567,-1190.3433574374253,-846.047609467763,4,5,"1,2,3,4",5
robust_summary,green,sirloin steak,3,48,2.0,0,uniaxial,compression,46,0.911027611291612,-1017.0814882509904,-1176.9987146591525,-828.5264896804736,4,5,"1,2,3,4",5
robust_summary,green,sirloin steak,3,48,2.0,0,uniaxial,compression,47,0.9130588138488274,-999.0067942974149,-1163.65407188088,-811.0053698931849,4,5,"1,2,3,4",5
robust_summary,green,sirloin steak,3,48,2.0,0,uniaxial,compression,48,0.9150900164060427,-980.9321003438395,-1150.3094291026077,-793.4842501058964,4,5,"1,2,3,4",5
robust_summary,green,sirloin steak,3,48,2.0,0,uniaxial,compression,49,0.9171212189632582,-962.857406390263,-1136.964786324335,-775.963130318607,4,5,"1,2,3,4",5
robust_summary,green,sirloin steak,3,48,2.0,0,uniaxial,compression,50,0.9191524215204735,-950.813189421737,-1126.0611633372027,-763.5071831025407,4,5,"1,2,3,4",5
robust_summary,green,sirloin steak,3,48,2.0,0,uniaxial,compression,51,0.921183624077689,-941.0152300945726,-1115.8474021893699,-752.1681844315594,4,5,"1,2,3,4",5
robust_summary,green,sirloin steak,3,48,2.0,0,uniaxial,compression,52,0.9232148266349043,-931.2172707674088,-1105.6336410415372,-740.8291857605786,4,5,"1,2,3,4",5
robust_summary,green,sirloin steak,3,48,2.0,0,uniaxial,compression,53,0.9252460291921196,-921.419311440245,-1095.4198798937048,-729.4901870895978,4,5,"1,2,3,4",5
robust_summary,green,sirloin steak,3,48,2.0,0,uniaxial,compression,54,0.9272772317493351,-905.8931151413444,-1079.4778817741355,-718.1511884186166,4,5,"1,2,3,4",5
robust_summary,green,sirloin steak,3,48,2.0,0,uniaxial,compression,55,0.9293084343065504,-890.037214173448,-1063.2061789855704,-706.8121897476359,4,5,"1,2,3,4",5
robust_summary,green,sirloin steak,3,48,2.0,0,uniaxial,compression,56,0.9313396368637659,-874.1813132055506,-1046.9344761970042,-695.4731910766545,4,5,"1,2,3,4",5
robust_summary,green,sirloin steak,3,48,2.0,0,uniaxial,compression,57,0.9333708394209812,-858.3254122376542,-1030.662773408439,-684.1341924056738,4,5,"1,2,3,4",5
robust_summary,green,sirloin steak,3,48,2.0,0,uniaxial,compression,58,0.9354020419781965,-842.4695112697577,-1014.391070619874,-672.7951937346932,4,5,"1,2,3,4",5
robust_summary,green,sirloin steak,3,48,2.0,0,uniaxial,compression,59,0.937433244535412,-826.6136103018605,-998.1193678313081,-661.456482706671,4,5,"1,2,3,4",5
robust_summary,green,sirloin steak,3,48,2.0,0,uniaxial,compression,60,0.9394644470926273,-811.7994823430438,-982.9023220594186,-650.800778257043,4,5,"1,2,3,4",5
robust_summary,green,sirloin steak,3,48,2.0,0,uniaxial,compression,61,0.9414956496498428,-798.0345368364378,-969.2221045574439,-639.8763352070604,4,5,"1,2,3,4",5
robust_summary,green,sirloin steak,3,48,2.0,0,uniaxial,compression,62,0.9435268522070581,-784.2695913298326,-955.5418870554702,-628.9518921570783,4,5,"1,2,3,4",5
robust_summary,green,sirloin steak,3,48,2.0,0,uniaxial,compression,63,0.9455580547642735,-770.5046458232273,-941.8616695534964,-618.0274491070963,4,5,"1,2,3,4",5
robust_summary,green,sirloin steak,3,48,2.0,0,uniaxial,compression,64,0.9475892573214889,-760.9492054535299,-928.1814520515219,-611.3125111940222,4,5,"1,2,3,4",5
robust_summary,green,sirloin steak,3,48,2.0,0,uniaxial,compression,65,0.9496204598787044,-752.7261298490631,-914.5012345495473,-605.9299380461788,4,5,"1,2,3,4",5
robust_summary,green,sirloin steak,3,48,2.0,0,uniaxial,compression,66,0.9516516624359197,-744.5030542445968,-900.8210170475736,-600.5473648983357,4,5,"1,2,3,4",5
robust_summary,green,sirloin steak,3,48,2.0,0,uniaxial,compression,67,0.953682864993135,-736.2799786401304,-887.1407995455997,-595.1647917504924,4,5,"1,2,3,4",5
robust_summary,green,sirloin steak,3,48,2.0,0,uniaxial,compression,68,0.9557140675503504,-728.0569030356642,-873.460582043626,-589.7822186026494,4,5,"1,2,3,4",5
robust_summary,green,sirloin steak,3,48,2.0,0,uniaxial,compression,69,0.9577452701075658,-719.8338274311973,-859.7803645416515,-584.399645454806,4,5,"1,2,3,4",5
robust_summary,green,sirloin steak,3,48,2.0,0,uniaxial,compression,70,0.9597764726647813,-703.2734199723939,-842.2301746457935,-572.1673211339643,4,5,"1,2,3,4",5
robust_summary,green,sirloin steak,3,48,2.0,0,uniaxial,compression,71,0.9618076752219966,-685.5431569672844,-823.29223324782,-559.686350815165,4,5,"1,2,3,4",5
robust_summary,green,sirloin steak,3,48,2.0,0,uniaxial,compression,72,0.963838877779212,-667.8128939621749,-804.3542918498466,-547.2053804963658,4,5,"1,2,3,4",5
robust_summary,green,sirloin steak,3,48,2.0,0,uniaxial,compression,73,0.9658700803364274,-650.0826309570645,-785.4163504518722,-534.724410177566,4,5,"1,2,3,4",5
robust_summary,green,sirloin steak,3,48,2.0,0,uniaxial,compression,74,0.9679012828936427,-632.3523679519549,-766.4784090538988,-522.2434398587668,4,5,"1,2,3,4",5
robust_summary,green,sirloin steak,3,48,2.0,0,uniaxial,compression,75,0.9699324854508582,-614.6221049468445,-747.5404676559244,-509.7624695399669,4,5,"1,2,3,4",5
robust_summary,green,sirloin steak,3,48,2.0,0,uniaxial,compression,76,0.9719636880080735,-596.891841941735,-728.6025262579509,-497.28149922116773,4,5,"1,2,3,4",5
robust_summary,green,sirloin steak,3,48,2.0,0,uniaxial,compression,77,0.9739948905652889,-579.1615789366255,-709.6645848599775,-484.80052890236846,4,5,"1,2,3,4",5
robust_summary,green,sirloin steak,3,48,2.0,0,uniaxial,compression,78,0.9760260931225043,-562.3990233220509,-690.726643462003,-473.28726597410446,4,5,"1,2,3,4",5
robust_summary,green,sirloin steak,3,48,2.0,0,uniaxial,compression,79,0.9780572956797197,-548.3693565070761,-671.7887020640297,-464.50689184543995,4,5,"1,2,3,4",5
robust_summary,green,sirloin steak,3,48,2.0,0,uniaxial,unloading,0,0.8214296031645278,683.5221009539259,572.7519579964631,820.4044141090975,4,5,"1,3,4,5",2
robust_summary,green,sirloin steak,3,48,2.0,0,uniaxial,unloading,1,0.822182756403897,669.2815328710252,561.1839511922317,802.7276943059253,4,5,"1,3,4,5",2
robust_summary,green,sirloin steak,3,48,2.0,0,uniaxial,unloading,2,0.8229359096432662,655.0409647881245,549.6159443880002,785.0509745027531,4,5,"1,3,4,5",2
robust_summary,green,sirloin steak,3,48,2.0,0,uniaxial,unloading,3,0.8236890628826354,640.8003967052239,538.0479375837688,767.374254699581,4,5,"1,3,4,5",2
robust_summary,green,sirloin steak,3,48,2.0,0,uniaxial,unloading,4,0.8244422161220046,626.5598286223232,526.4799307795372,749.6975348964088,4,5,"1,3,4,5",2
robust_summary,green,sirloin steak,3,48,2.0,0,uniaxial,unloading,5,0.8251953693613738,612.3192605394224,514.9119239753059,732.0208150932366,4,5,"1,3,4,5",2
robust_summary,green,sirloin steak,3,48,2.0,0,uniaxial,unloading,6,0.825948522600743,598.0786924565218,503.34391717107434,714.3440952900645,4,5,"1,3,4,5",2
robust_summary,green,sirloin steak,3,48,2.0,0,uniaxial,unloading,7,0.8267016758401122,583.8381243736211,491.7759103668428,696.6673754868923,4,5,"1,3,4,5",2
robust_summary,green,sirloin steak,3,48,2.0,0,uniaxial,unloading,8,0.8274548290794814,569.5975562907204,480.20790356261136,678.9906556837202,4,5,"1,3,4,5",2
robust_summary,green,sirloin steak,3,48,2.0,0,uniaxial,unloading,9,0.8282079823188506,555.3569882078198,468.63989675837985,661.313935880548,4,5,"1,3,4,5",2
robust_summary,green,sirloin steak,3,48,2.0,0,uniaxial,unloading,10,0.8289611355582199,541.1164201249169,457.0718899541467,643.6372160773732,4,5,"1,3,4,5",2
robust_summary,green,sirloin steak,3,48,2.0,0,uniaxial,unloading,11,0.8297142887975891,526.8758520420163,445.50388314991517,625.960496274201,4,5,"1,3,4,5",2
robust_summary,green,sirloin steak,3,48,2.0,0,uniaxial,unloading,12,0.8304674420369583,512.6352839591157,433.9358763456837,608.2837764710289,4,5,"1,3,4,5",2
robust_summary,green,sirloin steak,3,48,2.0,0,uniaxial,unloading,13,0.8312205952763275,498.39471587621495,422.36786954145225,590.6070566678567,4,5,"1,3,4,5",2
robust_summary,green,sirloin steak,3,48,2.0,0,uniaxial,unloading,14,0.8319737485156967,484.1541477933143,410.7998627372208,572.9303368646846,4,5,"1,3,4,5",2
robust_summary,green,sirloin steak,3,48,2.0,0,uniaxial,unloading,15,0.8327269017550659,469.9135797104136,399.23185593298933,555.2536170615124,4,5,"1,3,4,5",2
robust_summary,green,sirloin steak,3,48,2.0,0,uniaxial,unloading,16,0.8334800549944351,455.6730116275129,387.6638491287578,537.5768972583402,4,5,"1,3,4,5",2
robust_summary,green,sirloin steak,3,48,2.0,0,uniaxial,unloading,17,0.8342332082338043,441.43244354461217,376.0958423245263,519.9001774551681,4,5,"1,3,4,5",2
robust_summary,green,sirloin steak,3,48,2.0,0,uniaxial,unloading,18,0.8349863614731735,427.19187546171156,364.52783552029484,502.2234576519959,4,5,"1,3,4,5",2
robust_summary,green,sirloin steak,3,48,2.0,0,uniaxial,unloading,19,0.8357395147125427,412.95130737881084,352.9598287160633,484.54673784882374,4,5,"1,3,4,5",2
robust_summary,green,sirloin steak,3,48,2.0,0,uniaxial,unloading,20,0.8364926679519119,398.7107392959102,341.3918219118319,466.8700180456516,4,5,"1,3,4,5",2
robust_summary,green,sirloin steak,3,48,2.0,0,uniaxial,unloading,21,0.8372458211912811,384.4701712130095,329.8238151076004,449.1932982424794,4,5,"1,3,4,5",2
robust_summary,green,sirloin steak,3,48,2.0,0,uniaxial,unloading,22,0.8379989744306503,370.2296031301088,318.2558083033689,431.51657843930724,4,5,"1,3,4,5",2
robust_summary,green,sirloin steak,3,48,2.0,0,uniaxial,unloading,23,0.8387521276700195,355.9890350472082,306.6878014991375,413.8398586361351,4,5,"1,3,4,5",2
robust_summary,green,sirloin steak,3,48,2.0,0,uniaxial,unloading,24,0.8395052809093887,341.74846696430745,295.119794694906,396.1631388329629,4,5,"1,3,4,5",2
robust_summary,green,sirloin steak,3,48,2.0,0,uniaxial,unloading,25,0.8402584341487579,327.50789888140673,283.5517878906745,378.48641902979074,4,5,"1,3,4,5",2
robust_summary,green,sirloin steak,3,48,2.0,0,uniaxial,unloading,26,0.8410115873881271,313.26733079850607,271.983781086443,361.04205161651606,4,5,"1,3,4,5",2
robust_summary,green,sirloin steak,3,48,2.0,0,uniaxial,unloading,27,0.8417647406274963,301.13688016518915,261.41389724992814,347.96718798829863,4,5,"1,3,4,5",2
robust_summary,green,sirloin steak,3,48,2.0,0,uniaxial,unloading,28,0.8425178938668655,290.7555732071677,252.8534639418396,335.7078007583327,4,5,"1,3,4,5",2
robust_summary,green,sirloin steak,3,48,2.0,0,uniaxial,unloading,29,0.8432710471062347,280.37426624914633,244.29303063375116,323.4484135283668,4,5,"1,3,4,5",2
robust_summary,green,sirloin steak,3,48,2.0,0,uniaxial,unloading,30,0.844024200345604,269.9929592911234,235.73259732566143,311.18902629839914,4,5,"1,3,4,5",2
robust_summary,green,sirloin steak,3,48,2.0,0,uniaxial,unloading,31,0.8447773535849732,259.6116523331019,227.00275086393938,299.09905222206675,4,5,"1,3,4,5",2
robust_summary,green,sirloin steak,3,48,2.0,0,uniaxial,unloading,32,0.8455305068243424,249.2303453750805,216.76001994303152,288.52196260492025,4,5,"1,3,4,5",2
robust_summary,green,sirloin steak,3,48,2.0,0,uniaxial,unloading,33,0.8462836600637116,238.8490384170591,206.51728902212363,277.9448729877737,4,5,"1,3,4,5",2
robust_summary,green,sirloin steak,3,48,2.0,0,uniaxial,unloading,34,0.8470368133030808,228.46773145903768,196.27455810121575,267.3677833706272,4,5,"1,3,4,5",2
robust_summary,green,sirloin steak,3,48,2.0,0,uniaxial,unloading,35,0.84778996654245,218.08642450101624,186.03182718030789,256.7906937534807,4,5,"1,3,4,5",2
robust_summary,green,sirloin steak,3,48,2.0,0,uniaxial,unloading,36,0.8485431197818192,207.7051175429948,175.7890962594,246.21360413633414,4,5,"1,3,4,5",2
robust_summary,green,sirloin steak,3,48,2.0,0,uniaxial,unloading,37,0.8492962730211884,197.3238105849734,165.54636533849214,235.6365145191876,4,5,"1,3,4,5",2
robust_summary,green,sirloin steak,3,48,2.0,0,uniaxial,unloading,38,0.8500494262605576,186.94250362695198,155.30363441758428,225.0594249020411,4,5,"1,3,4,5",2
robust_summary,green,sirloin steak,3,48,2.0,0,uniaxial,unloading,39,0.8508025794999268,176.56119666893056,145.0609034966764,214.48233528489456,4,5,"1,3,4,5",2
robust_summary,green,sirloin steak,3,48,2.0,0,uniaxial,unloading,40,0.851555732739296,166.17988971090912,134.81817257576853,203.90524566774806,4,5,"1,3,4,5",2
robust_summary,green,sirloin steak,3,48,2.0,0,uniaxial,unloading,41,0.8523088859786652,155.79858275288768,124.57544165486064,193.32815605060154,4,5,"1,3,4,5",2
robust_summary,green,sirloin steak,3,48,2.0,0,uniaxial,unloading,42,0.8530620392180344,145.41727579486627,114.3327107339528,182.751066433455,4,5,"1,3,4,5",2
robust_summary,green,sirloin steak,3,48,2.0,0,uniaxial,unloading,43,0.8538151924574036,135.03596883684486,104.08997981304492,172.17397681630848,4,5,"1,3,4,5",2
robust_summary,green,sirloin steak,3,48,2.0,0,uniaxial,unloading,44,0.8545683456967728,124.65466187882343,93.84724889213703,161.59688719916196,4,5,"1,3,4,5",2
robust_summary,green,sirloin steak,3,48,2.0,0,uniaxial,unloading,45,0.855321498936142,114.273354920802,83.60451797122916,151.01979758201543,4,5,"1,3,4,5",2
robust_summary,green,sirloin steak,3,48,2.0,0,uniaxial,unloading,46,0.8560746521755112,103.89204796278058,73.36178705032128,140.4427079648689,4,5,"1,3,4,5",2
robust_summary,green,sirloin steak,3,48,2.0,0,uniaxial,unloading,47,0.8568278054148804,93.51074100475917,63.11905612941343,129.86561834772237,4,5,"1,3,4,5",2
robust_summary,green,sirloin steak,3,48,2.0,0,uniaxial,unloading,48,0.8575809586542495,83.12943404673774,52.87632520850555,119.28852873057585,4,5,"1,3,4,5",2
robust_summary,green,sirloin steak,3,48,2.0,0,uniaxial,unloading,49,0.8583341118936187,72.7481270887163,42.63359428759765,108.71143911342934,4,5,"1,3,4,5",2
robust_summary,green,sirloin steak,3,48,2.0,0,uniaxial,unloading,50,0.859087265132988,62.36682013069337,32.3908633666883,98.13434949628126,4,5,"1,3,4,5",2
robust_summary,green,sirloin steak,3,48,2.0,0,uniaxial,unloading,51,0.8598404183723573,51.98551317267194,22.148132445780426,87.55725987913473,4,5,"1,3,4,5",2
robust_summary,green,sirloin steak,3,48,2.0,0,uniaxial,unloading,52,0.8605935716117264,41.60420621465052,11.905401524872545,76.9801702619882,4,5,"1,3,4,5",2
robust_summary,green,sirloin steak,3,48,2.0,0,uniaxial,unloading,53,0.8613467248510956,31.708126223258105,2.5168794624594977,67.53013197732214,4,5,"1,3,4,5",2
robust_summary,green,sirloin steak,3,48,2.0,0,uniaxial,unloading,54,0.8620998780904648,26.95758099750122,-1.600257734139051,62.49501570372523,4,5,"1,3,4,5",2
robust_summary,green,sirloin steak,3,48,2.0,0,uniaxial,unloading,55,0.862853031329834,22.595408645617688,-5.717394930737601,58.04245874093835,4,5,"1,3,4,5",2
robust_summary,green,sirloin steak,3,48,2.0,0,uniaxial,unloading,56,0.8636061845692032,18.23323629373415,-9.834532127336148,53.589901778151464,4,5,"1,3,4,5",2
robust_summary,green,sirloin steak,3,48,2.0,0,uniaxial,unloading,57,0.8643593378085724,13.87106394185062,-13.951669323934698,49.137344815364585,4,5,"1,3,4,5",2
robust_summary,green,sirloin steak,3,48,2.0,0,uniaxial,unloading,58,0.8651124910479416,9.508891589967082,-18.068806520533247,44.6847878525777,4,5,"1,3,4,5",2
robust_summary,green,sirloin steak,3,48,2.0,0,uniaxial,unloading,59,0.8658656442873108,5.14671923808355,-22.185943717131796,40.23223088979081,4,5,"1,3,4,5",2
robust_summary,green,sirloin steak,3,48,2.0,0,uniaxial,unloading,60,0.86661879752668,0.7845468862000171,-26.30308091373034,35.77967392700393,4,5,"1,3,4,5",2
robust_summary,green,sirloin steak,3,48,2.0,0,uniaxial,unloading,61,0.8673719507660492,-3.189523806860757,-30.032116451506134,31.327116964217048,4,5,"1,3,4,5",2
robust_summary,green,sirloin steak,3,48,2.0,0,uniaxial,unloading,62,0.8681251040054184,-6.280725125477918,-32.878282614838305,26.874560001430165,4,5,"1,3,4,5",2
robust_summary,green,sirloin steak,3,48,2.0,0,uniaxial,unloading,63,0.8688782572447876,-9.371926444095084,-35.72444877817049,22.42200303864328,4,5,"1,3,4,5",2
robust_summary,green,sirloin steak,3,48,2.0,0,uniaxial,unloading,64,0.8696314104841568,-12.463127762712247,-38.57061494150267,17.969446075856393,4,5,"1,3,4,5",2
robust_summary,green,sirloin steak,3,48,2.0,0,uniaxial,unloading,65,0.870384563723526,-15.554329081329413,-41.41678110483485,13.516889113069508,4,5,"1,3,4,5",2
robust_summary,green,sirloin steak,3,48,2.0,0,uniaxial,unloading,66,0.8711377169628952,-18.645530399946576,-44.262947268167025,9.064332150282624,4,5,"1,3,4,5",2
robust_summary,green,sirloin steak,3,48,2.0,0,uniaxial,unloading,67,0.8718908702022644,-21.73673171856374,-47.1091134314992,4.611775187495745,4,5,"1,3,4,5",2
robust_summary,green,sirloin steak,3,48,2.0,0,uniaxial,unloading,68,0.8726440234416336,-24.827933037180905,-49.95527959483138,0.1592182247088605,4,5,"1,3,4,5",2
robust_summary,green,sirloin steak,3,48,2.0,0,uniaxial,unloading,69,0.8733971766810029,-27.919134355798523,-52.80144575816398,-4.293338738078681,4,5,"1,3,4,5",2
robust_summary,green,sirloin steak,3,48,2.0,0,uniaxial,unloading,70,0.8741503299203721,-31.010335674415693,-55.647611921496164,-8.74589570086557,4,5,"1,3,4,5",2
robust_summary,green,sirloin steak,3,48,2.0,0,uniaxial,unloading,71,0.8749034831597413,-34.10153699303285,-58.493778084828335,-13.19845266365245,4,5,"1,3,4,5",2
robust_summary,green,sirloin steak,3,48,2.0,0,uniaxial,unloading,72,0.8756566363991105,-37.19273831165002,-61.33994424816052,-17.65100962643933,4,5,"1,3,4,5",2
robust_summary,green,sirloin steak,3,48,2.0,0,uniaxial,unloading,73,0.8764097896384797,-40.283939630267184,-64.18611041149269,-22.103566589226222,4,5,"1,3,4,5",2
robust_summary,green,sirloin steak,3,48,2.0,0,uniaxial,unloading,74,0.8771629428778489,-43.375140948884344,-67.03227657482488,-26.5561235520131,4,5,"1,3,4,5",2
robust_summary,green,sirloin steak,3,48,2.0,0,uniaxial,unloading,75,0.8779160961172181,-46.46634226750151,-69.87844273815705,-31.008680514799988,4,5,"1,3,4,5",2
robust_summary,green,sirloin steak,3,48,2.0,0,uniaxial,unloading,76,0.8786692493565873,-49.55754358611867,-72.72460890148923,-35.46123747758687,4,5,"1,3,4,5",2
robust_summary,green,sirloin steak,3,48,2.0,0,uniaxial,unloading,77,0.8794224025959565,-52.64874490473583,-75.5707750648214,-39.91379444037375,4,5,"1,3,4,5",2
robust_summary,green,sirloin steak,3,48,2.0,0,uniaxial,unloading,78,0.8801755558353257,-56.3521373682182,-78.41694122815359,-44.97854254802584,4,5,"1,3,4,5",2
robust_summary,green,sirloin steak,3,48,2.0,0,uniaxial,unloading,79,0.8809287090746949,-60.405008631338475,-81.26310739148576,-50.39276945531584,4,5,"1,3,4,5",2
robust_summary,red,new york strip steak,1,0,0.0,0,shear,shear,0,0.00137044,26.11606487267844,20.14019221692257,35.751,5,5,"1,2,3,4,5",
robust_summary,red,new york strip steak,1,0,0.0,0,shear,shear,1,0.0032754355555555557,32.76726495575731,23.225681483101564,58.905444293856284,5,5,"1,2,3,4,5",
robust_summary,red,new york strip steak,1,0,0.0,0,shear,shear,2,0.005180431111111112,42.29356933251138,26.31117074928056,62.200150425050914,5,5,"1,2,3,4,5",
robust_summary,red,new york strip steak,1,0,0.0,0,shear,shear,3,0.007085426666666667,54.062818933434805,29.396660015459553,65.49485655624555,5,5,"1,2,3,4,5",
robust_summary,red,new york strip steak,1,0,0.0,0,shear,shear,4,0.008990422222222223,65.83206853435823,32.48214928163854,68.78956268744018,5,5,"1,2,3,4,5",
robust_summary,red,new york strip steak,1,0,0.0,0,shear,shear,5,0.010895417777777779,77.60131813528166,40.32333858217498,79.82614473275733,5,5,"1,2,3,4,5",
robust_summary,red,new york strip steak,1,0,0.0,0,shear,shear,6,0.012800413333333335,89.37056773620509,51.456813455745575,95.24826216545334,5,5,"1,2,3,4,5",
robust_summary,red,new york strip steak,1,0,0.0,0,shear,shear,7,0.014705408888888891,102.29199160470431,62.59028832931616,110.67037959814937,5,5,"1,2,3,4,5",
robust_summary,red,new york strip steak,1,0,0.0,0,shear,shear,8,0.016610404444444445,116.74117165416666,73.72376320288673,126.09249703084538,5,5,"1,2,3,4,5",
robust_summary,red,new york strip steak,1,0,0.0,0,shear,shear,9,0.0185154,131.19035170362903,84.85723807645732,141.5146144635414,5,5,"1,2,3,4,5",
robust_summary,red,new york strip steak,1,0,0.0,0,shear,shear,10,0.020420395555555557,145.6395317530914,94.32519619698003,152.2582126023206,5,5,"1,2,3,4,5",
robust_summary,red,new york strip steak,1,0,0.0,0,shear,shear,11,0.022325391111111113,160.08871180255377,100.58190548989705,160.64769843065264,5,5,"1,2,3,4,5",
robust_summary,red,new york strip steak,1,0,0.0,0,shear,shear,12,0.02423038666666667,169.0371842589847,106.83861478281408,173.3618808588641,5,5,"1,2,3,4,5",
robust_summary,red,new york strip steak,1,0,0.0,0,shear,shear,13,0.026135382222222225,177.42667008731672,113.0953240757311,182.52717843897426,5,5,"1,2,3,4,5",
robust_summary,red,new york strip steak,1,0,0.0,0,shear,shear,14,0.02804037777777778,185.81615591564878,119.35203336864812,191.6924760190844,5,5,"1,2,3,4,5",
robust_summary,red,new york strip steak,1,0,0.0,0,shear,shear,15,0.029945373333333337,192.43456232054774,125.31785419159081,200.85777359919456,5,5,"1,2,3,4,5",
robust_summary,red,new york strip steak,1,0,0.0,0,shear,shear,16,0.03185036888888889,198.32499987729759,129.7050416153735,210.02307117930468,5,5,"1,2,3,4,5",
robust_summary,red,new york strip steak,1,0,0.0,0,shear,shear,17,0.03375536444444445,204.21543743404746,134.0922290391562,219.18836875941483,5,5,"1,2,3,4,5",
robust_summary,red,new york strip steak,1,0,0.0,0,shear,shear,18,0.03566036,210.1058749907973,138.47941646293887,226.24081962431384,5,5,"1,2,3,4,5",
robust_summary,red,new york strip steak,1,0,0.0,0,shear,shear,19,0.03756535555555556,215.99631254754718,142.86660388672158,233.27559396574398,5,5,"1,2,3,4,5",
robust_summary,red,new york strip steak,1,0,0.0,0,shear,shear,20,0.039470351111111114,220.8393414287923,147.25379131050425,240.3103683071741,5,5,"1,2,3,4,5",
robust_summary,red,new york strip steak,1,0,0.0,0,shear,shear,21,0.041375346666666674,225.27010068727074,150.7386410970899,247.34514264860422,5,5,"1,2,3,4,5",
robust_summary,red,new york strip steak,1,0,0.0,0,shear,shear,22,0.043280342222222226,229.7008599457492,154.13166843161093,254.37991699003433,5,5,"1,2,3,4,5",
robust_summary,red,new york strip steak,1,0,0.0,0,shear,shear,23,0.045185337777777786,234.13161920422763,157.524695766132,260.2780896240844,5,5,"1,2,3,4,5",
robust_summary,red,new york strip steak,1,0,0.0,0,shear,shear,24,0.04709033333333334,238.56237846270608,160.91772310065303,265.85541149480804,5,5,"1,2,3,4,5",
robust_summary,red,new york strip steak,1,0,0.0,0,shear,shear,25,0.0489953288888889,242.39712036897205,164.31075043517407,271.4327333655317,5,5,"1,2,3,4,5",
robust_summary,red,new york strip steak,1,0,0.0,0,shear,shear,26,0.05090032444444445,246.01983246823465,167.10499427510217,277.0100552362553,5,5,"1,2,3,4,5",
robust_summary,red,new york strip steak,1,0,0.0,0,shear,shear,27,0.05280532000000001,249.64254456749728,169.65738984080375,282.58737710697903,5,5,"1,2,3,4,5",
robust_summary,red,new york strip steak,1,0,0.0,0,shear,shear,28,0.05471031555555556,253.2652566667599,172.20978540650532,287.4527932277171,5,5,"1,2,3,4,5",
robust_summary,red,new york strip steak,1,0,0.0,0,shear,shear,29,0.05661531111111112,256.88796876602254,174.76218097220686,291.76468857489476,5,5,"1,2,3,4,5",
robust_summary,red,new york strip steak,1,0,0.0,0,shear,shear,30,0.058520306666666674,259.91566981623413,177.31457653790844,296.07658392207236,5,5,"1,2,3,4,5",
robust_summary,red,new york strip steak,1,0,0.0,0,shear,shear,31,0.060425302222222234,262.7257874738505,179.30481961787373,300.38847926925,5,5,"1,2,3,4,5",
robust_summary,red,new york strip steak,1,0,0.0,0,shear,shear,32,0.062330297777777786,265.5359051314669,180.7148048484116,304.7003746164276,5,5,"1,2,3,4,5",
robust_summary,red,new york strip steak,1,0,0.0,0,shear,shear,33,0.06423529333333335,268.3460227890833,182.1247900789495,308.68491060271,5,5,"1,2,3,4,5",
robust_summary,red,new york strip steak,1,0,0.0,0,shear,shear,34,0.0661402888888889,271.1561404466997,183.53477530948737,312.0099018401619,5,5,"1,2,3,4,5",
robust_summary,red,new york strip steak,1,0,0.0,0,shear,shear,35,0.06804528444444445,273.75363203051813,184.94476054002524,315.33489307761386,5,5,"1,2,3,4,5",
robust_summary,red,new york strip steak,1,0,0.0,0,shear,shear,36,0.06995028,276.2863900332017,186.41748201233028,318.65988431506577,5,5,"1,2,3,4,5",
robust_summary,red,new york strip steak,1,0,0.0,0,shear,shear,37,0.07185527555555557,278.8191480358853,188.05212279709698,321.9848755525177,5,5,"1,2,3,4,5",
robust_summary,red,new york strip steak,1,0,0.0,0,shear,shear,38,0.07376027111111112,281.3519060385689,189.68676358186372,325.2753157316088,5,5,"1,2,3,4,5",
robust_summary,red,new york strip steak,1,0,0.0,0,shear,shear,39,0.07566526666666668,283.8846640412525,191.32140436663042,328.2860258139425,5,5,"1,2,3,4,5",
robust_summary,red,new york strip steak,1,0,0.0,0,shear,shear,40,0.07757026222222223,286.09377406772927,192.95604515139712,331.29673589627623,5,5,"1,2,3,4,5",
robust_summary,red,new york strip steak,1,0,0.0,0,shear,shear,41,0.0794752577777778,288.1976775406712,194.56460830299446,334.3074459786099,5,5,"1,2,3,4,5",
robust_summary,red,new york strip steak,1,0,0.0,0,shear,shear,42,0.08138025333333335,290.30158101361303,195.8175755824566,337.3181560609436,5,5,"1,2,3,4,5",
robust_summary,red,new york strip steak,1,0,0.0,0,shear,shear,43,0.0832852488888889,292.40548448655494,197.07054286191877,340.3288661432773,5,5,"1,2,3,4,5",
robust_summary,red,new york strip steak,1,0,0.0,0,shear,shear,44,0.08519024444444445,294.50938795949685,198.32351014138092,342.87469966629465,5,5,"1,2,3,4,5",
robust_summary,red,new york strip steak,1,0,0.0,0,shear,shear,45,0.08709524000000002,296.4286493567943,199.57647742084308,345.382961267303,5,5,"1,2,3,4,5",
robust_summary,red,new york strip steak,1,0,0.0,0,shear,shear,46,0.08900023555555557,298.2989983866463,200.82944470030523,347.89122286831133,5,5,"1,2,3,4,5",
robust_summary,red,new york strip steak,1,0,0.0,0,shear,shear,47,0.09090523111111112,300.1693474164983,201.8528528704033,350.39948446931965,5,5,"1,2,3,4,5",
robust_summary,red,new york strip steak,1,0,0.0,0,shear,shear,48,0.09281022666666668,302.0396964463502,202.83074607417942,352.907746070328,5,5,"1,2,3,4,5",
robust_summary,red,new york strip steak,1,0,0.0,0,shear,shear,49,0.09471522222222223,303.9100454762022,203.80863927795554,354.95140011333956,5,5,"1,2,3,4,5",
robust_summary,red,new york strip steak,1,0,0.0,0,shear,shear,50,0.0966202177777778,305.42495681695226,204.78653248173165,356.76957094715266,5,5,"1,2,3,4,5",
robust_summary,red,new york strip steak,1,0,0.0,0,shear,shear,51,0.09852521333333335,306.86204534283246,205.76442568550777,358.58774178096576,5,5,"1,2,3,4,5",
robust_summary,red,new york strip steak,1,0,0.0,0,shear,shear,52,0.1004302088888889,308.29913386871266,206.94740409410574,360.40591261477886,5,5,"1,2,3,4,5",
robust_summary,red,new york strip steak,1,0,0.0,0,shear,shear,53,0.10233520444444445,309.7362223945928,208.2332131764015,362.22408344859195,5,5,"1,2,3,4,5",
robust_summary,red,new york strip steak,1,0,0.0,0,shear,shear,54,0.10424020000000002,311.173310920473,209.51902225869733,363.94089234939764,5,5,"1,2,3,4,5",
robust_summary,red,new york strip steak,1,0,0.0,0,shear,shear,55,0.10614519555555557,312.4316594462484,210.8048313409931,365.55879971932177,5,5,"1,2,3,4,5",
robust_summary,red,new york strip steak,1,0,0.0,0,shear,shear,56,0.10805019111111112,313.65582910512904,212.0906404232889,367.1767070892459,5,5,"1,2,3,4,5",
robust_summary,red,new york strip steak,1,0,0.0,0,shear,shear,57,0.10995518666666668,314.87999876400966,213.19346525230054,368.79461445917,5,5,"1,2,3,4,5",
robust_summary,red,new york strip steak,1,0,0.0,0,shear,shear,58,0.11186018222222224,316.10416842289027,214.04473184750734,370.4125218290942,5,5,"1,2,3,4,5",
robust_summary,red,new york strip steak,1,0,0.0,0,shear,shear,59,0.1137651777777778,317.3283380817709,214.89599844271413,371.88918713900136,5,5,"1,2,3,4,5",
robust_summary,red,new york strip steak,1,0,0.0,0,shear,shear,60,0.11567017333333335,317.9619973197697,215.74726503792093,372.9986349554656,5,5,"1,2,3,4,5",
robust_summary,red,new york strip steak,1,0,0.0,0,shear,shear,61,0.1175751688888889,318.4729164414303,216.59853163312772,374.10808277192984,5,5,"1,2,3,4,5",
robust_summary,red,new york strip steak,1,0,0.0,0,shear,shear,62,0.11948016444444447,318.9838355630909,217.30943524676374,375.2175305883941,5,5,"1,2,3,4,5",
robust_summary,red,new york strip steak,1,0,0.0,0,shear,shear,63,0.12138516000000002,319.4947546847515,217.55044955097088,376.3269784048583,5,5,"1,2,3,4,5",
robust_summary,red,new york strip steak,1,0,0.0,0,shear,shear,64,0.12329015555555557,320.0056738064121,217.791463855178,377.43612258064513,5,5,"1,2,3,4,5",
robust_summary,red,new york strip steak,1,0,0.0,0,shear,shear,65,0.12519515111111112,320.8278437420986,218.0324781593851,378.54224903225804,5,5,"1,2,3,4,5",
robust_summary,red,new york strip steak,1,0,0.0,0,shear,shear,66,0.1271001466666667,321.6948455120101,218.27349246359222,379.648375483871,5,5,"1,2,3,4,5",
robust_summary,red,new york strip steak,1,0,0.0,0,shear,shear,67,0.12900514222222223,322.5618472819216,218.53333774378584,380.75450193548386,5,5,"1,2,3,4,5",
robust_summary,red,new york strip steak,1,0,0.0,0,shear,shear,68,0.1309101377777778,323.42884905183314,219.26144211331388,381.8606283870968,5,5,"1,2,3,4,5",
robust_summary,red,new york strip steak,1,0,0.0,0,shear,shear,69,0.13281513333333336,324.29585082174464,219.98954648284192,382.96675483870973,5,5,"1,2,3,4,5",
robust_summary,red,new york strip steak,1,0,0.0,0,shear,shear,70,0.1347201288888889,325.18563310182736,220.71765085236993,383.80210296505635,5,5,"1,2,3,4,5",
robust_summary,red,new york strip steak,1,0,0.0,0,shear,shear,71,0.13662512444444447,326.078190511781,221.44575522189797,384.6019396133316,5,5,"1,2,3,4,5",
robust_summary,red,new york strip steak,1,0,0.0,0,shear,shear,72,0.13853012,326.9707479217345,222.17385959142598,385.4017762616068,5,5,"1,2,3,4,5",
robust_summary,red,new york strip steak,1,0,0.0,0,shear,shear,73,0.14043511555555557,327.86330533168814,222.8703110396729,386.20161290988204,5,5,"1,2,3,4,5",
robust_summary,red,new york strip steak,1,0,0.0,0,shear,shear,74,0.14234011111111114,328.7558627416417,223.55993791840768,387.0014495581573,5,5,"1,2,3,4,5",
robust_summary,red,new york strip steak,1,0,0.0,0,shear,shear,75,0.14424510666666668,329.12730270524287,224.24956479714245,388.0035657522927,5,5,"1,2,3,4,5",
robust_summary,red,new york strip steak,1,0,0.0,0,shear,shear,76,0.14615010222222224,329.4583971458297,224.93919167587725,389.09956692398134,5,5,"1,2,3,4,5",
robust_summary,red,new york strip steak,1,0,0.0,0,shear,shear,77,0.1480550977777778,329.7894915864165,225.62881855461202,390.19556809567,5,5,"1,2,3,4,5",
robust_summary,red,new york strip steak,1,0,0.0,0,shear,shear,78,0.14996009333333335,330.1205860270033,226.09367231140615,391.2915692673587,5,5,"1,2,3,4,5",
robust_summary,red,new york strip steak,1,0,0.0,0,shear,shear,79,0.15186508888888892,330.45168046759017,226.4265004425669,392.38757043904735,5,5,"1,2,3,4,5",
robust_summary,red,new york strip steak,1,0,0.0,0,shear,shear,80,0.15377008444444445,330.33490472567905,226.75932857372763,393.3729061605473,5,5,"1,2,3,4,5",
robust_summary,red,new york strip steak,1,0,0.0,0,shear,shear,81,0.15567508000000002,330.1888456907825,227.09215670488837,394.23642223521114,5,5,"1,2,3,4,5",
robust_summary,red,new york strip steak,1,0,0.0,0,shear,shear,82,0.1575800755555556,330.042786655886,227.4249848360491,395.0999383098749,5,5,"1,2,3,4,5",
robust_summary,red,new york strip steak,1,0,0.0,0,shear,shear,83,0.15948507111111113,329.89672762098945,227.78692163589278,395.96345438453875,5,5,"1,2,3,4,5",
robust_summary,red,new york strip steak,1,0,0.0,0,shear,shear,84,0.1613900666666667,329.75066858609296,228.19056311169408,396.8269704592025,5,5,"1,2,3,4,5",
robust_summary,red,new york strip steak,1,0,0.0,0,shear,shear,85,0.16329506222222223,330.0281817179146,228.59420458749537,397.7521483409958,5,5,"1,2,3,4,5",
robust_summary,red,new york strip steak,1,0,0.0,0,shear,shear,86,0.1652000577777778,330.32279754663676,228.9978460632967,398.85088180900925,5,5,"1,2,3,4,5",
robust_summary,red,new york strip steak,1,0,0.0,0,shear,shear,87,0.16710505333333336,330.617413375359,229.40148753909799,399.9496152770227,5,5,"1,2,3,4,5",
robust_summary,red,new york strip steak,1,0,0.0,0,shear,shear,88,0.1690100488888889,330.91202920408114,229.73859862104473,401.04834874503615,5,5,"1,2,3,4,5",
robust_summary,red,new york strip steak,1,0,0.0,0,shear,shear,89,0.17091504444444447,331.20664503280335,229.82303480966613,402.14708221304966,5,5,"1,2,3,4,5",
robust_summary,red,new york strip steak,1,0,0.0,0,shear,shear,90,0.17282004000000004,331.5707901932214,229.9074709982875,403.2281449359039,5,5,"1,2,3,4,5",
robust_summary,red,new york strip steak,1,0,0.0,0,shear,shear,91,0.17472503555555557,331.93746814674034,229.9919071869089,403.9726834229445,5,5,"1,2,3,4,5",
robust_summary,red,new york strip steak,1,0,0.0,0,shear,shear,92,0.17663003111111114,332.3041461002593,230.07634337553026,404.7172219099851,5,5,"1,2,3,4,5",
robust_summary,red,new york strip steak,1,0,0.0,0,shear,shear,93,0.17853502666666668,332.67082405377823,230.16077956415165,405.46176039702567,5,5,"1,2,3,4,5",
robust_summary,red,new york strip steak,1,0,0.0,0,shear,shear,94,0.18044002222222225,333.0375020072972,230.6167220621649,406.20629888406626,5,5,"1,2,3,4,5",
robust_summary,red,new york strip steak,1,0,0.0,0,shear,shear,95,0.1823450177777778,333.7815309372956,231.0736369828638,406.95083737110684,5,5,"1,2,3,4,5",
robust_summary,red,new york strip steak,1,0,0.0,0,shear,shear,96,0.18425001333333335,334.5281482029717,231.53055190356267,407.8269010833082,5,5,"1,2,3,4,5",
robust_summary,red,new york strip steak,1,0,0.0,0,shear,shear,97,0.18615500888888892,335.2747654686478,231.98746682426156,408.7268492399424,5,5,"1,2,3,4,5",
robust_summary,red,new york strip steak,1,0,0.0,0,shear,shear,98,0.18806000444444446,336.0213827343239,232.44438174496045,409.62679739657653,5,5,"1,2,3,4,5",
robust_summary,red,new york strip steak,1,0,0.0,0,shear,shear,99,0.18996500000000002,336.768,232.386345955771,410.52674555321073,5,5,"1,2,3,4,5",
robust_summary,red,new york strip steak,1,0,0.0,0,uniaxial,compression,0,0.8177353970543052,-1735.1615878833022,-1914.3421375874084,-1296.5321274076318,5,5,"1,2,3,4,5",
robust_summary,red,new york strip steak,1,0,0.0,0,uniaxial,compression,1,0.8197657898723772,-1719.7808547641946,-1892.1893075000348,-1284.0575700586962,5,5,"1,2,3,4,5",
robust_summary,red,new york strip steak,1,0,0.0,0,uniaxial,compression,2,0.8217961826904493,-1704.4001216450872,-1870.0364774126613,-1271.5830127097606,5,5,"1,2,3,4,5",
robust_summary,red,new york strip steak,1,0,0.0,0,uniaxial,compression,3,0.8238265755085215,-1689.019388525979,-1847.8836473252868,-1259.1084553608243,5,5,"1,2,3,4,5",
robust_summary,red,new york strip steak,1,0,0.0,0,uniaxial,compression,4,0.8258569683265935,-1673.6386554068715,-1825.7308172379132,-1246.6338980118887,5,5,"1,2,3,4,5",
robust_summary,red,new york strip steak,1,0,0.0,0,uniaxial,compression,5,0.8278873611446655,-1658.2579222877641,-1803.57798715054,-1234.1593406629534,5,5,"1,2,3,4,5",
robust_summary,red,new york strip steak,1,0,0.0,0,uniaxial,compression,6,0.8299177539627376,-1642.8771891686567,-1781.4251570631664,-1221.6847833140177,5,5,"1,2,3,4,5",
robust_summary,red,new york strip steak,1,0,0.0,0,uniaxial,compression,7,0.8319481467808096,-1627.4964560495494,-1759.272326975793,-1209.2102259650821,5,5,"1,2,3,4,5",
robust_summary,red,new york strip steak,1,0,0.0,0,uniaxial,compression,8,0.8339785395988818,-1612.115722930441,-1737.1194968884183,-1196.7356686161459,5,5,"1,2,3,4,5",
robust_summary,red,new york strip steak,1,0,0.0,0,uniaxial,compression,9,0.8360089324169538,-1596.7349898113337,-1714.9666668010448,-1184.2611112672103,5,5,"1,2,3,4,5",
robust_summary,red,new york strip steak,1,0,0.0,0,uniaxial,compression,10,0.8380393252350259,-1577.1496792882187,-1691.5990979635699,-1170.7647344646944,5,5,"1,2,3,4,5",
robust_summary,red,new york strip steak,1,0,0.0,0,uniaxial,compression,11,0.8400697180530979,-1555.7056572764814,-1665.7274599849502,-1156.4410663483966,5,5,"1,2,3,4,5",
robust_summary,red,new york strip steak,1,0,0.0,0,uniaxial,compression,12,0.84210011087117,-1534.261635264744,-1639.8558220063308,-1142.117398232099,5,5,"1,2,3,4,5",
robust_summary,red,new york strip steak,1,0,0.0,0,uniaxial,compression,13,0.8441305036892421,-1512.8176132530054,-1613.9841840277097,-1127.7937301158006,5,5,"1,2,3,4,5",
robust_summary,red,new york strip steak,1,0,0.0,0,uniaxial,compression,14,0.8461608965073142,-1491.3735912412683,-1588.11254604909,-1113.4700619995028,5,5,"1,2,3,4,5",
robust_summary,red,new york strip steak,1,0,0.0,0,uniaxial,compression,15,0.8481912893253862,-1469.929569229531,-1562.2409080704704,-1099.1463938832053,5,5,"1,2,3,4,5",
robust_summary,red,new york strip steak,1,0,0.0,0,uniaxial,compression,16,0.8502216821434583,-1448.4855472177935,-1536.369270091851,-1084.8227257669078,5,5,"1,2,3,4,5",
robust_summary,red,new york strip steak,1,0,0.0,0,uniaxial,compression,17,0.8522520749615303,-1427.0415252060561,-1510.4976321132312,-1070.49905765061,5,5,"1,2,3,4,5",
robust_summary,red,new york strip steak,1,0,0.0,0,uniaxial,compression,18,0.8542824677796024,-1405.5975031943187,-1484.6259941346116,-1056.1753895343124,5,5,"1,2,3,4,5",
robust_summary,red,new york strip steak,1,0,0.0,0,uniaxial,compression,19,0.8563128605976745,-1384.1534811825802,-1458.7543561559905,-1041.851721418014,5,5,"1,2,3,4,5",
robust_summary,red,new york strip steak,1,0,0.0,0,uniaxial,compression,20,0.8583432534157466,-1369.5316222719443,-1439.5699090928015,-1029.9647724821039,5,5,"1,2,3,4,5",
robust_summary,red,new york strip steak,1,0,0.0,0,uniaxial,compression,21,0.8603736462338186,-1358.6882439247365,-1424.7198342365643,-1020.7201246732836,5,5,"1,2,3,4,5",
robust_summary,red,new york strip steak,1,0,0.0,0,uniaxial,compression,22,0.8624040390518907,-1347.8448655775285,-1409.8697593803274,-1011.4754768644635,5,5,"1,2,3,4,5",
robust_summary,red,new york strip steak,1,0,0.0,0,uniaxial,compression,23,0.8644344318699627,-1337.0014872303207,-1395.0196845240903,-1002.2308290556434,5,5,"1,2,3,4,5",
robust_summary,red,new york strip steak,1,0,0.0,0,uniaxial,compression,24,0.8664648246880349,-1326.1581088831122,-1380.1696096678522,-992.9861812468229,5,5,"1,2,3,4,5",
robust_summary,red,new york strip steak,1,0,0.0,0,uniaxial,compression,25,0.8684952175061069,-1315.3147305359041,-1365.3195348116153,-983.7415334380028,5,5,"1,2,3,4,5",
robust_summary,red,new york strip steak,1,0,0.0,0,uniaxial,compression,26,0.870525610324179,-1304.4713521886963,-1350.4694599553782,-974.4968856291827,5,5,"1,2,3,4,5",
robust_summary,red,new york strip steak,1,0,0.0,0,uniaxial,compression,27,0.872556003142251,-1293.6279738414883,-1335.619385099141,-965.2522378203626,5,5,"1,2,3,4,5",
robust_summary,red,new york strip steak,1,0,0.0,0,uniaxial,compression,28,0.8745863959603231,-1282.7845954942804,-1320.7693102429039,-956.0075900115424,5,5,"1,2,3,4,5",
robust_summary,red,new york strip steak,1,0,0.0,0,uniaxial,compression,29,0.8766167887783952,-1271.941217147072,-1305.919235386666,-946.7629422027218,5,5,"1,2,3,4,5",
robust_summary,red,new york strip steak,1,0,0.0,0,uniaxial,compression,30,0.8786471815964673,-1255.4658300240196,-1289.5098520730044,-936.3367470545022,5,5,"1,2,3,4,5",
robust_summary,red,new york strip steak,1,0,0.0,0,uniaxial,compression,31,0.8806775744145393,-1237.2930205071077,-1272.1539607925158,-925.1823874922395,5,5,"1,2,3,4,5",
robust_summary,red,new york strip steak,1,0,0.0,0,uniaxial,compression,32,0.8827079672326114,-1219.1202109901956,-1254.7980695120275,-914.0280279299768,5,5,"1,2,3,4,5",
robust_summary,red,new york strip steak,1,0,0.0,0,uniaxial,compression,33,0.8847383600506834,-1200.9474014732837,-1237.442178231539,-902.8736683677141,5,5,"1,2,3,4,5",
robust_summary,red,new york strip steak,1,0,0.0,0,uniaxial,compression,34,0.8867687528687556,-1182.7745919563706,-1220.0862869510497,-891.7193088054509,5,5,"1,2,3,4,5",
robust_summary,red,new york strip steak,1,0,0.0,0,uniaxial,compression,35,0.8887991456868276,-1164.6017824394587,-1202.7303956705614,-880.5649492431883,5,5,"1,2,3,4,5",
robust_summary,red,new york strip steak,1,0,0.0,0,uniaxial,compression,36,0.8908295385048997,-1146.4289729225468,-1185.3745043900728,-869.4105896809256,5,5,"1,2,3,4,5",
robust_summary,red,new york strip steak,1,0,0.0,0,uniaxial,compression,37,0.8928599313229717,-1128.2561634056347,-1168.0186131095845,-858.2562301186629,5,5,"1,2,3,4,5",
robust_summary,red,new york strip steak,1,0,0.0,0,uniaxial,compression,38,0.8948903241410437,-1110.0833538887227,-1150.662721829096,-847.1018705564002,5,5,"1,2,3,4,5",
robust_summary,red,new york strip steak,1,0,0.0,0,uniaxial,compression,39,0.8969207169591158,-1091.9105443718108,-1133.3068305486076,-835.9475109941376,5,5,"1,2,3,4,5",
robust_summary,red,new york strip steak,1,0,0.0,0,uniaxial,compression,40,0.898951109777188,-1081.6172308424173,-1120.3059284501421,-826.8394020441219,5,5,"1,2,3,4,5",
robust_summary,red,new york strip steak,1,0,0.0,0,uniaxial,compression,41,0.90098150259526,-1071.986976787486,-1109.2756154278038,-818.9915926485404,5,5,"1,2,3,4,5",
robust_summary,red,new york strip steak,1,0,0.0,0,uniaxial,compression,42,0.903011895413332,-1062.3567227325548,-1098.2453024054657,-811.1437832529589,5,5,"1,2,3,4,5",
robust_summary,red,new york strip steak,1,0,0.0,0,uniaxial,compression,43,0.9050422882314041,-1052.7264686776234,-1087.2149893831274,-803.2959738573774,5,5,"1,2,3,4,5",
robust_summary,red,new york strip steak,1,0,0.0,0,uniaxial,compression,44,0.9070726810494761,-1043.0962146226923,-1076.1846763607894,-795.4481644617958,5,5,"1,2,3,4,5",
robust_summary,red,new york strip steak,1,0,0.0,0,uniaxial,compression,45,0.9091030738675483,-1033.4659605677605,-1065.1543633384506,-787.6003550662139,5,5,"1,2,3,4,5",
robust_summary,red,new york strip steak,1,0,0.0,0,uniaxial,compression,46,0.9111334666856203,-1023.8357065128291,-1054.1240503161123,-779.7525456706323,5,5,"1,2,3,4,5",
robust_summary,red,new york strip steak,1,0,0.0,0,uniaxial,compression,47,0.9131638595036924,-1014.2054524578979,-1043.0937372937742,-771.9047362750508,5,5,"1,2,3,4,5",
robust_summary,red,new york strip steak,1,0,0.0,0,uniaxial,compression,48,0.9151942523217644,-1004.5751984029666,-1032.063424271436,-764.0569268794693,5,5,"1,2,3,4,5",
robust_summary,red,new york strip steak,1,0,0.0,0,uniaxial,compression,49,0.9172246451398365,-994.9449443480354,-1021.0331112490978,-756.2091174838878,5,5,"1,2,3,4,5",
robust_summary,red,new york strip steak,1,0,0.0,0,uniaxial,compression,50,0.9192550379579086,-979.7630623006326,-1008.495938667433,-747.789366465174,5,5,"1,2,3,4,5",
robust_summary,red,new york strip steak,1,0,0.0,0,uniaxial,compression,51,0.9212854307759807,-963.9400977092939,-995.835655679836,-739.1768680686596,5,5,"1,2,3,4,5",
robust_summary,red,new york strip steak,1,0,0.0,0,uniaxial,compression,52,0.9233158235940527,-948.1171331179554,-983.1753726922389,-730.5643696721451,5,5,"1,2,3,4,5",
robust_summary,red,new york strip steak,1,0,0.0,0,uniaxial,compression,53,0.9253462164121248,-932.2941685266168,-970.5150897046418,-721.9518712756305,5,5,"1,2,3,4,5",
robust_summary,red,new york strip steak,1,0,0.0,0,uniaxial,compression,54,0.9273766092301968,-916.4712039352783,-957.8548067170447,-713.3393728791161,5,5,"1,2,3,4,5",
robust_summary,red,new york strip steak,1,0,0.0,0,uniaxial,compression,55,0.929407002048269,-900.6482393439387,-945.1945237294469,-704.7268744826011,5,5,"1,2,3,4,5",
robust_summary,red,new york strip steak,1,0,0.0,0,uniaxial,compression,56,0.931437394866341,-884.8252747526002,-932.5342407418498,-696.1143760860866,5,5,"1,2,3,4,5",
robust_summary,red,new york strip steak,1,0,0.0,0,uniaxial,compression,57,0.9334677876844131,-869.0023101612616,-919.8739577542527,-687.5018776895722,5,5,"1,2,3,4,5",
robust_summary,red,new york strip steak,1,0,0.0,0,uniaxial,compression,58,0.9354981805024851,-853.179345569923,-907.2136747666557,-678.8893792930577,5,5,"1,2,3,4,5",
robust_summary,red,new york strip steak,1,0,0.0,0,uniaxial,compression,59,0.9375285733205572,-837.7058039035189,-894.5533917790585,-670.2768808965432,5,5,"1,2,3,4,5",
robust_summary,red,new york strip steak,1,0,0.0,0,uniaxial,compression,60,0.9395589661386292,-826.2273497081428,-884.846520565396,-663.6744904346174,5,5,"1,2,3,4,5",
robust_summary,red,new york strip steak,1,0,0.0,0,uniaxial,compression,61,0.9415893589567014,-814.7488955127661,-875.8341815487317,-658.0856050132188,5,5,"1,2,3,4,5",
robust_summary,red,new york strip steak,1,0,0.0,0,uniaxial,compression,62,0.9436197517747734,-803.2704413173901,-866.8218425320681,-652.4967195918206,5,5,"1,2,3,4,5",
robust_summary,red,new york strip steak,1,0,0.0,0,uniaxial,compression,63,0.9456501445928455,-791.791987122014,-857.8095035154045,-646.9078341704223,5,5,"1,2,3,4,5",
robust_summary,red,new york strip steak,1,0,0.0,0,uniaxial,compression,64,0.9476805374109175,-780.313532926638,-848.7971644987408,-641.3189487490241,5,5,"1,2,3,4,5",
robust_summary,red,new york strip steak,1,0,0.0,0,uniaxial,compression,65,0.9497109302289897,-768.8350787312613,-839.7848254820766,-635.7300633276255,5,5,"1,2,3,4,5",
robust_summary,red,new york strip steak,1,0,0.0,0,uniaxial,compression,66,0.9517413230470617,-757.3566245358852,-830.772486465413,-630.1411779062273,5,5,"1,2,3,4,5",
robust_summary,red,new york strip steak,1,0,0.0,0,uniaxial,compression,67,0.9537717158651338,-745.8781703405091,-821.7601474487492,-624.5522924848291,5,5,"1,2,3,4,5",
robust_summary,red,new york strip steak,1,0,0.0,0,uniaxial,compression,68,0.9558021086832058,-734.3997161451331,-812.7478084320855,-618.9634070634309,5,5,"1,2,3,4,5",
robust_summary,red,new york strip steak,1,0,0.0,0,uniaxial,compression,69,0.9578325015012779,-722.9212619497571,-803.3435296235419,-613.3745216420326,5,5,"1,2,3,4,5",
robust_summary,red,new york strip steak,1,0,0.0,0,uniaxial,compression,70,0.9598628943193499,-698.933399957653,-781.3223640541255,-598.718398951354,5,5,"1,2,3,4,5",
robust_summary,red,new york strip steak,1,0,0.0,0,uniaxial,compression,71,0.961893287137422,-672.4934173557194,-759.301198484709,-582.6319101789816,5,5,"1,2,3,4,5",
robust_summary,red,new york strip steak,1,0,0.0,0,uniaxial,compression,72,0.9639236799554941,-646.0534347537844,-737.2800329152914,-566.5454214066082,5,5,"1,2,3,4,5",
robust_summary,red,new york strip steak,1,0,0.0,0,uniaxial,compression,73,0.9659540727735662,-619.6134521518508,-715.2588673458749,-550.4589326342357,5,5,"1,2,3,4,5",
robust_summary,red,new york strip steak,1,0,0.0,0,uniaxial,compression,74,0.9679844655916382,-593.1734695499172,-693.2377017764584,-534.3724438618632,5,5,"1,2,3,4,5",
robust_summary,red,new york strip steak,1,0,0.0,0,uniaxial,compression,75,0.9700148584097102,-566.7334869479835,-671.2165362070419,-518.2859550894908,5,5,"1,2,3,4,5",
robust_summary,red,new york strip steak,1,0,0.0,0,uniaxial,compression,76,0.9720452512277824,-540.2935043460484,-649.1953706376244,-502.1994663171174,5,5,"1,2,3,4,5",
robust_summary,red,new york strip steak,1,0,0.0,0,uniaxial,compression,77,0.9740756440458544,-513.8535217441149,-627.1742050682078,-486.1129775447449,5,5,"1,2,3,4,5",
robust_summary,red,new york strip steak,1,0,0.0,0,uniaxial,compression,78,0.9761060368639265,-487.41353914218126,-605.1530394987914,-470.0264887723725,5,5,"1,2,3,4,5",
robust_summary,red,new york strip steak,1,0,0.0,0,uniaxial,compression,79,0.9781364296819985,-460.97355654024767,-583.1318739293749,-453.94,5,5,"1,2,3,4,5",
robust_summary,red,new york strip steak,1,0,0.0,0,uniaxial,unloading,0,0.8210703902191737,713.9924101455998,573.688182298411,878.6694534962986,4,5,"1,2,4,5",3
robust_summary,red,new york strip steak,1,0,0.0,0,uniaxial,unloading,1,0.8218289805831104,699.2514256128075,561.198843442597,858.5131885837719,4,5,"1,2,4,5",3
robust_summary,red,new york strip steak,1,0,0.0,0,uniaxial,unloading,2,0.822587570947047,684.5104410800151,548.7095045867829,838.3569236712451,4,5,"1,2,4,5",3
robust_summary,red,new york strip steak,1,0,0.0,0,uniaxial,unloading,3,0.8233461613109838,669.7694565472207,536.220165730967,818.2006587587155,4,5,"1,2,4,5",3
robust_summary,red,new york strip steak,1,0,0.0,0,uniaxial,unloading,4,0.8241047516749205,655.0284720144282,523.730826875153,798.0443938461888,4,5,"1,2,4,5",3
robust_summary,red,new york strip steak,1,0,0.0,0,uniaxial,unloading,5,0.8248633420388571,640.2874874816359,511.2414880193389,777.8881289336621,4,5,"1,2,4,5",3
robust_summary,red,new york strip steak,1,0,0.0,0,uniaxial,unloading,6,0.8256219324027938,625.5465029488435,498.7521491635248,757.7318640211353,4,5,"1,2,4,5",3
robust_summary,red,new york strip steak,1,0,0.0,0,uniaxial,unloading,7,0.8263805227667305,610.8055184160512,486.26281030771077,737.5755991086086,4,5,"1,2,4,5",3
robust_summary,red,new york strip steak,1,0,0.0,0,uniaxial,unloading,8,0.8271391131306671,596.0645338832587,473.7734714518966,717.4193341960818,4,5,"1,2,4,5",3
robust_summary,red,new york strip steak,1,0,0.0,0,uniaxial,unloading,9,0.8278977034946039,581.3235493504643,461.2841325960808,697.2630692835521,4,5,"1,2,4,5",3
robust_summary,red,new york strip steak,1,0,0.0,0,uniaxial,unloading,10,0.8286562938585406,566.5825648176719,448.79479374026675,677.1068043710254,4,5,"1,2,4,5",3
robust_summary,red,new york strip steak,1,0,0.0,0,uniaxial,unloading,11,0.8294148842224772,551.8415802848796,436.3054548844526,656.9505394584987,4,5,"1,2,4,5",3
robust_summary,red,new york strip steak,1,0,0.0,0,uniaxial,unloading,12,0.8301734745864139,537.1005957520872,423.8161160286386,636.7942745459719,4,5,"1,2,4,5",3
robust_summary,red,new york strip steak,1,0,0.0,0,uniaxial,unloading,13,0.8309320649503505,522.3596112192948,411.3267771728245,616.6380096334452,4,5,"1,2,4,5",3
robust_summary,red,new york strip steak,1,0,0.0,0,uniaxial,unloading,14,0.8316906553142872,507.61862668650247,398.8374383170104,596.4817447209184,4,5,"1,2,4,5",3
robust_summary,red,new york strip steak,1,0,0.0,0,uniaxial,unloading,15,0.832449245678224,492.87764215370794,386.3480994611946,576.3254798083888,4,5,"1,2,4,5",3
robust_summary,red,new york strip steak,1,0,0.0,0,uniaxial,unloading,16,0.8332078360421606,474.82889086773525,373.8587606053805,552.8614481426816,4,5,"1,2,4,5",3
robust_summary,red,new york strip steak,1,0,0.0,0,uniaxial,unloading,17,0.8339664264060973,453.39598922583195,361.3694217495664,526.013266121044,4,5,"1,2,4,5",3
robust_summary,red,new york strip steak,1,0,0.0,0,uniaxial,unloading,18,0.834725016770034,431.96308758392865,348.8800828937524,499.16508409940633,4,5,"1,2,4,5",3
robust_summary,red,new york strip steak,1,0,0.0,0,uniaxial,unloading,19,0.8354836071339706,410.5301859420254,336.3907440379383,472.31690207776876,4,5,"1,2,4,5",3
robust_summary,red,new york strip steak,1,0,0.0,0,uniaxial,unloading,20,0.8362421974979074,389.097284300119,323.9014051821224,445.46872005612715,4,5,"1,2,4,5",3
robust_summary,red,new york strip steak,1,0,0.0,0,uniaxial,unloading,21,0.8370007878618441,367.6643826582157,311.4120663263083,418.62053803448947,4,5,"1,2,4,5",3
robust_summary,red,new york strip steak,1,0,0.0,0,uniaxial,unloading,22,0.8377593782257807,346.2314810163124,298.92272747049424,391.77235601285184,4,5,"1,2,4,5",3
robust_summary,red,new york strip steak,1,0,0.0,0,uniaxial,unloading,23,0.8385179685897174,324.7985793744091,286.43338861468015,364.92417399121416,4,5,"1,2,4,5",3
robust_summary,red,new york strip steak,1,0,0.0,0,uniaxial,unloading,24,0.839276558953654,303.3656777325059,273.9440497588661,338.0759919695766,4,5,"1,2,4,5",3
robust_summary,red,new york strip steak,1,0,0.0,0,uniaxial,unloading,25,0.8400351493175907,281.9327760906026,257.7459961376718,314.9365247133191,4,5,"1,2,4,5",3
robust_summary,red,new york strip steak,1,0,0.0,0,uniaxial,unloading,26,0.8407937396815275,260.4998744486961,232.38277061050778,301.2302010931142,4,5,"1,2,4,5",3
robust_summary,red,new york strip steak,1,0,0.0,0,uniaxial,unloading,27,0.8415523300454641,243.92620796587468,212.58864955917326,290.3986817932397,4,5,"1,2,4,5",3
robust_summary,red,new york strip steak,1,0,0.0,0,uniaxial,unloading,28,0.8423109204094008,235.9689607071913,205.4663514577818,280.7530895546497,4,5,"1,2,4,5",3
robust_summary,red,new york strip steak,1,0,0.0,0,uniaxial,unloading,29,0.8430695107733375,228.01171344850786,198.3440533563903,271.1074973160597,4,5,"1,2,4,5",3
robust_summary,red,new york strip steak,1,0,0.0,0,uniaxial,unloading,30,0.8438281011372741,220.05446618982444,191.2217552549988,261.46190507746974,4,5,"1,2,4,5",3
robust_summary,red,new york strip steak,1,0,0.0,0,uniaxial,unloading,31,0.8445866915012108,212.09721893114101,184.09945715360732,251.8163128388798,4,5,"1,2,4,5",3
robust_summary,red,new york strip steak,1,0,0.0,0,uniaxial,unloading,32,0.8453452818651476,204.13997167245645,176.9771590522148,242.17072060028846,4,5,"1,2,4,5",3
robust_summary,red,new york strip steak,1,0,0.0,0,uniaxial,unloading,33,0.8461038722290842,196.18272441377303,169.8548609508233,232.52512836169848,4,5,"1,2,4,5",3
robust_summary,red,new york strip steak,1,0,0.0,0,uniaxial,unloading,34,0.8468624625930209,188.2254771550896,162.73256284943182,222.8795361231085,4,5,"1,2,4,5",3
robust_summary,red,new york strip steak,1,0,0.0,0,uniaxial,unloading,35,0.8476210529569576,180.26822989640618,155.61026474804032,213.23394388451854,4,5,"1,2,4,5",3
robust_summary,red,new york strip steak,1,0,0.0,0,uniaxial,unloading,36,0.8483796433208942,172.31098263772282,148.48796664664886,203.58835164592858,4,5,"1,2,4,5",3
robust_summary,red,new york strip steak,1,0,0.0,0,uniaxial,unloading,37,0.849138233684831,164.3537353790382,141.3656685452563,193.94275940733723,4,5,"1,2,4,5",3
robust_summary,red,new york strip steak,1,0,0.0,0,uniaxial,unloading,38,0.8498968240487677,156.3964881203548,134.24337044386482,184.29716716874725,4,5,"1,2,4,5",3
robust_summary,red,new york strip steak,1,0,0.0,0,uniaxial,unloading,39,0.8506554144127043,148.43924086167138,127.12107234247333,174.65157493015727,4,5,"1,2,4,5",3
robust_summary,red,new york strip steak,1,0,0.0,0,uniaxial,unloading,40,0.851414004776641,140.48199360298798,119.99877424108183,165.00598269156734,4,5,"1,2,4,5",3
robust_summary,red,new york strip steak,1,0,0.0,0,uniaxial,unloading,41,0.8521725951405776,132.52474634430456,112.87647613969035,155.36039045297736,4,5,"1,2,4,5",3
robust_summary,red,new york strip steak,1,0,0.0,0,uniaxial,unloading,42,0.8529311855045143,124.56749908562114,105.75417803829887,145.7147982143874,4,5,"1,2,4,5",3
robust_summary,red,new york strip steak,1,0,0.0,0,uniaxial,unloading,43,0.8536897758684511,116.61025182693658,98.63187993690633,136.06920597579605,4,5,"1,2,4,5",3
robust_summary,red,new york strip steak,1,0,0.0,0,uniaxial,unloading,44,0.8544483662323877,108.65300456825315,91.50958183551485,126.42361373720607,4,5,"1,2,4,5",3
robust_summary,red,new york strip steak,1,0,0.0,0,uniaxial,unloading,45,0.8552069565963244,100.69575730956974,84.38728373412336,116.77802149861611,4,5,"1,2,4,5",3
robust_summary,red,new york strip steak,1,0,0.0,0,uniaxial,unloading,46,0.8559655469602611,92.73851005088632,77.26498563273185,107.13242926002614,4,5,"1,2,4,5",3
robust_summary,red,new york strip steak,1,0,0.0,0,uniaxial,unloading,47,0.8567241373241977,84.78126279220292,70.14268753134039,97.4868370214362,4,5,"1,2,4,5",3
robust_summary,red,new york strip steak,1,0,0.0,0,uniaxial,unloading,48,0.8574827276881345,76.82401553351833,63.02038942994784,87.84124478284483,4,5,"1,2,4,5",3
robust_summary,red,new york strip steak,1,0,0.0,0,uniaxial,unloading,49,0.8582413180520712,68.86676827483493,55.89809132855636,78.19565254425484,4,5,"1,2,4,5",3
robust_summary,red,new york strip steak,1,0,0.0,0,uniaxial,unloading,50,0.8589999084160078,60.9095210161515,48.77579322716486,68.55006030566489,4,5,"1,2,4,5",3
robust_summary,red,new york strip steak,1,0,0.0,0,uniaxial,unloading,51,0.8597584987799445,52.952273757468106,40.73238494465675,59.825578248191576,4,5,"1,2,4,5",3
robust_summary,red,new york strip steak,1,0,0.0,0,uniaxial,unloading,52,0.8605170891438811,44.99502649878468,32.40245882680079,51.387614026066075,4,5,"1,2,4,5",3
robust_summary,red,new york strip steak,1,0,0.0,0,uniaxial,unloading,53,0.8612756795078178,37.09915032779051,24.416066005870725,43.04170643547446,4,5,"1,2,4,5",3
robust_summary,red,new york strip steak,1,0,0.0,0,uniaxial,unloading,54,0.8620342698717546,31.91606258461699,21.266827121932753,36.266011266693255,4,5,"1,2,4,5",3
robust_summary,red,new york strip steak,1,0,0.0,0,uniaxial,unloading,55,0.8627928602356912,27.018121052939264,16.9616972847573,31.70617382683035,4,5,"1,2,4,5",3
robust_summary,red,new york strip steak,1,0,0.0,0,uniaxial,unloading,56,0.8635514505996279,22.12017952126154,11.520301501411257,28.28260233313803,4,5,"1,2,4,5",3
robust_summary,red,new york strip steak,1,0,0.0,0,uniaxial,unloading,57,0.8643100409635646,17.22223798958381,6.078905718065217,24.859030839445712,4,5,"1,2,4,5",3
robust_summary,red,new york strip steak,1,0,0.0,0,uniaxial,unloading,58,0.8650686313275012,12.324296457906083,0.6375099347191746,21.435459345753394,4,5,"1,2,4,5",3
robust_summary,red,new york strip steak,1,0,0.0,0,uniaxial,unloading,59,0.8658272216914379,7.42635492622836,-4.803885848626862,18.011887852061076,4,5,"1,2,4,5",3
robust_summary,red,new york strip steak,1,0,0.0,0,uniaxial,unloading,60,0.8665858120553747,2.528413394549915,-10.2452816319737,14.588316358368255,4,5,"1,2,4,5",3
robust_summary,red,new york strip steak,1,0,0.0,0,uniaxial,unloading,61,0.8673444024193113,-2.369528137127814,-15.686677415319743,11.164744864675935,4,5,"1,2,4,5",3
robust_summary,red,new york strip steak,1,0,0.0,0,uniaxial,unloading,62,0.868102992783248,-7.267469668805537,-21.12807319866578,7.741173370983618,4,5,"1,2,4,5",3
robust_summary,red,new york strip steak,1,0,0.0,0,uniaxial,unloading,63,0.8688615831471846,-9.8500334252876,-24.25409120681616,4.317601877291299,4,5,"1,2,4,5",3
robust_summary,red,new york strip steak,1,0,0.0,0,uniaxial,unloading,64,0.8696201735111213,-12.208381838100506,-27.155893871297376,0.8940303835989809,4,5,"1,2,4,5",3
robust_summary,red,new york strip steak,1,0,0.0,0,uniaxial,unloading,65,0.870378763875058,-14.56673025091341,-30.057696535778597,-2.5295411100933354,4,5,"1,2,4,5",3
robust_summary,red,new york strip steak,1,0,0.0,0,uniaxial,unloading,66,0.8711373542389947,-17.11583048512231,-32.95949920026025,-6.1438644251818,4,5,"1,2,4,5",3
robust_summary,red,new york strip steak,1,0,0.0,0,uniaxial,unloading,67,0.8718959446029314,-20.151940444165845,-35.86130186474146,-10.245197465104749,4,5,"1,2,4,5",3
robust_summary,red,new york strip steak,1,0,0.0,0,uniaxial,unloading,68,0.8726545349668681,-23.18805040320938,-38.76310452922268,-14.346530505027701,4,5,"1,2,4,5",3
robust_summary,red,new york strip steak,1,0,0.0,0,uniaxial,unloading,69,0.8734131253308047,-26.224160362252924,-41.664907193703904,-18.447863544950653,4,5,"1,2,4,5",3
robust_summary,red,new york strip steak,1,0,0.0,0,uniaxial,unloading,70,0.8741717156947414,-29.260270321296456,-44.56670985818512,-22.549196584873595,4,5,"1,2,4,5",3
robust_summary,red,new york strip steak,1,0,0.0,0,uniaxial,unloading,71,0.8749303060586782,-32.29638028034044,-47.46851252266677,-26.65052962479715,4,5,"1,2,4,5",3
robust_summary,red,new york strip steak,1,0,0.0,0,uniaxial,unloading,72,0.8756888964226148,-35.33249023938397,-50.37031518714799,-30.751862664720093,4,5,"1,2,4,5",3
robust_summary,red,new york strip steak,1,0,0.0,0,uniaxial,unloading,73,0.8764474867865515,-38.368600198427515,-53.272117851629204,-34.85319570464305,4,5,"1,2,4,5",3
robust_summary,red,new york strip steak,1,0,0.0,0,uniaxial,unloading,74,0.8772060771504882,-41.40471015747106,-56.708281540183435,-38.420167720492984,4,5,"1,2,4,5",3
robust_summary,red,new york strip steak,1,0,0.0,0,uniaxial,unloading,75,0.8779646675144248,-44.440820116514594,-61.716239985656756,-40.41534497942384,4,5,"1,2,4,5",3
robust_summary,red,new york strip steak,1,0,0.0,0,uniaxial,unloading,76,0.8787232578783615,-47.47693007555813,-66.72419843113006,-42.4105222383547,4,5,"1,2,4,5",3
robust_summary,red,new york strip steak,1,0,0.0,0,uniaxial,unloading,77,0.8794818482422982,-50.51304003460211,-71.73215687660411,-44.40569949728585,4,5,"1,2,4,5",3
robust_summary,red,new york strip steak,1,0,0.0,0,uniaxial,unloading,78,0.8802404386062349,-53.54914999364564,-76.74011532207741,-46.40087675621671,4,5,"1,2,4,5",3
robust_summary,red,new york strip steak,1,0,0.0,0,uniaxial,unloading,79,0.8809990289701716,-56.585259952689185,-81.74807376755074,-48.39605401514757,4,5,"1,2,4,5",3
robust_summary,red,new york strip steak,2,24,1.0,0,shear,shear,0,0.00517278,69.44268592305434,43.107434750715925,93.51392730474645,4,5,"1,2,3,4",5
robust_summary,red,new york strip steak,2,24,1.0,0,shear,shear,1,0.007043236767676768,83.71135820406985,53.34070171944687,110.04345204624417,4,5,"1,2,3,4",5
robust_summary,red,new york strip steak,2,24,1.0,0,shear,shear,2,0.008913693535353536,99.5178052728351,63.54563774316888,128.9080299427279,4,5,"1,2,3,4",5
robust_summary,red,new york strip steak,2,24,1.0,0,shear,shear,3,0.010784150303030305,115.32425234160037,74.681379443147,147.77260783921162,4,5,"1,2,3,4",5
robust_summary,red,new york strip steak,2,24,1.0,0,shear,shear,4,0.012654607070707072,130.8470157056509,87.62511635213897,166.35350203098056,4,5,"1,2,3,4",5
robust_summary,red,new york strip steak,2,24,1.0,0,shear,shear,5,0.014525063838383841,144.05756089209916,100.56885326113094,182.6221780451473,4,5,"1,2,3,4",5
robust_summary,red,new york strip steak,2,24,1.0,0,shear,shear,6,0.016395520606060608,111.86949905612283,102.85367418851789,141.3897023674747,4,5,"1,2,3,4",5
robust_summary,red,new york strip steak,2,24,1.0,0,shear,shear,7,0.018265977373737377,135.55465087046178,128.33361757166216,159.32065662692492,4,5,"1,2,3,4",5
robust_summary,red,new york strip steak,2,24,1.0,0,shear,shear,8,0.020136434141414146,159.23980268480076,140.41917222013961,188.79903868508654,4,5,"1,2,3,4",5
robust_summary,red,new york strip steak,2,24,1.0,0,shear,shear,9,0.022006890909090915,182.92495449913974,152.47981814775693,218.27742074324823,4,5,"1,2,3,4",5
robust_summary,red,new york strip steak,2,24,1.0,0,shear,shear,10,0.023877347676767684,206.61010631347872,164.5404640753742,247.75580280140989,4,5,"1,2,3,4",5
robust_summary,red,new york strip steak,2,24,1.0,0,shear,shear,11,0.025747804444444446,223.29077625202086,174.36924744893716,268.9593245999306,4,5,"1,2,3,4",5
robust_summary,red,new york strip steak,2,24,1.0,0,shear,shear,12,0.027618261212121215,232.41905816520904,182.96600445777932,278.5534195412114,4,5,"1,2,3,4",5
robust_summary,red,new york strip steak,2,24,1.0,0,shear,shear,13,0.029488717979797983,241.54734007839718,191.36977410339765,288.1332445405292,4,5,"1,2,3,4",5
robust_summary,red,new york strip steak,2,24,1.0,0,shear,shear,14,0.03135917474747475,250.6756219915854,199.773543749016,297.71306953984697,4,5,"1,2,3,4",5
robust_summary,red,new york strip steak,2,24,1.0,0,shear,shear,15,0.03322963151515152,259.80390390477356,208.17731339463433,307.29289453916476,4,5,"1,2,3,4",5
robust_summary,red,new york strip steak,2,24,1.0,0,shear,shear,16,0.03510008828282829,268.444098321005,216.03841655966616,316.61152337365854,4,5,"1,2,3,4",5
robust_summary,red,new york strip steak,2,24,1.0,0,shear,shear,17,0.03697054505050506,275.77528823946847,223.29836061781958,323.6827314002179,4,5,"1,2,3,4",5
robust_summary,red,new york strip steak,2,24,1.0,0,shear,shear,18,0.03884100181818183,283.1064781579319,230.558304675973,330.68666013690336,4,5,"1,2,3,4",5
robust_summary,red,new york strip steak,2,24,1.0,0,shear,shear,19,0.0407114585858586,290.43766807639537,237.81824873412643,337.69058887358875,4,5,"1,2,3,4",5
robust_summary,red,new york strip steak,2,24,1.0,0,shear,shear,20,0.042581915353535366,297.7688579948589,245.07819279227985,344.6945176102742,4,5,"1,2,3,4",5
robust_summary,red,new york strip steak,2,24,1.0,0,shear,shear,21,0.04445237212121213,304.38452539745026,251.1468260432829,351.6984463469596,4,5,"1,2,3,4",5
robust_summary,red,new york strip steak,2,24,1.0,0,shear,shear,22,0.046322828888888896,309.4300194041451,255.76877296725715,357.43331443474506,4,5,"1,2,3,4",5
robust_summary,red,new york strip steak,2,24,1.0,0,shear,shear,23,0.048193285656565665,314.3449138786214,260.39071989123136,362.87669013363757,4,5,"1,2,3,4",5
robust_summary,red,new york strip steak,2,24,1.0,0,shear,shear,24,0.050063742424242434,319.25980835309764,265.0126668152056,368.32006583253,4,5,"1,2,3,4",5
robust_summary,red,new york strip steak,2,24,1.0,0,shear,shear,25,0.0519341991919192,324.17470282757387,269.5377500292034,373.7634415314225,4,5,"1,2,3,4",5
robust_summary,red,new york strip steak,2,24,1.0,0,shear,shear,26,0.05380465595959597,329.24498443085145,274.1763124077122,379.2068172303149,4,5,"1,2,3,4",5
robust_summary,red,new york strip steak,2,24,1.0,0,shear,shear,27,0.05567511272727274,334.71291418617,279.6306599878767,384.2255354909057,4,5,"1,2,3,4",5
robust_summary,red,new york strip steak,2,24,1.0,0,shear,shear,28,0.0575455694949495,339.4213427734635,285.0850075680412,388.3281420645985,4,5,"1,2,3,4",5
robust_summary,red,new york strip steak,2,24,1.0,0,shear,shear,29,0.05941602626262627,344.01409850112304,290.5297386487536,392.31507577865744,4,5,"1,2,3,4",5
robust_summary,red,new york strip steak,2,24,1.0,0,shear,shear,30,0.06128648303030304,348.6068542287826,295.84767956034307,396.30200949271637,4,5,"1,2,3,4",5
robust_summary,red,new york strip steak,2,24,1.0,0,shear,shear,31,0.0631569397979798,353.1460309175825,301.0852519136429,400.2889432067753,4,5,"1,2,3,4",5
robust_summary,red,new york strip steak,2,24,1.0,0,shear,shear,32,0.06502739656565658,356.87492161530247,305.4215674362462,403.9195431649698,4,5,"1,2,3,4",5
robust_summary,red,new york strip steak,2,24,1.0,0,shear,shear,33,0.06689785333333334,360.4950371074137,309.7578829588495,407.21623105844213,4,5,"1,2,3,4",5
robust_summary,red,new york strip steak,2,24,1.0,0,shear,shear,34,0.06876831010101012,364.115152599525,314.0161440660232,410.51291895191457,4,5,"1,2,3,4",5
robust_summary,red,new york strip steak,2,24,1.0,0,shear,shear,35,0.07063876686868688,367.73526809163627,318.2357709479662,413.80960684538695,4,5,"1,2,3,4",5
robust_summary,red,new york strip steak,2,24,1.0,0,shear,shear,36,0.07250922363636365,371.35538358374754,322.4553978299093,417.10629473885933,4,5,"1,2,3,4",5
robust_summary,red,new york strip steak,2,24,1.0,0,shear,shear,37,0.07437968040404042,374.641321564942,326.43802516322,420.13871591458894,4,5,"1,2,3,4",5
robust_summary,red,new york strip steak,2,24,1.0,0,shear,shear,38,0.07625013717171719,377.78105606461065,330.36517086118647,422.7048606553644,4,5,"1,2,3,4",5
robust_summary,red,new york strip steak,2,24,1.0,0,shear,shear,39,0.07812059393939395,380.92079056427934,334.2386529312086,425.237772295699,4,5,"1,2,3,4",5
robust_summary,red,new york strip steak,2,24,1.0,0,shear,shear,40,0.07999105070707073,384.06052506394803,338.1121350012308,427.7706839360336,4,5,"1,2,3,4",5
robust_summary,red,new york strip steak,2,24,1.0,0,shear,shear,41,0.08186150747474749,387.20025956361667,341.98561707125293,430.3035955763682,4,5,"1,2,3,4",5
robust_summary,red,new york strip steak,2,24,1.0,0,shear,shear,42,0.08373196424242425,390.0044619047269,345.6208711303489,432.5714369897912,4,5,"1,2,3,4",5
robust_summary,red,new york strip steak,2,24,1.0,0,shear,shear,43,0.08560242101010103,392.5865791156964,349.0691597632619,434.533180388409,4,5,"1,2,3,4",5
robust_summary,red,new york strip steak,2,24,1.0,0,shear,shear,44,0.08747287777777779,395.16869632666595,352.5107752028591,436.46087909984516,4,5,"1,2,3,4",5
robust_summary,red,new york strip steak,2,24,1.0,0,shear,shear,45,0.08934333454545457,397.7508135376355,355.9523906424564,438.3885778112814,4,5,"1,2,3,4",5
robust_summary,red,new york strip steak,2,24,1.0,0,shear,shear,46,0.09121379131313133,400.3329307486051,359.3940060820537,440.3162765227176,4,5,"1,2,3,4",5
robust_summary,red,new york strip steak,2,24,1.0,0,shear,shear,47,0.0930842480808081,402.80791650437357,362.67045877151884,442.2231188383538,4,5,"1,2,3,4",5
robust_summary,red,new york strip steak,2,24,1.0,0,shear,shear,48,0.09495470484848487,405.2000731476411,365.8278191205269,444.06534249076185,4,5,"1,2,3,4",5
robust_summary,red,new york strip steak,2,24,1.0,0,shear,shear,49,0.09682516161616163,407.59222979090873,368.98517946953496,445.8179301356552,4,5,"1,2,3,4",5
robust_summary,red,new york strip steak,2,24,1.0,0,shear,shear,50,0.0986956183838384,409.9843864341763,372.142539818543,447.5705177805485,4,5,"1,2,3,4",5
robust_summary,red,new york strip steak,2,24,1.0,0,shear,shear,51,0.10056607515151517,412.3765430774439,375.28551671843746,449.3231054254419,4,5,"1,2,3,4",5
robust_summary,red,new york strip steak,2,24,1.0,0,shear,shear,52,0.10243653191919194,414.66855694040817,378.3563504705697,450.9374957454644,4,5,"1,2,3,4",5
robust_summary,red,new york strip steak,2,24,1.0,0,shear,shear,53,0.1043069886868687,416.7933197176432,381.41136688660873,452.3157514625641,4,5,"1,2,3,4",5
robust_summary,red,new york strip steak,2,24,1.0,0,shear,shear,54,0.10617744545454548,418.91808249487826,384.4663833026478,453.5766906642831,4,5,"1,2,3,4",5
robust_summary,red,new york strip steak,2,24,1.0,0,shear,shear,55,0.10804790222222224,421.0428452721133,387.5213997186869,454.83762986600215,4,5,"1,2,3,4",5
robust_summary,red,new york strip steak,2,24,1.0,0,shear,shear,56,0.109918358989899,423.1676080493483,390.536300754305,456.0985690677211,4,5,"1,2,3,4",5
robust_summary,red,new york strip steak,2,24,1.0,0,shear,shear,57,0.11178881575757578,425.1703595191002,393.4626755445733,457.2550554256575,4,5,"1,2,3,4",5
robust_summary,red,new york strip steak,2,24,1.0,0,shear,shear,58,0.11365927252525254,426.81984686989654,396.14019549988393,458.1305004401181,4,5,"1,2,3,4",5
robust_summary,red,new york strip steak,2,24,1.0,0,shear,shear,59,0.11552972929292932,428.46933422069293,398.8177154551945,458.973766064208,4,5,"1,2,3,4",5
robust_summary,red,new york strip steak,2,24,1.0,0,shear,shear,60,0.11740018606060608,430.11882157148926,401.47147711633284,459.80054225611974,4,5,"1,2,3,4",5
robust_summary,red,new york strip steak,2,24,1.0,0,shear,shear,61,0.11927064282828286,431.76830892228566,404.09616825742023,460.6273184480315,4,5,"1,2,3,4",5
robust_summary,red,new york strip steak,2,24,1.0,0,shear,shear,62,0.12114109959595962,433.31252436076534,406.70546298166556,461.31158318831035,4,5,"1,2,3,4",5
robust_summary,red,new york strip steak,2,24,1.0,0,shear,shear,63,0.12301155636363639,434.42789032299663,409.17113481667667,461.49619660345064,4,5,"1,2,3,4",5
robust_summary,red,new york strip steak,2,24,1.0,0,shear,shear,64,0.12488201313131315,435.5432562852279,411.6366261077315,461.6755503282666,4,5,"1,2,3,4",5
robust_summary,red,new york strip steak,2,24,1.0,0,shear,shear,65,0.12675246989898992,436.65862224745916,414.0983718019332,461.84686935314994,4,5,"1,2,3,4",5
robust_summary,red,new york strip steak,2,24,1.0,0,shear,shear,66,0.1286229266666667,437.77398820969046,416.5601174961349,462.0181883780332,4,5,"1,2,3,4",5
robust_summary,red,new york strip steak,2,24,1.0,0,shear,shear,67,0.13049338343434344,438.9087278174941,419.0218631903366,462.218567871275,4,5,"1,2,3,4",5
robust_summary,red,new york strip steak,2,24,1.0,0,shear,shear,68,0.13236384020202022,440.2871397537564,421.67022147738714,462.597843264356,4,5,"1,2,3,4",5
robust_summary,red,new york strip steak,2,24,1.0,0,shear,shear,69,0.134234296969697,441.676683297021,424.29549037820385,462.9603664171504,4,5,"1,2,3,4",5
robust_summary,red,new york strip steak,2,24,1.0,0,shear,shear,70,0.13610475373737374,443.06622684028554,426.9014646573494,463.1523440888516,4,5,"1,2,3,4",5
robust_summary,red,new york strip steak,2,24,1.0,0,shear,shear,71,0.13797521050505052,444.4557703835501,429.5074389364949,463.34432176055276,4,5,"1,2,3,4",5
robust_summary,red,new york strip steak,2,24,1.0,0,shear,shear,72,0.1398456672727273,445.8618241375455,432.11341321564043,463.56106474835025,4,5,"1,2,3,4",5
robust_summary,red,new york strip steak,2,24,1.0,0,shear,shear,73,0.14171612404040404,447.33737425370396,434.43460599266035,464.15726376280355,4,5,"1,2,3,4",5
robust_summary,red,new york strip steak,2,24,1.0,0,shear,shear,74,0.14358658080808082,448.76165890440643,436.65989300095976,464.7534627772569,4,5,"1,2,3,4",5
robust_summary,red,new york strip steak,2,24,1.0,0,shear,shear,75,0.1454570375757576,450.18594355510896,438.8851800092592,465.4082229991683,4,5,"1,2,3,4",5
robust_summary,red,new york strip steak,2,24,1.0,0,shear,shear,76,0.14732749434343437,451.61022820581144,441.11046701755856,466.0794027799716,4,5,"1,2,3,4",5
robust_summary,red,new york strip steak,2,24,1.0,0,shear,shear,77,0.14919795111111112,453.03410035721055,443.33575402585797,466.74996381181984,4,5,"1,2,3,4",5
robust_summary,red,new york strip steak,2,24,1.0,0,shear,shear,78,0.1510684078787879,454.2379846594051,445.49818451495094,467.12822771707283,4,5,"1,2,3,4",5
robust_summary,red,new york strip steak,2,24,1.0,0,shear,shear,79,0.15293886464646467,455.425806911005,447.45440024772586,467.6873660287266,4,5,"1,2,3,4",5
robust_summary,red,new york strip steak,2,24,1.0,0,shear,shear,80,0.15480932141414144,456.61362916260504,448.0893796552383,469.45298709172073,4,5,"1,2,3,4",5
robust_summary,red,new york strip steak,2,24,1.0,0,shear,shear,81,0.1566797781818182,457.80145141420496,448.7243590627507,471.0949562041362,4,5,"1,2,3,4",5
robust_summary,red,new york strip steak,2,24,1.0,0,shear,shear,82,0.15855023494949497,458.989273665805,449.3096591382423,472.73692531655166,4,5,"1,2,3,4",5
robust_summary,red,new york strip steak,2,24,1.0,0,shear,shear,83,0.16042069171717174,460.11792234860064,449.74942411960484,474.3994069192457,4,5,"1,2,3,4",5
robust_summary,red,new york strip steak,2,24,1.0,0,shear,shear,84,0.1622911484848485,461.25754788169024,450.18063689946223,476.08690599888575,4,5,"1,2,3,4",5
robust_summary,red,new york strip steak,2,24,1.0,0,shear,shear,85,0.16416160525252527,462.3971734147799,450.6118496793197,477.7937346816948,4,5,"1,2,3,4",5
robust_summary,red,new york strip steak,2,24,1.0,0,shear,shear,86,0.16603206202020204,463.5367989478695,451.04048596146436,479.5957920165426,4,5,"1,2,3,4",5
robust_summary,red,new york strip steak,2,24,1.0,0,shear,shear,87,0.16790251878787882,464.67642448095916,451.45920801496425,481.3978493513905,4,5,"1,2,3,4",5
robust_summary,red,new york strip steak,2,24,1.0,0,shear,shear,88,0.16977297555555557,465.98892414550363,452.1749952987458,483.16215265313895,4,5,"1,2,3,4",5
robust_summary,red,new york strip steak,2,24,1.0,0,shear,shear,89,0.17164343232323234,467.27645911832064,452.9453985339373,484.8343929658862,4,5,"1,2,3,4",5
robust_summary,red,new york strip steak,2,24,1.0,0,shear,shear,90,0.17351388909090912,468.5639940911376,453.71580176912886,486.5066332786334,4,5,"1,2,3,4",5
robust_summary,red,new york strip steak,2,24,1.0,0,shear,shear,91,0.17538434585858587,469.8515290639546,454.4587924967136,488.0684211932413,4,5,"1,2,3,4",5
robust_summary,red,new york strip steak,2,24,1.0,0,shear,shear,92,0.17725480262626264,471.13906403677163,455.1959946778232,489.6130813263065,4,5,"1,2,3,4",5
robust_summary,red,new york strip steak,2,24,1.0,0,shear,shear,93,0.17912525939393942,472.32490109589844,455.76507623339893,491.17331521437023,4,5,"1,2,3,4",5
robust_summary,red,new york strip steak,2,24,1.0,0,shear,shear,94,0.1809957161616162,473.5567677804677,456.2846964613073,492.85205486826504,4,5,"1,2,3,4",5
robust_summary,red,new york strip steak,2,24,1.0,0,shear,shear,95,0.18286617292929294,474.7886344650369,456.8033700601139,494.5307945221598,4,5,"1,2,3,4",5
robust_summary,red,new york strip steak,2,24,1.0,0,shear,shear,96,0.18473662969696972,476.02050114960616,457.3213313172631,496.0751726439123,4,5,"1,2,3,4",5
robust_summary,red,new york strip steak,2,24,1.0,0,shear,shear,97,0.1866070864646465,477.2523678341754,457.8392925744123,497.5169611377283,4,5,"1,2,3,4",5
robust_summary,red,new york strip steak,2,24,1.0,0,shear,shear,98,0.18847754323232324,478.5914881119586,458.51813422138247,498.95874963154426,4,5,"1,2,3,4",5
robust_summary,red,new york strip steak,2,24,1.0,0,shear,shear,99,0.19034800000000002,479.74732871143544,459.2613457770318,500.0608446607394,4,5,"1,2,3,4",5
robust_summary,red,new york strip steak,2,24,1.0,0,uniaxial,compression,0,0.8175328376231876,-1922.149828406757,-2384.9151312162035,-1441.4936001881683,4,5,"1,2,4,5",3
robust_summary,red,new york strip steak,2,24,1.0,0,uniaxial,compression,1,0.8195611055013752,-1907.5291758545873,-2362.0391862607426,-1429.4965424251684,4,5,"1,2,4,5",3
robust_summary,red,new york strip steak,2,24,1.0,0,uniaxial,compression,2,0.8215893733795626,-1886.2351463908349,-2332.4898643936995,-1417.499484662169,4,5,"1,2,4,5",3
robust_summary,red,new york strip steak,2,24,1.0,0,uniaxial,compression,3,0.8236176412577502,-1857.7128491216072,-2295.7122747211806,-1405.502426899169,4,5,"1,2,4,5",3
robust_summary,red,new york strip steak,2,24,1.0,0,uniaxial,compression,4,0.8256459091359376,-1829.1905518523813,-2258.9346850486636,-1393.5053691361695,4,5,"1,2,4,5",3
robust_summary,red,new york strip steak,2,24,1.0,0,uniaxial,compression,5,0.8276741770141252,-1800.6682545831536,-2222.157095376145,-1381.5083113731696,4,5,"1,2,4,5",3
robust_summary,red,new york strip steak,2,24,1.0,0,uniaxial,compression,6,0.8297024448923126,-1772.1459573139277,-2185.3795057036286,-1369.5112536101701,4,5,"1,2,4,5",3
robust_summary,red,new york strip steak,2,24,1.0,0,uniaxial,compression,7,0.8317307127705001,-1743.6236600447,-2148.60191603111,-1357.5141958471702,4,5,"1,2,4,5",3
robust_summary,red,new york strip steak,2,24,1.0,0,uniaxial,compression,8,0.8337589806486876,-1715.1013627754742,-2111.8243263585928,-1345.5171380841707,4,5,"1,2,4,5",3
robust_summary,red,new york strip steak,2,24,1.0,0,uniaxial,compression,9,0.8357872485268751,-1686.5790655062465,-2075.0467366860744,-1333.5200803211708,4,5,"1,2,4,5",3
robust_summary,red,new york strip steak,2,24,1.0,0,uniaxial,compression,10,0.8378155164050626,-1661.5940730593863,-2040.9200471211832,-1323.7541855900029,4,5,"1,2,4,5",3
robust_summary,red,new york strip steak,2,24,1.0,0,uniaxial,compression,11,0.8398437842832501,-1645.9035054900394,-2018.7203183409197,-1315.0059467564622,4,5,"1,2,4,5",3
robust_summary,red,new york strip steak,2,24,1.0,0,uniaxial,compression,12,0.8418720521614376,-1630.2129379206933,-1996.5205895606573,-1306.2577079229218,4,5,"1,2,4,5",3
robust_summary,red,new york strip steak,2,24,1.0,0,uniaxial,compression,13,0.8439003200396251,-1614.5223703513461,-1974.3208607803936,-1297.509469089381,4,5,"1,2,4,5",3
robust_summary,red,new york strip steak,2,24,1.0,0,uniaxial,compression,14,0.8459285879178126,-1598.831802782,-1952.121132000131,-1288.7612302558407,4,5,"1,2,4,5",3
robust_summary,red,new york strip steak,2,24,1.0,0,uniaxial,compression,15,0.8479568557960001,-1583.141235212653,-1929.9214032198672,-1280.0129914222998,4,5,"1,2,4,5",3
robust_summary,red,new york strip steak,2,24,1.0,0,uniaxial,compression,16,0.8499851236741875,-1567.450667643307,-1907.721674439605,-1271.2647525887594,4,5,"1,2,4,5",3
robust_summary,red,new york strip steak,2,24,1.0,0,uniaxial,compression,17,0.8520133915523751,-1551.7601000739598,-1885.5219456593413,-1262.5165137552185,4,5,"1,2,4,5",3
robust_summary,red,new york strip steak,2,24,1.0,0,uniaxial,compression,18,0.8540416594305626,-1536.0695325046127,-1863.3222168790776,-1253.7682749216779,4,5,"1,2,4,5",3
robust_summary,red,new york strip steak,2,24,1.0,0,uniaxial,compression,19,0.8560699273087501,-1520.3789649352666,-1841.122488098815,-1245.0200360881374,4,5,"1,2,4,5",3
robust_summary,red,new york strip steak,2,24,1.0,0,uniaxial,compression,20,0.8580981951869376,-1502.7377528375387,-1818.6068474808317,-1234.3089493817943,4,5,"1,2,4,5",3
robust_summary,red,new york strip steak,2,24,1.0,0,uniaxial,compression,21,0.8601264630651251,-1481.9064479581614,-1793.0986062895852,-1223.2160794938595,4,5,"1,2,4,5",3
robust_summary,red,new york strip steak,2,24,1.0,0,uniaxial,compression,22,0.8621547309433126,-1461.0751430787832,-1767.5903650983375,-1212.1232096059239,4,5,"1,2,4,5",3
robust_summary,red,new york strip steak,2,24,1.0,0,uniaxial,compression,23,0.8641829988215001,-1440.2438381994057,-1742.0821239070908,-1201.0303397179891,4,5,"1,2,4,5",3
robust_summary,red,new york strip steak,2,24,1.0,0,uniaxial,compression,24,0.8662112666996876,-1419.4125333200273,-1716.573882715843,-1189.937469830054,4,5,"1,2,4,5",3
robust_summary,red,new york strip steak,2,24,1.0,0,uniaxial,compression,25,0.8682395345778751,-1398.5812284406502,-1691.0656415245965,-1178.8445999421192,4,5,"1,2,4,5",3
robust_summary,red,new york strip steak,2,24,1.0,0,uniaxial,compression,26,0.8702678024560626,-1377.7499235612718,-1665.5574003333486,-1167.751730054184,4,5,"1,2,4,5",3
robust_summary,red,new york strip steak,2,24,1.0,0,uniaxial,compression,27,0.87229607033425,-1356.9186186818947,-1640.0491591421019,-1156.6588601662493,4,5,"1,2,4,5",3
robust_summary,red,new york strip steak,2,24,1.0,0,uniaxial,compression,28,0.8743243382124376,-1336.0873138025163,-1614.5409179508542,-1145.5659902783136,4,5,"1,2,4,5",3
robust_summary,red,new york strip steak,2,24,1.0,0,uniaxial,compression,29,0.876352606090625,-1315.256008923139,-1589.0326767596075,-1134.4731203903789,4,5,"1,2,4,5",3
robust_summary,red,new york strip steak,2,24,1.0,0,uniaxial,compression,30,0.8783808739688126,-1297.796584348588,-1565.824859372581,-1125.6408907861828,4,5,"1,2,4,5",3
robust_summary,red,new york strip steak,2,24,1.0,0,uniaxial,compression,31,0.8804091418470001,-1286.0587776828675,-1549.0894397228485,-1117.8133088645284,4,5,"1,2,4,5",3
robust_summary,red,new york strip steak,2,24,1.0,0,uniaxial,compression,32,0.8824374097251876,-1274.3209710171477,-1532.3540200731168,-1109.9857269428744,4,5,"1,2,4,5",3
robust_summary,red,new york strip steak,2,24,1.0,0,uniaxial,compression,33,0.884465677603375,-1262.583164351428,-1515.618600423385,-1102.1581450212202,4,5,"1,2,4,5",3
robust_summary,red,new york strip steak,2,24,1.0,0,uniaxial,compression,34,0.8864939454815626,-1250.8453576857075,-1498.8831807736524,-1094.3305630995658,4,5,"1,2,4,5",3
robust_summary,red,new york strip steak,2,24,1.0,0,uniaxial,compression,35,0.8885222133597501,-1239.107551019987,-1482.1477611239197,-1086.5029811779111,4,5,"1,2,4,5",3
robust_summary,red,new york strip steak,2,24,1.0,0,uniaxial,compression,36,0.8905504812379376,-1227.3697443542671,-1465.4123414741882,-1078.675399256257,4,5,"1,2,4,5",3
robust_summary,red,new york strip steak,2,24,1.0,0,uniaxial,compression,37,0.8925787491161251,-1215.6319376885467,-1448.6769218244553,-1070.8478173346023,4,5,"1,2,4,5",3
robust_summary,red,new york strip steak,2,24,1.0,0,uniaxial,compression,38,0.8946070169943126,-1203.894131022827,-1431.9415021747238,-1063.0202354129483,4,5,"1,2,4,5",3
robust_summary,red,new york strip steak,2,24,1.0,0,uniaxial,compression,39,0.8966352848725001,-1192.1563243571063,-1415.2060825249912,-1055.1926534912936,4,5,"1,2,4,5",3
robust_summary,red,new york strip steak,2,24,1.0,0,uniaxial,compression,40,0.8986635527506875,-1178.9115245748994,-1397.9702181202429,-1046.8998549012642,4,5,"1,2,4,5",3
robust_summary,red,new york strip steak,2,24,1.0,0,uniaxial,compression,41,0.9006918206288751,-1164.446573495534,-1380.0039380699532,-1038.6634334600485,4,5,"1,2,4,5",3
robust_summary,red,new york strip steak,2,24,1.0,0,uniaxial,compression,42,0.9027200885070625,-1149.9816224161696,-1362.0376580196646,-1030.4270120188335,4,5,"1,2,4,5",3
robust_summary,red,new york strip steak,2,24,1.0,0,uniaxial,compression,43,0.9047483563852501,-1135.516671336804,-1344.071377969375,-1022.190590577618,4,5,"1,2,4,5",3
robust_summary,red,new york strip steak,2,24,1.0,0,uniaxial,compression,44,0.9067766242634375,-1121.0517202574392,-1326.1050979190861,-1013.9541691364028,4,5,"1,2,4,5",3
robust_summary,red,new york strip steak,2,24,1.0,0,uniaxial,compression,45,0.9088048921416251,-1106.5867691780736,-1308.1388178687964,-1005.7177476951872,4,5,"1,2,4,5",3
robust_summary,red,new york strip steak,2,24,1.0,0,uniaxial,compression,46,0.9108331600198125,-1092.1218180987091,-1290.1725378185079,-997.4813262539722,4,5,"1,2,4,5",3
robust_summary,red,new york strip steak,2,24,1.0,0,uniaxial,compression,47,0.9128614278980001,-1077.6568670193437,-1272.2062577682182,-989.2449048127565,4,5,"1,2,4,5",3
robust_summary,red,new york strip steak,2,24,1.0,0,uniaxial,compression,48,0.9148896957761876,-1063.1919159399781,-1254.2399777179285,-981.0084833715409,4,5,"1,2,4,5",3
robust_summary,red,new york strip steak,2,24,1.0,0,uniaxial,compression,49,0.9169179636543751,-1048.7269648606134,-1236.2736976676397,-972.7720619303259,4,5,"1,2,4,5",3
robust_summary,red,new york strip steak,2,24,1.0,0,uniaxial,compression,50,0.9189462315325625,-1037.1575838115843,-1220.4952920273938,-965.2157088640113,4,5,"1,2,4,5",3
robust_summary,red,new york strip steak,2,24,1.0,0,uniaxial,compression,51,0.92097449941075,-1027.7812380512596,-1206.596464640196,-957.6243263609591,4,5,"1,2,4,5",3
robust_summary,red,new york strip steak,2,24,1.0,0,uniaxial,compression,52,0.9230027672889376,-1018.4048922909351,-1192.6976372529982,-950.032943857907,4,5,"1,2,4,5",3
robust_summary,red,new york strip steak,2,24,1.0,0,uniaxial,compression,53,0.925031035167125,-1009.028546530611,-1178.798809865801,-942.4415613548553,4,5,"1,2,4,5",3
robust_summary,red,new york strip steak,2,24,1.0,0,uniaxial,compression,54,0.9270593030453126,-999.6522007702865,-1164.8999824786033,-934.8501788518032,4,5,"1,2,4,5",3
robust_summary,red,new york strip steak,2,24,1.0,0,uniaxial,compression,55,0.9290875709235,-990.2758550099624,-1151.0011550914064,-927.2587963487515,4,5,"1,2,4,5",3
robust_summary,red,new york strip steak,2,24,1.0,0,uniaxial,compression,56,0.9311158388016876,-980.8995092496377,-1137.1023277042086,-919.6674138456993,4,5,"1,2,4,5",3
robust_summary,red,new york strip steak,2,24,1.0,0,uniaxial,compression,57,0.933144106679875,-971.5231634893137,-1123.2035003170115,-912.0760313426476,4,5,"1,2,4,5",3
robust_summary,red,new york strip steak,2,24,1.0,0,uniaxial,compression,58,0.9351723745580626,-962.146817728989,-1109.3046729298137,-904.4846488395955,4,5,"1,2,4,5",3
robust_summary,red,new york strip steak,2,24,1.0,0,uniaxial,compression,59,0.93720064243625,-952.770471968665,-1095.4058455426168,-896.8932663365438,4,5,"1,2,4,5",3
robust_summary,red,new york strip steak,2,24,1.0,0,uniaxial,compression,60,0.9392289103144376,-940.3786019154043,-1083.2029816161212,-884.8364167097654,4,5,"1,2,4,5",3
robust_summary,red,new york strip steak,2,24,1.0,0,uniaxial,compression,61,0.941257178192625,-925.8154942793306,-1070.6296723967546,-870.5856903635122,4,5,"1,2,4,5",3
robust_summary,red,new york strip steak,2,24,1.0,0,uniaxial,compression,62,0.9432854460708125,-911.2523866432559,-1058.0563631773873,-856.334964017258,4,5,"1,2,4,5",3
robust_summary,red,new york strip steak,2,24,1.0,0,uniaxial,compression,63,0.945313713949,-896.6892790071822,-1045.4830539580207,-842.0842376710048,4,5,"1,2,4,5",3
robust_summary,red,new york strip steak,2,24,1.0,0,uniaxial,compression,64,0.9473419818271875,-882.1261713711076,-1032.9097447386532,-827.8335113247506,4,5,"1,2,4,5",3
robust_summary,red,new york strip steak,2,24,1.0,0,uniaxial,compression,65,0.9493702497053751,-867.563063735033,-1020.3364355192859,-813.5827849784964,4,5,"1,2,4,5",3
robust_summary,red,new york strip steak,2,24,1.0,0,uniaxial,compression,66,0.9513985175835625,-852.9999560989593,-1007.7631262999193,-799.3320586322432,4,5,"1,2,4,5",3
robust_summary,red,new york strip steak,2,24,1.0,0,uniaxial,compression,67,0.95342678546175,-838.4368484628853,-995.1898170805528,-785.0813322859898,4,5,"1,2,4,5",3
robust_summary,red,new york strip steak,2,24,1.0,0,uniaxial,compression,68,0.9554550533399375,-823.8737408268108,-982.6165078611855,-770.8306059397356,4,5,"1,2,4,5",3
robust_summary,red,new york strip steak,2,24,1.0,0,uniaxial,compression,69,0.9574833212181251,-809.3106331907363,-970.0431986418181,-756.5798795934816,4,5,"1,2,4,5",3
robust_summary,red,new york strip steak,2,24,1.0,0,uniaxial,compression,70,0.9595115890963125,-795.759889361002,-954.5054899853938,-741.647154504984,4,5,"1,2,4,5",3
robust_summary,red,new york strip steak,2,24,1.0,0,uniaxial,compression,71,0.9615398569745001,-782.7989471996616,-936.8417628668233,-726.8194401291569,4,5,"1,2,4,5",3
robust_summary,red,new york strip steak,2,24,1.0,0,uniaxial,compression,72,0.9635681248526875,-769.8380050383219,-919.1780357482536,-711.9917257533305,4,5,"1,2,4,5",3
robust_summary,red,new york strip steak,2,24,1.0,0,uniaxial,compression,73,0.965596392730875,-756.8770628769814,-901.514308629683,-697.1640113775034,4,5,"1,2,4,5",3
robust_summary,red,new york strip steak,2,24,1.0,0,uniaxial,compression,74,0.9676246606090625,-743.9161207156417,-883.8505815111133,-682.3362970016769,4,5,"1,2,4,5",3
robust_summary,red,new york strip steak,2,24,1.0,0,uniaxial,compression,75,0.96965292848725,-730.9551785543014,-866.1868543925427,-667.5085826258497,4,5,"1,2,4,5",3
robust_summary,red,new york strip steak,2,24,1.0,0,uniaxial,compression,76,0.9716811963654375,-717.9942363929617,-848.5231272739732,-652.6808682500234,4,5,"1,2,4,5",3
robust_summary,red,new york strip steak,2,24,1.0,0,uniaxial,compression,77,0.973709464243625,-705.0332942316213,-830.8594001554026,-637.8531538741963,4,5,"1,2,4,5",3
robust_summary,red,new york strip steak,2,24,1.0,0,uniaxial,compression,78,0.9757377321218126,-692.0723520702809,-813.195673036832,-623.025439498369,4,5,"1,2,4,5",3
robust_summary,red,new york strip steak,2,24,1.0,0,uniaxial,compression,79,0.977766,-679.1114099089411,-795.5319459182623,-608.1977251225427,4,5,"1,2,4,5",3
robust_summary,red,new york strip steak,2,24,1.0,0,uniaxial,unloading,0,0.820939,1009.9569109995908,714.8206147788927,1402.0190076974093,5,5,"1,2,3,4,5",
robust_summary,red,new york strip steak,2,24,1.0,0,uniaxial,unloading,1,0.8217018861062488,980.2047424023334,696.3156811055904,1361.7522849620195,5,5,"1,2,3,4,5",
robust_summary,red,new york strip steak,2,24,1.0,0,uniaxial,unloading,2,0.8224647722124977,950.452573805076,677.8107474322882,1321.48556222663,5,5,"1,2,3,4,5",
robust_summary,red,new york strip steak,2,24,1.0,0,uniaxial,unloading,3,0.8232276583187466,920.7004052078186,659.3058137589859,1281.2188394912403,5,5,"1,2,3,4,5",
robust_summary,red,new york strip steak,2,24,1.0,0,uniaxial,unloading,4,0.8239905444249954,890.948236610561,640.8008800856836,1240.9521167558505,5,5,"1,2,3,4,5",
robust_summary,red,new york strip steak,2,24,1.0,0,uniaxial,unloading,5,0.8247534305312442,861.1960680133079,622.295946412384,1200.6853940204667,5,5,"1,2,3,4,5",
robust_summary,red,new york strip steak,2,24,1.0,0,uniaxial,unloading,6,0.825516316637493,831.4438994160505,603.7910127390817,1160.418671285077,5,5,"1,2,3,4,5",
robust_summary,red,new york strip steak,2,24,1.0,0,uniaxial,unloading,7,0.8262792027437419,801.6917308187931,585.2860790657794,1120.1519485496872,5,5,"1,2,3,4,5",
robust_summary,red,new york strip steak,2,24,1.0,0,uniaxial,unloading,8,0.8270420888499908,771.9395622215357,566.7811453924771,1079.8852258142974,5,5,"1,2,3,4,5",
robust_summary,red,new york strip steak,2,24,1.0,0,uniaxial,unloading,9,0.8278049749562396,742.1873936242782,548.2762117191749,1039.6185030789077,5,5,"1,2,3,4,5",
robust_summary,red,new york strip steak,2,24,1.0,0,uniaxial,unloading,10,0.8285678610624885,712.4352250270208,529.7712780458726,999.3517803435179,5,5,"1,2,3,4,5",
robust_summary,red,new york strip steak,2,24,1.0,0,uniaxial,unloading,11,0.8293307471687373,682.6830564297634,511.2663443725703,959.0850576081282,5,5,"1,2,3,4,5",
robust_summary,red,new york strip steak,2,24,1.0,0,uniaxial,unloading,12,0.8300936332749862,652.930887832506,492.761410699268,918.8183348727384,5,5,"1,2,3,4,5",
robust_summary,red,new york strip steak,2,24,1.0,0,uniaxial,unloading,13,0.8308565193812351,623.1787192352484,474.25647702596575,878.5516121373488,5,5,"1,2,3,4,5",
robust_summary,red,new york strip steak,2,24,1.0,0,uniaxial,unloading,14,0.8316194054874838,593.4265506379953,455.7515433526662,838.284889401965,5,5,"1,2,3,4,5",
robust_summary,red,new york strip steak,2,24,1.0,0,uniaxial,unloading,15,0.8323822915937327,563.6743820407379,437.2466096793639,798.0181666665752,5,5,"1,2,3,4,5",
robust_summary,red,new york strip steak,2,24,1.0,0,uniaxial,unloading,16,0.8331451776999815,533.9222134434805,418.74167600606165,757.7514439311855,5,5,"1,2,3,4,5",
robust_summary,red,new york strip steak,2,24,1.0,0,uniaxial,unloading,17,0.8339080638062304,504.17004484622305,400.2367423327593,717.4847211957957,5,5,"1,2,3,4,5",
robust_summary,red,new york strip steak,2,24,1.0,0,uniaxial,unloading,18,0.8346709499124793,474.4178762489656,381.73180865945704,677.217998460406,5,5,"1,2,3,4,5",
robust_summary,red,new york strip steak,2,24,1.0,0,uniaxial,unloading,19,0.8354338360187281,444.6657076517081,363.22687498615477,636.9512757250163,5,5,"1,2,3,4,5",
robust_summary,red,new york strip steak,2,24,1.0,0,uniaxial,unloading,20,0.836196722124977,414.91353905445067,344.7219413128525,596.6845529896266,5,5,"1,2,3,4,5",
robust_summary,red,new york strip steak,2,24,1.0,0,uniaxial,unloading,21,0.8369596082312258,385.16137045719324,326.2170076395502,556.4178302542368,5,5,"1,2,3,4,5",
robust_summary,red,new york strip steak,2,24,1.0,0,uniaxial,unloading,22,0.8377224943374746,355.40920185994014,307.71207396625067,516.151107518853,5,5,"1,2,3,4,5",
robust_summary,red,new york strip steak,2,24,1.0,0,uniaxial,unloading,23,0.8384853804437234,325.6570332626827,289.20714029294834,475.88438478346325,5,5,"1,2,3,4,5",
robust_summary,red,new york strip steak,2,24,1.0,0,uniaxial,unloading,24,0.8392482665499723,295.9048646654253,270.70220661964606,435.6176620480735,5,5,"1,2,3,4,5",
robust_summary,red,new york strip steak,2,24,1.0,0,uniaxial,unloading,25,0.8400111526562212,266.15269606816787,252.1972729463438,395.35093931268375,5,5,"1,2,3,4,5",
robust_summary,red,new york strip steak,2,24,1.0,0,uniaxial,unloading,26,0.84077403876247,236.40052747091033,233.6923392730415,355.084216577294,5,5,"1,2,3,4,5",
robust_summary,red,new york strip steak,2,24,1.0,0,uniaxial,unloading,27,0.8415369248687189,226.18091922699944,219.05173672555338,326.4142425726481,5,5,"1,2,3,4,5",
robust_summary,red,new york strip steak,2,24,1.0,0,uniaxial,unloading,28,0.8422998109749678,216.93631603286786,213.62314149334276,315.3263173557396,5,5,"1,2,3,4,5",
robust_summary,red,new york strip steak,2,24,1.0,0,uniaxial,unloading,29,0.8430626970812166,208.19454626113213,207.6917128387363,304.2383921388311,5,5,"1,2,3,4,5",
robust_summary,red,new york strip steak,2,24,1.0,0,uniaxial,unloading,30,0.8438255831874655,202.76595102892148,198.44710964460472,293.15046692192254,5,5,"1,2,3,4,5",
robust_summary,red,new york strip steak,2,24,1.0,0,uniaxial,unloading,31,0.8445884692937142,197.33735579671165,189.20250645047446,282.0625417050157,5,5,"1,2,3,4,5",
robust_summary,red,new york strip steak,2,24,1.0,0,uniaxial,unloading,32,0.8453513553999631,191.908760564501,179.9579032563429,270.9746164881072,5,5,"1,2,3,4,5",
robust_summary,red,new york strip steak,2,24,1.0,0,uniaxial,unloading,33,0.846114241506212,186.48016533229037,170.71330006221132,259.88669127119863,5,5,"1,2,3,4,5",
robust_summary,red,new york strip steak,2,24,1.0,0,uniaxial,unloading,34,0.8468771276124608,181.05157010007972,161.46869686807975,248.79876605429016,5,5,"1,2,3,4,5",
robust_summary,red,new york strip steak,2,24,1.0,0,uniaxial,unloading,35,0.8476400137187097,175.6229748678691,152.22409367394818,237.71084083738162,5,5,"1,2,3,4,5",
robust_summary,red,new york strip steak,2,24,1.0,0,uniaxial,unloading,36,0.8484028998249585,170.19437963565844,142.9794904798166,226.62291562047312,5,5,"1,2,3,4,5",
robust_summary,red,new york strip steak,2,24,1.0,0,uniaxial,unloading,37,0.8491657859312074,164.7657844034478,133.73488728568503,215.53499040356462,5,5,"1,2,3,4,5",
robust_summary,red,new york strip steak,2,24,1.0,0,uniaxial,unloading,38,0.8499286720374563,159.33718917123718,124.49028409155345,204.44706518665612,5,5,"1,2,3,4,5",
robust_summary,red,new york strip steak,2,24,1.0,0,uniaxial,unloading,39,0.8506915581437051,153.90859393902653,115.24568089742186,193.35913996974762,5,5,"1,2,3,4,5",
robust_summary,red,new york strip steak,2,24,1.0,0,uniaxial,unloading,40,0.8514544442499539,148.47999870681667,106.00107770329163,182.2712147528407,5,5,"1,2,3,4,5",
robust_summary,red,new york strip steak,2,24,1.0,0,uniaxial,unloading,41,0.8522173303562027,143.05140347460605,96.75647450916006,171.1832895359322,5,5,"1,2,3,4,5",
robust_summary,red,new york strip steak,2,24,1.0,0,uniaxial,unloading,42,0.8529802164624516,137.62280824239542,87.51187131502849,160.0953643190237,5,5,"1,2,3,4,5",
robust_summary,red,new york strip steak,2,24,1.0,0,uniaxial,unloading,43,0.8537431025687005,132.1942130101848,78.26726812089692,149.00743910211517,5,5,"1,2,3,4,5",
robust_summary,red,new york strip steak,2,24,1.0,0,uniaxial,unloading,44,0.8545059886749493,126.76561777797414,69.02266492676534,137.91951388520667,5,5,"1,2,3,4,5",
robust_summary,red,new york strip steak,2,24,1.0,0,uniaxial,unloading,45,0.8552688747811982,121.3370225457635,59.77806173263377,126.83158866829817,5,5,"1,2,3,4,5",
robust_summary,red,new york strip steak,2,24,1.0,0,uniaxial,unloading,46,0.856031760887447,115.74366345138966,50.533458538502174,115.90842731355286,5,5,"1,2,3,4,5",
robust_summary,red,new york strip steak,2,24,1.0,0,uniaxial,unloading,47,0.8567946469936959,104.65573823448116,41.2888553443706,110.47983208134222,5,5,"1,2,3,4,5",
robust_summary,red,new york strip steak,2,24,1.0,0,uniaxial,unloading,48,0.8575575330999448,93.56781301757263,32.04425215023903,105.0512368491316,5,5,"1,2,3,4,5",
robust_summary,red,new york strip steak,2,24,1.0,0,uniaxial,unloading,49,0.8583204192061935,82.47988780066575,22.799648956108797,99.62264161692174,5,5,"1,2,3,4,5",
robust_summary,red,new york strip steak,2,24,1.0,0,uniaxial,unloading,50,0.8590833053124424,71.39196258375722,13.555045761977226,94.1940463847111,5,5,"1,2,3,4,5",
robust_summary,red,new york strip steak,2,24,1.0,0,uniaxial,unloading,51,0.8598461914186912,60.30403736684872,4.310442567845655,88.76545115250048,5,5,"1,2,3,4,5",
robust_summary,red,new york strip steak,2,24,1.0,0,uniaxial,unloading,52,0.8606090775249401,49.216112149940216,-4.934160626285916,83.33685592028982,5,5,"1,2,3,4,5",
robust_summary,red,new york strip steak,2,24,1.0,0,uniaxial,unloading,53,0.861371963631189,38.128186933031714,-13.344675333106657,74.57820968137872,5,5,"1,2,3,4,5",
robust_summary,red,new york strip steak,2,24,1.0,0,uniaxial,unloading,54,0.8621348497374378,28.258064610444265,-21.181790288514424,63.16165972158461,5,5,"1,2,3,4,5",
robust_summary,red,new york strip steak,2,24,1.0,0,uniaxial,unloading,55,0.8628977358436867,18.9367175043107,-29.01890524392219,51.779489248940514,5,5,"1,2,3,4,5",
robust_summary,red,new york strip steak,2,24,1.0,0,uniaxial,unloading,56,0.8636606219499355,9.615370398177138,-36.85602019932996,40.39731877629641,5,5,"1,2,3,4,5",
robust_summary,red,new york strip steak,2,24,1.0,0,uniaxial,unloading,57,0.8644235080561844,0.29402329204356903,-44.69313515473773,29.01514830365231,5,5,"1,2,3,4,5",
robust_summary,red,new york strip steak,2,24,1.0,0,uniaxial,unloading,58,0.8651863941624331,-9.02732381408864,-52.53025011014435,17.632977831009867,5,5,"1,2,3,4,5",
robust_summary,red,new york strip steak,2,24,1.0,0,uniaxial,unloading,59,0.865949280268682,-18.348670920222197,-60.36736506555212,6.250807358365762,5,5,"1,2,3,4,5",
robust_summary,red,new york strip steak,2,24,1.0,0,uniaxial,unloading,60,0.8667121663749309,-27.670018026355763,-65.32093062699843,-5.131363114278344,5,5,"1,2,3,4,5",
robust_summary,red,new york strip steak,2,24,1.0,0,uniaxial,unloading,61,0.8674750524811797,-36.99136513248933,-68.0193068251057,-16.513533586922435,5,5,"1,2,3,4,5",
robust_summary,red,new york strip steak,2,24,1.0,0,uniaxial,unloading,62,0.8682379385874286,-46.312712238622886,-70.71768302321298,-27.89570405956654,5,5,"1,2,3,4,5",
robust_summary,red,new york strip steak,2,24,1.0,0,uniaxial,unloading,63,0.8690008246936775,-55.63405934475646,-73.41605922132027,-39.277874532210646,5,5,"1,2,3,4,5",
robust_summary,red,new york strip steak,2,24,1.0,0,uniaxial,unloading,64,0.8697637107999263,-64.95540645089002,-76.11443541942754,-50.66004500485474,5,5,"1,2,3,4,5",
robust_summary,red,new york strip steak,2,24,1.0,0,uniaxial,unloading,65,0.8705265969061752,-74.2767535570236,-78.81281161753482,-62.04221547749886,5,5,"1,2,3,4,5",
robust_summary,red,new york strip steak,2,24,1.0,0,uniaxial,unloading,66,0.8712894830124239,-81.5111878156417,-83.5981006631558,-73.42438595014129,5,5,"1,2,3,4,5",
robust_summary,red,new york strip steak,2,24,1.0,0,uniaxial,unloading,67,0.8720523691186728,-84.80655642278539,-92.91944776928935,-84.20956401374897,5,5,"1,2,3,4,5",
robust_summary,red,new york strip steak,2,24,1.0,0,uniaxial,unloading,68,0.8728152552249216,-96.1887268954295,-102.24079487542292,-86.90794021185627,5,5,"1,2,3,4,5",
robust_summary,red,new york strip steak,2,24,1.0,0,uniaxial,unloading,69,0.8735781413311705,-107.5708973680736,-111.5621419815565,-89.60631640996354,5,5,"1,2,3,4,5",
robust_summary,red,new york strip steak,2,24,1.0,0,uniaxial,unloading,70,0.8743410274374194,-118.95306784071771,-120.88348908769007,-92.30469260807081,5,5,"1,2,3,4,5",
robust_summary,red,new york strip steak,2,24,1.0,0,uniaxial,unloading,71,0.8751039135436682,-130.2048361938236,-130.3352383133618,-95.0030688061781,5,5,"1,2,3,4,5",
robust_summary,red,new york strip steak,2,24,1.0,0,uniaxial,unloading,72,0.8758667996499171,-139.52618329995718,-141.71740878600588,-97.70144500428538,5,5,"1,2,3,4,5",
robust_summary,red,new york strip steak,2,24,1.0,0,uniaxial,unloading,73,0.876629685756166,-148.84753040609075,-153.09957925865,-100.39982120239264,5,5,"1,2,3,4,5",
robust_summary,red,new york strip steak,2,24,1.0,0,uniaxial,unloading,74,0.8773925718624148,-158.16887751222433,-164.4817497312941,-103.09819740049993,5,5,"1,2,3,4,5",
robust_summary,red,new york strip steak,2,24,1.0,0,uniaxial,unloading,75,0.8781554579686636,-167.49022461835654,-175.86392020393657,-105.79657359860681,5,5,"1,2,3,4,5",
robust_summary,red,new york strip steak,2,24,1.0,0,uniaxial,unloading,76,0.8789183440749124,-176.81157172449008,-187.24609067658065,-108.4949497967141,5,5,"1,2,3,4,5",
robust_summary,red,new york strip steak,2,24,1.0,0,uniaxial,unloading,77,0.8796812301811613,-186.13291883062365,-198.62826114922478,-111.19332599482138,5,5,"1,2,3,4,5",
robust_summary,red,new york strip steak,2,24,1.0,0,uniaxial,unloading,78,0.8804441162874102,-195.45426593675722,-209.27254921829743,-113.89170219292865,5,5,"1,2,3,4,5",
robust_summary,red,new york strip steak,2,24,1.0,0,uniaxial,unloading,79,0.881207002393659,-204.77561304289077,-217.1096641737052,-116.59007839103593,5,5,"1,2,3,4,5",
robust_summary,red,new york strip steak,3,48,2.0,0,shear,shear,0,0.00260102,26.045444172155193,11.756553701827553,37.36928524957886,4,5,"1,2,4,5",3
robust_summary,red,new york strip steak,3,48,2.0,0,shear,shear,1,0.004518656161616162,35.47943206083471,24.405204437565025,46.31888907474745,4,5,"1,2,4,5",3
robust_summary,red,new york strip steak,3,48,2.0,0,shear,shear,2,0.0064362923232323226,45.00216897832276,36.16408746084932,54.46163732610874,4,5,"1,2,4,5",3
robust_summary,red,new york strip steak,3,48,2.0,0,shear,shear,3,0.008353928484848484,54.52490589581079,44.42099014341831,66.10636591818535,4,5,"1,2,4,5",3
robust_summary,red,new york strip steak,3,48,2.0,0,shear,shear,4,0.010271564646464646,64.04764281329884,50.92658742428398,79.50239991196527,4,5,"1,2,4,5",3
robust_summary,red,new york strip steak,3,48,2.0,0,shear,shear,5,0.012189200808080808,80.13025019359142,62.75306472812127,97.54905087099038,4,5,"1,2,4,5",3
robust_summary,red,new york strip steak,3,48,2.0,0,shear,shear,6,0.01410683696969697,99.75204506661359,79.06369521699806,117.97099167603335,4,5,"1,2,4,5",3
robust_summary,red,new york strip steak,3,48,2.0,0,shear,shear,7,0.01602447313131313,119.37383993963579,95.37432570587485,138.55967808102784,4,5,"1,2,4,5",3
robust_summary,red,new york strip steak,3,48,2.0,0,shear,shear,8,0.017942109292929293,138.99563481265795,111.68495619475163,159.1483644860223,4,5,"1,2,4,5",3
robust_summary,red,new york strip steak,3,48,2.0,0,shear,shear,9,0.01985974545454545,156.90032754578164,127.6079286130049,177.5490557517925,4,5,"1,2,4,5",3
robust_summary,red,new york strip steak,3,48,2.0,0,shear,shear,10,0.021777381616161613,168.1996170934887,136.68030385012554,191.7741908931944,4,5,"1,2,4,5",3
robust_summary,red,new york strip steak,3,48,2.0,0,shear,shear,11,0.023695017777777775,179.49890664119573,145.5265050450244,204.37536363553298,4,5,"1,2,4,5",3
robust_summary,red,new york strip steak,3,48,2.0,0,shear,shear,12,0.025612653939393937,190.7981961889028,154.37270623992328,216.55509144770548,4,5,"1,2,4,5",3
robust_summary,red,new york strip steak,3,48,2.0,0,shear,shear,13,0.0275302901010101,200.64758359660905,163.21890743482217,227.26836598121787,4,5,"1,2,4,5",3
robust_summary,red,new york strip steak,3,48,2.0,0,shear,shear,14,0.02944792626262626,208.55524265932604,171.03558975667056,235.77595927692695,4,5,"1,2,4,5",3
robust_summary,red,new york strip steak,3,48,2.0,0,shear,shear,15,0.031365562424242426,216.04397064964036,177.99686160147382,244.2147750340411,4,5,"1,2,4,5",3
robust_summary,red,new york strip steak,3,48,2.0,0,shear,shear,16,0.033283198585858584,222.52757835529877,184.95813344627703,251.14591036417147,4,5,"1,2,4,5",3
robust_summary,red,new york strip steak,3,48,2.0,0,shear,shear,17,0.03520083474747475,229.01118606095724,191.91940529108024,258.07704569430183,4,5,"1,2,4,5",3
robust_summary,red,new york strip steak,3,48,2.0,0,shear,shear,18,0.03711847090909091,235.49479376661566,198.8627308011749,264.6443283740866,4,5,"1,2,4,5",3
robust_summary,red,new york strip steak,3,48,2.0,0,shear,shear,19,0.03903610707070707,241.2250081460787,204.62951068453398,271.06966745800906,4,5,"1,2,4,5",3
robust_summary,red,new york strip steak,3,48,2.0,0,shear,shear,20,0.04095374323232323,246.60948952531928,210.36246563176192,277.010231977729,4,5,"1,2,4,5",3
robust_summary,red,new york strip steak,3,48,2.0,0,shear,shear,21,0.042871379393939396,251.10822842056,216.09542057898986,281.62218277144916,4,5,"1,2,4,5",3
robust_summary,red,new york strip steak,3,48,2.0,0,shear,shear,22,0.044789015555555554,255.60696731580072,221.82523513784162,286.0572793762697,4,5,"1,2,4,5",3
robust_summary,red,new york strip steak,3,48,2.0,0,shear,shear,23,0.04670665171717172,259.9513462999185,226.9552708788969,290.20801051346996,4,5,"1,2,4,5",3
robust_summary,red,new york strip steak,3,48,2.0,0,shear,shear,24,0.04862428787878788,264.074658087796,231.75370582559194,294.35874165067014,4,5,"1,2,4,5",3
robust_summary,red,new york strip steak,3,48,2.0,0,shear,shear,25,0.05054192404040404,267.3818876548058,236.552140772287,297.28534945656855,4,5,"1,2,4,5",3
robust_summary,red,new york strip steak,3,48,2.0,0,shear,shear,26,0.0524595602020202,270.0171165143721,241.35057571898204,299.1695713018996,4,5,"1,2,4,5",3
robust_summary,red,new york strip steak,3,48,2.0,0,shear,shear,27,0.05437719636363637,272.6523453739384,246.0696898906087,300.696763779545,4,5,"1,2,4,5",3
robust_summary,red,new york strip steak,3,48,2.0,0,shear,shear,28,0.056294832525252525,274.91400538450773,250.19605829054984,302.2239562571903,4,5,"1,2,4,5",3
robust_summary,red,new york strip steak,3,48,2.0,0,shear,shear,29,0.05821246868686869,277.10687612015147,254.21924277810263,303.75114873483574,4,5,"1,2,4,5",3
robust_summary,red,new york strip steak,3,48,2.0,0,shear,shear,30,0.06013010484848485,279.23328100371975,258.24242726565535,305.17864243436793,4,5,"1,2,4,5",3
robust_summary,red,new york strip steak,3,48,2.0,0,shear,shear,31,0.062047741010101014,281.34272114635405,262.17891693164063,306.3831557442449,4,5,"1,2,4,5",3
robust_summary,red,new york strip steak,3,48,2.0,0,shear,shear,32,0.06396537717171717,283.36787816048604,265.88772713115355,307.53291339464596,4,5,"1,2,4,5",3
robust_summary,red,new york strip steak,3,48,2.0,0,shear,shear,33,0.06588301333333332,285.1991721585169,268.85497241491703,309.13344143664483,4,5,"1,2,4,5",3
robust_summary,red,new york strip steak,3,48,2.0,0,shear,shear,34,0.06780064949494949,287.0475038183182,269.6387822662852,312.9429614036946,4,5,"1,2,4,5",3
robust_summary,red,new york strip steak,3,48,2.0,0,shear,shear,35,0.06971828565656565,289.2352868110603,270.9118833654547,316.5687014751068,4,5,"1,2,4,5",3
robust_summary,red,new york strip steak,3,48,2.0,0,shear,shear,36,0.0716359218181818,291.4230698038024,272.0879105196937,319.980984436526,4,5,"1,2,4,5",3
robust_summary,red,new york strip steak,3,48,2.0,0,shear,shear,37,0.07355355797979797,293.4446106705653,273.26393767393273,323.1439042089763,4,5,"1,2,4,5",3
robust_summary,red,new york strip steak,3,48,2.0,0,shear,shear,38,0.07547119414141414,295.407426218851,274.4399648281717,326.2187360037109,4,5,"1,2,4,5",3
robust_summary,red,new york strip steak,3,48,2.0,0,shear,shear,39,0.0773888303030303,297.1855058161973,275.3388880560016,329.2967254453834,4,5,"1,2,4,5",3
robust_summary,red,new york strip steak,3,48,2.0,0,shear,shear,40,0.07930646646464645,298.3755619340303,275.24622843949703,332.3982993231021,4,5,"1,2,4,5",3
robust_summary,red,new york strip steak,3,48,2.0,0,shear,shear,41,0.08122410262626262,299.4546378628675,275.14048694617935,335.33340291732696,4,5,"1,2,4,5",3
robust_summary,red,new york strip steak,3,48,2.0,0,shear,shear,42,0.08314173878787878,300.0402689984147,275.0347454528616,337.5283393216169,4,5,"1,2,4,5",3
robust_summary,red,new york strip steak,3,48,2.0,0,shear,shear,43,0.08505937494949495,300.62590013396186,274.92900395954393,339.7232757259069,4,5,"1,2,4,5",3
robust_summary,red,new york strip steak,3,48,2.0,0,shear,shear,44,0.0869770111111111,301.69013639147636,275.45630990212055,341.5396922171028,4,5,"1,2,4,5",3
robust_summary,red,new york strip steak,3,48,2.0,0,shear,shear,45,0.08889464727272726,303.11609669292193,276.4700731506372,343.2894258941209,4,5,"1,2,4,5",3
robust_summary,red,new york strip steak,3,48,2.0,0,shear,shear,46,0.09081228343434343,304.02356156897656,277.4838363991538,344.26141643305255,4,5,"1,2,4,5",3
robust_summary,red,new york strip steak,3,48,2.0,0,shear,shear,47,0.0927299195959596,304.5833314998547,278.4975996476704,344.71186455421946,4,5,"1,2,4,5",3
robust_summary,red,new york strip steak,3,48,2.0,0,shear,shear,48,0.09464755575757575,305.14310143073277,279.4941340099079,345.1452160285429,4,5,"1,2,4,5",3
robust_summary,red,new york strip steak,3,48,2.0,0,shear,shear,49,0.09656519191919191,305.94300272590954,280.81666860751733,345.56207472822973,4,5,"1,2,4,5",3
robust_summary,red,new york strip steak,3,48,2.0,0,shear,shear,50,0.09848282808080808,306.7818679080447,282.2200293009335,345.95655316254727,4,5,"1,2,4,5",3
robust_summary,red,new york strip steak,3,48,2.0,0,shear,shear,51,0.10040046424242423,307.3888496403413,283.62338999434974,346.0032064221069,4,5,"1,2,4,5",3
robust_summary,red,new york strip steak,3,48,2.0,0,shear,shear,52,0.1023181004040404,307.9958313726378,285.0236305959866,346.05141082603944,4,5,"1,2,4,5",3
robust_summary,red,new york strip steak,3,48,2.0,0,shear,shear,53,0.10423573656565656,308.5931871399915,286.34385919538994,346.1056502306544,4,5,"1,2,4,5",3
robust_summary,red,new york strip steak,3,48,2.0,0,shear,shear,54,0.10615337272727272,309.09077291301304,287.5144328032949,346.15988963526934,4,5,"1,2,4,5",3
robust_summary,red,new york strip steak,3,48,2.0,0,shear,shear,55,0.10807100888888888,309.16513308511117,288.6850064111999,345.5792906384992,4,5,"1,2,4,5",3
robust_summary,red,new york strip steak,3,48,2.0,0,shear,shear,56,0.10998864505050504,308.8527532721463,289.8555800191048,344.4185816641346,4,5,"1,2,4,5",3
robust_summary,red,new york strip steak,3,48,2.0,0,shear,shear,57,0.1119062812121212,308.5403734591814,291.0127969183141,342.86417346478464,4,5,"1,2,4,5",3
robust_summary,red,new york strip steak,3,48,2.0,0,shear,shear,58,0.11382391737373737,308.1714913036483,292.0805065352031,341.2726136284638,4,5,"1,2,4,5",3
robust_summary,red,new york strip steak,3,48,2.0,0,shear,shear,59,0.11574155353535352,307.6929080120067,292.9836644479293,339.6810537921429,4,5,"1,2,4,5",3
robust_summary,red,new york strip steak,3,48,2.0,0,shear,shear,60,0.11765918969696969,307.37506872595765,293.8868223606556,338.33060996421085,4,5,"1,2,4,5",3
robust_summary,red,new york strip steak,3,48,2.0,0,shear,shear,61,0.11957682585858585,307.0600828249519,294.73572541545053,336.8285504403835,4,5,"1,2,4,5",3
robust_summary,red,new york strip steak,3,48,2.0,0,shear,shear,62,0.12149446202020202,306.7450969239462,295.53003392158485,335.2205679806374,4,5,"1,2,4,5",3
robust_summary,red,new york strip steak,3,48,2.0,0,shear,shear,63,0.12341209818181817,306.136882676627,294.7030880070382,334.79399742210194,4,5,"1,2,4,5",3
robust_summary,red,new york strip steak,3,48,2.0,0,shear,shear,64,0.12532973434343433,305.5537574968256,293.9295661983278,334.35163635900676,4,5,"1,2,4,5",3
robust_summary,red,new york strip steak,3,48,2.0,0,shear,shear,65,0.1272473705050505,305.2637126347033,293.6235335366462,333.940266851067,4,5,"1,2,4,5",3
robust_summary,red,new york strip steak,3,48,2.0,0,shear,shear,66,0.12916500666666667,304.97366777258117,293.43751912272586,333.61934859308025,4,5,"1,2,4,5",3
robust_summary,red,new york strip steak,3,48,2.0,0,shear,shear,67,0.13108264282828283,304.683622910459,293.2515047088055,333.29843033509354,4,5,"1,2,4,5",3
robust_summary,red,new york strip steak,3,48,2.0,0,shear,shear,68,0.133000278989899,304.39636244709607,293.06549029488514,332.9816886752456,4,5,"1,2,4,5",3
robust_summary,red,new york strip steak,3,48,2.0,0,shear,shear,69,0.13491791515151516,303.47947328038504,291.9342567258193,332.665723115521,4,5,"1,2,4,5",3
robust_summary,red,new york strip steak,3,48,2.0,0,shear,shear,70,0.13683555131313133,302.46077803050616,290.46362101918214,332.3852191281195,4,5,"1,2,4,5",3
robust_summary,red,new york strip steak,3,48,2.0,0,shear,shear,71,0.1387531874747475,301.4420827806273,288.9782724532195,332.10744533121175,4,5,"1,2,4,5",3
robust_summary,red,new york strip steak,3,48,2.0,0,shear,shear,72,0.14067082363636363,300.4456092354455,287.4929238872569,331.8630040913496,4,5,"1,2,4,5",3
robust_summary,red,new york strip steak,3,48,2.0,0,shear,shear,73,0.1425884597979798,299.80729158665963,286.2925609961254,331.8708110212502,4,5,"1,2,4,5",3
robust_summary,red,new york strip steak,3,48,2.0,0,shear,shear,74,0.14450609595959596,299.55503995549566,285.73247026082925,332.01076772881834,4,5,"1,2,4,5",3
robust_summary,red,new york strip steak,3,48,2.0,0,shear,shear,75,0.14642373212121212,299.30278832433163,285.2023738746065,332.21669520667604,4,5,"1,2,4,5",3
robust_summary,red,new york strip steak,3,48,2.0,0,shear,shear,76,0.1483413682828283,299.0505366931676,284.6722774883837,332.42262268453374,4,5,"1,2,4,5",3
robust_summary,red,new york strip steak,3,48,2.0,0,shear,shear,77,0.15025900444444446,298.7570349053482,284.1421811021609,332.5666749274083,4,5,"1,2,4,5",3
robust_summary,red,new york strip steak,3,48,2.0,0,shear,shear,78,0.15217664060606062,297.7938963273331,282.72808685165217,332.5807417945458,4,5,"1,2,4,5",3
robust_summary,red,new york strip steak,3,48,2.0,0,shear,shear,79,0.15409427676767679,296.6290906351528,281.05682534435226,332.525756339511,4,5,"1,2,4,5",3
robust_summary,red,new york strip steak,3,48,2.0,0,shear,shear,80,0.15601191292929292,295.4642849429725,279.38556383705236,332.4707708844762,4,5,"1,2,4,5",3
robust_summary,red,new york strip steak,3,48,2.0,0,shear,shear,81,0.1579295490909091,294.29947925079216,277.7143023297524,332.4157854294414,4,5,"1,2,4,5",3
robust_summary,red,new york strip steak,3,48,2.0,0,shear,shear,82,0.15984718525252525,293.4809858223264,276.2663279984652,332.6496242725294,4,5,"1,2,4,5",3
robust_summary,red,new york strip steak,3,48,2.0,0,shear,shear,83,0.16176482141414142,293.29836878780134,275.5369370500265,333.052820154743,4,5,"1,2,4,5",3
robust_summary,red,new york strip steak,3,48,2.0,0,shear,shear,84,0.16368245757575758,293.11575175327624,274.8075461015877,333.45601603695656,4,5,"1,2,4,5",3
robust_summary,red,new york strip steak,3,48,2.0,0,shear,shear,85,0.16560009373737375,293.46662879711045,274.61164923150824,333.8592119191701,4,5,"1,2,4,5",3
robust_summary,red,new york strip steak,3,48,2.0,0,shear,shear,86,0.16751772989898991,294.08134988277425,274.67959640325836,334.2624078013837,4,5,"1,2,4,5",3
robust_summary,red,new york strip steak,3,48,2.0,0,shear,shear,87,0.16943536606060605,294.1751512204121,274.866540695399,333.5772386845432,4,5,"1,2,4,5",3
robust_summary,red,new york strip steak,3,48,2.0,0,shear,shear,88,0.17135300222222222,294.2309218875067,275.05912484700104,332.7522949478175,4,5,"1,2,4,5",3
robust_summary,red,new york strip steak,3,48,2.0,0,shear,shear,89,0.17327063838383838,294.2866925546014,275.25170899860314,331.92735121109183,4,5,"1,2,4,5",3
robust_summary,red,new york strip steak,3,48,2.0,0,shear,shear,90,0.17518827454545455,294.3424632216961,275.44429315020517,331.10240747436615,4,5,"1,2,4,5",3
robust_summary,red,new york strip steak,3,48,2.0,0,shear,shear,91,0.1771059107070707,294.43823919883187,275.51170209263677,330.5883043547487,4,5,"1,2,4,5",3
robust_summary,red,new york strip steak,3,48,2.0,0,shear,shear,92,0.17902354686868688,295.1677710403376,275.51490746398275,331.3029034288232,4,5,"1,2,4,5",3
robust_summary,red,new york strip steak,3,48,2.0,0,shear,shear,93,0.18094118303030304,295.89730288184336,275.5181128353287,332.01750250289774,4,5,"1,2,4,5",3
robust_summary,red,new york strip steak,3,48,2.0,0,shear,shear,94,0.1828588191919192,296.62683472334913,275.52131820667466,332.7321015769723,4,5,"1,2,4,5",3
robust_summary,red,new york strip steak,3,48,2.0,0,shear,shear,95,0.18477645535353535,297.40548666171793,275.59820372331524,333.4342465568559,4,5,"1,2,4,5",3
robust_summary,red,new york strip steak,3,48,2.0,0,shear,shear,96,0.1866940915151515,298.04728932714477,275.94683891176675,333.6519651413632,4,5,"1,2,4,5",3
robust_summary,red,new york strip steak,3,48,2.0,0,shear,shear,97,0.18861172767676768,298.32576464503813,276.3558552976949,333.32469270457034,4,5,"1,2,4,5",3
robust_summary,red,new york strip steak,3,48,2.0,0,shear,shear,98,0.19052936383838384,298.6042399629315,276.7648716836231,332.9974202677775,4,5,"1,2,4,5",3
robust_summary,red,new york strip steak,3,48,2.0,0,shear,shear,99,0.192447,298.8827152808249,277.17388806955125,332.67014783098466,4,5,"1,2,4,5",3
robust_summary,red,new york strip steak,3,48,2.0,0,uniaxial,compression,0,0.8176524417312876,-2224.375348774925,-2408.1964725428943,-2199.3826743874624,3,5,"2,4,5","1,3"
robust_summary,red,new york strip steak,3,48,2.0,0,uniaxial,compression,1,0.8196770751857781,-2206.3134171699494,-2390.334594000631,-2179.49173493965,3,5,"2,4,5","1,3"
robust_summary,red,new york strip steak,3,48,2.0,0,uniaxial,compression,2,0.8217017086402686,-2188.2514855649747,-2372.472715458368,-2159.6007954918396,3,5,"2,4,5","1,3"
robust_summary,red,new york strip steak,3,48,2.0,0,uniaxial,compression,3,0.8237263420947591,-2170.189553959999,-2354.6108369161047,-2139.709856044027,3,5,"2,4,5","1,3"
robust_summary,red,new york strip steak,3,48,2.0,0,uniaxial,compression,4,0.8257509755492497,-2152.1276223550235,-2336.7489583738407,-2119.8189165962153,3,5,"2,4,5","1,3"
robust_summary,red,new york strip steak,3,48,2.0,0,uniaxial,compression,5,0.8277756090037401,-2134.065690750049,-2318.8870798315784,-2099.9279771484044,3,5,"2,4,5","1,3"
robust_summary,red,new york strip steak,3,48,2.0,0,uniaxial,compression,6,0.8298002424582307,-2116.003759145073,-2301.0252012893143,-2080.037037700592,3,5,"2,4,5","1,3"
robust_summary,red,new york strip steak,3,48,2.0,0,uniaxial,compression,7,0.8318248759127213,-2097.9418275400976,-2283.163322747051,-2060.14609825278,3,5,"2,4,5","1,3"
robust_summary,red,new york strip steak,3,48,2.0,0,uniaxial,compression,8,0.8338495093672118,-2079.879895935122,-2265.3014442047875,-2040.255158804968,3,5,"2,4,5","1,3"
robust_summary,red,new york strip steak,3,48,2.0,0,uniaxial,compression,9,0.8358741428217022,-2061.8179643301473,-2247.4395656625247,-2020.364219357157,3,5,"2,4,5","1,3"
robust_summary,red,new york strip steak,3,48,2.0,0,uniaxial,compression,10,0.8378987762761928,-2041.2078478949263,-2226.238830451624,-1999.6424068124293,3,5,"2,4,5","1,3"
robust_summary,red,new york strip steak,3,48,2.0,0,uniaxial,compression,11,0.8399234097306834,-2016.3111429323828,-2200.266590243446,-1979.940298305154,3,5,"2,4,5","1,3"
robust_summary,red,new york strip steak,3,48,2.0,0,uniaxial,compression,12,0.8419480431851738,-1991.4144379698407,-2174.2943500352694,-1960.2381897978798,3,5,"2,4,5","1,3"
robust_summary,red,new york strip steak,3,48,2.0,0,uniaxial,compression,13,0.8439726766396644,-1966.5177330072975,-2148.322109827092,-1940.5360812906047,3,5,"2,4,5","1,3"
robust_summary,red,new york strip steak,3,48,2.0,0,uniaxial,compression,14,0.8459973100941549,-1941.621028044754,-2122.349869618914,-1920.8339727833295,3,5,"2,4,5","1,3"
robust_summary,red,new york strip steak,3,48,2.0,0,uniaxial,compression,15,0.8480219435486454,-1916.7243230822119,-2096.3776294107374,-1901.1318642760555,3,5,"2,4,5","1,3"
robust_summary,red,new york strip steak,3,48,2.0,0,uniaxial,compression,16,0.8500465770031359,-1891.8276181196686,-2070.40538920256,-1881.4297557687805,3,5,"2,4,5","1,3"
robust_summary,red,new york strip steak,3,48,2.0,0,uniaxial,compression,17,0.8520712104576265,-1866.9309131571251,-2044.4331489943825,-1861.7276472615054,3,5,"2,4,5","1,3"
robust_summary,red,new york strip steak,3,48,2.0,0,uniaxial,compression,18,0.8540958439121169,-1842.034208194583,-2018.460908786206,-1842.025538754231,3,5,"2,4,5","1,3"
robust_summary,red,new york strip steak,3,48,2.0,0,uniaxial,compression,19,0.8561204773666075,-1827.509357261872,-1997.6745955929443,-1822.323430246956,3,5,"2,4,5","1,3"
robust_summary,red,new york strip steak,3,48,2.0,0,uniaxial,compression,20,0.858145110821098,-1811.9912804293722,-1978.0636529338017,-1804.6505349174436,3,5,"2,4,5","1,3"
robust_summary,red,new york strip steak,3,48,2.0,0,uniaxial,compression,21,0.8601697442755886,-1793.3518232961928,-1959.6676855282888,-1787.5812133082964,3,5,"2,4,5","1,3"
robust_summary,red,new york strip steak,3,48,2.0,0,uniaxial,compression,22,0.862194377730079,-1774.7123661630146,-1941.2717181227772,-1770.51189169915,3,5,"2,4,5","1,3"
robust_summary,red,new york strip steak,3,48,2.0,0,uniaxial,compression,23,0.8642190111845696,-1756.0729090298353,-1922.8757507172645,-1753.4425700900028,3,5,"2,4,5","1,3"
robust_summary,red,new york strip steak,3,48,2.0,0,uniaxial,compression,24,0.8662436446390601,-1737.433451896656,-1904.4797833117518,-1736.3732484808559,3,5,"2,4,5","1,3"
robust_summary,red,new york strip steak,3,48,2.0,0,uniaxial,compression,25,0.8682682780935506,-1719.8138589799416,-1886.593748014472,-1719.3039268717096,3,5,"2,4,5","1,3"
robust_summary,red,new york strip steak,3,48,2.0,0,uniaxial,compression,26,0.8702929115480411,-1704.3146728948266,-1869.7679161329916,-1702.2346052625624,3,5,"2,4,5","1,3"
robust_summary,red,new york strip steak,3,48,2.0,0,uniaxial,compression,27,0.8723175450025317,-1688.8154868097115,-1852.9420842515108,-1685.1652836534151,3,5,"2,4,5","1,3"
robust_summary,red,new york strip steak,3,48,2.0,0,uniaxial,compression,28,0.8743421784570222,-1673.3163007245967,-1836.1162523700305,-1668.0959620442682,3,5,"2,4,5","1,3"
robust_summary,red,new york strip steak,3,48,2.0,0,uniaxial,compression,29,0.8763668119115127,-1657.8171146394825,-1819.2904204885508,-1651.0266404351219,3,5,"2,4,5","1,3"
robust_summary,red,new york strip steak,3,48,2.0,0,uniaxial,compression,30,0.8783914453660032,-1640.7156962297854,-1799.6493511016124,-1633.974425093226,3,5,"2,4,5","1,3"
robust_summary,red,new york strip steak,3,48,2.0,0,uniaxial,compression,31,0.8804160788204938,-1622.5178463604339,-1777.1518835680681,-1617.7650399128884,3,5,"2,4,5","1,3"
robust_summary,red,new york strip steak,3,48,2.0,0,uniaxial,compression,32,0.8824407122749842,-1604.3199964910834,-1754.6544160345252,-1601.5556547325518,3,5,"2,4,5","1,3"
robust_summary,red,new york strip steak,3,48,2.0,0,uniaxial,compression,33,0.8844653457294748,-1586.122146621732,-1732.1569485009813,-1585.3462695522144,3,5,"2,4,5","1,3"
robust_summary,red,new york strip steak,3,48,2.0,0,uniaxial,compression,34,0.8864899791839653,-1570.3494719913733,-1710.8720685869334,-1569.136884371877,3,5,"2,4,5","1,3"
robust_summary,red,new york strip steak,3,48,2.0,0,uniaxial,compression,35,0.8885146126384558,-1556.1285515000504,-1690.3630657424042,-1552.9274991915404,3,5,"2,4,5","1,3"
robust_summary,red,new york strip steak,3,48,2.0,0,uniaxial,compression,36,0.8905392460929463,-1541.9076310087269,-1669.854062897874,-1536.718114011203,3,5,"2,4,5","1,3"
robust_summary,red,new york strip steak,3,48,2.0,0,uniaxial,compression,37,0.8925638795474369,-1527.6867105174033,-1649.3450600533438,-1520.5087288308653,3,5,"2,4,5","1,3"
robust_summary,red,new york strip steak,3,48,2.0,0,uniaxial,compression,38,0.8945885130019273,-1513.4657900260806,-1628.836057208815,-1504.2993436505287,3,5,"2,4,5","1,3"
robust_summary,red,new york strip steak,3,48,2.0,0,uniaxial,compression,39,0.8966131464564179,-1499.244869534757,-1608.3270543642848,-1488.0899584701913,3,5,"2,4,5","1,3"
robust_summary,red,new york strip steak,3,48,2.0,0,uniaxial,compression,40,0.8986377799109084,-1484.349283572899,-1588.8410446494775,-1473.4337782783412,3,5,"2,4,5","1,3"
robust_summary,red,new york strip steak,3,48,2.0,0,uniaxial,compression,41,0.9006624133653989,-1467.8687660788887,-1570.9151522335528,-1459.4145190852014,3,5,"2,4,5","1,3"
robust_summary,red,new york strip steak,3,48,2.0,0,uniaxial,compression,42,0.9026870468198894,-1451.3882485848776,-1552.989259817627,-1445.3952598920605,3,5,"2,4,5","1,3"
robust_summary,red,new york strip steak,3,48,2.0,0,uniaxial,compression,43,0.90471168027438,-1434.9077310908665,-1535.0633674017013,-1431.37600069892,3,5,"2,4,5","1,3"
robust_summary,red,new york strip steak,3,48,2.0,0,uniaxial,compression,44,0.9067363137288705,-1418.4272135968554,-1517.1374749857755,-1417.3567415057794,3,5,"2,4,5","1,3"
robust_summary,red,new york strip steak,3,48,2.0,0,uniaxial,compression,45,0.908760947183361,-1404.7282685224338,-1500.602368779645,-1403.3374823126396,3,5,"2,4,5","1,3"
robust_summary,red,new york strip steak,3,48,2.0,0,uniaxial,compression,46,0.9107855806378515,-1393.1702676301638,-1485.1377346645897,-1389.318223119499,3,5,"2,4,5","1,3"
robust_summary,red,new york strip steak,3,48,2.0,0,uniaxial,compression,47,0.9128102140923421,-1381.6122667378936,-1469.6731005495344,-1375.2989639263583,3,5,"2,4,5","1,3"
robust_summary,red,new york strip steak,3,48,2.0,0,uniaxial,compression,48,0.9148348475468325,-1370.054265845624,-1454.2084664344802,-1361.2797047332183,3,5,"2,4,5","1,3"
robust_summary,red,new york strip steak,3,48,2.0,0,uniaxial,compression,49,0.9168594810013231,-1358.496264953354,-1438.7438323194249,-1347.2604455400779,3,5,"2,4,5","1,3"
robust_summary,red,new york strip steak,3,48,2.0,0,uniaxial,compression,50,0.9188841144558136,-1342.1573175852468,-1418.8409542253994,-1331.4990582222636,3,5,"2,4,5","1,3"
robust_summary,red,new york strip steak,3,48,2.0,0,uniaxial,compression,51,0.9209087479103042,-1323.4891698650436,-1395.8504318816083,-1315.4674964174214,3,5,"2,4,5","1,3"
robust_summary,red,new york strip steak,3,48,2.0,0,uniaxial,compression,52,0.9229333813647946,-1304.8210221448412,-1372.859909537818,-1299.4359346125798,3,5,"2,4,5","1,3"
robust_summary,red,new york strip steak,3,48,2.0,0,uniaxial,compression,53,0.9249580148192852,-1286.1528744246377,-1349.8693871940268,-1283.4043728077374,3,5,"2,4,5","1,3"
robust_summary,red,new york strip steak,3,48,2.0,0,uniaxial,compression,54,0.9269826482737757,-1267.4847267044343,-1326.8788648502355,-1267.372811002895,3,5,"2,4,5","1,3"
robust_summary,red,new york strip steak,3,48,2.0,0,uniaxial,compression,55,0.9290072817282662,-1253.8659194118752,-1306.413012720267,-1251.3412491980534,3,5,"2,4,5","1,3"
robust_summary,red,new york strip steak,3,48,2.0,0,uniaxial,compression,56,0.9310319151827567,-1240.470943522394,-1286.0590762918366,-1235.3096873932113,3,5,"2,4,5","1,3"
robust_summary,red,new york strip steak,3,48,2.0,0,uniaxial,compression,57,0.9330565486372473,-1227.0759676329126,-1265.7051398634062,-1219.2781255883688,3,5,"2,4,5","1,3"
robust_summary,red,new york strip steak,3,48,2.0,0,uniaxial,compression,58,0.9350811820917377,-1213.680991743432,-1245.3512034349772,-1203.2465637835276,3,5,"2,4,5","1,3"
robust_summary,red,new york strip steak,3,48,2.0,0,uniaxial,compression,59,0.9371058155462283,-1200.2860158539506,-1224.9972670065467,-1187.215001978685,3,5,"2,4,5","1,3"
robust_summary,red,new york strip steak,3,48,2.0,0,uniaxial,compression,60,0.9391304490007188,-1185.442995588887,-1206.885583420734,-1172.6551720175962,3,5,"2,4,5","1,3"
robust_summary,red,new york strip steak,3,48,2.0,0,uniaxial,compression,61,0.9411550824552093,-1169.3759400347049,-1189.7925104133383,-1158.0658147320157,3,5,"2,4,5","1,3"
robust_summary,red,new york strip steak,3,48,2.0,0,uniaxial,compression,62,0.9431797159096998,-1153.3088844805216,-1172.6994374059418,-1143.4764574464343,3,5,"2,4,5","1,3"
robust_summary,red,new york strip steak,3,48,2.0,0,uniaxial,compression,63,0.9452043493641904,-1137.2418289263385,-1155.606364398545,-1128.8871001608527,3,5,"2,4,5","1,3"
robust_summary,red,new york strip steak,3,48,2.0,0,uniaxial,compression,64,0.9472289828186808,-1121.174773372156,-1138.5132913911493,-1114.297742875272,3,5,"2,4,5","1,3"
robust_summary,red,new york strip steak,3,48,2.0,0,uniaxial,compression,65,0.9492536162731714,-1105.107717817973,-1121.4202183837529,-1099.7083855896908,3,5,"2,4,5","1,3"
robust_summary,red,new york strip steak,3,48,2.0,0,uniaxial,compression,66,0.951278249727662,-1089.0406622637897,-1104.3271453763562,-1085.1190283041092,3,5,"2,4,5","1,3"
robust_summary,red,new york strip steak,3,48,2.0,0,uniaxial,compression,67,0.9533028831821524,-1072.9736067096073,-1087.2340723689604,-1070.5296710185285,3,5,"2,4,5","1,3"
robust_summary,red,new york strip steak,3,48,2.0,0,uniaxial,compression,68,0.955327516636643,-1056.9065511554243,-1070.140999361564,-1055.940313732947,3,5,"2,4,5","1,3"
robust_summary,red,new york strip steak,3,48,2.0,0,uniaxial,compression,69,0.9573521500911335,-1041.8624172934901,-1053.5593872002917,-1041.3509564473657,3,5,"2,4,5","1,3"
robust_summary,red,new york strip steak,3,48,2.0,0,uniaxial,compression,70,0.9593767835456241,-1024.4172848529665,-1029.2629874872553,-1019.4529740492019,3,5,"2,4,5","1,3"
robust_summary,red,new york strip steak,3,48,2.0,0,uniaxial,compression,71,0.9614014170001145,-999.3449973304677,-1003.4665613918576,-990.8194601076509,3,5,"2,4,5","1,3"
robust_summary,red,new york strip steak,3,48,2.0,0,uniaxial,compression,72,0.963426050454605,-964.5813045393895,-977.6701352964585,-957.3402435318095,3,5,"2,4,5","1,3"
robust_summary,red,new york strip steak,3,48,2.0,0,uniaxial,compression,73,0.9654506839090956,-929.8176117483113,-951.8737092010595,-923.8610269559681,3,5,"2,4,5","1,3"
robust_summary,red,new york strip steak,3,48,2.0,0,uniaxial,compression,74,0.9674753173635862,-895.0539189572331,-926.0772831056605,-890.3818103801266,3,5,"2,4,5","1,3"
robust_summary,red,new york strip steak,3,48,2.0,0,uniaxial,compression,75,0.9694999508180766,-860.2902261661568,-900.2808570102629,-856.9025938042869,3,5,"2,4,5","1,3"
robust_summary,red,new york strip steak,3,48,2.0,0,uniaxial,compression,76,0.9715245842725672,-825.5265333750787,-874.4844309148639,-823.4233772284456,3,5,"2,4,5","1,3"
robust_summary,red,new york strip steak,3,48,2.0,0,uniaxial,compression,77,0.9735492177270577,-790.7628405840004,-848.6880048194648,-789.9441606526041,3,5,"2,4,5","1,3"
robust_summary,red,new york strip steak,3,48,2.0,0,uniaxial,compression,78,0.9755738511815482,-756.9307403606047,-823.3573750079074,-756.4649440767644,3,5,"2,4,5","1,3"
robust_summary,red,new york strip steak,3,48,2.0,0,uniaxial,compression,79,0.9775984846360387,-724.736,-798.8454251277451,-722.985727500923,3,5,"2,4,5","1,3"
robust_summary,red,new york strip steak,3,48,2.0,0,uniaxial,unloading,0,0.8213560604275681,886.2968313672899,821.8813285483211,898.085,5,5,"1,2,3,4,5",
robust_summary,red,new york strip steak,3,48,2.0,0,uniaxial,unloading,1,0.8221117135608476,865.0358486130831,798.8866153123195,877.6030981552739,5,5,"1,2,3,4,5",
robust_summary,red,new york strip steak,3,48,2.0,0,uniaxial,unloading,2,0.8228673666941269,843.7748658588795,775.8919020763212,857.1211963105508,5,5,"1,2,3,4,5",
robust_summary,red,new york strip steak,3,48,2.0,0,uniaxial,unloading,3,0.8236230198274063,822.5138831046726,752.8971888403197,836.6392944658247,5,5,"1,2,3,4,5",
robust_summary,red,new york strip steak,3,48,2.0,0,uniaxial,unloading,4,0.8243786729606857,801.2529003504658,729.9024756043182,816.1573926210986,5,5,"1,2,3,4,5",
robust_summary,red,new york strip steak,3,48,2.0,0,uniaxial,unloading,5,0.825134326093965,779.991917596262,706.9077623683199,795.6754907763755,5,5,"1,2,3,4,5",
robust_summary,red,new york strip steak,3,48,2.0,0,uniaxial,unloading,6,0.8258899792272444,758.7309348420553,683.9130491323184,775.1935889316493,5,5,"1,2,3,4,5",
robust_summary,red,new york strip steak,3,48,2.0,0,uniaxial,unloading,7,0.8266456323605238,737.4699520878485,660.9183358963168,754.7116870869232,5,5,"1,2,3,4,5",
robust_summary,red,new york strip steak,3,48,2.0,0,uniaxial,unloading,8,0.8274012854938031,716.2089693336447,637.9236226603186,734.2297852422001,5,5,"1,2,3,4,5",
robust_summary,red,new york strip steak,3,48,2.0,0,uniaxial,unloading,9,0.8281569386270825,694.947986579438,614.928909424317,713.747883397474,5,5,"1,2,3,4,5",
robust_summary,red,new york strip steak,3,48,2.0,0,uniaxial,unloading,10,0.8289125917603619,673.6870038252312,591.9341961883155,693.2659815527479,5,5,"1,2,3,4,5",
robust_summary,red,new york strip steak,3,48,2.0,0,uniaxial,unloading,11,0.8296682448936412,652.4260210710274,568.9394829523172,672.7840797080247,5,5,"1,2,3,4,5",
robust_summary,red,new york strip steak,3,48,2.0,0,uniaxial,unloading,12,0.8304238980269206,631.1650383168206,545.9447697163157,652.3021778632987,5,5,"1,2,3,4,5",
robust_summary,red,new york strip steak,3,48,2.0,0,uniaxial,unloading,13,0.8311795511602,609.9040555626138,522.9500564803141,631.8202760185725,5,5,"1,2,3,4,5",
robust_summary,red,new york strip steak,3,48,2.0,0,uniaxial,unloading,14,0.8319352042934793,588.6430728084101,499.9553432443159,611.3383741738494,5,5,"1,2,3,4,5",
robust_summary,red,new york strip steak,3,48,2.0,0,uniaxial,unloading,15,0.8326908574267587,567.3820900542033,476.9606300083143,590.8564723291233,5,5,"1,2,3,4,5",
robust_summary,red,new york strip steak,3,48,2.0,0,uniaxial,unloading,16,0.8334465105600382,546.1211072999965,453.96591677231277,570.3745704843972,5,5,"1,2,3,4,5",
robust_summary,red,new york strip steak,3,48,2.0,0,uniaxial,unloading,17,0.8342021636933175,524.8601245457928,430.97120353631453,549.8926686396741,5,5,"1,2,3,4,5",
robust_summary,red,new york strip steak,3,48,2.0,0,uniaxial,unloading,18,0.8349578168265969,503.599141791586,407.97649030031295,529.4107667949479,5,5,"1,2,3,4,5",
robust_summary,red,new york strip steak,3,48,2.0,0,uniaxial,unloading,19,0.8357134699598763,482.3381590373792,384.9817770643114,508.9288649502218,5,5,"1,2,3,4,5",
robust_summary,red,new york strip steak,3,48,2.0,0,uniaxial,unloading,20,0.8364691230931556,461.07717628317556,361.9870638283132,488.4469631054987,5,5,"1,2,3,4,5",
robust_summary,red,new york strip steak,3,48,2.0,0,uniaxial,unloading,21,0.837224776226435,439.8161935289687,338.9923505923116,467.9650612607726,5,5,"1,2,3,4,5",
robust_summary,red,new york strip steak,3,48,2.0,0,uniaxial,unloading,22,0.8379804293597144,418.5552107747619,315.99763735631007,447.4831594160465,5,5,"1,2,3,4,5",
robust_summary,red,new york strip steak,3,48,2.0,0,uniaxial,unloading,23,0.8387360824929937,397.2942280205582,293.00292412031183,416.2484193504796,5,5,"1,2,3,4,5",
robust_summary,red,new york strip steak,3,48,2.0,0,uniaxial,unloading,24,0.8394917356262731,376.0332452663514,270.0082108843103,384.3569060535817,5,5,"1,2,3,4,5",
robust_summary,red,new york strip steak,3,48,2.0,0,uniaxial,unloading,25,0.8402473887595525,352.46539275668385,247.01349764830866,354.7722625121446,5,5,"1,2,3,4,5",
robust_summary,red,new york strip steak,3,48,2.0,0,uniaxial,unloading,26,0.8410030418928318,320.57387945979065,224.01878441231054,334.55484639648677,5,5,"1,2,3,4,5",
robust_summary,red,new york strip steak,3,48,2.0,0,uniaxial,unloading,27,0.8417586950261112,308.1585795301424,209.12078214450167,320.6608335205377,5,5,"1,2,3,4,5",
robust_summary,red,new york strip steak,3,48,2.0,0,uniaxial,unloading,28,0.8425143481593906,299.18799727753685,195.6135445583105,306.7668206445887,5,5,"1,2,3,4,5",
robust_summary,red,new york strip steak,3,48,2.0,0,uniaxial,unloading,29,0.8432700012926699,290.21741502493256,182.10630697212133,292.8728077686417,5,5,"1,2,3,4,5",
robust_summary,red,new york strip steak,3,48,2.0,0,uniaxial,unloading,30,0.8440256544259493,278.97879489269263,168.59906938593014,281.246832772327,5,5,"1,2,3,4,5",
robust_summary,red,new york strip steak,3,48,2.0,0,uniaxial,unloading,31,0.8447813075592288,265.0847820167436,155.09183179973897,272.27625051972143,5,5,"1,2,3,4,5",
robust_summary,red,new york strip steak,3,48,2.0,0,uniaxial,unloading,32,0.845536960692508,251.19076914079662,141.5845942135498,263.3056682671172,5,5,"1,2,3,4,5",
robust_summary,red,new york strip steak,3,48,2.0,0,uniaxial,unloading,33,0.8462926138257875,237.2967562648476,128.0773566273586,254.33508601451163,5,5,"1,2,3,4,5",
robust_summary,red,new york strip steak,3,48,2.0,0,uniaxial,unloading,34,0.8470482669590669,223.40274338889856,114.57011904116744,245.36450376190606,5,5,"1,2,3,4,5",
robust_summary,red,new york strip steak,3,48,2.0,0,uniaxial,unloading,35,0.8478039200923462,209.50873051295156,101.06288145497825,234.4438303742731,5,5,"1,2,3,4,5",
robust_summary,red,new york strip steak,3,48,2.0,0,uniaxial,unloading,36,0.8485595732256256,195.6147176370025,87.55564386878709,220.22171182657365,5,5,"1,2,3,4,5",
robust_summary,red,new york strip steak,3,48,2.0,0,uniaxial,unloading,37,0.849315226358905,181.7207047610535,74.04840628259592,205.99959327887424,5,5,"1,2,3,4,5",
robust_summary,red,new york strip steak,3,48,2.0,0,uniaxial,unloading,38,0.8500708794921843,167.8266918851065,60.541168696406714,191.7774747311769,5,5,"1,2,3,4,5",
robust_summary,red,new york strip steak,3,48,2.0,0,uniaxial,unloading,39,0.8508265326254637,153.93267900915745,47.03393111021555,177.5553561834775,5,5,"1,2,3,4,5",
robust_summary,red,new york strip steak,3,48,2.0,0,uniaxial,unloading,40,0.8515821857587431,140.03866613320844,33.52669352402438,163.33323763577806,5,5,"1,2,3,4,5",
robust_summary,red,new york strip steak,3,48,2.0,0,uniaxial,unloading,41,0.8523378388920224,126.14465325726144,20.019455937835176,149.11111908808073,5,5,"1,2,3,4,5",
robust_summary,red,new york strip steak,3,48,2.0,0,uniaxial,unloading,42,0.8530934920253018,112.2506403813124,6.512218351644009,134.88900054038132,5,5,"1,2,3,4,5",
robust_summary,red,new york strip steak,3,48,2.0,0,uniaxial,unloading,43,0.8538491451585812,98.35662750536338,-6.995019234547158,120.66688199268191,5,5,"1,2,3,4,5",
robust_summary,red,new york strip steak,3,48,2.0,0,uniaxial,unloading,44,0.8546047982918605,84.46261462941638,-20.502256820736335,106.44476344498457,5,5,"1,2,3,4,5",
robust_summary,red,new york strip steak,3,48,2.0,0,uniaxial,unloading,45,0.85536045142514,70.56860175346736,-25.581682923217556,92.22264489728514,5,5,"1,2,3,4,5",
robust_summary,red,new york strip steak,3,48,2.0,0,uniaxial,unloading,46,0.8561161045584194,56.67458887751832,-30.543106150350752,78.0005263495857,5,5,"1,2,3,4,5",
robust_summary,red,new york strip steak,3,48,2.0,0,uniaxial,unloading,47,0.8568717576916988,42.78057600156927,-35.50452937748396,63.77840780188632,5,5,"1,2,3,4,5",
robust_summary,red,new york strip steak,3,48,2.0,0,uniaxial,unloading,48,0.8576274108249781,28.886563125622274,-40.46595260461643,49.55628925418898,5,5,"1,2,3,4,5",
robust_summary,red,new york strip steak,3,48,2.0,0,uniaxial,unloading,49,0.8583830639582575,14.99255024967323,-45.42737583174964,35.334170706489545,5,5,"1,2,3,4,5",
robust_summary,red,new york strip steak,3,48,2.0,0,uniaxial,unloading,50,0.8591387170915369,1.0985373737241844,-50.38879905888285,21.112052158790107,5,5,"1,2,3,4,5",
robust_summary,red,new york strip steak,3,48,2.0,0,uniaxial,unloading,51,0.8598943702248162,-12.795475502222814,-55.350222286015324,6.889933611092772,5,5,"1,2,3,4,5",
robust_summary,red,new york strip steak,3,48,2.0,0,uniaxial,unloading,52,0.8606500233580956,-26.689488378171802,-60.311645513148534,-7.332184936606609,5,5,"1,2,3,4,5",
robust_summary,red,new york strip steak,3,48,2.0,0,uniaxial,unloading,53,0.861405676491375,-39.35874122987796,-65.11802922112678,-20.34096752260589,5,5,"1,2,3,4,5",
robust_summary,red,new york strip steak,3,48,2.0,0,uniaxial,unloading,54,0.8621613296246543,-44.15041651216644,-69.57602809723686,-25.63085522871812,5,5,"1,2,3,4,5",
robust_summary,red,new york strip steak,3,48,2.0,0,uniaxial,unloading,55,0.8629169827579337,-48.942091794455614,-74.0340269733476,-30.92074293483112,5,5,"1,2,3,4,5",
robust_summary,red,new york strip steak,3,48,2.0,0,uniaxial,unloading,56,0.8636726358912131,-53.7337670767448,-78.49202584945833,-36.210630640944125,5,5,"1,2,3,4,5",
robust_summary,red,new york strip steak,3,48,2.0,0,uniaxial,unloading,57,0.8644282890244924,-58.52544235903327,-82.9500247255684,-41.50051834705635,5,5,"1,2,3,4,5",
robust_summary,red,new york strip steak,3,48,2.0,0,uniaxial,unloading,58,0.8651839421577718,-63.317117641322454,-87.40802360167913,-46.790406053169356,5,5,"1,2,3,4,5",
robust_summary,red,new york strip steak,3,48,2.0,0,uniaxial,unloading,59,0.8659395952910512,-68.10879292361163,-91.86602247778987,-52.080293759282355,5,5,"1,2,3,4,5",
robust_summary,red,new york strip steak,3,48,2.0,0,uniaxial,unloading,60,0.8666952484243305,-72.90046820590011,-96.32402135389995,-57.37018146539459,5,5,"1,2,3,4,5",
robust_summary,red,new york strip steak,3,48,2.0,0,uniaxial,unloading,61,0.86745090155761,-77.69214348818929,-100.78202023001069,-62.66006917150759,5,5,"1,2,3,4,5",
robust_summary,red,new york strip steak,3,48,2.0,0,uniaxial,unloading,62,0.8682065546908894,-82.48381877047848,-105.24001910612142,-67.9499568776206,5,5,"1,2,3,4,5",
robust_summary,red,new york strip steak,3,48,2.0,0,uniaxial,unloading,63,0.8689622078241687,-87.27549405276694,-109.6980179822315,-73.23984458373282,5,5,"1,2,3,4,5",
robust_summary,red,new york strip steak,3,48,2.0,0,uniaxial,unloading,64,0.8697178609574481,-92.06716933505612,-114.15601685834224,-78.52973228984582,5,5,"1,2,3,4,5",
robust_summary,red,new york strip steak,3,48,2.0,0,uniaxial,unloading,65,0.8704735140907275,-96.85884461734531,-118.61401573445298,-83.81961999595883,5,5,"1,2,3,4,5",
robust_summary,red,new york strip steak,3,48,2.0,0,uniaxial,unloading,66,0.8712291672240068,-101.65051989963379,-123.07201461056306,-89.10950770207106,5,5,"1,2,3,4,5",
robust_summary,red,new york strip steak,3,48,2.0,0,uniaxial,unloading,67,0.8719848203572862,-106.44219518192297,-127.5300134866738,-94.39939540818406,5,5,"1,2,3,4,5",
robust_summary,red,new york strip steak,3,48,2.0,0,uniaxial,unloading,68,0.8727404734905656,-111.23387046421215,-131.98801236278453,-99.68928311429706,5,5,"1,2,3,4,5",
robust_summary,red,new york strip steak,3,48,2.0,0,uniaxial,unloading,69,0.8734961266238449,-116.02554574650063,-136.4460112388946,-104.97917082040928,5,5,"1,2,3,4,5",
robust_summary,red,new york strip steak,3,48,2.0,0,uniaxial,unloading,70,0.8742517797571243,-120.8172210287898,-140.90401011500535,-110.26905852652229,5,5,"1,2,3,4,5",
robust_summary,red,new york strip steak,3,48,2.0,0,uniaxial,unloading,71,0.8750074328904037,-125.60889631107898,-145.36200899111608,-115.5589462326353,5,5,"1,2,3,4,5",
robust_summary,red,new york strip steak,3,48,2.0,0,uniaxial,unloading,72,0.875763086023683,-130.40057159336746,-149.82000786722617,-120.84883393874752,5,5,"1,2,3,4,5",
robust_summary,red,new york strip steak,3,48,2.0,0,uniaxial,unloading,73,0.8765187391569624,-135.19224687565662,-154.2780067433369,-126.13872164486052,5,5,"1,2,3,4,5",
robust_summary,red,new york strip steak,3,48,2.0,0,uniaxial,unloading,74,0.8772743922902418,-139.9839221579458,-158.73600561944764,-131.42860935097355,5,5,"1,2,3,4,5",
robust_summary,red,new york strip steak,3,48,2.0,0,uniaxial,unloading,75,0.8780300454235211,-144.7755974402343,-163.19400449555772,-136.71849705708576,5,5,"1,2,3,4,5",
robust_summary,red,new york strip steak,3,48,2.0,0,uniaxial,unloading,76,0.8787856985568006,-149.56727272252346,-167.65200337166846,-142.00838476319876,5,5,"1,2,3,4,5",
robust_summary,red,new york strip steak,3,48,2.0,0,uniaxial,unloading,77,0.87954135169008,-154.35894800481265,-172.1100022477792,-147.29827246931177,5,5,"1,2,3,4,5",
robust_summary,red,new york strip steak,3,48,2.0,0,uniaxial,unloading,78,0.8802970048233593,-159.15062328710113,-176.56800112388927,-152.58816017542398,5,5,"1,2,3,4,5",
robust_summary,red,new york strip steak,3,48,2.0,0,uniaxial,unloading,79,0.8810526579566387,-163.94229856939032,-181.026,-157.878047881537,5,5,"1,2,3,4,5",
