file_name,color,cut_name,freshness_index,time_hours,time_days,sample_num,mode,loading,point_index,deformation,stress_pa,modified_z,is_outlier
green1-1.xls,green,sirloin tender steak,1,0,0.0,1,shear,shear,0,0.00035980900000000005,22.4502,1.0495859413907251,False
green1-2.xls,green,sirloin tender steak,1,0,0.0,2,shear,shear,0,0.00309664,-23.2756,-0.45627069438612594,False
green1-3.xls,green,sirloin tender steak,1,0,0.0,3,shear,shear,0,0.000406582,-29.9022,-0.6745,False
green1-4.xls,green,sirloin tender steak,1,0,0.0,4,shear,shear,0,-0.000857054,-9.4208,0.0,False
green1-5.xls,green,sirloin tender steak,1,0,0.0,5,shear,shear,0,0.00132634,77.3552,2.8577349204644213,False
green1-1.xls,green,sirloin tender steak,1,0,0.0,1,shear,shear,1,0.00035980900000000005,22.4502,0.7827360896131115,False
green1-2.xls,green,sirloin tender steak,1,0,0.0,2,shear,shear,1,0.0030966500000000003,-23.2756,-0.6745,False
green1-3.xls,green,sirloin tender steak,1,0,0.0,3,shear,shear,1,0.0030194799999999997,-2.11084,0.0,False
green1-4.xls,green,sirloin tender steak,1,0,0.0,4,shear,shear,1,-0.0008565780000000001,-9.4208,-0.23296120626928912,False
green1-5.xls,green,sirloin tender steak,1,0,0.0,5,shear,shear,1,0.00132634,77.3552,2.5325042183327375,False
green1-1.xls,green,sirloin tender steak,1,0,0.0,1,shear,shear,2,0.0031739800000000003,51.2647,0.6745,False
green1-2.xls,green,sirloin tender steak,1,0,0.0,2,shear,shear,2,0.00442329,8.79832,-0.46367633611749104,False
green1-3.xls,green,sirloin tender steak,1,0,0.0,3,shear,shear,2,0.0030194700000000002,-2.11084,-0.756061695051299,False
green1-4.xls,green,sirloin tender steak,1,0,0.0,4,shear,shear,2,0.00419762,26.0985,0.0,False
green1-5.xls,green,sirloin tender steak,1,0,0.0,5,shear,shear,2,0.0034090599999999998,94.8963,1.843906354554919,False
green1-1.xls,green,sirloin tender steak,1,0,0.0,1,shear,shear,3,0.0031739800000000003,51.2647,0.6745,False
green1-2.xls,green,sirloin tender steak,1,0,0.0,2,shear,shear,3,0.00442329,8.79832,-0.46367633611749104,False
green1-3.xls,green,sirloin tender steak,1,0,0.0,3,shear,shear,3,0.0030194700000000002,-2.11084,-0.756061695051299,False
green1-4.xls,green,sirloin tender steak,1,0,0.0,4,shear,shear,3,0.00419758,26.0985,0.0,False
green1-5.xls,green,sirloin tender steak,1,0,0.0,5,shear,shear,3,0.00340903,94.8963,1.843906354554919,False
green1-1.xls,green,sirloin tender steak,1,0,0.0,1,shear,shear,4,0.00317395,51.2647,0.6745,False
green1-2.xls,green,sirloin tender steak,1,0,0.0,2,shear,shear,4,0.00442326,8.79832,-0.46367633611749104,False
green1-3.xls,green,sirloin tender steak,1,0,0.0,3,shear,shear,4,0.00301946,-2.11084,-0.756061695051299,False
green1-4.xls,green,sirloin tender steak,1,0,0.0,4,shear,shear,4,0.00419758,26.0985,0.0,False
green1-5.xls,green,sirloin tender steak,1,0,0.0,5,shear,shear,4,0.00340903,94.8963,1.843906354554919,False
green1-1.xls,green,sirloin tender steak,1,0,0.0,1,shear,shear,5,0.00317395,51.2647,0.6745,False
green1-2.xls,green,sirloin tender steak,1,0,0.0,2,shear,shear,5,0.00442326,8.79832,-0.46367633611749104,False
green1-3.xls,green,sirloin tender steak,1,0,0.0,3,shear,shear,5,0.00301946,-2.11084,-0.756061695051299,False
green1-4.xls,green,sirloin tender steak,1,0,0.0,4,shear,shear,5,0.00419758,26.0985,0.0,False
green1-5.xls,green,sirloin tender steak,1,0,0.0,5,shear,shear,5,0.00340903,94.8963,1.843906354554919,False
green1-1.xls,green,sirloin tender steak,1,0,0.0,1,shear,shear,6,0.012257,107.08,0.6745,False
green1-2.xls,green,sirloin tender steak,1,0,0.0,2,shear,shear,6,0.012438,48.0047,-0.6474085641774209,False
green1-3.xls,green,sirloin tender steak,1,0,0.0,3,shear,shear,6,0.0110082,46.4003,-0.6833096954516802,False
green1-4.xls,green,sirloin tender steak,1,0,0.0,4,shear,shear,6,0.0125101,76.937,0.0,False
green1-5.xls,green,sirloin tender steak,1,0,0.0,5,shear,shear,6,0.011548099999999999,131.74,1.2263087118070533,False
green1-1.xls,green,sirloin tender steak,1,0,0.0,1,shear,shear,7,0.012257,107.08,0.6745,False
green1-2.xls,green,sirloin tender steak,1,0,0.0,2,shear,shear,7,0.012438,48.0047,-0.6474085641774209,False
green1-3.xls,green,sirloin tender steak,1,0,0.0,3,shear,shear,7,0.0110081,46.4003,-0.6833096954516802,False
green1-4.xls,green,sirloin tender steak,1,0,0.0,4,shear,shear,7,0.0125101,76.937,0.0,False
green1-5.xls,green,sirloin tender steak,1,0,0.0,5,shear,shear,7,0.011548099999999999,131.74,1.2263087118070533,False
green1-1.xls,green,sirloin tender steak,1,0,0.0,1,shear,shear,8,0.012257,107.08,0.6745,False
green1-2.xls,green,sirloin tender steak,1,0,0.0,2,shear,shear,8,0.012438,48.0047,-0.6474085641774209,False
green1-3.xls,green,sirloin tender steak,1,0,0.0,3,shear,shear,8,0.0110081,46.4003,-0.6833096954516802,False
green1-4.xls,green,sirloin tender steak,1,0,0.0,4,shear,shear,8,0.0125101,76.937,0.0,False
green1-5.xls,green,sirloin tender steak,1,0,0.0,5,shear,shear,8,0.011548099999999999,131.74,1.2263087118070533,False
green1-1.xls,green,sirloin tender steak,1,0,0.0,1,shear,shear,9,0.012257,107.08,0.6745,False
green1-2.xls,green,sirloin tender steak,1,0,0.0,2,shear,shear,9,0.012438,48.0047,-0.6474085641774209,False
green1-3.xls,green,sirloin tender steak,1,0,0.0,3,shear,shear,9,0.0110081,46.4003,-0.6833096954516802,False
green1-4.xls,green,sirloin tender steak,1,0,0.0,4,shear,shear,9,0.0125101,76.937,0.0,False
green1-5.xls,green,sirloin tender steak,1,0,0.0,5,shear,shear,9,0.011548099999999999,131.74,1.2263087118070533,False
green1-1.xls,green,sirloin tender steak,1,0,0.0,1,shear,shear,10,0.012257,107.08,-0.030330424058438728,False
green1-2.xls,green,sirloin tender steak,1,0,0.0,2,shear,shear,10,0.0204463,107.554,0.0,False
green1-3.xls,green,sirloin tender steak,1,0,0.0,3,shear,shear,10,0.0190104,118.095,0.6745,False
green1-4.xls,green,sirloin tender steak,1,0,0.0,4,shear,shear,10,0.0125101,76.937,-1.9591278341713319,False
green1-5.xls,green,sirloin tender steak,1,0,0.0,5,shear,shear,10,0.01959,201.465,6.009199269519023,True
green1-1.xls,green,sirloin tender steak,1,0,0.0,1,shear,shear,11,0.0213936,184.115,0.8475134545668898,False
green1-2.xls,green,sirloin tender steak,1,0,0.0,2,shear,shear,11,0.0204462,107.554,-0.6745,False
green1-3.xls,green,sirloin tender steak,1,0,0.0,3,shear,shear,11,0.0190104,118.095,-0.46494756697810136,False
green1-4.xls,green,sirloin tender steak,1,0,0.0,4,shear,shear,11,0.020879099999999998,141.483,0.0,False
green1-5.xls,green,sirloin tender steak,1,0,0.0,5,shear,shear,11,0.01959,201.465,1.1924270977629756,False
green1-1.xls,green,sirloin tender steak,1,0,0.0,1,shear,shear,12,0.0213936,184.115,0.8475134545668898,False
green1-2.xls,green,sirloin tender steak,1,0,0.0,2,shear,shear,12,0.0204462,107.554,-0.6745,False
green1-3.xls,green,sirloin tender steak,1,0,0.0,3,shear,shear,12,0.0190104,118.095,-0.46494756697810136,False
green1-4.xls,green,sirloin tender steak,1,0,0.0,4,shear,shear,12,0.020879099999999998,141.483,0.0,False
green1-5.xls,green,sirloin tender steak,1,0,0.0,5,shear,shear,12,0.01959,201.465,1.1924270977629756,False
green1-1.xls,green,sirloin tender steak,1,0,0.0,1,shear,shear,13,0.0213936,184.115,0.8475134545668898,False
green1-2.xls,green,sirloin tender steak,1,0,0.0,2,shear,shear,13,0.0204462,107.554,-0.6745,False
green1-3.xls,green,sirloin tender steak,1,0,0.0,3,shear,shear,13,0.0190104,118.095,-0.46494756697810136,False
green1-4.xls,green,sirloin tender steak,1,0,0.0,4,shear,shear,13,0.020879099999999998,141.483,0.0,False
green1-5.xls,green,sirloin tender steak,1,0,0.0,5,shear,shear,13,0.0195899,201.465,1.1924270977629756,False
green1-1.xls,green,sirloin tender steak,1,0,0.0,1,shear,shear,14,0.0213936,184.115,0.7894692495672543,False
green1-2.xls,green,sirloin tender steak,1,0,0.0,2,shear,shear,14,0.028547,142.476,-0.6404006974849813,False
green1-3.xls,green,sirloin tender steak,1,0,0.0,3,shear,shear,14,0.0269774,161.125,0.0,False
green1-4.xls,green,sirloin tender steak,1,0,0.0,4,shear,shear,14,0.020879099999999998,141.483,-0.6745,False
green1-5.xls,green,sirloin tender steak,1,0,0.0,5,shear,shear,14,0.0277112,239.817,2.7022581203543434,False
green1-1.xls,green,sirloin tender steak,1,0,0.0,1,shear,shear,15,0.0304279,229.797,1.0502361416146886,False
green1-2.xls,green,sirloin tender steak,1,0,0.0,2,shear,shear,15,0.028547,142.476,-0.6745,False
green1-3.xls,green,sirloin tender steak,1,0,0.0,3,shear,shear,15,0.0269773,161.125,-0.30615098538756624,False
green1-4.xls,green,sirloin tender steak,1,0,0.0,4,shear,shear,15,0.029308999999999998,176.625,0.0,False
green1-5.xls,green,sirloin tender steak,1,0,0.0,5,shear,shear,15,0.0277112,239.817,1.2481479399103927,False
green1-1.xls,green,sirloin tender steak,1,0,0.0,1,shear,shear,16,0.0304279,229.797,1.0502361416146886,False
green1-2.xls,green,sirloin tender steak,1,0,0.0,2,shear,shear,16,0.028547,142.476,-0.6745,False
green1-3.xls,green,sirloin tender steak,1,0,0.0,3,shear,shear,16,0.0269773,161.125,-0.30615098538756624,False
green1-4.xls,green,sirloin tender steak,1,0,0.0,4,shear,shear,16,0.029308999999999998,176.625,0.0,False
green1-5.xls,green,sirloin tender steak,1,0,0.0,5,shear,shear,16,0.0277112,239.817,1.2481479399103927,False
green1-1.xls,green,sirloin tender steak,1,0,0.0,1,shear,shear,17,0.0304279,229.797,1.0502361416146886,False
green1-2.xls,green,sirloin tender steak,1,0,0.0,2,shear,shear,17,0.028547,142.476,-0.6745,False
green1-3.xls,green,sirloin tender steak,1,0,0.0,3,shear,shear,17,0.0269773,161.125,-0.30615098538756624,False
green1-4.xls,green,sirloin tender steak,1,0,0.0,4,shear,shear,17,0.029308999999999998,176.625,0.0,False
green1-5.xls,green,sirloin tender steak,1,0,0.0,5,shear,shear,17,0.0277112,239.817,1.2481479399103927,False
green1-1.xls,green,sirloin tender steak,1,0,0.0,1,shear,shear,18,0.0304279,229.797,0.8717577347117841,False
green1-2.xls,green,sirloin tender steak,1,0,0.0,2,shear,shear,18,0.0366162,169.705,-0.6745,False
green1-3.xls,green,sirloin tender steak,1,0,0.0,3,shear,shear,18,0.0349964,195.918,0.0,False
green1-4.xls,green,sirloin tender steak,1,0,0.0,4,shear,shear,18,0.029308999999999998,176.625,-0.4964379697096863,False
green1-5.xls,green,sirloin tender steak,1,0,0.0,5,shear,shear,18,0.0357419,270.636,1.9226067600045786,False
green1-1.xls,green,sirloin tender steak,1,0,0.0,1,shear,shear,19,0.0304279,229.797,0.6745,False
green1-2.xls,green,sirloin tender steak,1,0,0.0,2,shear,shear,19,0.0366162,169.705,-0.8225287719298248,False
green1-3.xls,green,sirloin tender steak,1,0,0.0,3,shear,shear,19,0.0349964,195.918,-0.16950315789473697,False
green1-4.xls,green,sirloin tender steak,1,0,0.0,4,shear,shear,19,0.0377055,202.722,0.0,False
green1-5.xls,green,sirloin tender steak,1,0,0.0,5,shear,shear,19,0.0357419,270.636,1.6918926315789484,False
green1-1.xls,green,sirloin tender steak,1,0,0.0,1,shear,shear,20,0.039526900000000004,267.45,1.3223198958112485,False
green1-2.xls,green,sirloin tender steak,1,0,0.0,2,shear,shear,20,0.0366162,169.705,-0.6745,False
green1-3.xls,green,sirloin tender steak,1,0,0.0,3,shear,shear,20,0.0349964,195.918,-0.1389980313172003,False
green1-4.xls,green,sirloin tender steak,1,0,0.0,4,shear,shear,20,0.0377055,202.722,0.0,False
green1-5.xls,green,sirloin tender steak,1,0,0.0,5,shear,shear,20,0.0357419,270.636,1.3874062755550176,False
green1-1.xls,green,sirloin tender steak,1,0,0.0,1,shear,shear,21,0.039526900000000004,267.45,1.3223198958112485,False
green1-2.xls,green,sirloin tender steak,1,0,0.0,2,shear,shear,21,0.0366159,169.705,-0.6745,False
green1-3.xls,green,sirloin tender steak,1,0,0.0,3,shear,shear,21,0.0349965,195.918,-0.1389980313172003,False
green1-4.xls,green,sirloin tender steak,1,0,0.0,4,shear,shear,21,0.0377055,202.722,0.0,False
green1-5.xls,green,sirloin tender steak,1,0,0.0,5,shear,shear,21,0.0357419,270.636,1.3874062755550176,False
green1-1.xls,green,sirloin tender steak,1,0,0.0,1,shear,shear,22,0.039526900000000004,267.45,0.8788319193733163,False
green1-2.xls,green,sirloin tender steak,1,0,0.0,2,shear,shear,22,0.0447395,193.072,-0.6745,False
green1-3.xls,green,sirloin tender steak,1,0,0.0,3,shear,shear,22,0.043088800000000003,225.369,0.0,False
green1-4.xls,green,sirloin tender steak,1,0,0.0,4,shear,shear,22,0.0377055,202.722,-0.4729665758429574,False
green1-5.xls,green,sirloin tender steak,1,0,0.0,5,shear,shear,22,0.0438112,296.587,1.4873375545716319,False
green1-1.xls,green,sirloin tender steak,1,0,0.0,1,shear,shear,23,0.0395265,267.45,0.8788319193733163,False
green1-2.xls,green,sirloin tender steak,1,0,0.0,2,shear,shear,23,0.0447395,193.072,-0.6745,False
green1-3.xls,green,sirloin tender steak,1,0,0.0,3,shear,shear,23,0.043088800000000003,225.369,0.0,False
green1-4.xls,green,sirloin tender steak,1,0,0.0,4,shear,shear,23,0.0460923,225.191,-0.003717404093259379,False
green1-5.xls,green,sirloin tender steak,1,0,0.0,5,shear,shear,23,0.0438112,296.587,1.4873375545716319,False
green1-1.xls,green,sirloin tender steak,1,0,0.0,1,shear,shear,24,0.0486549,300.393,1.5668231724308757,False
green1-2.xls,green,sirloin tender steak,1,0,0.0,2,shear,shear,24,0.0447395,193.072,-0.6745,False
green1-3.xls,green,sirloin tender steak,1,0,0.0,3,shear,shear,24,0.043088800000000003,225.369,0.0,False
green1-4.xls,green,sirloin tender steak,1,0,0.0,4,shear,shear,24,0.0460923,225.191,-0.003717404093259379,False
green1-5.xls,green,sirloin tender steak,1,0,0.0,5,shear,shear,24,0.0438112,296.587,1.4873375545716319,False
green1-1.xls,green,sirloin tender steak,1,0,0.0,1,shear,shear,25,0.0486554,300.393,1.5668231724308757,False
green1-2.xls,green,sirloin tender steak,1,0,0.0,2,shear,shear,25,0.0447395,193.072,-0.6745,False
green1-3.xls,green,sirloin tender steak,1,0,0.0,3,shear,shear,25,0.0430887,225.369,0.0,False
green1-4.xls,green,sirloin tender steak,1,0,0.0,4,shear,shear,25,0.0460923,225.191,-0.003717404093259379,False
green1-5.xls,green,sirloin tender steak,1,0,0.0,5,shear,shear,25,0.0438112,296.587,1.4873375545716319,False
green1-1.xls,green,sirloin tender steak,1,0,0.0,1,shear,shear,26,0.0486554,300.393,0.8132619730985328,False
green1-2.xls,green,sirloin tender steak,1,0,0.0,2,shear,shear,26,0.0528172,209.709,-0.6745,False
green1-3.xls,green,sirloin tender steak,1,0,0.0,3,shear,shear,26,0.0510898,250.822,0.0,False
green1-4.xls,green,sirloin tender steak,1,0,0.0,4,shear,shear,26,0.0460923,225.191,-0.42050226205822977,False
green1-5.xls,green,sirloin tender steak,1,0,0.0,5,shear,shear,26,0.0519299,316.993,1.0856016223578915,False
green1-1.xls,green,sirloin tender steak,1,0,0.0,1,shear,shear,27,0.0486554,300.393,0.8132619730985328,False
green1-2.xls,green,sirloin tender steak,1,0,0.0,2,shear,shear,27,0.0528172,209.709,-0.6745,False
green1-3.xls,green,sirloin tender steak,1,0,0.0,3,shear,shear,27,0.0510899,250.822,0.0,False
green1-4.xls,green,sirloin tender steak,1,0,0.0,4,shear,shear,27,0.0545231,243.64,-0.11782791331209133,False
green1-5.xls,green,sirloin tender steak,1,0,0.0,5,shear,shear,27,0.0519299,316.993,1.0856016223578915,False
green1-1.xls,green,sirloin tender steak,1,0,0.0,1,shear,shear,28,0.0486554,300.393,0.8132619730985328,False
green1-2.xls,green,sirloin tender steak,1,0,0.0,2,shear,shear,28,0.0528172,209.709,-0.6745,False
green1-3.xls,green,sirloin tender steak,1,0,0.0,3,shear,shear,28,0.0510899,250.822,0.0,False
green1-4.xls,green,sirloin tender steak,1,0,0.0,4,shear,shear,28,0.0545231,243.64,-0.11782791331209133,False
green1-5.xls,green,sirloin tender steak,1,0,0.0,5,shear,shear,28,0.0519299,316.993,1.0856016223578915,False
green1-1.xls,green,sirloin tender steak,1,0,0.0,1,shear,shear,29,0.0577335,329.835,1.2962875124656432,False
green1-2.xls,green,sirloin tender steak,1,0,0.0,2,shear,shear,29,0.0528172,209.709,-0.6745,False
green1-3.xls,green,sirloin tender steak,1,0,0.0,3,shear,shear,29,0.0510899,250.822,0.0,False
green1-4.xls,green,sirloin tender steak,1,0,0.0,4,shear,shear,29,0.0545231,243.64,-0.11782791331209133,False
green1-5.xls,green,sirloin tender steak,1,0,0.0,5,shear,shear,29,0.0519299,316.993,1.0856016223578915,False
green1-1.xls,green,sirloin tender steak,1,0,0.0,1,shear,shear,30,0.0577335,329.835,0.6745,False
green1-2.xls,green,sirloin tender steak,1,0,0.0,2,shear,shear,30,0.0528172,209.709,-0.7603324242960869,False
green1-3.xls,green,sirloin tender steak,1,0,0.0,3,shear,shear,30,0.059111500000000004,273.365,0.0,False
green1-4.xls,green,sirloin tender steak,1,0,0.0,4,shear,shear,30,0.0545231,243.64,-0.35504714892863515,False
green1-5.xls,green,sirloin tender steak,1,0,0.0,5,shear,shear,30,0.0599791,333.678,0.7204023109615727,False
green1-1.xls,green,sirloin tender steak,1,0,0.0,1,shear,shear,31,0.0577335,329.835,0.8109567152103553,False
green1-2.xls,green,sirloin tender steak,1,0,0.0,2,shear,shear,31,0.060951899999999996,226.397,-0.6745,False
green1-3.xls,green,sirloin tender steak,1,0,0.0,3,shear,shear,31,0.059111500000000004,273.365,0.0,False
green1-4.xls,green,sirloin tender steak,1,0,0.0,4,shear,shear,31,0.0545231,243.64,-0.42687601132686104,False
green1-5.xls,green,sirloin tender steak,1,0,0.0,5,shear,shear,31,0.0599791,333.678,0.8661454288025885,False
green1-1.xls,green,sirloin tender steak,1,0,0.0,1,shear,shear,32,0.0577335,329.835,0.8109567152103553,False
green1-2.xls,green,sirloin tender steak,1,0,0.0,2,shear,shear,32,0.060951899999999996,226.397,-0.6745,False
green1-3.xls,green,sirloin tender steak,1,0,0.0,3,shear,shear,32,0.059111500000000004,273.365,0.0,False
green1-4.xls,green,sirloin tender steak,1,0,0.0,4,shear,shear,32,0.0629742,260.065,-0.19099919093851142,False
green1-5.xls,green,sirloin tender steak,1,0,0.0,5,shear,shear,32,0.0599791,333.678,0.8661454288025885,False
green1-1.xls,green,sirloin tender steak,1,0,0.0,1,shear,shear,33,0.057733,329.835,0.8109567152103553,False
green1-2.xls,green,sirloin tender steak,1,0,0.0,2,shear,shear,33,0.060951899999999996,226.397,-0.6745,False
green1-3.xls,green,sirloin tender steak,1,0,0.0,3,shear,shear,33,0.0591116,273.365,0.0,False
green1-4.xls,green,sirloin tender steak,1,0,0.0,4,shear,shear,33,0.0629742,260.065,-0.19099919093851142,False
green1-5.xls,green,sirloin tender steak,1,0,0.0,5,shear,shear,33,0.0599791,333.678,0.8661454288025885,False
green1-1.xls,green,sirloin tender steak,1,0,0.0,1,shear,shear,34,0.06691169999999999,356.175,0.7708378331602636,False
green1-2.xls,green,sirloin tender steak,1,0,0.0,2,shear,shear,34,0.060951899999999996,226.397,-0.8238727933541026,False
green1-3.xls,green,sirloin tender steak,1,0,0.0,3,shear,shear,34,0.0671045,293.444,0.0,False
green1-4.xls,green,sirloin tender steak,1,0,0.0,4,shear,shear,34,0.0629742,260.065,-0.4101607822776052,False
green1-5.xls,green,sirloin tender steak,1,0,0.0,5,shear,shear,34,0.0680418,348.335,0.6745,False
green1-1.xls,green,sirloin tender steak,1,0,0.0,1,shear,shear,35,0.06691169999999999,356.175,0.7809534791435953,False
green1-2.xls,green,sirloin tender steak,1,0,0.0,2,shear,shear,35,0.0690926,239.264,-0.6745,False
green1-3.xls,green,sirloin tender steak,1,0,0.0,3,shear,shear,35,0.06710429999999999,293.444,0.0,False
green1-4.xls,green,sirloin tender steak,1,0,0.0,4,shear,shear,35,0.0629742,260.065,-0.41554329088224456,False
green1-5.xls,green,sirloin tender steak,1,0,0.0,5,shear,shear,35,0.0680418,348.335,0.6833514119601324,False
green1-1.xls,green,sirloin tender steak,1,0,0.0,1,shear,shear,36,0.06691169999999999,356.175,0.7809534791435953,False
green1-2.xls,green,sirloin tender steak,1,0,0.0,2,shear,shear,36,0.0690926,239.264,-0.6745,False
green1-3.xls,green,sirloin tender steak,1,0,0.0,3,shear,shear,36,0.06710429999999999,293.444,0.0,False
green1-4.xls,green,sirloin tender steak,1,0,0.0,4,shear,shear,36,0.0713281,274.455,-0.23639868032484349,False
green1-5.xls,green,sirloin tender steak,1,0,0.0,5,shear,shear,36,0.0680418,348.335,0.6833514119601324,False
green1-1.xls,green,sirloin tender steak,1,0,0.0,1,shear,shear,37,0.06691169999999999,356.175,0.7809534791435953,False
green1-2.xls,green,sirloin tender steak,1,0,0.0,2,shear,shear,37,0.0690926,239.264,-0.6745,False
green1-3.xls,green,sirloin tender steak,1,0,0.0,3,shear,shear,37,0.06710429999999999,293.444,0.0,False
green1-4.xls,green,sirloin tender steak,1,0,0.0,4,shear,shear,37,0.0713281,274.455,-0.23639868032484349,False
green1-5.xls,green,sirloin tender steak,1,0,0.0,5,shear,shear,37,0.0680418,348.335,0.6833514119601324,False
green1-1.xls,green,sirloin tender steak,1,0,0.0,1,shear,shear,38,0.0759739,380.345,0.9430908385568744,False
green1-2.xls,green,sirloin tender steak,1,0,0.0,2,shear,shear,38,0.0690926,239.264,-0.9998443044694454,False
green1-3.xls,green,sirloin tender steak,1,0,0.0,3,shear,shear,38,0.0751626,311.865,0.0,False
green1-4.xls,green,sirloin tender steak,1,0,0.0,4,shear,shear,38,0.0713281,274.455,-0.5152019315188767,False
green1-5.xls,green,sirloin tender steak,1,0,0.0,5,shear,shear,38,0.076148,360.842,0.6745,False
green1-1.xls,green,sirloin tender steak,1,0,0.0,1,shear,shear,39,0.0759739,380.345,0.9430908385568744,False
green1-2.xls,green,sirloin tender steak,1,0,0.0,2,shear,shear,39,0.0770613,249.901,-0.8533539824815733,False
green1-3.xls,green,sirloin tender steak,1,0,0.0,3,shear,shear,39,0.0751627,311.865,0.0,False
green1-4.xls,green,sirloin tender steak,1,0,0.0,4,shear,shear,39,0.0713281,274.455,-0.5152019315188767,False
green1-5.xls,green,sirloin tender steak,1,0,0.0,5,shear,shear,39,0.076148,360.842,0.6745,False
green1-1.xls,green,sirloin tender steak,1,0,0.0,1,shear,shear,40,0.0759739,380.345,0.9430908385568744,False
green1-2.xls,green,sirloin tender steak,1,0,0.0,2,shear,shear,40,0.0770613,249.901,-0.8533539824815733,False
green1-3.xls,green,sirloin tender steak,1,0,0.0,3,shear,shear,40,0.0751627,311.865,0.0,False
green1-4.xls,green,sirloin tender steak,1,0,0.0,4,shear,shear,40,0.079707,286.218,-0.35320459603487353,False
green1-5.xls,green,sirloin tender steak,1,0,0.0,5,shear,shear,40,0.076148,360.842,0.6745,False
green1-1.xls,green,sirloin tender steak,1,0,0.0,1,shear,shear,41,0.0759739,380.345,0.9430908385568744,False
green1-2.xls,green,sirloin tender steak,1,0,0.0,2,shear,shear,41,0.0770613,249.901,-0.8533539824815733,False
green1-3.xls,green,sirloin tender steak,1,0,0.0,3,shear,shear,41,0.0751627,311.865,0.0,False
green1-4.xls,green,sirloin tender steak,1,0,0.0,4,shear,shear,41,0.079707,286.218,-0.35320459603487353,False
green1-5.xls,green,sirloin tender steak,1,0,0.0,5,shear,shear,41,0.076148,360.842,0.6745,False
green1-1.xls,green,sirloin tender steak,1,0,0.0,1,shear,shear,42,0.0759739,380.345,0.8384315961300164,False
green1-2.xls,green,sirloin tender steak,1,0,0.0,2,shear,shear,42,0.0770613,249.901,-1.2582340696787724,False
green1-3.xls,green,sirloin tender steak,1,0,0.0,3,shear,shear,42,0.0831678,328.182,0.0,False
green1-4.xls,green,sirloin tender steak,1,0,0.0,4,shear,shear,42,0.079707,286.218,-0.6745,False
green1-5.xls,green,sirloin tender steak,1,0,0.0,5,shear,shear,42,0.08423870000000001,369.379,0.6621717781908303,False
green1-1.xls,green,sirloin tender steak,1,0,0.0,1,shear,shear,43,0.08502119999999999,402.474,1.1941176722905342,False
green1-2.xls,green,sirloin tender steak,1,0,0.0,2,shear,shear,43,0.0851571,255.621,-1.1662947883900487,False
green1-3.xls,green,sirloin tender steak,1,0,0.0,3,shear,shear,43,0.0831677,328.182,0.0,False
green1-4.xls,green,sirloin tender steak,1,0,0.0,4,shear,shear,43,0.079707,286.218,-0.6745,False
green1-5.xls,green,sirloin tender steak,1,0,0.0,5,shear,shear,43,0.084238,369.379,0.6621717781908303,False
green1-1.xls,green,sirloin tender steak,1,0,0.0,1,shear,shear,44,0.08502119999999999,402.474,1.2163495885622735,False
green1-2.xls,green,sirloin tender steak,1,0,0.0,2,shear,shear,44,0.0851571,255.621,-1.1880087020899581,False
green1-3.xls,green,sirloin tender steak,1,0,0.0,3,shear,shear,44,0.0831677,328.182,0.0,False
green1-4.xls,green,sirloin tender steak,1,0,0.0,4,shear,shear,44,0.08809240000000002,296.695,-0.5155225259120813,False
green1-5.xls,green,sirloin tender steak,1,0,0.0,5,shear,shear,44,0.084238,369.379,0.6745,False
green1-1.xls,green,sirloin tender steak,1,0,0.0,1,shear,shear,45,0.08502119999999999,402.474,1.2163495885622735,False
green1-2.xls,green,sirloin tender steak,1,0,0.0,2,shear,shear,45,0.0851571,255.621,-1.1880087020899581,False
green1-3.xls,green,sirloin tender steak,1,0,0.0,3,shear,shear,45,0.0831677,328.182,0.0,False
green1-4.xls,green,sirloin tender steak,1,0,0.0,4,shear,shear,45,0.08809240000000002,296.695,-0.5155225259120813,False
green1-5.xls,green,sirloin tender steak,1,0,0.0,5,shear,shear,45,0.084238,369.379,0.6745,False
green1-1.xls,green,sirloin tender steak,1,0,0.0,1,shear,shear,46,0.08502119999999999,402.474,0.8558819201647331,False
green1-2.xls,green,sirloin tender steak,1,0,0.0,2,shear,shear,46,0.0851571,255.621,-1.2687475064884923,False
green1-3.xls,green,sirloin tender steak,1,0,0.0,3,shear,shear,46,0.0912438,343.316,0.0,False
green1-4.xls,green,sirloin tender steak,1,0,0.0,4,shear,shear,46,0.08809240000000002,296.695,-0.6745,False
green1-5.xls,green,sirloin tender steak,1,0,0.0,5,shear,shear,46,0.0923375,379.33,0.5210407970657003,False
green1-1.xls,green,sirloin tender steak,1,0,0.0,1,shear,shear,47,0.0941129,423.693,1.162872664679008,False
green1-2.xls,green,sirloin tender steak,1,0,0.0,2,shear,shear,47,0.09328189999999999,261.502,-1.1836627914459148,False
green1-3.xls,green,sirloin tender steak,1,0,0.0,3,shear,shear,47,0.0912441,343.316,0.0,False
green1-4.xls,green,sirloin tender steak,1,0,0.0,4,shear,shear,47,0.08809240000000002,296.695,-0.6745,False
green1-5.xls,green,sirloin tender steak,1,0,0.0,5,shear,shear,47,0.0923375,379.33,0.5210407970657003,False
green1-1.xls,green,sirloin tender steak,1,0,0.0,1,shear,shear,48,0.0941129,423.693,1.4461770833333336,False
green1-2.xls,green,sirloin tender steak,1,0,0.0,2,shear,shear,48,0.09328189999999999,261.502,-1.4720321969696963,False
green1-3.xls,green,sirloin tender steak,1,0,0.0,3,shear,shear,48,0.0912441,343.316,0.0,False
green1-4.xls,green,sirloin tender steak,1,0,0.0,4,shear,shear,48,0.0964791,305.828,-0.6745,False
green1-5.xls,green,sirloin tender steak,1,0,0.0,5,shear,shear,48,0.0923375,379.33,0.6479791666666668,False
green1-1.xls,green,sirloin tender steak,1,0,0.0,1,shear,shear,49,0.0941129,423.693,1.4461770833333336,False
green1-2.xls,green,sirloin tender steak,1,0,0.0,2,shear,shear,49,0.09328189999999999,261.502,-1.4720321969696963,False
green1-3.xls,green,sirloin tender steak,1,0,0.0,3,shear,shear,49,0.0912439,343.316,0.0,False
green1-4.xls,green,sirloin tender steak,1,0,0.0,4,shear,shear,49,0.0964791,305.828,-0.6745,False
green1-5.xls,green,sirloin tender steak,1,0,0.0,5,shear,shear,49,0.0923383,379.33,0.6479791666666668,False
green1-1.xls,green,sirloin tender steak,1,0,0.0,1,shear,shear,50,0.0941129,423.693,0.8648839071334521,False
green1-2.xls,green,sirloin tender steak,1,0,0.0,2,shear,shear,50,0.09328189999999999,261.502,-1.2534227596623029,False
green1-3.xls,green,sirloin tender steak,1,0,0.0,3,shear,shear,50,0.0992403,357.472,0.0,False
green1-4.xls,green,sirloin tender steak,1,0,0.0,4,shear,shear,50,0.0964791,305.828,-0.6745,False
green1-5.xls,green,sirloin tender steak,1,0,0.0,5,shear,shear,50,0.10037800000000001,389.274,0.4153521996746962,False
green1-1.xls,green,sirloin tender steak,1,0,0.0,1,shear,shear,51,0.0941129,423.693,0.8648839071334521,False
green1-2.xls,green,sirloin tender steak,1,0,0.0,2,shear,shear,51,0.10133900000000001,263.711,-1.2245719638292922,False
green1-3.xls,green,sirloin tender steak,1,0,0.0,3,shear,shear,51,0.0992403,357.472,0.0,False
green1-4.xls,green,sirloin tender steak,1,0,0.0,4,shear,shear,51,0.0964791,305.828,-0.6745,False
green1-5.xls,green,sirloin tender steak,1,0,0.0,5,shear,shear,51,0.100377,389.274,0.4153521996746962,False
green1-1.xls,green,sirloin tender steak,1,0,0.0,1,shear,shear,52,0.1032,443.211,1.1198000832623347,False
green1-2.xls,green,sirloin tender steak,1,0,0.0,2,shear,shear,52,0.10133900000000001,263.711,-1.2245719638292922,False
green1-3.xls,green,sirloin tender steak,1,0,0.0,3,shear,shear,52,0.0992403,357.472,0.0,False
green1-4.xls,green,sirloin tender steak,1,0,0.0,4,shear,shear,52,0.0964791,305.828,-0.6745,False
green1-5.xls,green,sirloin tender steak,1,0,0.0,5,shear,shear,52,0.100377,389.274,0.4153521996746962,False
green1-1.xls,green,sirloin tender steak,1,0,0.0,1,shear,shear,53,0.1032,443.211,1.3448433910050714,False
green1-2.xls,green,sirloin tender steak,1,0,0.0,2,shear,shear,53,0.10133900000000001,263.711,-1.4706710036742487,False
green1-3.xls,green,sirloin tender steak,1,0,0.0,3,shear,shear,53,0.09924039999999999,357.472,0.0,False
green1-4.xls,green,sirloin tender steak,1,0,0.0,4,shear,shear,53,0.104901,314.47,-0.6745,False
green1-5.xls,green,sirloin tender steak,1,0,0.0,5,shear,shear,53,0.100377,389.274,0.49882445002558107,False
green1-1.xls,green,sirloin tender steak,1,0,0.0,1,shear,shear,54,0.1032,443.211,0.8581580034241137,False
green1-2.xls,green,sirloin tender steak,1,0,0.0,2,shear,shear,54,0.10133900000000001,263.711,-1.2787844749986765,False
green1-3.xls,green,sirloin tender steak,1,0,0.0,3,shear,shear,54,0.107264,371.127,0.0,False
green1-4.xls,green,sirloin tender steak,1,0,0.0,4,shear,shear,54,0.104901,314.47,-0.6745,False
green1-5.xls,green,sirloin tender steak,1,0,0.0,5,shear,shear,54,0.108445,398.516,0.3260652787828514,False
green1-1.xls,green,sirloin tender steak,1,0,0.0,1,shear,shear,55,0.1032,443.211,0.8581580034241137,False
green1-2.xls,green,sirloin tender steak,1,0,0.0,2,shear,shear,55,0.109467,266.118,-1.2501292073353696,False
green1-3.xls,green,sirloin tender steak,1,0,0.0,3,shear,shear,55,0.107264,371.127,0.0,False
green1-4.xls,green,sirloin tender steak,1,0,0.0,4,shear,shear,55,0.104901,314.47,-0.6745,False
green1-5.xls,green,sirloin tender steak,1,0,0.0,5,shear,shear,55,0.108445,398.516,0.3260652787828514,False
green1-1.xls,green,sirloin tender steak,1,0,0.0,1,shear,shear,56,0.11232400000000001,461.088,1.0709831883085943,False
green1-2.xls,green,sirloin tender steak,1,0,0.0,2,shear,shear,56,0.109467,266.118,-1.2501292073353696,False
green1-3.xls,green,sirloin tender steak,1,0,0.0,3,shear,shear,56,0.107264,371.127,0.0,False
green1-4.xls,green,sirloin tender steak,1,0,0.0,4,shear,shear,56,0.104901,314.47,-0.6745,False
green1-5.xls,green,sirloin tender steak,1,0,0.0,5,shear,shear,56,0.108445,398.516,0.3260652787828514,False
green1-1.xls,green,sirloin tender steak,1,0,0.0,1,shear,shear,57,0.11232400000000001,461.088,1.2364985735536846,False
green1-2.xls,green,sirloin tender steak,1,0,0.0,2,shear,shear,57,0.109467,266.118,-1.4433307623336653,False
green1-3.xls,green,sirloin tender steak,1,0,0.0,3,shear,shear,57,0.107264,371.127,0.0,False
green1-4.xls,green,sirloin tender steak,1,0,0.0,4,shear,shear,57,0.11330299999999999,322.054,-0.6745,False
green1-5.xls,green,sirloin tender steak,1,0,0.0,5,shear,shear,57,0.108445,398.516,0.37645712509934165,False
green1-1.xls,green,sirloin tender steak,1,0,0.0,1,shear,shear,58,0.11232400000000001,461.088,0.8443758543616988,False
green1-2.xls,green,sirloin tender steak,1,0,0.0,2,shear,shear,58,0.109467,266.118,-1.2855723980434708,False
green1-3.xls,green,sirloin tender steak,1,0,0.0,3,shear,shear,58,0.115259,383.796,0.0,False
green1-4.xls,green,sirloin tender steak,1,0,0.0,4,shear,shear,58,0.11330299999999999,322.054,-0.6745,False
green1-5.xls,green,sirloin tender steak,1,0,0.0,5,shear,shear,58,0.11655900000000001,405.767,0.240022019047002,False
green1-1.xls,green,sirloin tender steak,1,0,0.0,1,shear,shear,59,0.11232400000000001,461.088,0.8443758543616988,False
green1-2.xls,green,sirloin tender steak,1,0,0.0,2,shear,shear,59,0.117508,266.676,-1.2794765313724852,False
green1-3.xls,green,sirloin tender steak,1,0,0.0,3,shear,shear,59,0.115259,383.796,0.0,False
green1-4.xls,green,sirloin tender steak,1,0,0.0,4,shear,shear,59,0.11330399999999999,322.054,-0.6745,False
green1-5.xls,green,sirloin tender steak,1,0,0.0,5,shear,shear,59,0.11655900000000001,405.767,0.240022019047002,False
green1-1.xls,green,sirloin tender steak,1,0,0.0,1,shear,shear,60,0.11232400000000001,461.088,0.8443758543616988,False
green1-2.xls,green,sirloin tender steak,1,0,0.0,2,shear,shear,60,0.117508,266.676,-1.2794765313724852,False
green1-3.xls,green,sirloin tender steak,1,0,0.0,3,shear,shear,60,0.115259,383.796,0.0,False
green1-4.xls,green,sirloin tender steak,1,0,0.0,4,shear,shear,60,0.11330399999999999,322.054,-0.6745,False
green1-5.xls,green,sirloin tender steak,1,0,0.0,5,shear,shear,60,0.11655900000000001,405.767,0.240022019047002,False
green1-1.xls,green,sirloin tender steak,1,0,0.0,1,shear,shear,61,0.121372,478.355,1.162427015746884,False
green1-2.xls,green,sirloin tender steak,1,0,0.0,2,shear,shear,61,0.117508,266.676,-1.4397725450171321,False
green1-3.xls,green,sirloin tender steak,1,0,0.0,3,shear,shear,61,0.115259,383.796,0.0,False
green1-4.xls,green,sirloin tender steak,1,0,0.0,4,shear,shear,61,0.121695,328.928,-0.6745,False
green1-5.xls,green,sirloin tender steak,1,0,0.0,5,shear,shear,61,0.11655900000000001,405.767,0.2700925767296056,False
green1-1.xls,green,sirloin tender steak,1,0,0.0,1,shear,shear,62,0.121372,478.355,0.8417095180070409,False
green1-2.xls,green,sirloin tender steak,1,0,0.0,2,shear,shear,62,0.117508,266.676,-1.3061601077112859,False
green1-3.xls,green,sirloin tender steak,1,0,0.0,3,shear,shear,62,0.123292,395.402,0.0,False
green1-4.xls,green,sirloin tender steak,1,0,0.0,4,shear,shear,62,0.121695,328.928,-0.6745,False
green1-5.xls,green,sirloin tender steak,1,0,0.0,5,shear,shear,62,0.124607,413.418,0.1828051869904025,False
green1-1.xls,green,sirloin tender steak,1,0,0.0,1,shear,shear,63,0.121372,478.355,0.8417095180070409,False
green1-2.xls,green,sirloin tender steak,1,0,0.0,2,shear,shear,63,0.125593,268.782,-1.28479089568854,False
green1-3.xls,green,sirloin tender steak,1,0,0.0,3,shear,shear,63,0.123292,395.402,0.0,False
green1-4.xls,green,sirloin tender steak,1,0,0.0,4,shear,shear,63,0.121694,328.928,-0.6745,False
green1-5.xls,green,sirloin tender steak,1,0,0.0,5,shear,shear,63,0.124607,413.418,0.1828051869904025,False
green1-1.xls,green,sirloin tender steak,1,0,0.0,1,shear,shear,64,0.121372,478.355,0.8417095180070409,False
green1-2.xls,green,sirloin tender steak,1,0,0.0,2,shear,shear,64,0.125593,268.782,-1.28479089568854,False
green1-3.xls,green,sirloin tender steak,1,0,0.0,3,shear,shear,64,0.123292,395.402,0.0,False
green1-4.xls,green,sirloin tender steak,1,0,0.0,4,shear,shear,64,0.121694,328.928,-0.6745,False
green1-5.xls,green,sirloin tender steak,1,0,0.0,5,shear,shear,64,0.124607,413.418,0.1828051869904025,False
green1-1.xls,green,sirloin tender steak,1,0,0.0,1,shear,shear,65,0.130437,494.605,1.117703262285772,False
green1-2.xls,green,sirloin tender steak,1,0,0.0,2,shear,shear,65,0.125593,268.782,-1.4266059198877497,False
green1-3.xls,green,sirloin tender steak,1,0,0.0,3,shear,shear,65,0.123292,395.402,0.0,False
green1-4.xls,green,sirloin tender steak,1,0,0.0,4,shear,shear,65,0.130079,335.536,-0.6745,False
green1-5.xls,green,sirloin tender steak,1,0,0.0,5,shear,shear,65,0.124607,413.418,0.20298319580396246,False
green1-1.xls,green,sirloin tender steak,1,0,0.0,1,shear,shear,66,0.130437,494.605,0.8437334616309844,False
green1-2.xls,green,sirloin tender steak,1,0,0.0,2,shear,shear,66,0.125593,268.782,-1.3116332974854605,False
green1-3.xls,green,sirloin tender steak,1,0,0.0,3,shear,shear,66,0.131415,406.205,0.0,False
green1-4.xls,green,sirloin tender steak,1,0,0.0,4,shear,shear,66,0.130079,335.536,-0.6745,False
green1-5.xls,green,sirloin tender steak,1,0,0.0,5,shear,shear,66,0.13273400000000002,420.09,0.13252532935233266,False
green1-1.xls,green,sirloin tender steak,1,0,0.0,1,shear,shear,67,0.130437,494.605,0.8437334616309844,False
green1-2.xls,green,sirloin tender steak,1,0,0.0,2,shear,shear,67,0.133682,270.764,-1.2927161060719694,False
green1-3.xls,green,sirloin tender steak,1,0,0.0,3,shear,shear,67,0.131415,406.205,0.0,False
green1-4.xls,green,sirloin tender steak,1,0,0.0,4,shear,shear,67,0.130079,335.536,-0.6745,False
green1-5.xls,green,sirloin tender steak,1,0,0.0,5,shear,shear,67,0.13273400000000002,420.09,0.13252532935233266,False
green1-1.xls,green,sirloin tender steak,1,0,0.0,1,shear,shear,68,0.130437,494.605,0.8437334616309844,False
green1-2.xls,green,sirloin tender steak,1,0,0.0,2,shear,shear,68,0.133682,270.764,-1.2927161060719694,False
green1-3.xls,green,sirloin tender steak,1,0,0.0,3,shear,shear,68,0.131415,406.205,0.0,False
green1-4.xls,green,sirloin tender steak,1,0,0.0,4,shear,shear,68,0.130079,335.536,-0.6745,False
green1-5.xls,green,sirloin tender steak,1,0,0.0,5,shear,shear,68,0.13273400000000002,420.09,0.13252532935233266,False
green1-1.xls,green,sirloin tender steak,1,0,0.0,1,shear,shear,69,0.130437,494.605,0.9377337422348044,False
green1-2.xls,green,sirloin tender steak,1,0,0.0,2,shear,shear,69,0.133681,270.764,-1.436737508846426,False
green1-3.xls,green,sirloin tender steak,1,0,0.0,3,shear,shear,69,0.131415,406.205,0.0,False
green1-4.xls,green,sirloin tender steak,1,0,0.0,4,shear,shear,69,0.138464,342.62,-0.6745,False
green1-5.xls,green,sirloin tender steak,1,0,0.0,5,shear,shear,69,0.13273400000000002,420.09,0.14728996618699375,False
green1-1.xls,green,sirloin tender steak,1,0,0.0,1,shear,shear,70,0.139538,509.764,0.8797437961839638,False
green1-2.xls,green,sirloin tender steak,1,0,0.0,2,shear,shear,70,0.133681,270.764,-1.3426767949707732,False
green1-3.xls,green,sirloin tender steak,1,0,0.0,3,shear,shear,70,0.13936,415.156,0.0,False
green1-4.xls,green,sirloin tender steak,1,0,0.0,4,shear,shear,70,0.138464,342.62,-0.6745,False
green1-5.xls,green,sirloin tender steak,1,0,0.0,5,shear,shear,70,0.140792,424.792,0.08960353479651453,False
green1-1.xls,green,sirloin tender steak,1,0,0.0,1,shear,shear,71,0.139538,509.764,0.8797437961839638,False
green1-2.xls,green,sirloin tender steak,1,0,0.0,2,shear,shear,71,0.141763,271.723,-1.333759216113378,False
green1-3.xls,green,sirloin tender steak,1,0,0.0,3,shear,shear,71,0.13936,415.156,0.0,False
green1-4.xls,green,sirloin tender steak,1,0,0.0,4,shear,shear,71,0.138464,342.62,-0.6745,False
green1-5.xls,green,sirloin tender steak,1,0,0.0,5,shear,shear,71,0.140792,424.792,0.08960353479651453,False
green1-1.xls,green,sirloin tender steak,1,0,0.0,1,shear,shear,72,0.139538,509.764,0.8797437961839638,False
green1-2.xls,green,sirloin tender steak,1,0,0.0,2,shear,shear,72,0.141763,271.723,-1.333759216113378,False
green1-3.xls,green,sirloin tender steak,1,0,0.0,3,shear,shear,72,0.13936,415.156,0.0,False
green1-4.xls,green,sirloin tender steak,1,0,0.0,4,shear,shear,72,0.138464,342.62,-0.6745,False
green1-5.xls,green,sirloin tender steak,1,0,0.0,5,shear,shear,72,0.140792,424.792,0.08960353479651453,False
green1-1.xls,green,sirloin tender steak,1,0,0.0,1,shear,shear,73,0.139538,509.764,0.8797437961839638,False
green1-2.xls,green,sirloin tender steak,1,0,0.0,2,shear,shear,73,0.141763,271.723,-1.333759216113378,False
green1-3.xls,green,sirloin tender steak,1,0,0.0,3,shear,shear,73,0.13936,415.156,0.0,False
green1-4.xls,green,sirloin tender steak,1,0,0.0,4,shear,shear,73,0.138464,342.62,-0.6745,False
green1-5.xls,green,sirloin tender steak,1,0,0.0,5,shear,shear,73,0.140792,424.792,0.08960353479651453,False
green1-1.xls,green,sirloin tender steak,1,0,0.0,1,shear,shear,74,0.14860900000000002,524.475,0.9003196410767697,False
green1-2.xls,green,sirloin tender steak,1,0,0.0,2,shear,shear,74,0.141763,271.723,-1.3659644931871047,False
green1-3.xls,green,sirloin tender steak,1,0,0.0,3,shear,shear,74,0.147369,424.065,0.0,False
green1-4.xls,green,sirloin tender steak,1,0,0.0,4,shear,shear,74,0.146871,348.84,-0.6745,False
green1-5.xls,green,sirloin tender steak,1,0,0.0,5,shear,shear,74,0.140792,424.792,0.006518597540710977,False
green1-1.xls,green,sirloin tender steak,1,0,0.0,1,shear,shear,75,0.14860900000000002,524.475,0.9003196410767697,False
green1-2.xls,green,sirloin tender steak,1,0,0.0,2,shear,shear,75,0.149918,272.736,-1.3568814955134592,False
green1-3.xls,green,sirloin tender steak,1,0,0.0,3,shear,shear,75,0.147369,424.065,0.0,False
green1-4.xls,green,sirloin tender steak,1,0,0.0,4,shear,shear,75,0.146871,348.84,-0.6745,False
green1-5.xls,green,sirloin tender steak,1,0,0.0,5,shear,shear,75,0.148888,430.441,0.057169983383183555,False
green1-1.xls,green,sirloin tender steak,1,0,0.0,1,shear,shear,76,0.14860900000000002,524.475,0.9003196410767697,False
green1-2.xls,green,sirloin tender steak,1,0,0.0,2,shear,shear,76,0.149918,272.736,-1.3568814955134592,False
green1-3.xls,green,sirloin tender steak,1,0,0.0,3,shear,shear,76,0.147369,424.065,0.0,False
green1-4.xls,green,sirloin tender steak,1,0,0.0,4,shear,shear,76,0.146871,348.84,-0.6745,False
green1-5.xls,green,sirloin tender steak,1,0,0.0,5,shear,shear,76,0.148888,430.441,0.057169983383183555,False
green1-1.xls,green,sirloin tender steak,1,0,0.0,1,shear,shear,77,0.14860900000000002,524.475,0.9003196410767697,False
green1-2.xls,green,sirloin tender steak,1,0,0.0,2,shear,shear,77,0.149918,272.736,-1.3568814955134592,False
green1-3.xls,green,sirloin tender steak,1,0,0.0,3,shear,shear,77,0.147369,424.065,0.0,False
green1-4.xls,green,sirloin tender steak,1,0,0.0,4,shear,shear,77,0.146871,348.84,-0.6745,False
green1-5.xls,green,sirloin tender steak,1,0,0.0,5,shear,shear,77,0.148888,430.441,0.057169983383183555,False
green1-1.xls,green,sirloin tender steak,1,0,0.0,1,shear,shear,78,0.14860900000000002,524.475,0.8240023514738943,False
green1-2.xls,green,sirloin tender steak,1,0,0.0,2,shear,shear,78,0.149918,272.736,-1.381939413820431,False
green1-3.xls,green,sirloin tender steak,1,0,0.0,3,shear,shear,78,0.15539,432.872,0.021302398243540306,False
green1-4.xls,green,sirloin tender steak,1,0,0.0,4,shear,shear,78,0.155243,353.468,-0.6745,False
green1-5.xls,green,sirloin tender steak,1,0,0.0,5,shear,shear,78,0.148888,430.441,0.0,False
green1-1.xls,green,sirloin tender steak,1,0,0.0,1,shear,shear,79,0.15771000000000002,538.005,0.8930558725001259,False
green1-2.xls,green,sirloin tender steak,1,0,0.0,2,shear,shear,79,0.15789899999999998,273.557,-1.3533067288801572,False
green1-3.xls,green,sirloin tender steak,1,0,0.0,3,shear,shear,79,0.155389,432.872,0.0,False
green1-4.xls,green,sirloin tender steak,1,0,0.0,4,shear,shear,79,0.155243,353.468,-0.6745,False
green1-5.xls,green,sirloin tender steak,1,0,0.0,5,shear,shear,79,0.156935,433.975,0.009369471311269027,False
green1-1.xls,green,sirloin tender steak,1,0,0.0,1,shear,shear,80,0.15771000000000002,538.005,0.8930558725001259,False
green1-2.xls,green,sirloin tender steak,1,0,0.0,2,shear,shear,80,0.15789899999999998,273.557,-1.3533067288801572,False
green1-3.xls,green,sirloin tender steak,1,0,0.0,3,shear,shear,80,0.155389,432.872,0.0,False
green1-4.xls,green,sirloin tender steak,1,0,0.0,4,shear,shear,80,0.155243,353.468,-0.6745,False
green1-5.xls,green,sirloin tender steak,1,0,0.0,5,shear,shear,80,0.156935,433.975,0.009369471311269027,False
green1-1.xls,green,sirloin tender steak,1,0,0.0,1,shear,shear,81,0.15771000000000002,538.005,0.8930558725001259,False
green1-2.xls,green,sirloin tender steak,1,0,0.0,2,shear,shear,81,0.15789899999999998,273.557,-1.3533067288801572,False
green1-3.xls,green,sirloin tender steak,1,0,0.0,3,shear,shear,81,0.15539,432.872,0.0,False
green1-4.xls,green,sirloin tender steak,1,0,0.0,4,shear,shear,81,0.155243,353.468,-0.6745,False
green1-5.xls,green,sirloin tender steak,1,0,0.0,5,shear,shear,81,0.156935,433.975,0.009369471311269027,False
green1-1.xls,green,sirloin tender steak,1,0,0.0,1,shear,shear,82,0.15771000000000002,538.005,0.9434638242372896,False
green1-2.xls,green,sirloin tender steak,1,0,0.0,2,shear,shear,82,0.15789899999999998,273.557,-1.4548551356002841,False
green1-3.xls,green,sirloin tender steak,1,0,0.0,3,shear,shear,82,0.163396,440.672,0.06073610718943701,False
green1-4.xls,green,sirloin tender steak,1,0,0.0,4,shear,shear,82,0.16362100000000002,359.602,-0.6745,False
green1-5.xls,green,sirloin tender steak,1,0,0.0,5,shear,shear,82,0.156935,433.975,0.0,False
green1-1.xls,green,sirloin tender steak,1,0,0.0,1,shear,shear,83,0.166813,551.61,0.9545080249553473,False
green1-2.xls,green,sirloin tender steak,1,0,0.0,2,shear,shear,83,0.166009,269.965,-1.4349859814847425,False
green1-3.xls,green,sirloin tender steak,1,0,0.0,3,shear,shear,83,0.163395,440.672,0.013303011245000466,False
green1-4.xls,green,sirloin tender steak,1,0,0.0,4,shear,shear,83,0.16362100000000002,359.602,-0.6745,False
green1-5.xls,green,sirloin tender steak,1,0,0.0,5,shear,shear,83,0.165059,439.104,0.0,False
green1-1.xls,green,sirloin tender steak,1,0,0.0,1,shear,shear,84,0.166813,551.61,0.9545080249553473,False
green1-2.xls,green,sirloin tender steak,1,0,0.0,2,shear,shear,84,0.166009,269.965,-1.4349859814847425,False
green1-3.xls,green,sirloin tender steak,1,0,0.0,3,shear,shear,84,0.163395,440.672,0.013303011245000466,False
green1-4.xls,green,sirloin tender steak,1,0,0.0,4,shear,shear,84,0.16362100000000002,359.602,-0.6745,False
green1-5.xls,green,sirloin tender steak,1,0,0.0,5,shear,shear,84,0.165059,439.104,0.0,False
green1-1.xls,green,sirloin tender steak,1,0,0.0,1,shear,shear,85,0.166813,551.61,0.9545080249553473,False
green1-2.xls,green,sirloin tender steak,1,0,0.0,2,shear,shear,85,0.166009,269.965,-1.4349859814847425,False
green1-3.xls,green,sirloin tender steak,1,0,0.0,3,shear,shear,85,0.163395,440.672,0.013303011245000466,False
green1-4.xls,green,sirloin tender steak,1,0,0.0,4,shear,shear,85,0.16362100000000002,359.602,-0.6745,False
green1-5.xls,green,sirloin tender steak,1,0,0.0,5,shear,shear,85,0.165057,439.104,0.0,False
green1-1.xls,green,sirloin tender steak,1,0,0.0,1,shear,shear,86,0.166813,551.61,1.0176520672129177,False
green1-2.xls,green,sirloin tender steak,1,0,0.0,2,shear,shear,86,0.166009,269.965,-1.5299153200391593,False
green1-3.xls,green,sirloin tender steak,1,0,0.0,3,shear,shear,86,0.171489,447.691,0.07767210905335992,False
green1-4.xls,green,sirloin tender steak,1,0,0.0,4,shear,shear,86,0.17206700000000003,364.535,-0.6745,False
green1-5.xls,green,sirloin tender steak,1,0,0.0,5,shear,shear,86,0.165057,439.104,0.0,False
green1-1.xls,green,sirloin tender steak,1,0,0.0,1,shear,shear,87,0.166813,551.61,0.9078991108714465,False
green1-2.xls,green,sirloin tender steak,1,0,0.0,2,shear,shear,87,0.174073,262.07,-1.5412140178828964,False
green1-3.xls,green,sirloin tender steak,1,0,0.0,3,shear,shear,87,0.171489,447.691,0.02888623794534776,False
green1-4.xls,green,sirloin tender steak,1,0,0.0,4,shear,shear,87,0.17206700000000003,364.535,-0.6745,False
green1-5.xls,green,sirloin tender steak,1,0,0.0,5,shear,shear,87,0.173064,444.276,0.0,False
green1-1.xls,green,sirloin tender steak,1,0,0.0,1,shear,shear,88,0.175891,564.291,1.0151630591540117,False
green1-2.xls,green,sirloin tender steak,1,0,0.0,2,shear,shear,88,0.174073,262.07,-1.5412140178828964,False
green1-3.xls,green,sirloin tender steak,1,0,0.0,3,shear,shear,88,0.171489,447.691,0.02888623794534776,False
green1-4.xls,green,sirloin tender steak,1,0,0.0,4,shear,shear,88,0.17206700000000003,364.535,-0.6745,False
green1-5.xls,green,sirloin tender steak,1,0,0.0,5,shear,shear,88,0.173064,444.276,0.0,False
green1-1.xls,green,sirloin tender steak,1,0,0.0,1,shear,shear,89,0.175891,564.291,1.0151630591540117,False
green1-2.xls,green,sirloin tender steak,1,0,0.0,2,shear,shear,89,0.174073,262.07,-1.5412140178828964,False
green1-3.xls,green,sirloin tender steak,1,0,0.0,3,shear,shear,89,0.171489,447.691,0.02888623794534776,False
green1-4.xls,green,sirloin tender steak,1,0,0.0,4,shear,shear,89,0.17206700000000003,364.535,-0.6745,False
green1-5.xls,green,sirloin tender steak,1,0,0.0,5,shear,shear,89,0.173064,444.276,0.0,False
green1-1.xls,green,sirloin tender steak,1,0,0.0,1,shear,shear,90,0.175891,564.291,1.0698489063635765,False
green1-2.xls,green,sirloin tender steak,1,0,0.0,2,shear,shear,90,0.174073,262.07,-1.6242377188924864,False
green1-3.xls,green,sirloin tender steak,1,0,0.0,3,shear,shear,90,0.17948,455.589,0.1008473997224607,False
green1-4.xls,green,sirloin tender steak,1,0,0.0,4,shear,shear,90,0.18043299999999998,368.611,-0.6745,False
green1-5.xls,green,sirloin tender steak,1,0,0.0,5,shear,shear,90,0.173064,444.276,0.0,False
green1-1.xls,green,sirloin tender steak,1,0,0.0,1,shear,shear,91,0.175891,564.291,0.9539736394033238,False
green1-2.xls,green,sirloin tender steak,1,0,0.0,2,shear,shear,91,0.18218499999999999,255.684,-1.6142927364927384,False
green1-3.xls,green,sirloin tender steak,1,0,0.0,3,shear,shear,91,0.17948,455.589,0.049341885772803865,False
green1-4.xls,green,sirloin tender steak,1,0,0.0,4,shear,shear,91,0.18043299999999998,368.611,-0.6745,False
green1-5.xls,green,sirloin tender steak,1,0,0.0,5,shear,shear,91,0.181157,449.66,0.0,False
green1-1.xls,green,sirloin tender steak,1,0,0.0,1,shear,shear,92,0.175891,564.291,0.9539736394033238,False
green1-2.xls,green,sirloin tender steak,1,0,0.0,2,shear,shear,92,0.18218499999999999,255.684,-1.6142927364927384,False
green1-3.xls,green,sirloin tender steak,1,0,0.0,3,shear,shear,92,0.17948,455.589,0.049341885772803865,False
green1-4.xls,green,sirloin tender steak,1,0,0.0,4,shear,shear,92,0.18043299999999998,368.611,-0.6745,False
green1-5.xls,green,sirloin tender steak,1,0,0.0,5,shear,shear,92,0.181157,449.66,0.0,False
green1-1.xls,green,sirloin tender steak,1,0,0.0,1,shear,shear,93,0.184974,576.516,1.0557116312354247,False
green1-2.xls,green,sirloin tender steak,1,0,0.0,2,shear,shear,93,0.18218499999999999,255.684,-1.6142927364927384,False
green1-3.xls,green,sirloin tender steak,1,0,0.0,3,shear,shear,93,0.17948,455.589,0.049341885772803865,False
green1-4.xls,green,sirloin tender steak,1,0,0.0,4,shear,shear,93,0.18043299999999998,368.611,-0.6745,False
green1-5.xls,green,sirloin tender steak,1,0,0.0,5,shear,shear,93,0.181157,449.66,0.0,False
green1-1.xls,green,sirloin tender steak,1,0,0.0,1,shear,shear,94,0.184974,576.516,1.0557116312354247,False
green1-2.xls,green,sirloin tender steak,1,0,0.0,2,shear,shear,94,0.18218499999999999,255.684,-1.6142927364927384,False
green1-3.xls,green,sirloin tender steak,1,0,0.0,3,shear,shear,94,0.187496,462.039,0.10301959925477146,False
green1-4.xls,green,sirloin tender steak,1,0,0.0,4,shear,shear,94,0.18043299999999998,368.611,-0.6745,False
green1-5.xls,green,sirloin tender steak,1,0,0.0,5,shear,shear,94,0.181157,449.66,0.0,False
green1-1.xls,green,sirloin tender steak,1,0,0.0,1,shear,shear,95,0.184974,576.516,1.0722514703055932,False
green1-2.xls,green,sirloin tender steak,1,0,0.0,2,shear,shear,95,0.190285,250.207,-1.747857703888783,False
green1-3.xls,green,sirloin tender steak,1,0,0.0,3,shear,shear,95,0.187496,462.039,0.08288973669037106,False
green1-4.xls,green,sirloin tender steak,1,0,0.0,4,shear,shear,95,0.18881900000000001,374.403,-0.6745,False
green1-5.xls,green,sirloin tender steak,1,0,0.0,5,shear,shear,95,0.189248,452.448,0.0,False
green1-1.xls,green,sirloin tender steak,1,0,0.0,1,shear,shear,96,0.184974,576.516,1.0722514703055932,False
green1-2.xls,green,sirloin tender steak,1,0,0.0,2,shear,shear,96,0.190285,250.207,-1.747857703888783,False
green1-3.xls,green,sirloin tender steak,1,0,0.0,3,shear,shear,96,0.187496,462.039,0.08288973669037106,False
green1-4.xls,green,sirloin tender steak,1,0,0.0,4,shear,shear,96,0.18881900000000001,374.403,-0.6745,False
green1-5.xls,green,sirloin tender steak,1,0,0.0,5,shear,shear,96,0.189248,452.448,0.0,False
green1-1.xls,green,sirloin tender steak,1,0,0.0,1,shear,shear,97,0.194052,588.754,1.1780177717983225,False
green1-2.xls,green,sirloin tender steak,1,0,0.0,2,shear,shear,97,0.190285,250.207,-1.747857703888783,False
green1-3.xls,green,sirloin tender steak,1,0,0.0,3,shear,shear,97,0.187496,462.039,0.08288973669037106,False
green1-4.xls,green,sirloin tender steak,1,0,0.0,4,shear,shear,97,0.18881900000000001,374.403,-0.6745,False
green1-5.xls,green,sirloin tender steak,1,0,0.0,5,shear,shear,97,0.189248,452.448,0.0,False
green1-1.xls,green,sirloin tender steak,1,0,0.0,1,shear,shear,98,0.194052,588.754,1.1780177717983225,False
green1-2.xls,green,sirloin tender steak,1,0,0.0,2,shear,shear,98,0.190285,250.207,-1.747857703888783,False
green1-3.xls,green,sirloin tender steak,1,0,0.0,3,shear,shear,98,0.19548200000000002,470.315,0.15441465180344696,False
green1-4.xls,green,sirloin tender steak,1,0,0.0,4,shear,shear,98,0.18881900000000001,374.403,-0.6745,False
green1-5.xls,green,sirloin tender steak,1,0,0.0,5,shear,shear,98,0.189248,452.448,0.0,False
green1-1.xls,green,sirloin tender steak,1,0,0.0,1,shear,shear,99,0.194052,588.754,1.2173010665257284,False
green1-2.xls,green,sirloin tender steak,1,0,0.0,2,shear,shear,99,0.198336,247.194,-1.9047899743871204,False
green1-3.xls,green,sirloin tender steak,1,0,0.0,3,shear,shear,99,0.19548200000000002,470.315,0.13468793619818148,False
green1-4.xls,green,sirloin tender steak,1,0,0.0,4,shear,shear,99,0.197222,381.789,-0.6745,False
green1-5.xls,green,sirloin tender steak,1,0,0.0,5,shear,shear,99,0.19731,455.58,0.0,False
green1-1.xls,green,sirloin tender steak,1,0,0.0,1,uniaxial,compression,0,0.979075,682.293,-0.36585051763632565,False
green1-2.xls,green,sirloin tender steak,1,0,0.0,2,uniaxial,compression,0,0.9788,791.688,0.0,False
green1-3.xls,green,sirloin tender steak,1,0,0.0,3,uniaxial,compression,0,0.9781833,1084.91,0.9806245302103271,False
green1-4.xls,green,sirloin tender steak,1,0,0.0,4,uniaxial,compression,0,0.9784692,573.919,-0.7282864973275288,False
green1-5.xls,green,sirloin tender steak,1,0,0.0,5,uniaxial,compression,0,0.9783778,993.374,0.6745,False
green1-1.xls,green,sirloin tender steak,1,0,0.0,1,uniaxial,compression,1,0.9590834,939.213,0.0,False
green1-2.xls,green,sirloin tender steak,1,0,0.0,2,uniaxial,compression,1,0.9583111,928.434,-0.049737545835157625,False
green1-3.xls,green,sirloin tender steak,1,0,0.0,3,uniaxial,compression,1,0.9582137,1388.38,2.0725915437554745,False
green1-4.xls,green,sirloin tender steak,1,0,0.0,4,uniaxial,compression,1,0.9583539,793.037,-0.6745,False
green1-5.xls,green,sirloin tender steak,1,0,0.0,5,uniaxial,compression,1,0.9578815,1187.21,1.1443326982541602,False
green1-1.xls,green,sirloin tender steak,1,0,0.0,1,uniaxial,compression,2,0.9390834,1184.89,0.0,False
green1-2.xls,green,sirloin tender steak,1,0,0.0,2,uniaxial,compression,2,0.9384371,1043.12,-0.6745,False
green1-3.xls,green,sirloin tender steak,1,0,0.0,3,uniaxial,compression,2,0.9377489999999999,1586.52,1.9108375185159028,False
green1-4.xls,green,sirloin tender steak,1,0,0.0,4,uniaxial,compression,2,0.9380385,942.514,-1.1531537842985102,False
green1-5.xls,green,sirloin tender steak,1,0,0.0,5,uniaxial,compression,2,0.9380222,1267.12,0.3912261762008872,False
green1-1.xls,green,sirloin tender steak,1,0,0.0,1,uniaxial,compression,3,0.9190834,1341.83,0.0,False
green1-2.xls,green,sirloin tender steak,1,0,0.0,2,uniaxial,compression,3,0.9183111,1123.44,-0.6745,False
green1-3.xls,green,sirloin tender steak,1,0,0.0,3,uniaxial,compression,3,0.917849,1725.33,1.1844441137414723,False
green1-4.xls,green,sirloin tender steak,1,0,0.0,4,uniaxial,compression,3,0.9176154,1035.29,-0.9467522780347091,False
green1-5.xls,green,sirloin tender steak,1,0,0.0,5,uniaxial,compression,3,0.9178815,1414.79,0.22533779019185884,False
green1-1.xls,green,sirloin tender steak,1,0,0.0,1,uniaxial,compression,4,0.8986419999999999,1609.72,0.19205538199868097,False
green1-2.xls,green,sirloin tender steak,1,0,0.0,2,uniaxial,compression,4,0.898422,1215.87,-0.7300586275122364,False
green1-3.xls,green,sirloin tender steak,1,0,0.0,3,uniaxial,compression,4,0.897678,1815.78,0.6745,False
green1-4.xls,green,sirloin tender steak,1,0,0.0,4,uniaxial,compression,4,0.8975690000000001,1159.17,-0.862809330417578,False
green1-5.xls,green,sirloin tender steak,1,0,0.0,5,uniaxial,compression,4,0.898,1527.69,0.0,False
green1-1.xls,green,sirloin tender steak,1,0,0.0,1,uniaxial,compression,5,0.878633,1785.76,0.17211106346483698,False
green1-2.xls,green,sirloin tender steak,1,0,0.0,2,uniaxial,compression,5,0.877926,1281.61,-1.3628224699828477,False
green1-3.xls,green,sirloin tender steak,1,0,0.0,3,uniaxial,compression,5,0.877435,1950.77,0.6745,False
green1-4.xls,green,sirloin tender steak,1,0,0.0,4,uniaxial,compression,5,0.877646,1261.29,-1.4246886792452833,False
green1-5.xls,green,sirloin tender steak,1,0,0.0,5,uniaxial,compression,5,0.8775040000000001,1729.23,0.0,False
green1-1.xls,green,sirloin tender steak,1,0,0.0,1,uniaxial,compression,6,0.858633,2109.2,0.6744999999999999,False
green1-2.xls,green,sirloin tender steak,1,0,0.0,2,uniaxial,compression,6,0.858052,1399.64,-1.4855316829895762,False
green1-3.xls,green,sirloin tender steak,1,0,0.0,3,uniaxial,compression,6,0.85731,2072.0,0.5612563298280457,False
green1-4.xls,green,sirloin tender steak,1,0,0.0,4,uniaxial,compression,6,0.857177,1411.54,-1.4493058852732794,False
green1-5.xls,green,sirloin tender steak,1,0,0.0,5,uniaxial,compression,6,0.8576,1887.63,0.0,False
green1-1.xls,green,sirloin tender steak,1,0,0.0,1,uniaxial,compression,7,0.838642,2365.96,0.6744999999999999,False
green1-2.xls,green,sirloin tender steak,1,0,0.0,2,uniaxial,compression,7,0.837911,1506.22,-1.8384772490899612,False
green1-3.xls,green,sirloin tender steak,1,0,0.0,3,uniaxial,compression,7,0.837365,2250.53,0.33710385248743363,False
green1-4.xls,green,sirloin tender steak,1,0,0.0,4,uniaxial,compression,7,0.837208,1507.54,-1.8346189547581881,False
green1-5.xls,green,sirloin tender steak,1,0,0.0,5,uniaxial,compression,7,0.837133,2135.2,0.0,False
green1-1.xls,green,sirloin tender steak,1,0,0.0,1,uniaxial,compression,8,0.818221,2782.53,0.6745,False
green1-2.xls,green,sirloin tender steak,1,0,0.0,2,uniaxial,compression,8,0.8176300000000001,1689.28,-0.8690436857639254,False
green1-3.xls,green,sirloin tender steak,1,0,0.0,3,uniaxial,compression,8,0.81746,2415.93,0.1569028216775161,False
green1-4.xls,green,sirloin tender steak,1,0,0.0,4,uniaxial,compression,8,0.817292,1664.19,-0.9044678898122371,False
green1-5.xls,green,sirloin tender steak,1,0,0.0,5,uniaxial,compression,8,0.817148,2304.8,0.0,False
green1-1.xls,green,sirloin tender steak,1,0,0.0,1,uniaxial,tension,0,1.0197477,1531.53,2.1025275863321977,False
green1-2.xls,green,sirloin tender steak,1,0,0.0,2,uniaxial,tension,0,1.0265403,851.712,-0.6745,False
green1-3.xls,green,sirloin tender steak,1,0,0.0,3,uniaxial,tension,0,1.026377,1016.83,0.0,False
green1-4.xls,green,sirloin tender steak,1,0,0.0,4,uniaxial,tension,0,1.026733,993.63,-0.09477101224578802,False
green1-5.xls,green,sirloin tender steak,1,0,0.0,5,uniaxial,tension,0,1.0263521,1382.96,1.495625461790961,False
green1-1.xls,green,sirloin tender steak,1,0,0.0,1,uniaxial,tension,1,1.0445715,450.647,0.4744081382086544,False
green1-2.xls,green,sirloin tender steak,1,0,0.0,2,uniaxial,tension,1,1.051515,231.726,-1.5069701174102643,False
green1-3.xls,green,sirloin tender steak,1,0,0.0,3,uniaxial,tension,1,1.051581,486.019,0.7945478765514923,False
green1-4.xls,green,sirloin tender steak,1,0,0.0,4,uniaxial,tension,1,1.0516382,323.705,-0.6745,False
green1-5.xls,green,sirloin tender steak,1,0,0.0,5,uniaxial,tension,1,1.0517505,398.23,0.0,False
green1-1.xls,green,sirloin tender steak,1,0,0.0,1,uniaxial,tension,2,1.069895,130.496,0.7316879048426901,False
green1-2.xls,green,sirloin tender steak,1,0,0.0,2,uniaxial,tension,2,1.0765361,92.8136,-0.2482927706662557,False
green1-3.xls,green,sirloin tender steak,1,0,0.0,3,uniaxial,tension,2,1.0763534,102.361,0.0,False
green1-4.xls,green,sirloin tender steak,1,0,0.0,4,uniaxial,tension,2,1.0766685,128.297,0.6745,False
green1-5.xls,green,sirloin tender steak,1,0,0.0,5,uniaxial,tension,2,1.0768803,22.4058,-2.079340777297965,False
green1-1.xls,green,sirloin tender steak,1,0,0.0,1,uniaxial,tension,3,1.0947219,10.4245,1.433097952394749,False
green1-2.xls,green,sirloin tender steak,1,0,0.0,2,uniaxial,tension,3,1.101993,-79.0917,-0.6745,False
green1-3.xls,green,sirloin tender steak,1,0,0.0,3,uniaxial,tension,3,1.101472,-34.577,0.3735682889964781,False
green1-4.xls,green,sirloin tender steak,1,0,0.0,4,uniaxial,tension,3,1.101785,-50.4436,0.0,False
green1-5.xls,green,sirloin tender steak,1,0,0.0,5,uniaxial,tension,3,1.101769,-107.488,-1.3430715405210116,False
green2-1.xls,green,sirloin tender steak,2,24,1.0,1,shear,shear,0,0.00331255,1.44806,0.0,False
green2-2.xls,green,sirloin tender steak,2,24,1.0,2,shear,shear,0,0.00079998,-3.34324,-0.6745,False
green2-3.xls,green,sirloin tender steak,2,24,1.0,3,shear,shear,0,-0.00121594,10.4867,1.272423492580302,False
green2-4.xls,green,sirloin tender steak,2,24,1.0,4,shear,shear,0,0.0008195570000000001,-1.53608,-0.42009526224615445,False
green2-5.xls,green,sirloin tender steak,2,24,1.0,5,shear,shear,0,0.00240499,11.2209,1.3757812243023815,False
green2-1.xls,green,sirloin tender steak,2,24,1.0,1,shear,shear,1,0.00331255,1.44806,-0.6992192634560908,False
green2-2.xls,green,sirloin tender steak,2,24,1.0,2,shear,shear,1,0.0007997029999999999,-3.34324,-1.069868969274352,False
green2-3.xls,green,sirloin tender steak,2,24,1.0,3,shear,shear,1,-0.00121536,10.4867,0.0,False
green2-4.xls,green,sirloin tender steak,2,24,1.0,4,shear,shear,1,0.00241815,19.2058,0.6745,False
green2-5.xls,green,sirloin tender steak,2,24,1.0,5,shear,shear,1,0.00240499,11.2209,0.056796905643931105,False
green2-1.xls,green,sirloin tender steak,2,24,1.0,1,shear,shear,2,0.00331255,1.44806,-0.6745,False
green2-2.xls,green,sirloin tender steak,2,24,1.0,2,shear,shear,2,0.0007997029999999999,-3.34324,-1.032046251427206,False
green2-3.xls,green,sirloin tender steak,2,24,1.0,3,shear,shear,2,-0.00121536,10.4867,0.0,False
green2-4.xls,green,sirloin tender steak,2,24,1.0,4,shear,shear,2,0.00241814,19.2058,0.6506546283511677,False
green2-5.xls,green,sirloin tender steak,2,24,1.0,5,shear,shear,2,0.0045365299999999996,33.7246,1.7341064087075047,False
green2-1.xls,green,sirloin tender steak,2,24,1.0,1,shear,shear,3,0.00479693,26.7891,-0.6344327485380112,False
green2-2.xls,green,sirloin tender steak,2,24,1.0,2,shear,shear,3,0.00534007,30.1507,0.0,False
green2-3.xls,green,sirloin tender steak,2,24,1.0,3,shear,shear,3,0.005758330000000001,44.5188,2.7116828814460376,False
green2-4.xls,green,sirloin tender steak,2,24,1.0,4,shear,shear,3,0.00241814,19.2058,-2.0656244019138743,False
green2-5.xls,green,sirloin tender steak,2,24,1.0,5,shear,shear,3,0.0045365299999999996,33.7246,0.6745,False
green2-1.xls,green,sirloin tender steak,2,24,1.0,1,shear,shear,4,0.00479693,26.7891,-0.6344327485380112,False
green2-2.xls,green,sirloin tender steak,2,24,1.0,2,shear,shear,4,0.00534007,30.1507,0.0,False
green2-3.xls,green,sirloin tender steak,2,24,1.0,3,shear,shear,4,0.005758330000000001,44.5188,2.7116828814460376,False
green2-4.xls,green,sirloin tender steak,2,24,1.0,4,shear,shear,4,0.00241813,19.2058,-2.0656244019138743,False
green2-5.xls,green,sirloin tender steak,2,24,1.0,5,shear,shear,4,0.0045365299999999996,33.7246,0.6745,False
green2-1.xls,green,sirloin tender steak,2,24,1.0,1,shear,shear,5,0.00479691,26.7891,-0.6344327485380112,False
green2-2.xls,green,sirloin tender steak,2,24,1.0,2,shear,shear,5,0.00534006,30.1507,0.0,False
green2-3.xls,green,sirloin tender steak,2,24,1.0,3,shear,shear,5,0.005758330000000001,44.5188,2.7116828814460376,False
green2-4.xls,green,sirloin tender steak,2,24,1.0,4,shear,shear,5,0.00241813,19.2058,-2.0656244019138743,False
green2-5.xls,green,sirloin tender steak,2,24,1.0,5,shear,shear,5,0.0045365299999999996,33.7246,0.6745,False
green2-1.xls,green,sirloin tender steak,2,24,1.0,1,shear,shear,6,0.0047969,26.7891,-1.6472007047496149,False
green2-2.xls,green,sirloin tender steak,2,24,1.0,2,shear,shear,6,0.00534006,30.1507,-0.5218847089185569,False
green2-3.xls,green,sirloin tender steak,2,24,1.0,3,shear,shear,6,0.005758330000000001,44.5188,4.287923941634818,True
green2-4.xls,green,sirloin tender steak,2,24,1.0,4,shear,shear,6,0.0128003,31.7097,0.0,False
green2-5.xls,green,sirloin tender steak,2,24,1.0,5,shear,shear,6,0.004536490000000001,33.7246,0.6745,False
green2-1.xls,green,sirloin tender steak,2,24,1.0,1,shear,shear,7,0.0127343,59.3944,0.0,False
green2-2.xls,green,sirloin tender steak,2,24,1.0,2,shear,shear,7,0.005340040000000001,30.1507,-1.8033512511542422,False
green2-3.xls,green,sirloin tender steak,2,24,1.0,3,shear,shear,7,0.0141014,68.3023,0.549317378107315,False
green2-4.xls,green,sirloin tender steak,2,24,1.0,4,shear,shear,7,0.0128003,31.7097,-1.7072134641933083,False
green2-5.xls,green,sirloin tender steak,2,24,1.0,5,shear,shear,7,0.0141886,70.3323,0.6745,False
green2-1.xls,green,sirloin tender steak,2,24,1.0,1,shear,shear,8,0.0127343,59.3944,-0.6745,False
green2-2.xls,green,sirloin tender steak,2,24,1.0,2,shear,shear,8,0.0151597,80.3454,0.9118951660885273,False
green2-3.xls,green,sirloin tender steak,2,24,1.0,3,shear,shear,8,0.0141014,68.3023,0.0,False
green2-4.xls,green,sirloin tender steak,2,24,1.0,4,shear,shear,8,0.0128003,31.7097,-2.770766252427619,False
green2-5.xls,green,sirloin tender steak,2,24,1.0,5,shear,shear,8,0.0141886,70.3323,0.15371018983149787,False
green2-1.xls,green,sirloin tender steak,2,24,1.0,1,shear,shear,9,0.0127343,59.3944,-0.6745,False
green2-2.xls,green,sirloin tender steak,2,24,1.0,2,shear,shear,9,0.0151597,80.3454,0.9118951660885273,False
green2-3.xls,green,sirloin tender steak,2,24,1.0,3,shear,shear,9,0.0141013,68.3023,0.0,False
green2-4.xls,green,sirloin tender steak,2,24,1.0,4,shear,shear,9,0.0128003,31.7097,-2.770766252427619,False
green2-5.xls,green,sirloin tender steak,2,24,1.0,5,shear,shear,9,0.0141886,70.3323,0.15371018983149787,False
green2-1.xls,green,sirloin tender steak,2,24,1.0,1,shear,shear,10,0.0127343,59.3944,-0.6745,False
green2-2.xls,green,sirloin tender steak,2,24,1.0,2,shear,shear,10,0.0151597,80.3454,0.9118951660885273,False
green2-3.xls,green,sirloin tender steak,2,24,1.0,3,shear,shear,10,0.0141013,68.3023,0.0,False
green2-4.xls,green,sirloin tender steak,2,24,1.0,4,shear,shear,10,0.0128003,31.7097,-2.770766252427619,False
green2-5.xls,green,sirloin tender steak,2,24,1.0,5,shear,shear,10,0.0141886,70.3323,0.15371018983149787,False
green2-1.xls,green,sirloin tender steak,2,24,1.0,1,shear,shear,11,0.020731299999999998,102.94,1.5220119343659815,False
green2-2.xls,green,sirloin tender steak,2,24,1.0,2,shear,shear,11,0.0151597,80.3454,0.0,False
green2-3.xls,green,sirloin tender steak,2,24,1.0,3,shear,shear,11,0.022527,84.6549,0.2902954879108369,False
green2-4.xls,green,sirloin tender steak,2,24,1.0,4,shear,shear,11,0.0128003,31.7097,-3.276186161128923,False
green2-5.xls,green,sirloin tender steak,2,24,1.0,5,shear,shear,11,0.0141886,70.3323,-0.6745,False
green2-1.xls,green,sirloin tender steak,2,24,1.0,1,shear,shear,12,0.020731299999999998,102.94,2.3263354364720112,False
green2-2.xls,green,sirloin tender steak,2,24,1.0,2,shear,shear,12,0.0151597,80.3454,-0.5482793401991858,False
green2-3.xls,green,sirloin tender steak,2,24,1.0,3,shear,shear,12,0.022527,84.6549,0.0,False
green2-4.xls,green,sirloin tender steak,2,24,1.0,4,shear,shear,12,0.022997999999999998,79.3533,-0.6745,False
green2-5.xls,green,sirloin tender steak,2,24,1.0,5,shear,shear,12,0.023923,120.159,4.51703550814849,True
green2-1.xls,green,sirloin tender steak,2,24,1.0,1,shear,shear,13,0.020731199999999998,102.94,0.0,False
green2-2.xls,green,sirloin tender steak,2,24,1.0,2,shear,shear,13,0.0250889,131.048,1.0368467221945739,False
green2-3.xls,green,sirloin tender steak,2,24,1.0,3,shear,shear,13,0.022527,84.6549,-0.6745,False
green2-4.xls,green,sirloin tender steak,2,24,1.0,4,shear,shear,13,0.022997999999999998,79.3533,-0.8700651978933664,False
green2-5.xls,green,sirloin tender steak,2,24,1.0,5,shear,shear,13,0.023923,120.159,0.635173748024348,False
green2-1.xls,green,sirloin tender steak,2,24,1.0,1,shear,shear,14,0.020731199999999998,102.94,0.0,False
green2-2.xls,green,sirloin tender steak,2,24,1.0,2,shear,shear,14,0.0250889,131.048,1.0368467221945739,False
green2-3.xls,green,sirloin tender steak,2,24,1.0,3,shear,shear,14,0.022527,84.6549,-0.6745,False
green2-4.xls,green,sirloin tender steak,2,24,1.0,4,shear,shear,14,0.022997999999999998,79.3533,-0.8700651978933664,False
green2-5.xls,green,sirloin tender steak,2,24,1.0,5,shear,shear,14,0.023923,120.159,0.635173748024348,False
green2-1.xls,green,sirloin tender steak,2,24,1.0,1,shear,shear,15,0.0288171,130.723,0.6543684452199474,False
green2-2.xls,green,sirloin tender steak,2,24,1.0,2,shear,shear,15,0.0250889,131.048,0.6745,False
green2-3.xls,green,sirloin tender steak,2,24,1.0,3,shear,shear,15,0.030945200000000003,92.4356,-1.7172773716594745,False
green2-4.xls,green,sirloin tender steak,2,24,1.0,4,shear,shear,15,0.022997999999999998,79.3533,-2.5276374919643687,False
green2-5.xls,green,sirloin tender steak,2,24,1.0,5,shear,shear,15,0.023923,120.159,0.0,False
green2-1.xls,green,sirloin tender steak,2,24,1.0,1,shear,shear,16,0.0288171,130.723,0.6543684452199474,False
green2-2.xls,green,sirloin tender steak,2,24,1.0,2,shear,shear,16,0.0250889,131.048,0.6745,False
green2-3.xls,green,sirloin tender steak,2,24,1.0,3,shear,shear,16,0.030945200000000003,92.4356,-1.7172773716594745,False
green2-4.xls,green,sirloin tender steak,2,24,1.0,4,shear,shear,16,0.022997999999999998,79.3533,-2.5276374919643687,False
green2-5.xls,green,sirloin tender steak,2,24,1.0,5,shear,shear,16,0.023923,120.159,0.0,False
green2-1.xls,green,sirloin tender steak,2,24,1.0,1,shear,shear,17,0.0288171,130.723,0.0,False
green2-2.xls,green,sirloin tender steak,2,24,1.0,2,shear,shear,17,0.0250889,131.048,0.013168288580524564,False
green2-3.xls,green,sirloin tender steak,2,24,1.0,3,shear,shear,17,0.030945200000000003,92.4356,-1.5513216375322898,False
green2-4.xls,green,sirloin tender steak,2,24,1.0,4,shear,shear,17,0.0332092,103.752,-1.0928058809395098,False
green2-5.xls,green,sirloin tender steak,2,24,1.0,5,shear,shear,17,0.033691900000000004,147.37,0.6745,False
green2-1.xls,green,sirloin tender steak,2,24,1.0,1,shear,shear,18,0.0288171,130.723,0.0,False
green2-2.xls,green,sirloin tender steak,2,24,1.0,2,shear,shear,18,0.0350171,162.441,0.7932146008675978,False
green2-3.xls,green,sirloin tender steak,2,24,1.0,3,shear,shear,18,0.030945200000000003,92.4356,-0.9575044047310072,False
green2-4.xls,green,sirloin tender steak,2,24,1.0,4,shear,shear,18,0.0332092,103.752,-0.6745,False
green2-5.xls,green,sirloin tender steak,2,24,1.0,5,shear,shear,18,0.033691900000000004,147.37,0.4163138741611355,False
green2-1.xls,green,sirloin tender steak,2,24,1.0,1,shear,shear,19,0.0368154,152.715,0.2392145511246765,False
green2-2.xls,green,sirloin tender steak,2,24,1.0,2,shear,shear,19,0.035017,162.441,0.6745,False
green2-3.xls,green,sirloin tender steak,2,24,1.0,3,shear,shear,19,0.030945200000000003,92.4356,-2.4585795766704277,False
green2-4.xls,green,sirloin tender steak,2,24,1.0,4,shear,shear,19,0.0332092,103.752,-1.9521160506933852,False
green2-5.xls,green,sirloin tender steak,2,24,1.0,5,shear,shear,19,0.033691900000000004,147.37,0.0,False
green2-1.xls,green,sirloin tender steak,2,24,1.0,1,shear,shear,20,0.0368154,152.715,0.2392145511246765,False
green2-2.xls,green,sirloin tender steak,2,24,1.0,2,shear,shear,20,0.035017,162.441,0.6745,False
green2-3.xls,green,sirloin tender steak,2,24,1.0,3,shear,shear,20,0.039398300000000004,100.871,-2.081054707716808,False
green2-4.xls,green,sirloin tender steak,2,24,1.0,4,shear,shear,20,0.0332092,103.752,-1.9521160506933852,False
green2-5.xls,green,sirloin tender steak,2,24,1.0,5,shear,shear,20,0.033691900000000004,147.37,0.0,False
green2-1.xls,green,sirloin tender steak,2,24,1.0,1,shear,shear,21,0.0368154,152.715,0.2392145511246765,False
green2-2.xls,green,sirloin tender steak,2,24,1.0,2,shear,shear,21,0.035017,162.441,0.6745,False
green2-3.xls,green,sirloin tender steak,2,24,1.0,3,shear,shear,21,0.039398300000000004,100.871,-2.081054707716808,False
green2-4.xls,green,sirloin tender steak,2,24,1.0,4,shear,shear,21,0.0332091,103.752,-1.9521160506933852,False
green2-5.xls,green,sirloin tender steak,2,24,1.0,5,shear,shear,21,0.033691900000000004,147.37,0.0,False
green2-1.xls,green,sirloin tender steak,2,24,1.0,1,shear,shear,22,0.0368154,152.715,0.0,False
green2-2.xls,green,sirloin tender steak,2,24,1.0,2,shear,shear,22,0.035017,162.441,0.4528639375949195,False
green2-3.xls,green,sirloin tender steak,2,24,1.0,3,shear,shear,22,0.039398300000000004,100.871,-2.413970592296012,False
green2-4.xls,green,sirloin tender steak,2,24,1.0,4,shear,shear,22,0.0434113,122.81,-1.3924425307193162,False
green2-5.xls,green,sirloin tender steak,2,24,1.0,5,shear,shear,22,0.0434255,167.201,0.6745,False
green2-1.xls,green,sirloin tender steak,2,24,1.0,1,shear,shear,23,0.0449396,170.542,0.12192309148947708,False
green2-2.xls,green,sirloin tender steak,2,24,1.0,2,shear,shear,23,0.0449392,185.684,0.6745,False
green2-3.xls,green,sirloin tender steak,2,24,1.0,3,shear,shear,23,0.039398300000000004,100.871,-2.4205802629443265,False
green2-4.xls,green,sirloin tender steak,2,24,1.0,4,shear,shear,23,0.0434114,122.81,-1.6199604771952598,False
green2-5.xls,green,sirloin tender steak,2,24,1.0,5,shear,shear,23,0.0434251,167.201,0.0,False
green2-1.xls,green,sirloin tender steak,2,24,1.0,1,shear,shear,24,0.0449396,170.542,0.12192309148947708,False
green2-2.xls,green,sirloin tender steak,2,24,1.0,2,shear,shear,24,0.0449392,185.684,0.6745,False
green2-3.xls,green,sirloin tender steak,2,24,1.0,3,shear,shear,24,0.0477642,108.099,-2.156808905480711,False
green2-4.xls,green,sirloin tender steak,2,24,1.0,4,shear,shear,24,0.0434115,122.81,-1.6199604771952598,False
green2-5.xls,green,sirloin tender steak,2,24,1.0,5,shear,shear,24,0.0434251,167.201,0.0,False
green2-1.xls,green,sirloin tender steak,2,24,1.0,1,shear,shear,25,0.0449396,170.542,0.12192309148947708,False
green2-2.xls,green,sirloin tender steak,2,24,1.0,2,shear,shear,25,0.0449392,185.684,0.6745,False
green2-3.xls,green,sirloin tender steak,2,24,1.0,3,shear,shear,25,0.0477642,108.099,-2.156808905480711,False
green2-4.xls,green,sirloin tender steak,2,24,1.0,4,shear,shear,25,0.0434115,122.81,-1.6199604771952598,False
green2-5.xls,green,sirloin tender steak,2,24,1.0,5,shear,shear,25,0.0434255,167.201,0.0,False
green2-1.xls,green,sirloin tender steak,2,24,1.0,1,shear,shear,26,0.0449396,170.542,0.12192309148947708,False
green2-2.xls,green,sirloin tender steak,2,24,1.0,2,shear,shear,26,0.0449392,185.684,0.6745,False
green2-3.xls,green,sirloin tender steak,2,24,1.0,3,shear,shear,26,0.0477642,108.099,-2.156808905480711,False
green2-4.xls,green,sirloin tender steak,2,24,1.0,4,shear,shear,26,0.0434115,122.81,-1.6199604771952598,False
green2-5.xls,green,sirloin tender steak,2,24,1.0,5,shear,shear,26,0.0434255,167.201,0.0,False
green2-1.xls,green,sirloin tender steak,2,24,1.0,1,shear,shear,27,0.0528946,186.816,0.6745,False
green2-2.xls,green,sirloin tender steak,2,24,1.0,2,shear,shear,27,0.0449392,185.684,0.5140936974789906,False
green2-3.xls,green,sirloin tender steak,2,24,1.0,3,shear,shear,27,0.0477642,108.099,-10.479831197479012,True
green2-4.xls,green,sirloin tender steak,2,24,1.0,4,shear,shear,27,0.0536683,139.349,-6.051653676470602,True
green2-5.xls,green,sirloin tender steak,2,24,1.0,5,shear,shear,27,0.053223,182.056,0.0,False
green2-1.xls,green,sirloin tender steak,2,24,1.0,1,shear,shear,28,0.0528946,186.816,0.14044092559380583,False
green2-2.xls,green,sirloin tender steak,2,24,1.0,2,shear,shear,28,0.05492,204.917,0.6745,False
green2-3.xls,green,sirloin tender steak,2,24,1.0,3,shear,shear,28,0.0561083,106.028,-2.2431602292113215,False
green2-4.xls,green,sirloin tender steak,2,24,1.0,4,shear,shear,28,0.0536683,139.349,-1.2600442456585463,False
green2-5.xls,green,sirloin tender steak,2,24,1.0,5,shear,shear,28,0.053223,182.056,0.0,False
green2-1.xls,green,sirloin tender steak,2,24,1.0,1,shear,shear,29,0.0528946,186.816,0.14044092559380583,False
green2-2.xls,green,sirloin tender steak,2,24,1.0,2,shear,shear,29,0.0549199,204.917,0.6745,False
green2-3.xls,green,sirloin tender steak,2,24,1.0,3,shear,shear,29,0.0561078,106.028,-2.2431602292113215,False
green2-4.xls,green,sirloin tender steak,2,24,1.0,4,shear,shear,29,0.0536685,139.349,-1.2600442456585463,False
green2-5.xls,green,sirloin tender steak,2,24,1.0,5,shear,shear,29,0.053223,182.056,0.0,False
green2-1.xls,green,sirloin tender steak,2,24,1.0,1,shear,shear,30,0.0528946,186.816,0.14044092559380583,False
green2-2.xls,green,sirloin tender steak,2,24,1.0,2,shear,shear,30,0.0549199,204.917,0.6745,False
green2-3.xls,green,sirloin tender steak,2,24,1.0,3,shear,shear,30,0.0561078,106.028,-2.2431602292113215,False
green2-4.xls,green,sirloin tender steak,2,24,1.0,4,shear,shear,30,0.0536685,139.349,-1.2600442456585463,False
green2-5.xls,green,sirloin tender steak,2,24,1.0,5,shear,shear,30,0.053223,182.056,0.0,False
green2-1.xls,green,sirloin tender steak,2,24,1.0,1,shear,shear,31,0.0609416,201.018,0.5594623594768382,False
green2-2.xls,green,sirloin tender steak,2,24,1.0,2,shear,shear,31,0.0549199,204.917,0.6745,False
green2-3.xls,green,sirloin tender steak,2,24,1.0,3,shear,shear,31,0.0561078,106.028,-2.2431602292113215,False
green2-4.xls,green,sirloin tender steak,2,24,1.0,4,shear,shear,31,0.0536685,139.349,-1.2600442456585463,False
green2-5.xls,green,sirloin tender steak,2,24,1.0,5,shear,shear,31,0.053223,182.056,0.0,False
green2-1.xls,green,sirloin tender steak,2,24,1.0,1,shear,shear,32,0.0609416,201.018,0.41797683378852923,False
green2-2.xls,green,sirloin tender steak,2,24,1.0,2,shear,shear,32,0.0549199,204.917,0.6745,False
green2-3.xls,green,sirloin tender steak,2,24,1.0,3,shear,shear,32,0.064526,107.722,-5.720157383925082,True
green2-4.xls,green,sirloin tender steak,2,24,1.0,4,shear,shear,32,0.0638141,153.231,-2.72602740928599,False
green2-5.xls,green,sirloin tender steak,2,24,1.0,5,shear,shear,32,0.0630011,194.665,0.0,False
green2-1.xls,green,sirloin tender steak,2,24,1.0,1,shear,shear,33,0.0609416,201.018,0.1662953469419437,False
green2-2.xls,green,sirloin tender steak,2,24,1.0,2,shear,shear,33,0.0648647,220.433,0.6745,False
green2-3.xls,green,sirloin tender steak,2,24,1.0,3,shear,shear,33,0.064526,107.722,-2.2758092789506366,False
green2-4.xls,green,sirloin tender steak,2,24,1.0,4,shear,shear,33,0.063814,153.231,-1.0845712899720583,False
green2-5.xls,green,sirloin tender steak,2,24,1.0,5,shear,shear,33,0.0630011,194.665,0.0,False
green2-1.xls,green,sirloin tender steak,2,24,1.0,1,shear,shear,34,0.0609416,201.018,0.1662953469419437,False
green2-2.xls,green,sirloin tender steak,2,24,1.0,2,shear,shear,34,0.0648647,220.433,0.6745,False
green2-3.xls,green,sirloin tender steak,2,24,1.0,3,shear,shear,34,0.064526,107.722,-2.2758092789506366,False
green2-4.xls,green,sirloin tender steak,2,24,1.0,4,shear,shear,34,0.063814,153.231,-1.0845712899720583,False
green2-5.xls,green,sirloin tender steak,2,24,1.0,5,shear,shear,34,0.0630011,194.665,0.0,False
green2-1.xls,green,sirloin tender steak,2,24,1.0,1,shear,shear,35,0.0689747,214.663,0.5234651893821799,False
green2-2.xls,green,sirloin tender steak,2,24,1.0,2,shear,shear,35,0.0648646,220.433,0.6745,False
green2-3.xls,green,sirloin tender steak,2,24,1.0,3,shear,shear,35,0.064526,107.722,-2.2758092789506366,False
green2-4.xls,green,sirloin tender steak,2,24,1.0,4,shear,shear,35,0.0638141,153.231,-1.0845712899720583,False
green2-5.xls,green,sirloin tender steak,2,24,1.0,5,shear,shear,35,0.0630011,194.665,0.0,False
green2-1.xls,green,sirloin tender steak,2,24,1.0,1,shear,shear,36,0.0689747,214.663,0.4055018661874488,False
green2-2.xls,green,sirloin tender steak,2,24,1.0,2,shear,shear,36,0.0648646,220.433,0.6745,False
green2-3.xls,green,sirloin tender steak,2,24,1.0,3,shear,shear,36,0.07293319999999999,112.93,-4.337303531932544,True
green2-4.xls,green,sirloin tender steak,2,24,1.0,4,shear,shear,36,0.0638141,153.231,-2.4584657865634525,False
green2-5.xls,green,sirloin tender steak,2,24,1.0,5,shear,shear,36,0.0727149,205.965,0.0,False
green2-1.xls,green,sirloin tender steak,2,24,1.0,1,shear,shear,37,0.0689745,214.663,0.4055018661874488,False
green2-2.xls,green,sirloin tender steak,2,24,1.0,2,shear,shear,37,0.0648646,220.433,0.6745,False
green2-3.xls,green,sirloin tender steak,2,24,1.0,3,shear,shear,37,0.07293319999999999,112.93,-4.337303531932544,True
green2-4.xls,green,sirloin tender steak,2,24,1.0,4,shear,shear,37,0.0740001,165.81,-1.8720312068012177,False
green2-5.xls,green,sirloin tender steak,2,24,1.0,5,shear,shear,37,0.0727149,205.965,0.0,False
green2-1.xls,green,sirloin tender steak,2,24,1.0,1,shear,shear,38,0.0689745,214.663,0.2103851753568101,False
green2-2.xls,green,sirloin tender steak,2,24,1.0,2,shear,shear,38,0.0747314,233.851,0.6745,False
green2-3.xls,green,sirloin tender steak,2,24,1.0,3,shear,shear,38,0.07293319999999999,112.93,-2.2503086674316863,False
green2-4.xls,green,sirloin tender steak,2,24,1.0,4,shear,shear,38,0.0740001,165.81,-0.9712596822778456,False
green2-5.xls,green,sirloin tender steak,2,24,1.0,5,shear,shear,38,0.0727149,205.965,0.0,False
green2-1.xls,green,sirloin tender steak,2,24,1.0,1,shear,shear,39,0.0769907,226.761,0.5030087499103492,False
green2-2.xls,green,sirloin tender steak,2,24,1.0,2,shear,shear,39,0.0747314,233.851,0.6745,False
green2-3.xls,green,sirloin tender steak,2,24,1.0,3,shear,shear,39,0.07293319999999999,112.93,-2.2503086674316863,False
green2-4.xls,green,sirloin tender steak,2,24,1.0,4,shear,shear,39,0.07400000000000001,165.81,-0.9712596822778456,False
green2-5.xls,green,sirloin tender steak,2,24,1.0,5,shear,shear,39,0.0727149,205.965,0.0,False
green2-1.xls,green,sirloin tender steak,2,24,1.0,1,shear,shear,40,0.0769907,226.761,0.5030087499103492,False
green2-2.xls,green,sirloin tender steak,2,24,1.0,2,shear,shear,40,0.0747314,233.851,0.6745,False
green2-3.xls,green,sirloin tender steak,2,24,1.0,3,shear,shear,40,0.07293319999999999,112.93,-2.2503086674316863,False
green2-4.xls,green,sirloin tender steak,2,24,1.0,4,shear,shear,40,0.07400000000000001,165.81,-0.9712596822778456,False
green2-5.xls,green,sirloin tender steak,2,24,1.0,5,shear,shear,40,0.0727149,205.965,0.0,False
green2-1.xls,green,sirloin tender steak,2,24,1.0,1,shear,shear,41,0.0769905,226.761,0.43862128834961017,False
green2-2.xls,green,sirloin tender steak,2,24,1.0,2,shear,shear,41,0.0747314,233.851,0.6745,False
green2-3.xls,green,sirloin tender steak,2,24,1.0,3,shear,shear,41,0.0812854,114.97,-3.280577167801124,False
green2-4.xls,green,sirloin tender steak,2,24,1.0,4,shear,shear,41,0.07400000000000001,165.81,-1.589170439972378,False
green2-5.xls,green,sirloin tender steak,2,24,1.0,5,shear,shear,41,0.082439,213.577,0.0,False
green2-1.xls,green,sirloin tender steak,2,24,1.0,1,shear,shear,42,0.0769905,226.761,0.29048469604416416,False
green2-2.xls,green,sirloin tender steak,2,24,1.0,2,shear,shear,42,0.0846609,244.19,0.6745,False
green2-3.xls,green,sirloin tender steak,2,24,1.0,3,shear,shear,42,0.0812854,114.97,-2.1726201777022833,False
green2-4.xls,green,sirloin tender steak,2,24,1.0,4,shear,shear,42,0.0842067,177.726,-0.7899094992323522,False
green2-5.xls,green,sirloin tender steak,2,24,1.0,5,shear,shear,42,0.082439,213.577,0.0,False
green2-1.xls,green,sirloin tender steak,2,24,1.0,1,shear,shear,43,0.0850161,238.125,0.5408691078953387,False
green2-2.xls,green,sirloin tender steak,2,24,1.0,2,shear,shear,43,0.0846609,244.19,0.6745,False
green2-3.xls,green,sirloin tender steak,2,24,1.0,3,shear,shear,43,0.0812854,114.97,-2.1726201777022833,False
green2-4.xls,green,sirloin tender steak,2,24,1.0,4,shear,shear,43,0.084207,177.726,-0.7899094992323522,False
green2-5.xls,green,sirloin tender steak,2,24,1.0,5,shear,shear,43,0.082439,213.577,0.0,False
green2-1.xls,green,sirloin tender steak,2,24,1.0,1,shear,shear,44,0.0850161,238.125,0.5408691078953387,False
green2-2.xls,green,sirloin tender steak,2,24,1.0,2,shear,shear,44,0.0846609,244.19,0.6745,False
green2-3.xls,green,sirloin tender steak,2,24,1.0,3,shear,shear,44,0.0812854,114.97,-2.1726201777022833,False
green2-4.xls,green,sirloin tender steak,2,24,1.0,4,shear,shear,44,0.084207,177.726,-0.7899094992323522,False
green2-5.xls,green,sirloin tender steak,2,24,1.0,5,shear,shear,44,0.082439,213.577,0.0,False
green2-1.xls,green,sirloin tender steak,2,24,1.0,1,shear,shear,45,0.085016,238.125,0.5408691078953387,False
green2-2.xls,green,sirloin tender steak,2,24,1.0,2,shear,shear,45,0.0846609,244.19,0.6745,False
green2-3.xls,green,sirloin tender steak,2,24,1.0,3,shear,shear,45,0.0897098,117.984,-2.1062123444288376,False
green2-4.xls,green,sirloin tender steak,2,24,1.0,4,shear,shear,45,0.08420680000000001,177.726,-0.7899094992323522,False
green2-5.xls,green,sirloin tender steak,2,24,1.0,5,shear,shear,45,0.082439,213.577,0.0,False
green2-1.xls,green,sirloin tender steak,2,24,1.0,1,shear,shear,46,0.085016,238.125,0.47137971698113196,False
green2-2.xls,green,sirloin tender steak,2,24,1.0,2,shear,shear,46,0.0846609,244.19,0.6745,False
green2-3.xls,green,sirloin tender steak,2,24,1.0,3,shear,shear,46,0.0897098,117.984,-3.5522103773584934,True
green2-4.xls,green,sirloin tender steak,2,24,1.0,4,shear,shear,46,0.08420680000000001,177.726,-1.5514169811320768,False
green2-5.xls,green,sirloin tender steak,2,24,1.0,5,shear,shear,46,0.0921857,224.05,0.0,False
green2-1.xls,green,sirloin tender steak,2,24,1.0,1,shear,shear,47,0.0930285,248.536,0.5946499243897166,False
green2-2.xls,green,sirloin tender steak,2,24,1.0,2,shear,shear,47,0.0946051,251.824,0.6745,False
green2-3.xls,green,sirloin tender steak,2,24,1.0,3,shear,shear,47,0.0897098,117.984,-2.5758449269100603,False
green2-4.xls,green,sirloin tender steak,2,24,1.0,4,shear,shear,47,0.0944044,187.72,-0.8822850507669046,False
green2-5.xls,green,sirloin tender steak,2,24,1.0,5,shear,shear,47,0.0921857,224.05,0.0,False
green2-1.xls,green,sirloin tender steak,2,24,1.0,1,shear,shear,48,0.0930285,248.536,0.5946499243897166,False
green2-2.xls,green,sirloin tender steak,2,24,1.0,2,shear,shear,48,0.0946051,251.824,0.6745,False
green2-3.xls,green,sirloin tender steak,2,24,1.0,3,shear,shear,48,0.0897098,117.984,-2.5758449269100603,False
green2-4.xls,green,sirloin tender steak,2,24,1.0,4,shear,shear,48,0.0944044,187.72,-0.8822850507669046,False
green2-5.xls,green,sirloin tender steak,2,24,1.0,5,shear,shear,48,0.0921857,224.05,0.0,False
green2-1.xls,green,sirloin tender steak,2,24,1.0,1,shear,shear,49,0.0930285,248.536,0.5946499243897166,False
green2-2.xls,green,sirloin tender steak,2,24,1.0,2,shear,shear,49,0.0946051,251.824,0.6745,False
green2-3.xls,green,sirloin tender steak,2,24,1.0,3,shear,shear,49,0.0980565,120.721,-2.5093760531432276,False
green2-4.xls,green,sirloin tender steak,2,24,1.0,4,shear,shear,49,0.0944045,187.72,-0.8822850507669046,False
green2-5.xls,green,sirloin tender steak,2,24,1.0,5,shear,shear,49,0.0921857,224.05,0.0,False
green2-1.xls,green,sirloin tender steak,2,24,1.0,1,shear,shear,50,0.0930285,248.536,0.5946499243897166,False
green2-2.xls,green,sirloin tender steak,2,24,1.0,2,shear,shear,50,0.0946051,251.824,0.6745,False
green2-3.xls,green,sirloin tender steak,2,24,1.0,3,shear,shear,50,0.0980565,120.721,-2.5093760531432276,False
green2-4.xls,green,sirloin tender steak,2,24,1.0,4,shear,shear,50,0.0944045,187.72,-0.8822850507669046,False
green2-5.xls,green,sirloin tender steak,2,24,1.0,5,shear,shear,50,0.0921857,224.05,0.0,False
green2-1.xls,green,sirloin tender steak,2,24,1.0,1,shear,shear,51,0.101056,257.543,0.6745,False
green2-2.xls,green,sirloin tender steak,2,24,1.0,2,shear,shear,51,0.0946051,251.824,0.53429990186814,False
green2-3.xls,green,sirloin tender steak,2,24,1.0,3,shear,shear,51,0.0980565,120.721,-2.6796629352329715,False
green2-4.xls,green,sirloin tender steak,2,24,1.0,4,shear,shear,51,0.0944045,187.72,-1.0371963545831209,False
green2-5.xls,green,sirloin tender steak,2,24,1.0,5,shear,shear,51,0.101913,230.029,0.0,False
green2-1.xls,green,sirloin tender steak,2,24,1.0,1,shear,shear,52,0.101056,257.543,0.6351195414099928,False
green2-2.xls,green,sirloin tender steak,2,24,1.0,2,shear,shear,52,0.104499,259.249,0.6745,False
green2-3.xls,green,sirloin tender steak,2,24,1.0,3,shear,shear,52,0.0980565,120.721,-2.5232117043121125,False
green2-4.xls,green,sirloin tender steak,2,24,1.0,4,shear,shear,52,0.104605,198.03,-0.7386490588637912,False
green2-5.xls,green,sirloin tender steak,2,24,1.0,5,shear,shear,52,0.101913,230.029,0.0,False
green2-1.xls,green,sirloin tender steak,2,24,1.0,1,shear,shear,53,0.101056,257.543,0.6351195414099928,False
green2-2.xls,green,sirloin tender steak,2,24,1.0,2,shear,shear,53,0.104499,259.249,0.6745,False
green2-3.xls,green,sirloin tender steak,2,24,1.0,3,shear,shear,53,0.106482,125.192,-2.4200053559206003,False
green2-4.xls,green,sirloin tender steak,2,24,1.0,4,shear,shear,53,0.10460599999999999,198.03,-0.7386490588637912,False
green2-5.xls,green,sirloin tender steak,2,24,1.0,5,shear,shear,53,0.101913,230.029,0.0,False
green2-1.xls,green,sirloin tender steak,2,24,1.0,1,shear,shear,54,0.101056,257.543,0.6351195414099928,False
green2-2.xls,green,sirloin tender steak,2,24,1.0,2,shear,shear,54,0.104499,259.249,0.6745,False
green2-3.xls,green,sirloin tender steak,2,24,1.0,3,shear,shear,54,0.106482,125.192,-2.4200053559206003,False
green2-4.xls,green,sirloin tender steak,2,24,1.0,4,shear,shear,54,0.10460599999999999,198.03,-0.7386490588637912,False
green2-5.xls,green,sirloin tender steak,2,24,1.0,5,shear,shear,54,0.101913,230.029,0.0,False
green2-1.xls,green,sirloin tender steak,2,24,1.0,1,shear,shear,55,0.10910500000000001,266.831,0.7757413981686933,False
green2-2.xls,green,sirloin tender steak,2,24,1.0,2,shear,shear,55,0.104499,259.249,0.6159220600643777,False
green2-3.xls,green,sirloin tender steak,2,24,1.0,3,shear,shear,55,0.106482,125.192,-2.209836448014001,False
green2-4.xls,green,sirloin tender steak,2,24,1.0,4,shear,shear,55,0.10460599999999999,198.03,-0.6745,False
green2-5.xls,green,sirloin tender steak,2,24,1.0,5,shear,shear,55,0.101913,230.029,0.0,False
green2-1.xls,green,sirloin tender steak,2,24,1.0,1,shear,shear,56,0.10910500000000001,266.831,0.6745,False
green2-2.xls,green,sirloin tender steak,2,24,1.0,2,shear,shear,56,0.104499,259.249,0.5111063133007445,False
green2-3.xls,green,sirloin tender steak,2,24,1.0,3,shear,shear,56,0.106482,125.192,-2.3778500910572222,False
green2-4.xls,green,sirloin tender steak,2,24,1.0,4,shear,shear,56,0.10460599999999999,198.03,-0.8081759481133584,False
green2-5.xls,green,sirloin tender steak,2,24,1.0,5,shear,shear,56,0.111662,235.532,0.0,False
green2-1.xls,green,sirloin tender steak,2,24,1.0,1,shear,shear,57,0.10910500000000001,266.831,0.6745,False
green2-2.xls,green,sirloin tender steak,2,24,1.0,2,shear,shear,57,0.114438,266.333,0.663767995782613,False
green2-3.xls,green,sirloin tender steak,2,24,1.0,3,shear,shear,57,0.106482,125.192,-2.3778500910572222,False
green2-4.xls,green,sirloin tender steak,2,24,1.0,4,shear,shear,57,0.10460599999999999,198.03,-0.8081759481133584,False
green2-5.xls,green,sirloin tender steak,2,24,1.0,5,shear,shear,57,0.111662,235.532,0.0,False
green2-1.xls,green,sirloin tender steak,2,24,1.0,1,shear,shear,58,0.10910500000000001,266.831,0.685405522547969,False
green2-2.xls,green,sirloin tender steak,2,24,1.0,2,shear,shear,58,0.114438,266.333,0.6745,False
green2-3.xls,green,sirloin tender steak,2,24,1.0,3,shear,shear,58,0.11486700000000001,127.227,-2.371732167786759,False
green2-4.xls,green,sirloin tender steak,2,24,1.0,4,shear,shear,58,0.114839,206.61,-0.6333524560890876,False
green2-5.xls,green,sirloin tender steak,2,24,1.0,5,shear,shear,58,0.111662,235.532,0.0,False
green2-1.xls,green,sirloin tender steak,2,24,1.0,1,shear,shear,59,0.117096,274.033,0.843119525340086,False
green2-2.xls,green,sirloin tender steak,2,24,1.0,2,shear,shear,59,0.114438,266.333,0.6745,False
green2-3.xls,green,sirloin tender steak,2,24,1.0,3,shear,shear,59,0.11486700000000001,127.227,-2.371732167786759,False
green2-4.xls,green,sirloin tender steak,2,24,1.0,4,shear,shear,59,0.114839,206.61,-0.6333524560890876,False
green2-5.xls,green,sirloin tender steak,2,24,1.0,5,shear,shear,59,0.111662,235.532,0.0,False
green2-1.xls,green,sirloin tender steak,2,24,1.0,1,shear,shear,60,0.117096,274.033,0.843119525340086,False
green2-2.xls,green,sirloin tender steak,2,24,1.0,2,shear,shear,60,0.114438,266.333,0.6745,False
green2-3.xls,green,sirloin tender steak,2,24,1.0,3,shear,shear,60,0.11486700000000001,127.227,-2.371732167786759,False
green2-4.xls,green,sirloin tender steak,2,24,1.0,4,shear,shear,60,0.114839,206.61,-0.6333524560890876,False
green2-5.xls,green,sirloin tender steak,2,24,1.0,5,shear,shear,60,0.111662,235.532,0.0,False
green2-1.xls,green,sirloin tender steak,2,24,1.0,1,shear,shear,61,0.117096,274.033,0.6745,False
green2-2.xls,green,sirloin tender steak,2,24,1.0,2,shear,shear,61,0.114438,266.333,0.5163643242091165,False
green2-3.xls,green,sirloin tender steak,2,24,1.0,3,shear,shear,61,0.11486700000000001,127.227,-2.3404696130073366,False
green2-4.xls,green,sirloin tender steak,2,24,1.0,4,shear,shear,61,0.114839,206.61,-0.7101729440063325,False
green2-5.xls,green,sirloin tender steak,2,24,1.0,5,shear,shear,61,0.121403,241.19,0.0,False
green2-1.xls,green,sirloin tender steak,2,24,1.0,1,shear,shear,62,0.117096,274.033,0.6745,False
green2-2.xls,green,sirloin tender steak,2,24,1.0,2,shear,shear,62,0.124367,271.792,0.6284763572146264,False
green2-3.xls,green,sirloin tender steak,2,24,1.0,3,shear,shear,62,0.123224,130.923,-2.2645644886277125,False
green2-4.xls,green,sirloin tender steak,2,24,1.0,4,shear,shear,62,0.114839,206.61,-0.7101729440063325,False
green2-5.xls,green,sirloin tender steak,2,24,1.0,5,shear,shear,62,0.121403,241.19,0.0,False
green2-1.xls,green,sirloin tender steak,2,24,1.0,1,shear,shear,63,0.125137,281.4,0.8862703418077252,False
green2-2.xls,green,sirloin tender steak,2,24,1.0,2,shear,shear,63,0.124367,271.792,0.6745,False
green2-3.xls,green,sirloin tender steak,2,24,1.0,3,shear,shear,63,0.123224,130.923,-2.430399696098296,False
green2-4.xls,green,sirloin tender steak,2,24,1.0,4,shear,shear,63,0.125,214.923,-0.5789520782955366,False
green2-5.xls,green,sirloin tender steak,2,24,1.0,5,shear,shear,63,0.121403,241.19,0.0,False
green2-1.xls,green,sirloin tender steak,2,24,1.0,1,shear,shear,64,0.125137,281.4,0.8862703418077252,False
green2-2.xls,green,sirloin tender steak,2,24,1.0,2,shear,shear,64,0.124367,271.792,0.6745,False
green2-3.xls,green,sirloin tender steak,2,24,1.0,3,shear,shear,64,0.123224,130.923,-2.430399696098296,False
green2-4.xls,green,sirloin tender steak,2,24,1.0,4,shear,shear,64,0.125,214.923,-0.5789520782955366,False
green2-5.xls,green,sirloin tender steak,2,24,1.0,5,shear,shear,64,0.121403,241.19,0.0,False
green2-1.xls,green,sirloin tender steak,2,24,1.0,1,shear,shear,65,0.125137,281.4,0.8862703418077252,False
green2-2.xls,green,sirloin tender steak,2,24,1.0,2,shear,shear,65,0.124367,271.792,0.6745,False
green2-3.xls,green,sirloin tender steak,2,24,1.0,3,shear,shear,65,0.123224,130.923,-2.430399696098296,False
green2-4.xls,green,sirloin tender steak,2,24,1.0,4,shear,shear,65,0.125,214.923,-0.5789520782955366,False
green2-5.xls,green,sirloin tender steak,2,24,1.0,5,shear,shear,65,0.121403,241.19,0.0,False
green2-1.xls,green,sirloin tender steak,2,24,1.0,1,shear,shear,66,0.125137,281.4,0.7641606506882274,False
green2-2.xls,green,sirloin tender steak,2,24,1.0,2,shear,shear,66,0.124367,271.792,0.5562293130554746,False
green2-3.xls,green,sirloin tender steak,2,24,1.0,3,shear,shear,66,0.13165,133.241,-2.4422193505951806,False
green2-4.xls,green,sirloin tender steak,2,24,1.0,4,shear,shear,66,0.125,214.923,-0.6745,False
green2-5.xls,green,sirloin tender steak,2,24,1.0,5,shear,shear,66,0.131207,246.09,0.0,False
green2-1.xls,green,sirloin tender steak,2,24,1.0,1,shear,shear,67,0.133151,288.725,0.9226844900054548,False
green2-2.xls,green,sirloin tender steak,2,24,1.0,2,shear,shear,67,0.134315,275.522,0.6369520325985815,False
green2-3.xls,green,sirloin tender steak,2,24,1.0,3,shear,shear,67,0.13165,133.241,-2.4422193505951806,False
green2-4.xls,green,sirloin tender steak,2,24,1.0,4,shear,shear,67,0.125,214.923,-0.6745,False
green2-5.xls,green,sirloin tender steak,2,24,1.0,5,shear,shear,67,0.131207,246.09,0.0,False
green2-1.xls,green,sirloin tender steak,2,24,1.0,1,shear,shear,68,0.133151,288.725,0.9770762265561302,False
green2-2.xls,green,sirloin tender steak,2,24,1.0,2,shear,shear,68,0.134315,275.522,0.6745,False
green2-3.xls,green,sirloin tender steak,2,24,1.0,3,shear,shear,68,0.13165,133.241,-2.586186820467519,False
green2-4.xls,green,sirloin tender steak,2,24,1.0,4,shear,shear,68,0.135247,222.942,-0.5304881081815712,False
green2-5.xls,green,sirloin tender steak,2,24,1.0,5,shear,shear,68,0.131207,246.09,0.0,False
green2-1.xls,green,sirloin tender steak,2,24,1.0,1,shear,shear,69,0.133151,288.725,0.9770762265561302,False
green2-2.xls,green,sirloin tender steak,2,24,1.0,2,shear,shear,69,0.134315,275.522,0.6745,False
green2-3.xls,green,sirloin tender steak,2,24,1.0,3,shear,shear,69,0.13165,133.241,-2.586186820467519,False
green2-4.xls,green,sirloin tender steak,2,24,1.0,4,shear,shear,69,0.135247,222.942,-0.5304881081815712,False
green2-5.xls,green,sirloin tender steak,2,24,1.0,5,shear,shear,69,0.131207,246.09,0.0,False
green2-1.xls,green,sirloin tender steak,2,24,1.0,1,shear,shear,70,0.133151,288.725,0.9770762265561302,False
green2-2.xls,green,sirloin tender steak,2,24,1.0,2,shear,shear,70,0.134315,275.522,0.6745,False
green2-3.xls,green,sirloin tender steak,2,24,1.0,3,shear,shear,70,0.140019,135.252,-2.5401002650176685,False
green2-4.xls,green,sirloin tender steak,2,24,1.0,4,shear,shear,70,0.135247,222.942,-0.5304881081815712,False
green2-5.xls,green,sirloin tender steak,2,24,1.0,5,shear,shear,70,0.131207,246.09,0.0,False
green2-1.xls,green,sirloin tender steak,2,24,1.0,1,shear,shear,71,0.14121499999999998,295.462,1.0840741506381446,False
green2-2.xls,green,sirloin tender steak,2,24,1.0,2,shear,shear,71,0.134315,275.522,0.600539007729642,False
green2-3.xls,green,sirloin tender steak,2,24,1.0,3,shear,shear,71,0.140019,135.252,-2.8009391515369404,False
green2-4.xls,green,sirloin tender steak,2,24,1.0,4,shear,shear,71,0.135247,222.942,-0.6745,False
green2-5.xls,green,sirloin tender steak,2,24,1.0,5,shear,shear,71,0.140901,250.757,0.0,False
green2-1.xls,green,sirloin tender steak,2,24,1.0,1,shear,shear,72,0.14121499999999998,295.462,0.9935917523395273,False
green2-2.xls,green,sirloin tender steak,2,24,1.0,2,shear,shear,72,0.144237,281.105,0.6745,False
green2-3.xls,green,sirloin tender steak,2,24,1.0,3,shear,shear,72,0.140019,135.252,-2.567158379464873,False
green2-4.xls,green,sirloin tender steak,2,24,1.0,4,shear,shear,72,0.135247,222.942,-0.6182027645973371,False
green2-5.xls,green,sirloin tender steak,2,24,1.0,5,shear,shear,72,0.140901,250.757,0.0,False
green2-1.xls,green,sirloin tender steak,2,24,1.0,1,shear,shear,73,0.14121499999999998,295.462,0.9935917523395273,False
green2-2.xls,green,sirloin tender steak,2,24,1.0,2,shear,shear,73,0.144237,281.105,0.6745,False
green2-3.xls,green,sirloin tender steak,2,24,1.0,3,shear,shear,73,0.140019,135.252,-2.567158379464873,False
green2-4.xls,green,sirloin tender steak,2,24,1.0,4,shear,shear,73,0.14538299999999998,229.684,-0.4683583267431132,False
green2-5.xls,green,sirloin tender steak,2,24,1.0,5,shear,shear,73,0.140901,250.757,0.0,False
green2-1.xls,green,sirloin tender steak,2,24,1.0,1,shear,shear,74,0.14121499999999998,295.462,0.9935917523395273,False
green2-2.xls,green,sirloin tender steak,2,24,1.0,2,shear,shear,74,0.144237,281.105,0.6745,False
green2-3.xls,green,sirloin tender steak,2,24,1.0,3,shear,shear,74,0.148441,138.944,-2.4851017694740998,False
green2-4.xls,green,sirloin tender steak,2,24,1.0,4,shear,shear,74,0.14538299999999998,229.684,-0.4683583267431132,False
green2-5.xls,green,sirloin tender steak,2,24,1.0,5,shear,shear,74,0.140901,250.757,0.0,False
green2-1.xls,green,sirloin tender steak,2,24,1.0,1,shear,shear,75,0.149232,301.678,1.2132044722232997,False
green2-2.xls,green,sirloin tender steak,2,24,1.0,2,shear,shear,75,0.144237,281.105,0.6745,False
green2-3.xls,green,sirloin tender steak,2,24,1.0,3,shear,shear,75,0.148441,138.944,-3.0479890135486616,False
green2-4.xls,green,sirloin tender steak,2,24,1.0,4,shear,shear,75,0.14538299999999998,229.684,-0.6719600527970804,False
green2-5.xls,green,sirloin tender steak,2,24,1.0,5,shear,shear,75,0.150602,255.346,0.0,False
green2-1.xls,green,sirloin tender steak,2,24,1.0,1,shear,shear,76,0.149232,301.678,1.2132044722232997,False
green2-2.xls,green,sirloin tender steak,2,24,1.0,2,shear,shear,76,0.144237,281.105,0.6745,False
green2-3.xls,green,sirloin tender steak,2,24,1.0,3,shear,shear,76,0.148441,138.944,-3.0479890135486616,False
green2-4.xls,green,sirloin tender steak,2,24,1.0,4,shear,shear,76,0.14538299999999998,229.684,-0.6719600527970804,False
green2-5.xls,green,sirloin tender steak,2,24,1.0,5,shear,shear,76,0.150602,255.346,0.0,False
green2-1.xls,green,sirloin tender steak,2,24,1.0,1,shear,shear,77,0.149232,301.678,1.0770241935483862,False
green2-2.xls,green,sirloin tender steak,2,24,1.0,2,shear,shear,77,0.154133,284.362,0.6745,False
green2-3.xls,green,sirloin tender steak,2,24,1.0,3,shear,shear,77,0.148441,138.944,-2.7058570788530454,False
green2-4.xls,green,sirloin tender steak,2,24,1.0,4,shear,shear,77,0.14538299999999998,229.684,-0.5965336021505373,False
green2-5.xls,green,sirloin tender steak,2,24,1.0,5,shear,shear,77,0.150602,255.346,0.0,False
green2-1.xls,green,sirloin tender steak,2,24,1.0,1,shear,shear,78,0.149232,301.678,1.0770241935483862,False
green2-2.xls,green,sirloin tender steak,2,24,1.0,2,shear,shear,78,0.154133,284.362,0.6745,False
green2-3.xls,green,sirloin tender steak,2,24,1.0,3,shear,shear,78,0.156815,142.587,-2.6211726461262734,False
green2-4.xls,green,sirloin tender steak,2,24,1.0,4,shear,shear,78,0.155586,236.826,-0.43051213123793763,False
green2-5.xls,green,sirloin tender steak,2,24,1.0,5,shear,shear,78,0.150602,255.346,0.0,False
green2-1.xls,green,sirloin tender steak,2,24,1.0,1,shear,shear,79,0.157255,307.395,1.2099204059829047,False
green2-2.xls,green,sirloin tender steak,2,24,1.0,2,shear,shear,79,0.154132,284.362,0.6745,False
green2-3.xls,green,sirloin tender steak,2,24,1.0,3,shear,shear,79,0.156815,142.587,-2.6211726461262734,False
green2-4.xls,green,sirloin tender steak,2,24,1.0,4,shear,shear,79,0.155586,236.826,-0.43051213123793763,False
green2-5.xls,green,sirloin tender steak,2,24,1.0,5,shear,shear,79,0.150602,255.346,0.0,False
green2-1.xls,green,sirloin tender steak,2,24,1.0,1,shear,shear,80,0.157255,307.395,1.3203700631911512,False
green2-2.xls,green,sirloin tender steak,2,24,1.0,2,shear,shear,80,0.154132,284.362,0.6745,False
green2-3.xls,green,sirloin tender steak,2,24,1.0,3,shear,shear,80,0.156815,142.587,-3.301023301737753,False
green2-4.xls,green,sirloin tender steak,2,24,1.0,4,shear,shear,80,0.155586,236.826,-0.6584605055292251,False
green2-5.xls,green,sirloin tender steak,2,24,1.0,5,shear,shear,80,0.16033899999999998,260.308,0.0,False
green2-1.xls,green,sirloin tender steak,2,24,1.0,1,shear,shear,81,0.157255,307.395,1.3203700631911512,False
green2-2.xls,green,sirloin tender steak,2,24,1.0,2,shear,shear,81,0.154133,284.362,0.6745,False
green2-3.xls,green,sirloin tender steak,2,24,1.0,3,shear,shear,81,0.156815,142.587,-3.301023301737753,False
green2-4.xls,green,sirloin tender steak,2,24,1.0,4,shear,shear,81,0.155586,236.826,-0.6584605055292251,False
green2-5.xls,green,sirloin tender steak,2,24,1.0,5,shear,shear,81,0.16033899999999998,260.308,0.0,False
green2-1.xls,green,sirloin tender steak,2,24,1.0,1,shear,shear,82,0.157255,307.395,1.3525330678817815,False
green2-2.xls,green,sirloin tender steak,2,24,1.0,2,shear,shear,82,0.164021,281.718,0.6149836044629937,False
green2-3.xls,green,sirloin tender steak,2,24,1.0,3,shear,shear,82,0.156815,142.587,-3.3814332041563753,False
green2-4.xls,green,sirloin tender steak,2,24,1.0,4,shear,shear,82,0.155586,236.826,-0.6745,False
green2-5.xls,green,sirloin tender steak,2,24,1.0,5,shear,shear,82,0.16033899999999998,260.308,0.0,False
green2-1.xls,green,sirloin tender steak,2,24,1.0,1,shear,shear,83,0.16523900000000002,312.7,1.6505560018682839,False
green2-2.xls,green,sirloin tender steak,2,24,1.0,2,shear,shear,83,0.164021,281.718,0.6745,False
green2-3.xls,green,sirloin tender steak,2,24,1.0,3,shear,shear,83,0.165201,143.293,-3.6864370621204996,True
green2-4.xls,green,sirloin tender steak,2,24,1.0,4,shear,shear,83,0.16578199999999998,241.776,-0.5838315740308254,False
green2-5.xls,green,sirloin tender steak,2,24,1.0,5,shear,shear,83,0.16033899999999998,260.308,0.0,False
green2-1.xls,green,sirloin tender steak,2,24,1.0,1,shear,shear,84,0.16523900000000002,312.7,1.6505560018682839,False
green2-2.xls,green,sirloin tender steak,2,24,1.0,2,shear,shear,84,0.164021,281.718,0.6745,False
green2-3.xls,green,sirloin tender steak,2,24,1.0,3,shear,shear,84,0.165201,143.293,-3.6864370621204996,True
green2-4.xls,green,sirloin tender steak,2,24,1.0,4,shear,shear,84,0.16578199999999998,241.776,-0.5838315740308254,False
green2-5.xls,green,sirloin tender steak,2,24,1.0,5,shear,shear,84,0.16033899999999998,260.308,0.0,False
green2-1.xls,green,sirloin tender steak,2,24,1.0,1,shear,shear,85,0.16523900000000002,312.7,1.4045194697957413,False
green2-2.xls,green,sirloin tender steak,2,24,1.0,2,shear,shear,85,0.164021,281.718,0.49633350717079594,False
green2-3.xls,green,sirloin tender steak,2,24,1.0,3,shear,shear,85,0.165201,143.293,-3.5613658626684064,True
green2-4.xls,green,sirloin tender steak,2,24,1.0,4,shear,shear,85,0.16578199999999998,241.776,-0.6745,False
green2-5.xls,green,sirloin tender steak,2,24,1.0,5,shear,shear,85,0.17011700000000002,264.786,0.0,False
green2-1.xls,green,sirloin tender steak,2,24,1.0,1,shear,shear,86,0.16523900000000002,312.7,1.4045194697957413,False
green2-2.xls,green,sirloin tender steak,2,24,1.0,2,shear,shear,86,0.164021,281.718,0.49633350717079594,False
green2-3.xls,green,sirloin tender steak,2,24,1.0,3,shear,shear,86,0.165201,143.293,-3.5613658626684064,True
green2-4.xls,green,sirloin tender steak,2,24,1.0,4,shear,shear,86,0.16578199999999998,241.776,-0.6745,False
green2-5.xls,green,sirloin tender steak,2,24,1.0,5,shear,shear,86,0.17011700000000002,264.786,0.0,False
green2-1.xls,green,sirloin tender steak,2,24,1.0,1,shear,shear,87,0.173246,317.659,1.54988433289874,False
green2-2.xls,green,sirloin tender steak,2,24,1.0,2,shear,shear,87,0.17396799999999998,283.57,0.5506218166014776,False
green2-3.xls,green,sirloin tender steak,2,24,1.0,3,shear,shear,87,0.173595,146.678,-3.4621401999130827,False
green2-4.xls,green,sirloin tender steak,2,24,1.0,4,shear,shear,87,0.16578199999999998,241.776,-0.6745,False
green2-5.xls,green,sirloin tender steak,2,24,1.0,5,shear,shear,87,0.17011700000000002,264.786,0.0,False
green2-1.xls,green,sirloin tender steak,2,24,1.0,1,shear,shear,88,0.173246,317.659,1.8985753034497448,False
green2-2.xls,green,sirloin tender steak,2,24,1.0,2,shear,shear,88,0.17396799999999998,283.57,0.6745,False
green2-3.xls,green,sirloin tender steak,2,24,1.0,3,shear,shear,88,0.173595,146.678,-4.241048019591144,True
green2-4.xls,green,sirloin tender steak,2,24,1.0,4,shear,shear,88,0.175978,246.344,-0.6622193888415678,False
green2-5.xls,green,sirloin tender steak,2,24,1.0,5,shear,shear,88,0.17011700000000002,264.786,0.0,False
green2-1.xls,green,sirloin tender steak,2,24,1.0,1,shear,shear,89,0.173246,317.659,1.8985753034497448,False
green2-2.xls,green,sirloin tender steak,2,24,1.0,2,shear,shear,89,0.17396899999999998,283.57,0.6745,False
green2-3.xls,green,sirloin tender steak,2,24,1.0,3,shear,shear,89,0.173595,146.678,-4.241048019591144,True
green2-4.xls,green,sirloin tender steak,2,24,1.0,4,shear,shear,89,0.175978,246.344,-0.6622193888415678,False
green2-5.xls,green,sirloin tender steak,2,24,1.0,5,shear,shear,89,0.17011700000000002,264.786,0.0,False
green2-1.xls,green,sirloin tender steak,2,24,1.0,1,shear,shear,90,0.173246,317.659,1.353835125448026,False
green2-2.xls,green,sirloin tender steak,2,24,1.0,2,shear,shear,90,0.17396899999999998,283.57,0.3842787054606775,False
green2-3.xls,green,sirloin tender steak,2,24,1.0,3,shear,shear,90,0.173595,146.678,-3.5091918406072065,True
green2-4.xls,green,sirloin tender steak,2,24,1.0,4,shear,shear,90,0.175978,246.344,-0.6745,False
green2-5.xls,green,sirloin tender steak,2,24,1.0,5,shear,shear,90,0.179825,270.059,0.0,False
green2-1.xls,green,sirloin tender steak,2,24,1.0,1,shear,shear,91,0.181279,322.561,1.493257389837652,False
green2-2.xls,green,sirloin tender steak,2,24,1.0,2,shear,shear,91,0.17396899999999998,283.57,0.3842787054606775,False
green2-3.xls,green,sirloin tender steak,2,24,1.0,3,shear,shear,91,0.18199500000000002,148.253,-3.4643958254269416,False
green2-4.xls,green,sirloin tender steak,2,24,1.0,4,shear,shear,91,0.175978,246.344,-0.6745,False
green2-5.xls,green,sirloin tender steak,2,24,1.0,5,shear,shear,91,0.179825,270.059,0.0,False
green2-1.xls,green,sirloin tender steak,2,24,1.0,1,shear,shear,92,0.181279,322.561,1.493257389837652,False
green2-2.xls,green,sirloin tender steak,2,24,1.0,2,shear,shear,92,0.183859,283.907,0.39386363061353397,False
green2-3.xls,green,sirloin tender steak,2,24,1.0,3,shear,shear,92,0.18199500000000002,148.253,-3.4643958254269416,False
green2-4.xls,green,sirloin tender steak,2,24,1.0,4,shear,shear,92,0.175978,246.344,-0.6745,False
green2-5.xls,green,sirloin tender steak,2,24,1.0,5,shear,shear,92,0.179825,270.059,0.0,False
green2-1.xls,green,sirloin tender steak,2,24,1.0,1,shear,shear,93,0.181279,322.561,1.940522713573342,False
green2-2.xls,green,sirloin tender steak,2,24,1.0,2,shear,shear,93,0.183858,283.907,0.511834949860264,False
green2-3.xls,green,sirloin tender steak,2,24,1.0,3,shear,shear,93,0.18199500000000002,148.253,-4.502062962354097,True
green2-4.xls,green,sirloin tender steak,2,24,1.0,4,shear,shear,93,0.18618200000000001,251.81,-0.6745,False
green2-5.xls,green,sirloin tender steak,2,24,1.0,5,shear,shear,93,0.179825,270.059,0.0,False
green2-1.xls,green,sirloin tender steak,2,24,1.0,1,shear,shear,94,0.181279,322.561,1.940522713573342,False
green2-2.xls,green,sirloin tender steak,2,24,1.0,2,shear,shear,94,0.183858,283.907,0.511834949860264,False
green2-3.xls,green,sirloin tender steak,2,24,1.0,3,shear,shear,94,0.18199500000000002,148.253,-4.502062962354097,True
green2-4.xls,green,sirloin tender steak,2,24,1.0,4,shear,shear,94,0.18618200000000001,251.81,-0.6745,False
green2-5.xls,green,sirloin tender steak,2,24,1.0,5,shear,shear,94,0.179825,270.059,0.0,False
green2-1.xls,green,sirloin tender steak,2,24,1.0,1,shear,shear,95,0.18936399999999998,326.898,1.740014492753624,False
green2-2.xls,green,sirloin tender steak,2,24,1.0,2,shear,shear,95,0.183858,283.907,0.3576046195652168,False
green2-3.xls,green,sirloin tender steak,2,24,1.0,3,shear,shear,95,0.19036799999999998,151.866,-3.888278985507246,True
green2-4.xls,green,sirloin tender steak,2,24,1.0,4,shear,shear,95,0.18618200000000001,251.81,-0.6745,False
green2-5.xls,green,sirloin tender steak,2,24,1.0,5,shear,shear,95,0.189612,272.786,0.0,False
green2-1.xls,green,sirloin tender steak,2,24,1.0,1,shear,shear,96,0.18936399999999998,326.898,1.740014492753624,False
green2-2.xls,green,sirloin tender steak,2,24,1.0,2,shear,shear,96,0.183858,283.907,0.3576046195652168,False
green2-3.xls,green,sirloin tender steak,2,24,1.0,3,shear,shear,96,0.19036799999999998,151.866,-3.888278985507246,True
green2-4.xls,green,sirloin tender steak,2,24,1.0,4,shear,shear,96,0.18618200000000001,251.81,-0.6745,False
green2-5.xls,green,sirloin tender steak,2,24,1.0,5,shear,shear,96,0.189612,272.786,0.0,False
green2-1.xls,green,sirloin tender steak,2,24,1.0,1,shear,shear,97,0.18936399999999998,326.898,1.740014492753624,False
green2-2.xls,green,sirloin tender steak,2,24,1.0,2,shear,shear,97,0.193804,287.001,0.4570946557971007,False
green2-3.xls,green,sirloin tender steak,2,24,1.0,3,shear,shear,97,0.19036799999999998,151.866,-3.888278985507246,True
green2-4.xls,green,sirloin tender steak,2,24,1.0,4,shear,shear,97,0.18618200000000001,251.81,-0.6745,False
green2-5.xls,green,sirloin tender steak,2,24,1.0,5,shear,shear,97,0.189612,272.786,0.0,False
green2-1.xls,green,sirloin tender steak,2,24,1.0,1,shear,shear,98,0.18936399999999998,326.898,2.247032198485503,False
green2-2.xls,green,sirloin tender steak,2,24,1.0,2,shear,shear,98,0.193804,287.001,0.5902861232530928,False
green2-3.xls,green,sirloin tender steak,2,24,1.0,3,shear,shear,98,0.19036799999999998,151.866,-5.021273163824418,True
green2-4.xls,green,sirloin tender steak,2,24,1.0,4,shear,shear,98,0.196404,256.543,-0.6745,False
green2-5.xls,green,sirloin tender steak,2,24,1.0,5,shear,shear,98,0.189612,272.786,0.0,False
green2-1.xls,green,sirloin tender steak,2,24,1.0,1,shear,shear,99,0.197382,330.417,2.3931607153850885,False
green2-2.xls,green,sirloin tender steak,2,24,1.0,2,shear,shear,99,0.193804,287.001,0.5902861232530928,False
green2-3.xls,green,sirloin tender steak,2,24,1.0,3,shear,shear,99,0.19036799999999998,151.866,-5.021273163824418,True
green2-4.xls,green,sirloin tender steak,2,24,1.0,4,shear,shear,99,0.196404,256.543,-0.6745,False
green2-5.xls,green,sirloin tender steak,2,24,1.0,5,shear,shear,99,0.189612,272.786,0.0,False
green2-1.xls,green,sirloin tender steak,2,24,1.0,1,uniaxial,compression,0,0.9782461,501.356,-1.8120437242335001,False
green2-2.xls,green,sirloin tender steak,2,24,1.0,2,uniaxial,compression,0,0.9782727,1033.41,0.6745,False
green2-3.xls,green,sirloin tender steak,2,24,1.0,3,uniaxial,compression,0,0.9784923,975.071,0.40185385068421947,False
green2-4.xls,green,sirloin tender steak,2,24,1.0,4,uniaxial,compression,0,0.9780093,550.392,-1.5828749592932612,False
green2-5.xls,green,sirloin tender steak,2,24,1.0,5,uniaxial,compression,0,0.9778393,889.085,0.0,False
green2-1.xls,green,sirloin tender steak,2,24,1.0,1,uniaxial,compression,1,0.9582774000000001,699.12,-1.6617764238680337,False
green2-2.xls,green,sirloin tender steak,2,24,1.0,2,uniaxial,compression,1,0.9582546,1209.36,0.6745,False
green2-3.xls,green,sirloin tender steak,2,24,1.0,3,uniaxial,compression,1,0.957977,1062.05,0.0,False
green2-4.xls,green,sirloin tender steak,2,24,1.0,4,uniaxial,compression,1,0.9576542,700.902,-1.653617038897563,False
green2-5.xls,green,sirloin tender steak,2,24,1.0,5,uniaxial,compression,1,0.9583571,1096.26,0.1566400448034759,False
green2-1.xls,green,sirloin tender steak,2,24,1.0,1,uniaxial,compression,2,0.9378039,813.63,-1.0215555319058371,False
green2-2.xls,green,sirloin tender steak,2,24,1.0,2,uniaxial,compression,2,0.9379455,1404.32,0.6745,False
green2-3.xls,green,sirloin tender steak,2,24,1.0,3,uniaxial,compression,2,0.9376846,1169.41,0.0,False
green2-4.xls,green,sirloin tender steak,2,24,1.0,4,uniaxial,compression,2,0.9380374,777.432,-1.1254912987952843,False
green2-5.xls,green,sirloin tender steak,2,24,1.0,5,uniaxial,compression,2,0.9379911,1302.68,0.38265980588310433,False
green2-1.xls,green,sirloin tender steak,2,24,1.0,1,uniaxial,compression,3,0.9179136999999999,946.642,-0.9135915685131192,False
green2-2.xls,green,sirloin tender steak,2,24,1.0,2,uniaxial,compression,3,0.9178727,1552.33,0.6745,False
green2-3.xls,green,sirloin tender steak,2,24,1.0,3,uniaxial,compression,3,0.9176384,1295.08,0.0,False
green2-4.xls,green,sirloin tender steak,2,24,1.0,4,uniaxial,compression,3,0.9176103,907.844,-1.0153184917395526,False
green2-5.xls,green,sirloin tender steak,2,24,1.0,5,uniaxial,compression,3,0.9179197,1402.48,0.2815988338192422,False
green2-1.xls,green,sirloin tender steak,2,24,1.0,1,uniaxial,compression,4,0.897739,1051.72,-0.7463873424835827,False
green2-2.xls,green,sirloin tender steak,2,24,1.0,2,uniaxial,compression,4,0.897439,1763.87,0.6745,False
green2-3.xls,green,sirloin tender steak,2,24,1.0,3,uniaxial,compression,4,0.897585,1425.81,0.0,False
green2-4.xls,green,sirloin tender steak,2,24,1.0,4,uniaxial,compression,4,0.897696,1013.57,-0.8225045258238183,False
green2-5.xls,green,sirloin tender steak,2,24,1.0,5,uniaxial,compression,4,0.897857,1527.52,0.20293260072176547,False
green2-1.xls,green,sirloin tender steak,2,24,1.0,1,uniaxial,compression,5,0.8774919999999999,1231.08,-0.6745,False
green2-2.xls,green,sirloin tender steak,2,24,1.0,2,uniaxial,compression,5,0.877557,1904.46,1.1021969566577996,False
green2-3.xls,green,sirloin tender steak,2,24,1.0,3,uniaxial,compression,5,0.8776619999999999,1486.72,0.0,False
green2-4.xls,green,sirloin tender steak,2,24,1.0,4,uniaxial,compression,5,0.877586,1183.68,-0.7995637615396647,False
green2-5.xls,green,sirloin tender steak,2,24,1.0,5,uniaxial,compression,5,0.877488,1582.09,0.2516314543889841,False
green2-1.xls,green,sirloin tender steak,2,24,1.0,1,uniaxial,compression,6,0.857369,1430.28,-0.6745,False
green2-2.xls,green,sirloin tender steak,2,24,1.0,2,uniaxial,compression,6,0.857506,2087.04,2.5193328767123275,False
green2-3.xls,green,sirloin tender steak,2,24,1.0,3,uniaxial,compression,6,0.857638,1568.98,0.0,False
green2-4.xls,green,sirloin tender steak,2,24,1.0,4,uniaxial,compression,6,0.857307,1313.27,-1.243521232876712,False
green2-5.xls,green,sirloin tender steak,2,24,1.0,5,uniaxial,compression,6,0.857571,1705.07,0.6618075342465747,False
green2-1.xls,green,sirloin tender steak,2,24,1.0,1,uniaxial,compression,7,0.83742,1562.08,-0.3324321428571439,False
green2-2.xls,green,sirloin tender steak,2,24,1.0,2,uniaxial,compression,7,0.837445,2209.71,6.035300145772582,True
green2-3.xls,green,sirloin tender steak,2,24,1.0,3,uniaxial,compression,7,0.837231,1595.89,0.0,False
green2-4.xls,green,sirloin tender steak,2,24,1.0,4,uniaxial,compression,7,0.8372459999999999,1527.29,-0.6745,False
green2-5.xls,green,sirloin tender steak,2,24,1.0,5,uniaxial,compression,7,0.837508,1771.36,1.7252844752186536,False
green2-1.xls,green,sirloin tender steak,2,24,1.0,1,uniaxial,compression,8,0.8170729999999999,1805.61,0.0,False
green2-2.xls,green,sirloin tender steak,2,24,1.0,2,uniaxial,compression,8,0.8175250000000001,2425.8,3.2001082848837217,False
green2-3.xls,green,sirloin tender steak,2,24,1.0,3,uniaxial,compression,8,0.817315,1633.64,-0.8873452034883709,False
green2-4.xls,green,sirloin tender steak,2,24,1.0,4,uniaxial,compression,8,0.8172200000000001,1698.42,-0.5530879360465106,False
green2-5.xls,green,sirloin tender steak,2,24,1.0,5,uniaxial,compression,8,0.817051,1936.33,0.6745,False
green2-1.xls,green,sirloin tender steak,2,24,1.0,1,uniaxial,tension,0,1.0265159,848.157,0.1768322255271778,False
green2-2.xls,green,sirloin tender steak,2,24,1.0,2,uniaxial,tension,0,1.0263709,832.38,0.0,False
green2-3.xls,green,sirloin tender steak,2,24,1.0,3,uniaxial,tension,0,1.0263768,549.23,-3.173609980225661,False
green2-4.xls,green,sirloin tender steak,2,24,1.0,4,uniaxial,tension,0,1.0263638,600.929,-2.594155760315062,False
green2-5.xls,green,sirloin tender steak,2,24,1.0,5,uniaxial,tension,0,1.0263821,892.559,0.6745,False
green2-1.xls,green,sirloin tender steak,2,24,1.0,1,uniaxial,tension,1,1.0521199,237.75,0.0,False
green2-2.xls,green,sirloin tender steak,2,24,1.0,2,uniaxial,tension,1,1.0518076,146.889,-2.4578201122919587,False
green2-3.xls,green,sirloin tender steak,2,24,1.0,3,uniaxial,tension,1,1.051782,77.6145,-4.3317182574694195,True
green2-4.xls,green,sirloin tender steak,2,24,1.0,4,uniaxial,tension,1,1.0519971,248.906,0.3017734910767998,False
green2-5.xls,green,sirloin tender steak,2,24,1.0,5,uniaxial,tension,1,1.0520008,262.685,0.6745,False
green2-1.xls,green,sirloin tender steak,2,24,1.0,1,uniaxial,tension,2,1.0769787,69.9721,0.4389483708085643,False
green2-2.xls,green,sirloin tender steak,2,24,1.0,2,uniaxial,tension,2,1.0769646,-49.7357,-1.0212909504234613,False
green2-3.xls,green,sirloin tender steak,2,24,1.0,3,uniaxial,tension,2,1.0768313,-72.7983,-1.3026169406249832,False
green2-4.xls,green,sirloin tender steak,2,24,1.0,4,uniaxial,tension,2,1.0769303,33.9879,0.0,False
green2-5.xls,green,sirloin tender steak,2,24,1.0,5,uniaxial,tension,2,1.0770458,89.2822,0.6745,False
green2-1.xls,green,sirloin tender steak,2,24,1.0,1,uniaxial,tension,3,1.102146,-67.2269,0.0,False
green2-2.xls,green,sirloin tender steak,2,24,1.0,2,uniaxial,tension,3,1.102413,-198.797,-3.0011915091851087,False
green2-3.xls,green,sirloin tender steak,2,24,1.0,3,uniaxial,tension,3,1.102458,-199.895,-3.0262375361858123,False
green2-4.xls,green,sirloin tender steak,2,24,1.0,4,uniaxial,tension,3,1.102394,-37.6573,0.6745,False
green2-5.xls,green,sirloin tender steak,2,24,1.0,5,uniaxial,tension,3,1.10195,-64.9231,0.05255103552296943,False
green3-1.xls,green,sirloin tender steak,3,48,2.0,1,shear,shear,0,0.00420052,28.4801,0.6174086939630417,False
green3-2.xls,green,sirloin tender steak,3,48,2.0,2,shear,shear,0,0.00231932,9.34889,-1.562247592142157,False
green3-3.xls,green,sirloin tender steak,3,48,2.0,3,shear,shear,0,-0.000697768,23.061,0.0,False
green3-4.xls,green,sirloin tender steak,3,48,2.0,4,shear,shear,0,0.00037099100000000004,17.1408,-0.6745,False
green3-5.xls,green,sirloin tender steak,3,48,2.0,5,shear,shear,0,0.00100193,31.3759,0.9473328688219992,False
green3-1.xls,green,sirloin tender steak,3,48,2.0,1,shear,shear,1,0.00419867,28.4801,0.0,False
green3-2.xls,green,sirloin tender steak,3,48,2.0,2,shear,shear,1,0.00231932,9.34889,-1.1379892184702758,False
green3-3.xls,green,sirloin tender steak,3,48,2.0,3,shear,shear,1,0.00128604,45.981,1.0410128535271135,False
green3-4.xls,green,sirloin tender steak,3,48,2.0,4,shear,shear,1,0.00037099100000000004,17.1408,-0.6745,False
green3-5.xls,green,sirloin tender steak,3,48,2.0,5,shear,shear,1,0.00100135,31.3759,0.17225199968252014,False
green3-1.xls,green,sirloin tender steak,3,48,2.0,1,shear,shear,2,0.00375076,40.9496,0.4536294546578524,False
green3-2.xls,green,sirloin tender steak,3,48,2.0,2,shear,shear,2,0.0023193,9.34889,-1.0437031172945745,False
green3-3.xls,green,sirloin tender steak,3,48,2.0,3,shear,shear,2,0.00128604,45.981,0.6920316646879895,False
green3-4.xls,green,sirloin tender steak,3,48,2.0,4,shear,shear,2,0.00037099100000000004,17.1408,-0.6745,False
green3-5.xls,green,sirloin tender steak,3,48,2.0,5,shear,shear,2,0.00100135,31.3759,0.0,False
green3-1.xls,green,sirloin tender steak,3,48,2.0,1,shear,shear,3,0.00375073,40.9496,0.6745,False
green3-2.xls,green,sirloin tender steak,3,48,2.0,2,shear,shear,3,0.0056684000000000005,26.3998,-0.3505833115723287,False
green3-3.xls,green,sirloin tender steak,3,48,2.0,3,shear,shear,3,0.00128604,45.981,1.0289793862352075,False
green3-4.xls,green,sirloin tender steak,3,48,2.0,4,shear,shear,3,0.00037099100000000004,17.1408,-1.0029116172430728,False
green3-5.xls,green,sirloin tender steak,3,48,2.0,5,shear,shear,3,0.00100134,31.3759,0.0,False
green3-1.xls,green,sirloin tender steak,3,48,2.0,1,shear,shear,4,0.00375073,40.9496,0.6745,False
green3-2.xls,green,sirloin tender steak,3,48,2.0,2,shear,shear,4,0.0056684000000000005,26.3998,-0.3505833115723287,False
green3-3.xls,green,sirloin tender steak,3,48,2.0,3,shear,shear,4,0.00128604,45.981,1.0289793862352075,False
green3-4.xls,green,sirloin tender steak,3,48,2.0,4,shear,shear,4,0.000370988,17.1408,-1.0029116172430728,False
green3-5.xls,green,sirloin tender steak,3,48,2.0,5,shear,shear,4,0.00100134,31.3759,0.0,False
green3-1.xls,green,sirloin tender steak,3,48,2.0,1,shear,shear,5,0.00375073,40.9496,0.0,False
green3-2.xls,green,sirloin tender steak,3,48,2.0,2,shear,shear,5,0.0056684000000000005,26.3998,-0.39482145845737915,False
green3-3.xls,green,sirloin tender steak,3,48,2.0,3,shear,shear,5,0.0105527,77.0685,0.980117718173187,False
green3-4.xls,green,sirloin tender steak,3,48,2.0,4,shear,shear,5,0.010822499999999999,16.0932,-0.6745,False
green3-5.xls,green,sirloin tender steak,3,48,2.0,5,shear,shear,5,0.00986764,93.7551,1.432923100288055,False
green3-1.xls,green,sirloin tender steak,3,48,2.0,1,shear,shear,6,0.012224500000000001,37.5649,0.0,False
green3-2.xls,green,sirloin tender steak,3,48,2.0,2,shear,shear,6,0.0056684000000000005,26.3998,-0.35073421992669424,False
green3-3.xls,green,sirloin tender steak,3,48,2.0,3,shear,shear,6,0.0105527,77.0685,1.2409440426235463,False
green3-4.xls,green,sirloin tender steak,3,48,2.0,4,shear,shear,6,0.010822499999999999,16.0932,-0.6745,False
green3-5.xls,green,sirloin tender steak,3,48,2.0,5,shear,shear,6,0.00986764,93.7551,1.7651275818868555,False
green3-1.xls,green,sirloin tender steak,3,48,2.0,1,shear,shear,7,0.012224500000000001,37.5649,-0.13119509052167191,False
green3-2.xls,green,sirloin tender steak,3,48,2.0,2,shear,shear,7,0.013705199999999999,42.7498,0.0,False
green3-3.xls,green,sirloin tender steak,3,48,2.0,3,shear,shear,7,0.0105526,77.0685,0.8683764302274107,False
green3-4.xls,green,sirloin tender steak,3,48,2.0,4,shear,shear,7,0.010822499999999999,16.0932,-0.6745000000000001,False
green3-5.xls,green,sirloin tender steak,3,48,2.0,5,shear,shear,7,0.00986762,93.7551,1.290602509322269,False
green3-1.xls,green,sirloin tender steak,3,48,2.0,1,shear,shear,8,0.012224500000000001,37.5649,-0.13119509052167191,False
green3-2.xls,green,sirloin tender steak,3,48,2.0,2,shear,shear,8,0.013705199999999999,42.7498,0.0,False
green3-3.xls,green,sirloin tender steak,3,48,2.0,3,shear,shear,8,0.0105526,77.0685,0.8683764302274107,False
green3-4.xls,green,sirloin tender steak,3,48,2.0,4,shear,shear,8,0.010822499999999999,16.0932,-0.6745000000000001,False
green3-5.xls,green,sirloin tender steak,3,48,2.0,5,shear,shear,8,0.00986762,93.7551,1.290602509322269,False
green3-1.xls,green,sirloin tender steak,3,48,2.0,1,shear,shear,9,0.012224500000000001,37.5649,-0.13119509052167191,False
green3-2.xls,green,sirloin tender steak,3,48,2.0,2,shear,shear,9,0.013705199999999999,42.7498,0.0,False
green3-3.xls,green,sirloin tender steak,3,48,2.0,3,shear,shear,9,0.0105526,77.0685,0.8683764302274107,False
green3-4.xls,green,sirloin tender steak,3,48,2.0,4,shear,shear,9,0.010822499999999999,16.0932,-0.6745000000000001,False
green3-5.xls,green,sirloin tender steak,3,48,2.0,5,shear,shear,9,0.009867599999999999,93.7551,1.290602509322269,False
green3-1.xls,green,sirloin tender steak,3,48,2.0,1,shear,shear,10,0.0206495,73.037,0.0,False
green3-2.xls,green,sirloin tender steak,3,48,2.0,2,shear,shear,10,0.013705199999999999,42.7498,-0.6745,False
green3-3.xls,green,sirloin tender steak,3,48,2.0,3,shear,shear,10,0.018950599999999998,163.188,2.0076748428378974,False
green3-4.xls,green,sirloin tender steak,3,48,2.0,4,shear,shear,10,0.020009299999999997,55.3539,-0.3938050050846562,False
green3-5.xls,green,sirloin tender steak,3,48,2.0,5,shear,shear,10,0.0203132,197.2,2.7651266376555106,False
green3-1.xls,green,sirloin tender steak,3,48,2.0,1,shear,shear,11,0.0206495,73.037,-0.0649404890887718,False
green3-2.xls,green,sirloin tender steak,3,48,2.0,2,shear,shear,11,0.0217814,74.9209,0.0,False
green3-3.xls,green,sirloin tender steak,3,48,2.0,3,shear,shear,11,0.018950599999999998,163.188,3.042682013083252,False
green3-4.xls,green,sirloin tender steak,3,48,2.0,4,shear,shear,11,0.020009299999999997,55.3539,-0.6745,False
green3-5.xls,green,sirloin tender steak,3,48,2.0,5,shear,shear,11,0.0203132,197.2,4.215119995400419,True
green3-1.xls,green,sirloin tender steak,3,48,2.0,1,shear,shear,12,0.0206495,73.037,-0.0649404890887718,False
green3-2.xls,green,sirloin tender steak,3,48,2.0,2,shear,shear,12,0.0217814,74.9209,0.0,False
green3-3.xls,green,sirloin tender steak,3,48,2.0,3,shear,shear,12,0.018950599999999998,163.188,3.042682013083252,False
green3-4.xls,green,sirloin tender steak,3,48,2.0,4,shear,shear,12,0.020009299999999997,55.3539,-0.6745,False
green3-5.xls,green,sirloin tender steak,3,48,2.0,5,shear,shear,12,0.0203132,197.2,4.215119995400419,True
green3-1.xls,green,sirloin tender steak,3,48,2.0,1,shear,shear,13,0.0206495,73.037,-0.0649404890887718,False
green3-2.xls,green,sirloin tender steak,3,48,2.0,2,shear,shear,13,0.0217814,74.9209,0.0,False
green3-3.xls,green,sirloin tender steak,3,48,2.0,3,shear,shear,13,0.018950599999999998,163.188,3.042682013083252,False
green3-4.xls,green,sirloin tender steak,3,48,2.0,4,shear,shear,13,0.020009299999999997,55.3539,-0.6745,False
green3-5.xls,green,sirloin tender steak,3,48,2.0,5,shear,shear,13,0.0203132,197.2,4.215119995400419,True
green3-1.xls,green,sirloin tender steak,3,48,2.0,1,shear,shear,14,0.0206495,73.037,-0.0649404890887718,False
green3-2.xls,green,sirloin tender steak,3,48,2.0,2,shear,shear,14,0.0217814,74.9209,0.0,False
green3-3.xls,green,sirloin tender steak,3,48,2.0,3,shear,shear,14,0.0273017,208.153,4.592684185107579,True
green3-4.xls,green,sirloin tender steak,3,48,2.0,4,shear,shear,14,0.020009299999999997,55.3539,-0.6745,False
green3-5.xls,green,sirloin tender steak,3,48,2.0,5,shear,shear,14,0.0203132,197.2,4.215119995400419,True
green3-1.xls,green,sirloin tender steak,3,48,2.0,1,shear,shear,15,0.0291107,86.4675,-0.16012341496008395,False
green3-2.xls,green,sirloin tender steak,3,48,2.0,2,shear,shear,15,0.0298251,91.2284,0.0,False
green3-3.xls,green,sirloin tender steak,3,48,2.0,3,shear,shear,15,0.0273017,208.153,3.9325266745451195,True
green3-4.xls,green,sirloin tender steak,3,48,2.0,4,shear,shear,15,0.029065599999999997,71.1737,-0.6745,False
green3-5.xls,green,sirloin tender steak,3,48,2.0,5,shear,shear,15,0.0203131,197.2,3.5641442754067625,True
green3-1.xls,green,sirloin tender steak,3,48,2.0,1,shear,shear,16,0.0291107,86.4675,-0.16012341496008395,False
green3-2.xls,green,sirloin tender steak,3,48,2.0,2,shear,shear,16,0.0298251,91.2284,0.0,False
green3-3.xls,green,sirloin tender steak,3,48,2.0,3,shear,shear,16,0.0273017,208.153,3.9325266745451195,True
green3-4.xls,green,sirloin tender steak,3,48,2.0,4,shear,shear,16,0.029065599999999997,71.1737,-0.6745,False
green3-5.xls,green,sirloin tender steak,3,48,2.0,5,shear,shear,16,0.0307081,247.536,5.257095653387985,True
green3-1.xls,green,sirloin tender steak,3,48,2.0,1,shear,shear,17,0.029110399999999998,86.4675,-0.16012341496008395,False
green3-2.xls,green,sirloin tender steak,3,48,2.0,2,shear,shear,17,0.0298251,91.2284,0.0,False
green3-3.xls,green,sirloin tender steak,3,48,2.0,3,shear,shear,17,0.0273017,208.153,3.9325266745451195,True
green3-4.xls,green,sirloin tender steak,3,48,2.0,4,shear,shear,17,0.029065599999999997,71.1737,-0.6745,False
green3-5.xls,green,sirloin tender steak,3,48,2.0,5,shear,shear,17,0.0307081,247.536,5.257095653387985,True
green3-1.xls,green,sirloin tender steak,3,48,2.0,1,shear,shear,18,0.029110399999999998,86.4675,-0.16012341496008395,False
green3-2.xls,green,sirloin tender steak,3,48,2.0,2,shear,shear,18,0.0298251,91.2284,0.0,False
green3-3.xls,green,sirloin tender steak,3,48,2.0,3,shear,shear,18,0.0357089,244.077,5.140759058973708,True
green3-4.xls,green,sirloin tender steak,3,48,2.0,4,shear,shear,18,0.029065599999999997,71.1737,-0.6745,False
green3-5.xls,green,sirloin tender steak,3,48,2.0,5,shear,shear,18,0.0307081,247.536,5.257095653387985,True
green3-1.xls,green,sirloin tender steak,3,48,2.0,1,shear,shear,19,0.0375428,98.0288,-0.1664070525467759,False
green3-2.xls,green,sirloin tender steak,3,48,2.0,2,shear,shear,19,0.0379005,104.031,0.0,False
green3-3.xls,green,sirloin tender steak,3,48,2.0,3,shear,shear,19,0.0357089,244.077,3.8826833629278874,True
green3-4.xls,green,sirloin tender steak,3,48,2.0,4,shear,shear,19,0.038186,79.7022,-0.6745,False
green3-5.xls,green,sirloin tender steak,3,48,2.0,5,shear,shear,19,0.0307081,247.536,3.9785818659366674,True
green3-1.xls,green,sirloin tender steak,3,48,2.0,1,shear,shear,20,0.0375428,98.0288,-0.1664070525467759,False
green3-2.xls,green,sirloin tender steak,3,48,2.0,2,shear,shear,20,0.0379005,104.031,0.0,False
green3-3.xls,green,sirloin tender steak,3,48,2.0,3,shear,shear,20,0.0357089,244.077,3.8826833629278874,True
green3-4.xls,green,sirloin tender steak,3,48,2.0,4,shear,shear,20,0.038186,79.7022,-0.6745,False
green3-5.xls,green,sirloin tender steak,3,48,2.0,5,shear,shear,20,0.0307081,247.536,3.9785818659366674,True
green3-1.xls,green,sirloin tender steak,3,48,2.0,1,shear,shear,21,0.0375428,98.0288,-0.1664070525467759,False
green3-2.xls,green,sirloin tender steak,3,48,2.0,2,shear,shear,21,0.0379005,104.031,0.0,False
green3-3.xls,green,sirloin tender steak,3,48,2.0,3,shear,shear,21,0.0357089,244.077,3.8826833629278874,True
green3-4.xls,green,sirloin tender steak,3,48,2.0,4,shear,shear,21,0.038186,79.7022,-0.6745,False
green3-5.xls,green,sirloin tender steak,3,48,2.0,5,shear,shear,21,0.0412055,276.228,4.7740487200355135,True
green3-1.xls,green,sirloin tender steak,3,48,2.0,1,shear,shear,22,0.0375428,98.0288,-0.1664070525467759,False
green3-2.xls,green,sirloin tender steak,3,48,2.0,2,shear,shear,22,0.0379005,104.031,0.0,False
green3-3.xls,green,sirloin tender steak,3,48,2.0,3,shear,shear,22,0.04410650000000001,273.655,4.70271398507119,True
green3-4.xls,green,sirloin tender steak,3,48,2.0,4,shear,shear,22,0.038186,79.7022,-0.6745,False
green3-5.xls,green,sirloin tender steak,3,48,2.0,5,shear,shear,22,0.0412055,276.228,4.7740487200355135,True
green3-1.xls,green,sirloin tender steak,3,48,2.0,1,shear,shear,23,0.0459835,106.917,-0.17112140068071227,False
green3-2.xls,green,sirloin tender steak,3,48,2.0,2,shear,shear,23,0.0460385,114.207,0.0,False
green3-3.xls,green,sirloin tender steak,3,48,2.0,3,shear,shear,23,0.04410650000000001,273.655,3.742793565944888,True
green3-4.xls,green,sirloin tender steak,3,48,2.0,4,shear,shear,23,0.0473379,85.4724,-0.6745,False
green3-5.xls,green,sirloin tender steak,3,48,2.0,5,shear,shear,23,0.0412055,276.228,3.803190735211209,True
green3-1.xls,green,sirloin tender steak,3,48,2.0,1,shear,shear,24,0.0459835,106.917,-0.17112140068071227,False
green3-2.xls,green,sirloin tender steak,3,48,2.0,2,shear,shear,24,0.0460385,114.207,0.0,False
green3-3.xls,green,sirloin tender steak,3,48,2.0,3,shear,shear,24,0.04410650000000001,273.655,3.742793565944888,True
green3-4.xls,green,sirloin tender steak,3,48,2.0,4,shear,shear,24,0.0473379,85.4724,-0.6745,False
green3-5.xls,green,sirloin tender steak,3,48,2.0,5,shear,shear,24,0.0412055,276.228,3.803190735211209,True
green3-1.xls,green,sirloin tender steak,3,48,2.0,1,shear,shear,25,0.0459835,106.917,-0.17112140068071227,False
green3-2.xls,green,sirloin tender steak,3,48,2.0,2,shear,shear,25,0.0460385,114.207,0.0,False
green3-3.xls,green,sirloin tender steak,3,48,2.0,3,shear,shear,25,0.04410650000000001,273.655,3.742793565944888,True
green3-4.xls,green,sirloin tender steak,3,48,2.0,4,shear,shear,25,0.0473379,85.4724,-0.6745,False
green3-5.xls,green,sirloin tender steak,3,48,2.0,5,shear,shear,25,0.0412055,276.228,3.803190735211209,True
green3-1.xls,green,sirloin tender steak,3,48,2.0,1,shear,shear,26,0.0459835,106.917,-0.17112140068071227,False
green3-2.xls,green,sirloin tender steak,3,48,2.0,2,shear,shear,26,0.0460385,114.207,0.0,False
green3-3.xls,green,sirloin tender steak,3,48,2.0,3,shear,shear,26,0.0525149,300.567,4.374510868430394,True
green3-4.xls,green,sirloin tender steak,3,48,2.0,4,shear,shear,26,0.0473379,85.4724,-0.6745,False
green3-5.xls,green,sirloin tender steak,3,48,2.0,5,shear,shear,26,0.0515718,299.947,4.359957333667426,True
green3-1.xls,green,sirloin tender steak,3,48,2.0,1,shear,shear,27,0.0544622,113.836,-0.12787104341316516,False
green3-2.xls,green,sirloin tender steak,3,48,2.0,2,shear,shear,27,0.0540673,120.471,0.0,False
green3-3.xls,green,sirloin tender steak,3,48,2.0,3,shear,shear,27,0.0525149,300.567,3.4708460338413527,False
green3-4.xls,green,sirloin tender steak,3,48,2.0,4,shear,shear,27,0.0473379,85.4724,-0.6745,False
green3-5.xls,green,sirloin tender steak,3,48,2.0,5,shear,shear,27,0.0515716,299.947,3.45889727017652,False
green3-1.xls,green,sirloin tender steak,3,48,2.0,1,shear,shear,28,0.0544622,113.836,-0.14290071716862093,False
green3-2.xls,green,sirloin tender steak,3,48,2.0,2,shear,shear,28,0.0540673,120.471,0.0,False
green3-3.xls,green,sirloin tender steak,3,48,2.0,3,shear,shear,28,0.0525149,300.567,3.8788014407234273,True
green3-4.xls,green,sirloin tender steak,3,48,2.0,4,shear,shear,28,0.0563551,89.1534,-0.6745,False
green3-5.xls,green,sirloin tender steak,3,48,2.0,5,shear,shear,28,0.0515716,299.947,3.8654482463534885,True
green3-1.xls,green,sirloin tender steak,3,48,2.0,1,shear,shear,29,0.0544622,113.836,-0.14290071716862093,False
green3-2.xls,green,sirloin tender steak,3,48,2.0,2,shear,shear,29,0.0540673,120.471,0.0,False
green3-3.xls,green,sirloin tender steak,3,48,2.0,3,shear,shear,29,0.0525149,300.567,3.8788014407234273,True
green3-4.xls,green,sirloin tender steak,3,48,2.0,4,shear,shear,29,0.0563551,89.1534,-0.6745,False
green3-5.xls,green,sirloin tender steak,3,48,2.0,5,shear,shear,29,0.0515717,299.947,3.8654482463534885,True
green3-1.xls,green,sirloin tender steak,3,48,2.0,1,shear,shear,30,0.0544622,113.836,-0.14290071716862093,False
green3-2.xls,green,sirloin tender steak,3,48,2.0,2,shear,shear,30,0.0540673,120.471,0.0,False
green3-3.xls,green,sirloin tender steak,3,48,2.0,3,shear,shear,30,0.0525149,300.567,3.8788014407234273,True
green3-4.xls,green,sirloin tender steak,3,48,2.0,4,shear,shear,30,0.0563551,89.1534,-0.6745,False
green3-5.xls,green,sirloin tender steak,3,48,2.0,5,shear,shear,30,0.0515717,299.947,3.8654482463534885,True
green3-1.xls,green,sirloin tender steak,3,48,2.0,1,shear,shear,31,0.0628778,119.944,-0.07953344066738095,False
green3-2.xls,green,sirloin tender steak,3,48,2.0,2,shear,shear,31,0.0621438,124.06,0.0,False
green3-3.xls,green,sirloin tender steak,3,48,2.0,3,shear,shear,31,0.060953099999999996,323.009,3.844290205863648,True
green3-4.xls,green,sirloin tender steak,3,48,2.0,4,shear,shear,31,0.0563551,89.1534,-0.6745,False
green3-5.xls,green,sirloin tender steak,3,48,2.0,5,shear,shear,31,0.061958599999999996,317.891,3.745395125850126,True
green3-1.xls,green,sirloin tender steak,3,48,2.0,1,shear,shear,32,0.0628778,119.944,-0.07953344066738095,False
green3-2.xls,green,sirloin tender steak,3,48,2.0,2,shear,shear,32,0.0621438,124.06,0.0,False
green3-3.xls,green,sirloin tender steak,3,48,2.0,3,shear,shear,32,0.060953099999999996,323.009,3.844290205863648,True
green3-4.xls,green,sirloin tender steak,3,48,2.0,4,shear,shear,32,0.0563551,89.1534,-0.6745,False
green3-5.xls,green,sirloin tender steak,3,48,2.0,5,shear,shear,32,0.061958599999999996,317.891,3.745395125850126,True
green3-1.xls,green,sirloin tender steak,3,48,2.0,1,shear,shear,33,0.0628778,119.944,-0.08826355948369044,False
green3-2.xls,green,sirloin tender steak,3,48,2.0,2,shear,shear,33,0.0621438,124.06,0.0,False
green3-3.xls,green,sirloin tender steak,3,48,2.0,3,shear,shear,33,0.060953099999999996,323.009,4.266265037833025,True
green3-4.xls,green,sirloin tender steak,3,48,2.0,4,shear,shear,33,0.0654845,92.606,-0.6745,False
green3-5.xls,green,sirloin tender steak,3,48,2.0,5,shear,shear,33,0.061958599999999996,317.891,4.156514576842373,True
green3-1.xls,green,sirloin tender steak,3,48,2.0,1,shear,shear,34,0.0628778,119.944,-0.08826355948369044,False
green3-2.xls,green,sirloin tender steak,3,48,2.0,2,shear,shear,34,0.0621438,124.06,0.0,False
green3-3.xls,green,sirloin tender steak,3,48,2.0,3,shear,shear,34,0.060953099999999996,323.009,4.266265037833025,True
green3-4.xls,green,sirloin tender steak,3,48,2.0,4,shear,shear,34,0.0654845,92.606,-0.6745,False
green3-5.xls,green,sirloin tender steak,3,48,2.0,5,shear,shear,34,0.061958599999999996,317.891,4.156514576842373,True
green3-1.xls,green,sirloin tender steak,3,48,2.0,1,shear,shear,35,0.0628778,119.944,-0.10653717735477111,False
green3-2.xls,green,sirloin tender steak,3,48,2.0,2,shear,shear,35,0.0702084,125.072,0.0,False
green3-3.xls,green,sirloin tender steak,3,48,2.0,3,shear,shear,35,0.0693076,341.826,4.503190198977391,True
green3-4.xls,green,sirloin tender steak,3,48,2.0,4,shear,shear,35,0.0654845,92.606,-0.6745,False
green3-5.xls,green,sirloin tender steak,3,48,2.0,5,shear,shear,35,0.061958599999999996,317.891,4.00592667713916,True
green3-1.xls,green,sirloin tender steak,3,48,2.0,1,shear,shear,36,0.071355,122.993,-0.043192432082794455,False
green3-2.xls,green,sirloin tender steak,3,48,2.0,2,shear,shear,36,0.0702084,125.072,0.0,False
green3-3.xls,green,sirloin tender steak,3,48,2.0,3,shear,shear,36,0.0693076,341.826,4.503190198977391,True
green3-4.xls,green,sirloin tender steak,3,48,2.0,4,shear,shear,36,0.0654845,92.606,-0.6745,False
green3-5.xls,green,sirloin tender steak,3,48,2.0,5,shear,shear,36,0.0723489,335.816,4.378328959526888,True
green3-1.xls,green,sirloin tender steak,3,48,2.0,1,shear,shear,37,0.071355,122.993,-0.04631612410986791,False
green3-2.xls,green,sirloin tender steak,3,48,2.0,2,shear,shear,37,0.0702084,125.072,0.0,False
green3-3.xls,green,sirloin tender steak,3,48,2.0,3,shear,shear,37,0.069307,341.826,4.828862513376754,True
green3-4.xls,green,sirloin tender steak,3,48,2.0,4,shear,shear,37,0.074602,94.7956,-0.6745,False
green3-5.xls,green,sirloin tender steak,3,48,2.0,5,shear,shear,37,0.0723488,335.816,4.6949712647474575,True
green3-1.xls,green,sirloin tender steak,3,48,2.0,1,shear,shear,38,0.071355,122.993,-0.04631612410986791,False
green3-2.xls,green,sirloin tender steak,3,48,2.0,2,shear,shear,38,0.0702084,125.072,0.0,False
green3-3.xls,green,sirloin tender steak,3,48,2.0,3,shear,shear,38,0.069307,341.826,4.828862513376754,True
green3-4.xls,green,sirloin tender steak,3,48,2.0,4,shear,shear,38,0.074602,94.7956,-0.6745,False
green3-5.xls,green,sirloin tender steak,3,48,2.0,5,shear,shear,38,0.0723488,335.816,4.6949712647474575,True
green3-1.xls,green,sirloin tender steak,3,48,2.0,1,shear,shear,39,0.071355,122.993,-0.06791380157170943,False
green3-2.xls,green,sirloin tender steak,3,48,2.0,2,shear,shear,39,0.0782958,126.15,0.0,False
green3-3.xls,green,sirloin tender steak,3,48,2.0,3,shear,shear,39,0.0777041,358.734,5.003377771540834,True
green3-4.xls,green,sirloin tender steak,3,48,2.0,4,shear,shear,39,0.074602,94.7956,-0.6745,False
green3-5.xls,green,sirloin tender steak,3,48,2.0,5,shear,shear,39,0.0723489,335.816,4.510362724210953,True
green3-1.xls,green,sirloin tender steak,3,48,2.0,1,shear,shear,40,0.07980229999999999,128.126,0.0,False
green3-2.xls,green,sirloin tender steak,3,48,2.0,2,shear,shear,40,0.0782958,126.15,-0.039987878933346106,False
green3-3.xls,green,sirloin tender steak,3,48,2.0,3,shear,shear,40,0.0777041,358.734,4.666763555192855,True
green3-4.xls,green,sirloin tender steak,3,48,2.0,4,shear,shear,40,0.074602,94.7956,-0.6745,False
green3-5.xls,green,sirloin tender steak,3,48,2.0,5,shear,shear,40,0.0723489,335.816,4.202977011977052,True
green3-1.xls,green,sirloin tender steak,3,48,2.0,1,shear,shear,41,0.07980229999999999,128.126,0.0,False
green3-2.xls,green,sirloin tender steak,3,48,2.0,2,shear,shear,41,0.0782958,126.15,-0.039987878933346106,False
green3-3.xls,green,sirloin tender steak,3,48,2.0,3,shear,shear,41,0.0777048,358.734,4.666763555192855,True
green3-4.xls,green,sirloin tender steak,3,48,2.0,4,shear,shear,41,0.074602,94.7956,-0.6745,False
green3-5.xls,green,sirloin tender steak,3,48,2.0,5,shear,shear,41,0.0723488,335.816,4.202977011977052,True
green3-1.xls,green,sirloin tender steak,3,48,2.0,1,shear,shear,42,0.07980229999999999,128.126,0.0,False
green3-2.xls,green,sirloin tender steak,3,48,2.0,2,shear,shear,42,0.0782958,126.15,-0.04655900343390516,False
green3-3.xls,green,sirloin tender steak,3,48,2.0,3,shear,shear,42,0.0777048,358.734,5.433643048525306,True
green3-4.xls,green,sirloin tender steak,3,48,2.0,4,shear,shear,42,0.0836355,99.4997,-0.6745,False
green3-5.xls,green,sirloin tender steak,3,48,2.0,5,shear,shear,42,0.0827802,344.031,5.087207305869079,True
green3-1.xls,green,sirloin tender steak,3,48,2.0,1,shear,shear,43,0.07980229999999999,128.126,0.0,False
green3-2.xls,green,sirloin tender steak,3,48,2.0,2,shear,shear,43,0.0863976,123.712,-0.10400376576784288,False
green3-3.xls,green,sirloin tender steak,3,48,2.0,3,shear,shear,43,0.0860804,373.522,5.782081582321152,True
green3-4.xls,green,sirloin tender steak,3,48,2.0,4,shear,shear,43,0.0836355,99.4997,-0.6745,False
green3-5.xls,green,sirloin tender steak,3,48,2.0,5,shear,shear,43,0.0827801,344.031,5.087207305869079,True
green3-1.xls,green,sirloin tender steak,3,48,2.0,1,shear,shear,44,0.08826890000000001,131.448,0.0,False
green3-2.xls,green,sirloin tender steak,3,48,2.0,2,shear,shear,44,0.0863976,123.712,-0.1633242457345149,False
green3-3.xls,green,sirloin tender steak,3,48,2.0,3,shear,shear,44,0.0860804,373.522,5.110723043166615,True
green3-4.xls,green,sirloin tender steak,3,48,2.0,4,shear,shear,44,0.0836355,99.4997,-0.6745,False
green3-5.xls,green,sirloin tender steak,3,48,2.0,5,shear,shear,44,0.0827801,344.031,4.488102136889912,True
green3-1.xls,green,sirloin tender steak,3,48,2.0,1,shear,shear,45,0.08826890000000001,131.448,0.0,False
green3-2.xls,green,sirloin tender steak,3,48,2.0,2,shear,shear,45,0.0863976,123.712,-0.1633242457345149,False
green3-3.xls,green,sirloin tender steak,3,48,2.0,3,shear,shear,45,0.0860797,373.522,5.110723043166615,True
green3-4.xls,green,sirloin tender steak,3,48,2.0,4,shear,shear,45,0.0836355,99.4997,-0.6745,False
green3-5.xls,green,sirloin tender steak,3,48,2.0,5,shear,shear,45,0.0827799,344.031,4.488102136889912,True
green3-1.xls,green,sirloin tender steak,3,48,2.0,1,shear,shear,46,0.08826890000000001,131.448,0.0,False
green3-2.xls,green,sirloin tender steak,3,48,2.0,2,shear,shear,46,0.0863976,123.712,-0.16732185345518688,False
green3-3.xls,green,sirloin tender steak,3,48,2.0,3,shear,shear,46,0.0860797,373.522,5.2358157126823786,True
green3-4.xls,green,sirloin tender steak,3,48,2.0,4,shear,shear,46,0.0927674,100.263,-0.6745,False
green3-5.xls,green,sirloin tender steak,3,48,2.0,5,shear,shear,46,0.0827799,344.031,4.597955218855219,True
green3-1.xls,green,sirloin tender steak,3,48,2.0,1,shear,shear,47,0.0882681,131.448,0.0,False
green3-2.xls,green,sirloin tender steak,3,48,2.0,2,shear,shear,47,0.0944474,123.905,-0.1631474587141255,False
green3-3.xls,green,sirloin tender steak,3,48,2.0,3,shear,shear,47,0.0945051,387.223,5.532154481321148,True
green3-4.xls,green,sirloin tender steak,3,48,2.0,4,shear,shear,47,0.0927674,100.263,-0.6745,False
green3-5.xls,green,sirloin tender steak,3,48,2.0,5,shear,shear,47,0.09314059999999999,353.303,4.798499198332531,True
green3-1.xls,green,sirloin tender steak,3,48,2.0,1,shear,shear,48,0.09669879999999999,135.3,0.0,False
green3-2.xls,green,sirloin tender steak,3,48,2.0,2,shear,shear,48,0.0944474,123.905,-0.21936602734252378,False
green3-3.xls,green,sirloin tender steak,3,48,2.0,3,shear,shear,48,0.0945051,387.223,4.8497891800097035,True
green3-4.xls,green,sirloin tender steak,3,48,2.0,4,shear,shear,48,0.0927674,100.263,-0.6745,False
green3-5.xls,green,sirloin tender steak,3,48,2.0,5,shear,shear,48,0.09314059999999999,353.303,4.196792633501725,True
green3-1.xls,green,sirloin tender steak,3,48,2.0,1,shear,shear,49,0.0966996,135.3,0.0,False
green3-2.xls,green,sirloin tender steak,3,48,2.0,2,shear,shear,49,0.0944474,123.905,-0.21936602734252378,False
green3-3.xls,green,sirloin tender steak,3,48,2.0,3,shear,shear,49,0.0945051,387.223,4.8497891800097035,True
green3-4.xls,green,sirloin tender steak,3,48,2.0,4,shear,shear,49,0.0927674,100.263,-0.6745,False
green3-5.xls,green,sirloin tender steak,3,48,2.0,5,shear,shear,49,0.09314059999999999,353.303,4.196792633501725,True
green3-1.xls,green,sirloin tender steak,3,48,2.0,1,shear,shear,50,0.0966996,135.3,0.0,False
green3-2.xls,green,sirloin tender steak,3,48,2.0,2,shear,shear,50,0.0944474,123.905,-0.21936602734252378,False
green3-3.xls,green,sirloin tender steak,3,48,2.0,3,shear,shear,50,0.0945051,387.223,4.8497891800097035,True
green3-4.xls,green,sirloin tender steak,3,48,2.0,4,shear,shear,50,0.0927674,100.263,-0.6745,False
green3-5.xls,green,sirloin tender steak,3,48,2.0,5,shear,shear,50,0.09314059999999999,353.303,4.196792633501725,True
green3-1.xls,green,sirloin tender steak,3,48,2.0,1,shear,shear,51,0.09669879999999999,135.3,0.0,False
green3-2.xls,green,sirloin tender steak,3,48,2.0,2,shear,shear,51,0.102536,125.187,-0.21542504105608912,False
green3-3.xls,green,sirloin tender steak,3,48,2.0,3,shear,shear,51,0.0945051,387.223,5.366411808362807,True
green3-4.xls,green,sirloin tender steak,3,48,2.0,4,shear,shear,51,0.101829,103.636,-0.6745,False
green3-5.xls,green,sirloin tender steak,3,48,2.0,5,shear,shear,51,0.09314059999999999,353.303,4.643854961470437,True
green3-1.xls,green,sirloin tender steak,3,48,2.0,1,shear,shear,52,0.09669879999999999,135.3,0.0,False
green3-2.xls,green,sirloin tender steak,3,48,2.0,2,shear,shear,52,0.102536,125.187,-0.21542504105608912,False
green3-3.xls,green,sirloin tender steak,3,48,2.0,3,shear,shear,52,0.10289899999999999,399.582,5.629680678372913,True
green3-4.xls,green,sirloin tender steak,3,48,2.0,4,shear,shear,52,0.101829,103.636,-0.6745,False
green3-5.xls,green,sirloin tender steak,3,48,2.0,5,shear,shear,52,0.10353300000000001,358.482,4.754176951743302,True
green3-1.xls,green,sirloin tender steak,3,48,2.0,1,shear,shear,53,0.10517599999999999,138.982,0.0,False
green3-2.xls,green,sirloin tender steak,3,48,2.0,2,shear,shear,53,0.102536,125.187,-0.2632469727833418,False
green3-3.xls,green,sirloin tender steak,3,48,2.0,3,shear,shear,53,0.10289899999999999,399.582,4.972972896508799,True
green3-4.xls,green,sirloin tender steak,3,48,2.0,4,shear,shear,53,0.101829,103.636,-0.6745,False
green3-5.xls,green,sirloin tender steak,3,48,2.0,5,shear,shear,53,0.10353300000000001,358.482,4.188670570927403,True
green3-1.xls,green,sirloin tender steak,3,48,2.0,1,shear,shear,54,0.10517599999999999,138.982,0.0,False
green3-2.xls,green,sirloin tender steak,3,48,2.0,2,shear,shear,54,0.102536,125.187,-0.2632469727833418,False
green3-3.xls,green,sirloin tender steak,3,48,2.0,3,shear,shear,54,0.10289899999999999,399.582,4.972972896508799,True
green3-4.xls,green,sirloin tender steak,3,48,2.0,4,shear,shear,54,0.101829,103.636,-0.6745,False
green3-5.xls,green,sirloin tender steak,3,48,2.0,5,shear,shear,54,0.10353300000000001,358.482,4.188670570927403,True
green3-1.xls,green,sirloin tender steak,3,48,2.0,1,shear,shear,55,0.10517599999999999,138.982,0.0,False
green3-2.xls,green,sirloin tender steak,3,48,2.0,2,shear,shear,55,0.102536,125.187,-0.2632469727833418,False
green3-3.xls,green,sirloin tender steak,3,48,2.0,3,shear,shear,55,0.10289899999999999,399.582,4.972972896508799,True
green3-4.xls,green,sirloin tender steak,3,48,2.0,4,shear,shear,55,0.101829,103.636,-0.6745,False
green3-5.xls,green,sirloin tender steak,3,48,2.0,5,shear,shear,55,0.103532,358.482,4.188670570927403,True
green3-1.xls,green,sirloin tender steak,3,48,2.0,1,shear,shear,56,0.10517599999999999,138.982,0.0,False
green3-2.xls,green,sirloin tender steak,3,48,2.0,2,shear,shear,56,0.110739,123.482,-0.30578385492834165,False
green3-3.xls,green,sirloin tender steak,3,48,2.0,3,shear,shear,56,0.11124700000000001,410.306,5.352677332553378,True
green3-4.xls,green,sirloin tender steak,3,48,2.0,4,shear,shear,56,0.110968,104.792,-0.6745,False
green3-5.xls,green,sirloin tender steak,3,48,2.0,5,shear,shear,56,0.103532,358.482,4.330293945598129,True
green3-1.xls,green,sirloin tender steak,3,48,2.0,1,shear,shear,57,0.11366899999999999,141.278,0.0,False
green3-2.xls,green,sirloin tender steak,3,48,2.0,2,shear,shear,57,0.110739,123.482,-0.3289865153757605,False
green3-3.xls,green,sirloin tender steak,3,48,2.0,3,shear,shear,57,0.11124700000000001,410.306,4.973397631968428,True
green3-4.xls,green,sirloin tender steak,3,48,2.0,4,shear,shear,57,0.110968,104.792,-0.6745,False
green3-5.xls,green,sirloin tender steak,3,48,2.0,5,shear,shear,57,0.11392300000000001,362.919,4.097375829085129,True
green3-1.xls,green,sirloin tender steak,3,48,2.0,1,shear,shear,58,0.11366899999999999,141.278,0.0,False
green3-2.xls,green,sirloin tender steak,3,48,2.0,2,shear,shear,58,0.110739,123.482,-0.3289865153757605,False
green3-3.xls,green,sirloin tender steak,3,48,2.0,3,shear,shear,58,0.11124700000000001,410.306,4.973397631968428,True
green3-4.xls,green,sirloin tender steak,3,48,2.0,4,shear,shear,58,0.110968,104.792,-0.6745,False
green3-5.xls,green,sirloin tender steak,3,48,2.0,5,shear,shear,58,0.113924,362.919,4.097375829085129,True
green3-1.xls,green,sirloin tender steak,3,48,2.0,1,shear,shear,59,0.11366899999999999,141.278,0.0,False
green3-2.xls,green,sirloin tender steak,3,48,2.0,2,shear,shear,59,0.11870900000000001,123.708,-0.32480855670668196,False
green3-3.xls,green,sirloin tender steak,3,48,2.0,3,shear,shear,59,0.11124700000000001,410.306,4.973397631968428,True
green3-4.xls,green,sirloin tender steak,3,48,2.0,4,shear,shear,59,0.110968,104.792,-0.6745,False
green3-5.xls,green,sirloin tender steak,3,48,2.0,5,shear,shear,59,0.11392300000000001,362.919,4.097375829085129,True
green3-1.xls,green,sirloin tender steak,3,48,2.0,1,shear,shear,60,0.11366899999999999,141.278,0.0,False
green3-2.xls,green,sirloin tender steak,3,48,2.0,2,shear,shear,60,0.11870900000000001,123.708,-0.3393358435459855,False
green3-3.xls,green,sirloin tender steak,3,48,2.0,3,shear,shear,60,0.11962500000000001,420.534,5.393373382201352,True
green3-4.xls,green,sirloin tender steak,3,48,2.0,4,shear,shear,60,0.12003899999999999,106.354,-0.6745,False
green3-5.xls,green,sirloin tender steak,3,48,2.0,5,shear,shear,60,0.11392300000000001,362.919,4.280633790516551,True
green3-1.xls,green,sirloin tender steak,3,48,2.0,1,shear,shear,61,0.122084,144.246,0.0,False
green3-2.xls,green,sirloin tender steak,3,48,2.0,2,shear,shear,61,0.11870900000000001,123.708,-0.3655885411168585,False
green3-3.xls,green,sirloin tender steak,3,48,2.0,3,shear,shear,61,0.11962500000000001,420.534,4.918089728702627,True
green3-4.xls,green,sirloin tender steak,3,48,2.0,4,shear,shear,61,0.12003899999999999,106.354,-0.6745,False
green3-5.xls,green,sirloin tender steak,3,48,2.0,5,shear,shear,61,0.11392300000000001,362.919,3.89250866937612,True
green3-1.xls,green,sirloin tender steak,3,48,2.0,1,shear,shear,62,0.122084,144.246,0.0,False
green3-2.xls,green,sirloin tender steak,3,48,2.0,2,shear,shear,62,0.11870900000000001,123.708,-0.3655885411168585,False
green3-3.xls,green,sirloin tender steak,3,48,2.0,3,shear,shear,62,0.11962500000000001,420.534,4.918089728702627,True
green3-4.xls,green,sirloin tender steak,3,48,2.0,4,shear,shear,62,0.12003899999999999,106.354,-0.6745,False
green3-5.xls,green,sirloin tender steak,3,48,2.0,5,shear,shear,62,0.124313,368.881,3.998635793835109,True
green3-1.xls,green,sirloin tender steak,3,48,2.0,1,shear,shear,63,0.122084,144.246,0.0,False
green3-2.xls,green,sirloin tender steak,3,48,2.0,2,shear,shear,63,0.126767,123.156,-0.37541446743375906,False
green3-3.xls,green,sirloin tender steak,3,48,2.0,3,shear,shear,63,0.11962500000000001,420.534,4.918089728702627,True
green3-4.xls,green,sirloin tender steak,3,48,2.0,4,shear,shear,63,0.12003899999999999,106.354,-0.6745,False
green3-5.xls,green,sirloin tender steak,3,48,2.0,5,shear,shear,63,0.124313,368.881,3.998635793835109,True
green3-1.xls,green,sirloin tender steak,3,48,2.0,1,shear,shear,64,0.122084,144.246,0.0,False
green3-2.xls,green,sirloin tender steak,3,48,2.0,2,shear,shear,64,0.126767,123.156,-0.37541446743375906,False
green3-3.xls,green,sirloin tender steak,3,48,2.0,3,shear,shear,64,0.128018,429.878,5.084418452443785,True
green3-4.xls,green,sirloin tender steak,3,48,2.0,4,shear,shear,64,0.12003899999999999,106.354,-0.6745,False
green3-5.xls,green,sirloin tender steak,3,48,2.0,5,shear,shear,64,0.124313,368.881,3.998635793835109,True
green3-1.xls,green,sirloin tender steak,3,48,2.0,1,shear,shear,65,0.130581,147.126,0.0,False
green3-2.xls,green,sirloin tender steak,3,48,2.0,2,shear,shear,65,0.126767,123.156,-0.4119070851698045,False
green3-3.xls,green,sirloin tender steak,3,48,2.0,3,shear,shear,65,0.128018,429.878,4.858888283101066,True
green3-4.xls,green,sirloin tender steak,3,48,2.0,4,shear,shear,65,0.12908899999999998,107.875,-0.6745,False
green3-5.xls,green,sirloin tender steak,3,48,2.0,5,shear,shear,65,0.124313,368.881,3.8106990267763865,True
green3-1.xls,green,sirloin tender steak,3,48,2.0,1,shear,shear,66,0.130581,147.126,0.0,False
green3-2.xls,green,sirloin tender steak,3,48,2.0,2,shear,shear,66,0.126767,123.156,-0.4119070851698045,False
green3-3.xls,green,sirloin tender steak,3,48,2.0,3,shear,shear,66,0.128018,429.878,4.858888283101066,True
green3-4.xls,green,sirloin tender steak,3,48,2.0,4,shear,shear,66,0.12908899999999998,107.875,-0.6745,False
green3-5.xls,green,sirloin tender steak,3,48,2.0,5,shear,shear,66,0.124313,368.881,3.8106990267763865,True
green3-1.xls,green,sirloin tender steak,3,48,2.0,1,shear,shear,67,0.130581,147.126,0.0,False
green3-2.xls,green,sirloin tender steak,3,48,2.0,2,shear,shear,67,0.134853,124.781,-0.3839826373850347,False
green3-3.xls,green,sirloin tender steak,3,48,2.0,3,shear,shear,67,0.128018,429.878,4.858888283101066,True
green3-4.xls,green,sirloin tender steak,3,48,2.0,4,shear,shear,67,0.12908899999999998,107.875,-0.6745,False
green3-5.xls,green,sirloin tender steak,3,48,2.0,5,shear,shear,67,0.134699,376.344,3.93894527527961,True
green3-1.xls,green,sirloin tender steak,3,48,2.0,1,shear,shear,68,0.130581,147.126,0.0,False
green3-2.xls,green,sirloin tender steak,3,48,2.0,2,shear,shear,68,0.134853,124.781,-0.3839826373850347,False
green3-3.xls,green,sirloin tender steak,3,48,2.0,3,shear,shear,68,0.136437,438.106,5.000280502407582,True
green3-4.xls,green,sirloin tender steak,3,48,2.0,4,shear,shear,68,0.12908899999999998,107.875,-0.6745,False
green3-5.xls,green,sirloin tender steak,3,48,2.0,5,shear,shear,68,0.134699,376.344,3.93894527527961,True
green3-1.xls,green,sirloin tender steak,3,48,2.0,1,shear,shear,69,0.13904,149.718,0.0,False
green3-2.xls,green,sirloin tender steak,3,48,2.0,2,shear,shear,69,0.134852,124.781,-0.4140207379510656,False
green3-3.xls,green,sirloin tender steak,3,48,2.0,3,shear,shear,69,0.136437,438.106,4.788010288977504,True
green3-4.xls,green,sirloin tender steak,3,48,2.0,4,shear,shear,69,0.138213,109.092,-0.6745,False
green3-5.xls,green,sirloin tender steak,3,48,2.0,5,shear,shear,69,0.134699,376.344,3.762596293014327,True
green3-1.xls,green,sirloin tender steak,3,48,2.0,1,shear,shear,70,0.13904,149.718,0.0,False
green3-2.xls,green,sirloin tender steak,3,48,2.0,2,shear,shear,70,0.134852,124.781,-0.4140207379510656,False
green3-3.xls,green,sirloin tender steak,3,48,2.0,3,shear,shear,70,0.136437,438.106,4.788010288977504,True
green3-4.xls,green,sirloin tender steak,3,48,2.0,4,shear,shear,70,0.138213,109.092,-0.6745,False
green3-5.xls,green,sirloin tender steak,3,48,2.0,5,shear,shear,70,0.134699,376.344,3.762596293014327,True
green3-1.xls,green,sirloin tender steak,3,48,2.0,1,shear,shear,71,0.13904,149.718,0.0,False
green3-2.xls,green,sirloin tender steak,3,48,2.0,2,shear,shear,71,0.134853,124.781,-0.4140207379510656,False
green3-3.xls,green,sirloin tender steak,3,48,2.0,3,shear,shear,71,0.136437,438.106,4.788010288977504,True
green3-4.xls,green,sirloin tender steak,3,48,2.0,4,shear,shear,71,0.138213,109.092,-0.6745,False
green3-5.xls,green,sirloin tender steak,3,48,2.0,5,shear,shear,71,0.134699,376.344,3.762596293014327,True
green3-1.xls,green,sirloin tender steak,3,48,2.0,1,shear,shear,72,0.13904,149.718,0.0,False
green3-2.xls,green,sirloin tender steak,3,48,2.0,2,shear,shear,72,0.14299699999999999,125.929,-0.39496087480923536,False
green3-3.xls,green,sirloin tender steak,3,48,2.0,3,shear,shear,72,0.136437,438.106,4.788010288977504,True
green3-4.xls,green,sirloin tender steak,3,48,2.0,4,shear,shear,72,0.138213,109.092,-0.6745,False
green3-5.xls,green,sirloin tender steak,3,48,2.0,5,shear,shear,72,0.134699,376.344,3.762596293014327,True
green3-1.xls,green,sirloin tender steak,3,48,2.0,1,shear,shear,73,0.13904,149.718,0.0,False
green3-2.xls,green,sirloin tender steak,3,48,2.0,2,shear,shear,73,0.14299699999999999,125.929,-0.39496087480923536,False
green3-3.xls,green,sirloin tender steak,3,48,2.0,3,shear,shear,73,0.144902,445.655,4.913343831536456,True
green3-4.xls,green,sirloin tender steak,3,48,2.0,4,shear,shear,73,0.138213,109.092,-0.6745,False
green3-5.xls,green,sirloin tender steak,3,48,2.0,5,shear,shear,73,0.145125,379.665,3.8177337542460505,True
green3-1.xls,green,sirloin tender steak,3,48,2.0,1,shear,shear,74,0.147447,152.515,0.0,False
green3-2.xls,green,sirloin tender steak,3,48,2.0,2,shear,shear,74,0.14299699999999999,125.929,-0.411309165558053,False
green3-3.xls,green,sirloin tender steak,3,48,2.0,3,shear,shear,74,0.144902,445.655,4.53513762099179,True
green3-4.xls,green,sirloin tender steak,3,48,2.0,4,shear,shear,74,0.14730600000000002,108.917,-0.6745,False
green3-5.xls,green,sirloin tender steak,3,48,2.0,5,shear,shear,74,0.145125,379.665,3.51421338134777,True
green3-1.xls,green,sirloin tender steak,3,48,2.0,1,shear,shear,75,0.147447,152.515,0.0,False
green3-2.xls,green,sirloin tender steak,3,48,2.0,2,shear,shear,75,0.14299699999999999,125.929,-0.411309165558053,False
green3-3.xls,green,sirloin tender steak,3,48,2.0,3,shear,shear,75,0.144902,445.655,4.53513762099179,True
green3-4.xls,green,sirloin tender steak,3,48,2.0,4,shear,shear,75,0.14730600000000002,108.917,-0.6745,False
green3-5.xls,green,sirloin tender steak,3,48,2.0,5,shear,shear,75,0.145125,379.665,3.51421338134777,True
green3-1.xls,green,sirloin tender steak,3,48,2.0,1,shear,shear,76,0.147447,152.515,0.0,False
green3-2.xls,green,sirloin tender steak,3,48,2.0,2,shear,shear,76,0.151026,125.391,-0.4196325060782603,False
green3-3.xls,green,sirloin tender steak,3,48,2.0,3,shear,shear,76,0.144902,445.655,4.53513762099179,True
green3-4.xls,green,sirloin tender steak,3,48,2.0,4,shear,shear,76,0.14730600000000002,108.917,-0.6745,False
green3-5.xls,green,sirloin tender steak,3,48,2.0,5,shear,shear,76,0.145125,379.665,3.51421338134777,True
green3-1.xls,green,sirloin tender steak,3,48,2.0,1,shear,shear,77,0.147447,152.515,0.0,False
green3-2.xls,green,sirloin tender steak,3,48,2.0,2,shear,shear,77,0.151026,125.391,-0.4196325060782603,False
green3-3.xls,green,sirloin tender steak,3,48,2.0,3,shear,shear,77,0.153225,450.43,4.609011135831921,True
green3-4.xls,green,sirloin tender steak,3,48,2.0,4,shear,shear,77,0.14730600000000002,108.917,-0.6745,False
green3-5.xls,green,sirloin tender steak,3,48,2.0,5,shear,shear,77,0.145125,379.665,3.51421338134777,True
green3-1.xls,green,sirloin tender steak,3,48,2.0,1,shear,shear,78,0.15588,154.81,0.0,False
green3-2.xls,green,sirloin tender steak,3,48,2.0,2,shear,shear,78,0.151026,125.391,-0.4595760590129002,False
green3-3.xls,green,sirloin tender steak,3,48,2.0,3,shear,shear,78,0.153225,450.43,4.618099682701438,True
green3-4.xls,green,sirloin tender steak,3,48,2.0,4,shear,shear,78,0.156422,111.633,-0.6745,False
green3-5.xls,green,sirloin tender steak,3,48,2.0,5,shear,shear,78,0.155493,385.276,3.6002806355235424,True
green3-1.xls,green,sirloin tender steak,3,48,2.0,1,shear,shear,79,0.15588,154.81,0.0,False
green3-2.xls,green,sirloin tender steak,3,48,2.0,2,shear,shear,79,0.151025,125.391,-0.4595760590129002,False
green3-3.xls,green,sirloin tender steak,3,48,2.0,3,shear,shear,79,0.153225,450.43,4.618099682701438,True
green3-4.xls,green,sirloin tender steak,3,48,2.0,4,shear,shear,79,0.156422,111.633,-0.6745,False
green3-5.xls,green,sirloin tender steak,3,48,2.0,5,shear,shear,79,0.155493,385.276,3.6002806355235424,True
green3-1.xls,green,sirloin tender steak,3,48,2.0,1,shear,shear,80,0.15588,154.81,0.0,False
green3-2.xls,green,sirloin tender steak,3,48,2.0,2,shear,shear,80,0.159088,128.849,-0.40555607151955914,False
green3-3.xls,green,sirloin tender steak,3,48,2.0,3,shear,shear,80,0.153225,450.43,4.618099682701438,True
green3-4.xls,green,sirloin tender steak,3,48,2.0,4,shear,shear,80,0.156422,111.633,-0.6745,False
green3-5.xls,green,sirloin tender steak,3,48,2.0,5,shear,shear,80,0.155493,385.276,3.6002806355235424,True
green3-1.xls,green,sirloin tender steak,3,48,2.0,1,shear,shear,81,0.15588,154.81,0.0,False
green3-2.xls,green,sirloin tender steak,3,48,2.0,2,shear,shear,81,0.159088,128.849,-0.40555607151955914,False
green3-3.xls,green,sirloin tender steak,3,48,2.0,3,shear,shear,81,0.161583,458.488,4.743979688259952,True
green3-4.xls,green,sirloin tender steak,3,48,2.0,4,shear,shear,81,0.156422,111.633,-0.6745,False
green3-5.xls,green,sirloin tender steak,3,48,2.0,5,shear,shear,81,0.155493,385.276,3.6002806355235424,True
green3-1.xls,green,sirloin tender steak,3,48,2.0,1,shear,shear,82,0.16436599999999998,155.925,0.0,False
green3-2.xls,green,sirloin tender steak,3,48,2.0,2,shear,shear,82,0.159088,128.849,-0.4123264246365034,False
green3-3.xls,green,sirloin tender steak,3,48,2.0,3,shear,shear,82,0.161583,458.488,4.6075757134471225,True
green3-4.xls,green,sirloin tender steak,3,48,2.0,4,shear,shear,82,0.156422,111.633,-0.6745,False
green3-5.xls,green,sirloin tender steak,3,48,2.0,5,shear,shear,82,0.155493,385.276,3.492667964869501,False
green3-1.xls,green,sirloin tender steak,3,48,2.0,1,shear,shear,83,0.16436599999999998,155.925,0.0,False
green3-2.xls,green,sirloin tender steak,3,48,2.0,2,shear,shear,83,0.159088,128.849,-0.42288616681331936,False
green3-3.xls,green,sirloin tender steak,3,48,2.0,3,shear,shear,83,0.161583,458.488,4.725576425230398,True
green3-4.xls,green,sirloin tender steak,3,48,2.0,4,shear,shear,83,0.165441,112.739,-0.6745,False
green3-5.xls,green,sirloin tender steak,3,48,2.0,5,shear,shear,83,0.16589099999999998,389.249,3.644167971101745,True
green3-1.xls,green,sirloin tender steak,3,48,2.0,1,shear,shear,84,0.16436599999999998,155.925,0.0,False
green3-2.xls,green,sirloin tender steak,3,48,2.0,2,shear,shear,84,0.1672,129.417,-0.41401486592877323,False
green3-3.xls,green,sirloin tender steak,3,48,2.0,3,shear,shear,84,0.161583,458.488,4.725576425230398,True
green3-4.xls,green,sirloin tender steak,3,48,2.0,4,shear,shear,84,0.165441,112.739,-0.6745,False
green3-5.xls,green,sirloin tender steak,3,48,2.0,5,shear,shear,84,0.16589099999999998,389.249,3.644167971101745,True
green3-1.xls,green,sirloin tender steak,3,48,2.0,1,shear,shear,85,0.16436599999999998,155.925,0.0,False
green3-2.xls,green,sirloin tender steak,3,48,2.0,2,shear,shear,85,0.1672,129.417,-0.41401486592877323,False
green3-3.xls,green,sirloin tender steak,3,48,2.0,3,shear,shear,85,0.17001100000000002,467.958,4.87348350159774,True
green3-4.xls,green,sirloin tender steak,3,48,2.0,4,shear,shear,85,0.165441,112.739,-0.6745,False
green3-5.xls,green,sirloin tender steak,3,48,2.0,5,shear,shear,85,0.16589099999999998,389.249,3.644167971101745,True
green3-1.xls,green,sirloin tender steak,3,48,2.0,1,shear,shear,86,0.17286300000000002,157.857,0.0,False
green3-2.xls,green,sirloin tender steak,3,48,2.0,2,shear,shear,86,0.1672,129.417,-0.4251691121060331,False
green3-3.xls,green,sirloin tender steak,3,48,2.0,3,shear,shear,86,0.17001100000000002,467.958,4.635913039141807,True
green3-4.xls,green,sirloin tender steak,3,48,2.0,4,shear,shear,86,0.165441,112.739,-0.6745,False
green3-5.xls,green,sirloin tender steak,3,48,2.0,5,shear,shear,86,0.16589099999999998,389.249,3.4592380867946284,False
green3-1.xls,green,sirloin tender steak,3,48,2.0,1,shear,shear,87,0.17286300000000002,157.857,0.0,False
green3-2.xls,green,sirloin tender steak,3,48,2.0,2,shear,shear,87,0.1672,129.417,-0.43354834335307146,False
green3-3.xls,green,sirloin tender steak,3,48,2.0,3,shear,shear,87,0.17000900000000002,467.958,4.727277595714868,True
green3-4.xls,green,sirloin tender steak,3,48,2.0,4,shear,shear,87,0.17454799999999998,113.611,-0.6745,False
green3-5.xls,green,sirloin tender steak,3,48,2.0,5,shear,shear,87,0.16589099999999998,389.249,3.527412737874611,True
green3-1.xls,green,sirloin tender steak,3,48,2.0,1,shear,shear,88,0.17286300000000002,157.857,0.0,False
green3-2.xls,green,sirloin tender steak,3,48,2.0,2,shear,shear,88,0.175248,132.444,-0.3874037992134884,False
green3-3.xls,green,sirloin tender steak,3,48,2.0,3,shear,shear,88,0.17000900000000002,467.958,4.727277595714868,True
green3-4.xls,green,sirloin tender steak,3,48,2.0,4,shear,shear,88,0.17454799999999998,113.611,-0.6745,False
green3-5.xls,green,sirloin tender steak,3,48,2.0,5,shear,shear,88,0.176333,391.83,3.5667583171360127,True
green3-1.xls,green,sirloin tender steak,3,48,2.0,1,shear,shear,89,0.17286300000000002,157.857,0.0,False
green3-2.xls,green,sirloin tender steak,3,48,2.0,2,shear,shear,89,0.17525,132.444,-0.3874037992134884,False
green3-3.xls,green,sirloin tender steak,3,48,2.0,3,shear,shear,89,0.178386,474.615,4.828759006463862,True
green3-4.xls,green,sirloin tender steak,3,48,2.0,4,shear,shear,89,0.17454799999999998,113.611,-0.6745,False
green3-5.xls,green,sirloin tender steak,3,48,2.0,5,shear,shear,89,0.176333,391.83,3.5667583171360127,True
green3-1.xls,green,sirloin tender steak,3,48,2.0,1,shear,shear,90,0.17286300000000002,157.857,0.0,False
green3-2.xls,green,sirloin tender steak,3,48,2.0,2,shear,shear,90,0.17525,132.444,-0.3874037992134884,False
green3-3.xls,green,sirloin tender steak,3,48,2.0,3,shear,shear,90,0.178386,474.615,4.828759006463862,True
green3-4.xls,green,sirloin tender steak,3,48,2.0,4,shear,shear,90,0.17454799999999998,113.611,-0.6745,False
green3-5.xls,green,sirloin tender steak,3,48,2.0,5,shear,shear,90,0.176333,391.83,3.5667583171360127,True
green3-1.xls,green,sirloin tender steak,3,48,2.0,1,shear,shear,91,0.18128799999999998,159.826,0.0,False
green3-2.xls,green,sirloin tender steak,3,48,2.0,2,shear,shear,91,0.17525,132.444,-0.39963559450394914,False
green3-3.xls,green,sirloin tender steak,3,48,2.0,3,shear,shear,91,0.178386,474.615,4.5942914746294505,True
green3-4.xls,green,sirloin tender steak,3,48,2.0,4,shear,shear,91,0.17454699999999998,113.611,-0.6745,False
green3-5.xls,green,sirloin tender steak,3,48,2.0,5,shear,shear,91,0.176333,391.83,3.386058595694039,False
green3-1.xls,green,sirloin tender steak,3,48,2.0,1,shear,shear,92,0.18128799999999998,159.826,0.0,False
green3-2.xls,green,sirloin tender steak,3,48,2.0,2,shear,shear,92,0.183328,135.378,-0.35193307153833037,False
green3-3.xls,green,sirloin tender steak,3,48,2.0,3,shear,shear,92,0.178386,474.615,4.531440594587673,True
green3-4.xls,green,sirloin tender steak,3,48,2.0,4,shear,shear,92,0.183621,112.97,-0.6745,False
green3-5.xls,green,sirloin tender steak,3,48,2.0,5,shear,shear,92,0.176333,391.83,3.339736597234079,False
green3-1.xls,green,sirloin tender steak,3,48,2.0,1,shear,shear,93,0.18128799999999998,159.826,0.0,False
green3-2.xls,green,sirloin tender steak,3,48,2.0,2,shear,shear,93,0.183328,135.378,-0.35193307153833037,False
green3-3.xls,green,sirloin tender steak,3,48,2.0,3,shear,shear,93,0.178386,474.615,4.531440594587673,True
green3-4.xls,green,sirloin tender steak,3,48,2.0,4,shear,shear,93,0.183622,112.97,-0.6745,False
green3-5.xls,green,sirloin tender steak,3,48,2.0,5,shear,shear,93,0.176333,391.83,3.339736597234079,False
green3-1.xls,green,sirloin tender steak,3,48,2.0,1,shear,shear,94,0.18128799999999998,159.826,0.0,False
green3-2.xls,green,sirloin tender steak,3,48,2.0,2,shear,shear,94,0.183328,135.378,-0.35193307153833037,False
green3-3.xls,green,sirloin tender steak,3,48,2.0,3,shear,shear,94,0.18679300000000001,479.858,4.606914461328326,True
green3-4.xls,green,sirloin tender steak,3,48,2.0,4,shear,shear,94,0.183622,112.97,-0.6745,False
green3-5.xls,green,sirloin tender steak,3,48,2.0,5,shear,shear,94,0.186738,398.067,3.4295192611405163,False
green3-1.xls,green,sirloin tender steak,3,48,2.0,1,shear,shear,95,0.18967900000000001,162.675,0.0,False
green3-2.xls,green,sirloin tender steak,3,48,2.0,2,shear,shear,95,0.183327,135.378,-0.3704220199175136,False
green3-3.xls,green,sirloin tender steak,3,48,2.0,3,shear,shear,95,0.18679300000000001,479.858,4.30419341112564,True
green3-4.xls,green,sirloin tender steak,3,48,2.0,4,shear,shear,95,0.183622,112.97,-0.6745,False
green3-5.xls,green,sirloin tender steak,3,48,2.0,5,shear,shear,95,0.186738,398.067,3.194284357710491,False
green3-1.xls,green,sirloin tender steak,3,48,2.0,1,shear,shear,96,0.18967900000000001,162.675,0.0,False
green3-2.xls,green,sirloin tender steak,3,48,2.0,2,shear,shear,96,0.191388,136.341,-0.37803352062316425,False
green3-3.xls,green,sirloin tender steak,3,48,2.0,3,shear,shear,96,0.18679300000000001,479.858,4.5532697718469315,True
green3-4.xls,green,sirloin tender steak,3,48,2.0,4,shear,shear,96,0.19278199999999998,115.689,-0.6745,False
green3-5.xls,green,sirloin tender steak,3,48,2.0,5,shear,shear,96,0.186738,398.067,3.3791321670284753,False
green3-1.xls,green,sirloin tender steak,3,48,2.0,1,shear,shear,97,0.18967900000000001,162.675,0.0,False
green3-2.xls,green,sirloin tender steak,3,48,2.0,2,shear,shear,97,0.191388,136.341,-0.37803352062316425,False
green3-3.xls,green,sirloin tender steak,3,48,2.0,3,shear,shear,97,0.18679300000000001,479.858,4.5532697718469315,True
green3-4.xls,green,sirloin tender steak,3,48,2.0,4,shear,shear,97,0.19278199999999998,115.689,-0.6745,False
green3-5.xls,green,sirloin tender steak,3,48,2.0,5,shear,shear,97,0.186738,398.067,3.3791321670284753,False
green3-1.xls,green,sirloin tender steak,3,48,2.0,1,shear,shear,98,0.18967900000000001,162.675,0.0,False
green3-2.xls,green,sirloin tender steak,3,48,2.0,2,shear,shear,98,0.191388,136.341,-0.37803352062316425,False
green3-3.xls,green,sirloin tender steak,3,48,2.0,3,shear,shear,98,0.19514199999999998,479.22,4.5441110649980825,True
green3-4.xls,green,sirloin tender steak,3,48,2.0,4,shear,shear,98,0.19278199999999998,115.689,-0.6745,False
green3-5.xls,green,sirloin tender steak,3,48,2.0,5,shear,shear,98,0.186738,398.067,3.3791321670284753,False
green3-1.xls,green,sirloin tender steak,3,48,2.0,1,shear,shear,99,0.19813099999999997,164.578,0.0,False
green3-2.xls,green,sirloin tender steak,3,48,2.0,2,shear,shear,99,0.191388,136.341,-0.3895734521057905,False
green3-3.xls,green,sirloin tender steak,3,48,2.0,3,shear,shear,99,0.19514199999999998,479.22,4.3409770909611565,True
green3-4.xls,green,sirloin tender steak,3,48,2.0,4,shear,shear,99,0.19278199999999998,115.689,-0.6745,False
green3-5.xls,green,sirloin tender steak,3,48,2.0,5,shear,shear,99,0.197054,398.504,3.2273739900591125,False
green3-1.xls,green,sirloin tender steak,3,48,2.0,1,uniaxial,compression,0,0.9783178,795.876,0.7062781222106967,False
green3-2.xls,green,sirloin tender steak,3,48,2.0,2,uniaxial,compression,0,0.9783704,465.773,-0.6365346627505849,False
green3-3.xls,green,sirloin tender steak,3,48,2.0,3,uniaxial,compression,0,0.9787923,622.252,0.0,False
green3-4.xls,green,sirloin tender steak,3,48,2.0,4,uniaxial,compression,0,0.9782081,456.44,-0.6745,False
green3-5.xls,green,sirloin tender steak,3,48,2.0,5,uniaxial,compression,0,0.9780571,1248.61,2.547936645116156,False
green3-1.xls,green,sirloin tender steak,3,48,2.0,1,uniaxial,compression,1,0.957969,919.74,0.24060335565624688,False
green3-2.xls,green,sirloin tender steak,3,48,2.0,2,uniaxial,compression,1,0.9578593,535.753,-0.8592604625386967,False
green3-3.xls,green,sirloin tender steak,3,48,2.0,3,uniaxial,compression,1,0.9582692,835.74,0.0,False
green3-4.xls,green,sirloin tender steak,3,48,2.0,4,uniaxial,compression,1,0.9578247,600.257,-0.6745,False
green3-5.xls,green,sirloin tender steak,3,48,2.0,5,uniaxial,compression,1,0.9578952,1578.77,2.128279897062632,False
green3-1.xls,green,sirloin tender steak,3,48,2.0,1,uniaxial,compression,2,0.9378449,1050.69,0.1771372149432372,False
green3-2.xls,green,sirloin tender steak,3,48,2.0,2,uniaxial,compression,2,0.938,669.654,-0.6745,False
green3-3.xls,green,sirloin tender steak,3,48,2.0,3,uniaxial,compression,2,0.9383462,971.436,0.0,False
green3-4.xls,green,sirloin tender steak,3,48,2.0,4,uniaxial,compression,2,0.9374328000000001,626.476,-0.7710052952131009,False
green3-5.xls,green,sirloin tender steak,3,48,2.0,5,uniaxial,compression,2,0.9380277,1716.25,1.664701814554877,False
green3-1.xls,green,sirloin tender steak,3,48,2.0,1,uniaxial,compression,3,0.9179225,1121.16,0.0,False
green3-2.xls,green,sirloin tender steak,3,48,2.0,2,uniaxial,compression,3,0.9174815000000001,795.027,-0.6745,False
green3-3.xls,green,sirloin tender steak,3,48,2.0,3,uniaxial,compression,3,0.9184154,1160.82,0.0820238062385588,False
green3-4.xls,green,sirloin tender steak,3,48,2.0,4,uniaxial,compression,3,0.9174325999999999,706.455,-0.8576823642501678,False
green3-5.xls,green,sirloin tender steak,3,48,2.0,5,uniaxial,compression,3,0.9178885999999999,1870.74,1.5502623469566092,False
green3-1.xls,green,sirloin tender steak,3,48,2.0,1,uniaxial,compression,4,0.897992,1262.01,0.0,False
green3-2.xls,green,sirloin tender steak,3,48,2.0,2,uniaxial,compression,4,0.897985,1004.22,-0.6745,False
green3-3.xls,green,sirloin tender steak,3,48,2.0,3,uniaxial,compression,4,0.897869,1265.15,0.008215718220257061,False
green3-4.xls,green,sirloin tender steak,3,48,2.0,4,uniaxial,compression,4,0.897432,752.741,-1.3324874529655923,False
green3-5.xls,green,sirloin tender steak,3,48,2.0,5,uniaxial,compression,4,0.8976729999999999,1992.0,1.909997497963459,False
green3-1.xls,green,sirloin tender steak,3,48,2.0,1,uniaxial,compression,5,0.877442,1346.59,0.0,False
green3-2.xls,green,sirloin tender steak,3,48,2.0,2,uniaxial,compression,5,0.877489,1135.18,-0.6745,False
green3-3.xls,green,sirloin tender steak,3,48,2.0,3,uniaxial,compression,5,0.877954,1416.46,0.22291904356463796,False
green3-4.xls,green,sirloin tender steak,3,48,2.0,4,uniaxial,compression,5,0.877441,803.41,-1.7330065276003983,False
green3-5.xls,green,sirloin tender steak,3,48,2.0,5,uniaxial,compression,5,0.877506,2168.78,2.6231831748734713,False
green3-1.xls,green,sirloin tender steak,3,48,2.0,1,uniaxial,compression,6,0.857124,1469.56,0.0,False
green3-2.xls,green,sirloin tender steak,3,48,2.0,2,uniaxial,compression,6,0.857585,1323.21,-0.6745,False
green3-3.xls,green,sirloin tender steak,3,48,2.0,3,uniaxial,compression,6,0.857523,1528.28,0.2706295866074482,False
green3-4.xls,green,sirloin tender steak,3,48,2.0,4,uniaxial,compression,6,0.857074,862.138,-2.799495312606766,False
green3-5.xls,green,sirloin tender steak,3,48,2.0,5,uniaxial,compression,6,0.857649,2273.43,3.70488770071746,True
green3-1.xls,green,sirloin tender steak,3,48,2.0,1,uniaxial,compression,7,0.837574,1608.88,0.0,False
green3-2.xls,green,sirloin tender steak,3,48,2.0,2,uniaxial,compression,7,0.8371109999999999,1460.9,-0.6745,False
green3-3.xls,green,sirloin tender steak,3,48,2.0,3,uniaxial,compression,7,0.837508,1723.22,0.5211672523313957,False
green3-4.xls,green,sirloin tender steak,3,48,2.0,4,uniaxial,compression,7,0.837074,957.607,-2.968533845789972,False
green3-5.xls,green,sirloin tender steak,3,48,2.0,5,uniaxial,compression,7,0.83711,2479.46,3.968145762940937,True
green3-1.xls,green,sirloin tender steak,3,48,2.0,1,uniaxial,compression,8,0.817054,1714.51,0.0,False
green3-2.xls,green,sirloin tender steak,3,48,2.0,2,uniaxial,compression,8,0.817563,1658.8,-0.25623181043300375,False
green3-3.xls,green,sirloin tender steak,3,48,2.0,3,uniaxial,compression,8,0.817592,1861.16,0.6745,False
green3-4.xls,green,sirloin tender steak,3,48,2.0,4,uniaxial,compression,8,0.817069,999.065,-3.290607927037161,False
green3-5.xls,green,sirloin tender steak,3,48,2.0,5,uniaxial,compression,8,0.817266,2615.09,4.142115308557789,True
green3-1.xls,green,sirloin tender steak,3,48,2.0,1,uniaxial,tension,0,1.0263576,638.249,0.0,False
green3-2.xls,green,sirloin tender steak,3,48,2.0,2,uniaxial,tension,0,1.026825,560.484,-0.5279832150586338,False
green3-3.xls,green,sirloin tender steak,3,48,2.0,3,uniaxial,tension,0,1.0267037,737.594,0.6745000000000001,False
green3-4.xls,green,sirloin tender steak,3,48,2.0,4,uniaxial,tension,0,1.0261812,401.297,-1.6087787407519245,False
green3-5.xls,green,sirloin tender steak,3,48,2.0,5,uniaxial,tension,0,1.0266553,1091.37,3.0764519049776013,False
green3-1.xls,green,sirloin tender steak,3,48,2.0,1,uniaxial,tension,1,1.0520175,299.018,0.0,False
green3-2.xls,green,sirloin tender steak,3,48,2.0,2,uniaxial,tension,1,1.0516871,18.8862,-1.3564462917363622,False
green3-3.xls,green,sirloin tender steak,3,48,2.0,3,uniaxial,tension,1,1.0515612,314.253,0.07377048680158231,False
green3-4.xls,green,sirloin tender steak,3,48,2.0,4,uniaxial,tension,1,1.0516447,159.721,-0.6745,False
green3-5.xls,green,sirloin tender steak,3,48,2.0,5,uniaxial,tension,1,1.0516505,491.54,0.9322245920586951,False
green3-1.xls,green,sirloin tender steak,3,48,2.0,1,uniaxial,tension,2,1.0768634,54.6494,0.6745,False
green3-2.xls,green,sirloin tender steak,3,48,2.0,2,uniaxial,tension,2,1.0773362,-108.433,-1.688052600526381,False
green3-3.xls,green,sirloin tender steak,3,48,2.0,3,uniaxial,tension,2,1.0766206,8.08998,0.0,False
green3-4.xls,green,sirloin tender steak,3,48,2.0,4,uniaxial,tension,2,1.0766466,-11.8898,-0.2894443618498683,False
green3-5.xls,green,sirloin tender steak,3,48,2.0,5,uniaxial,tension,2,1.076698,105.17,1.4063850771766488,False
green3-1.xls,green,sirloin tender steak,3,48,2.0,1,uniaxial,tension,3,1.101845,-50.738,0.6745,False
green3-2.xls,green,sirloin tender steak,3,48,2.0,2,uniaxial,tension,3,1.102189,-274.508,-6.935880184041348,True
green3-3.xls,green,sirloin tender steak,3,48,2.0,3,uniaxial,tension,3,1.102209,-121.077,-1.7177175973780414,False
green3-4.xls,green,sirloin tender steak,3,48,2.0,4,uniaxial,tension,3,1.101638,-70.5705,0.0,False
green3-5.xls,green,sirloin tender steak,3,48,2.0,5,uniaxial,tension,3,1.101679,-51.1797,0.6594778570528175,False
red1-1.xls,red,new york strip steak,1,0,0.0,1,shear,shear,0,-0.00445599,5.78178,-0.6745,False
red1-2.xls,red,new york strip steak,1,0,0.0,2,shear,shear,0,0.00018854699999999998,18.2259,0.0,False
red1-3.xls,red,new york strip steak,1,0,0.0,3,shear,shear,0,0.000752092,54.5413,1.96837842290174,False
red1-4.xls,red,new york strip steak,1,0,0.0,4,shear,shear,0,0.00137044,35.751,0.9499008326824235,False
red1-5.xls,red,new york strip steak,1,0,0.0,5,shear,shear,0,8.49255e-05,9.70022,-0.4621115161216704,False
red1-1.xls,red,new york strip steak,1,0,0.0,1,shear,shear,1,-0.0044535799999999995,5.78178,-0.6745,False
red1-2.xls,red,new york strip steak,1,0,0.0,2,shear,shear,1,0.00018854699999999998,18.2259,0.0,False
red1-3.xls,red,new york strip steak,1,0,0.0,3,shear,shear,1,0.0007517359999999999,54.5413,1.96837842290174,False
red1-4.xls,red,new york strip steak,1,0,0.0,4,shear,shear,1,0.00197358,55.6651,2.029290974371832,False
red1-5.xls,red,new york strip steak,1,0,0.0,5,shear,shear,1,8.49255e-05,9.70022,-0.4621115161216704,False
red1-1.xls,red,new york strip steak,1,0,0.0,1,shear,shear,2,0.00411022,35.6817,0.0,False
red1-2.xls,red,new york strip steak,1,0,0.0,2,shear,shear,2,0.000188546,18.2259,-0.6242941048590638,False
red1-3.xls,red,new york strip steak,1,0,0.0,3,shear,shear,2,0.0007517359999999999,54.5413,0.6745,False
red1-4.xls,red,new york strip steak,1,0,0.0,4,shear,shear,2,0.00197357,55.6651,0.7146918969649411,False
red1-5.xls,red,new york strip steak,1,0,0.0,5,shear,shear,2,8.49252e-05,9.70022,-0.929208904748775,False
red1-1.xls,red,new york strip steak,1,0,0.0,1,shear,shear,3,0.0041102,35.6817,0.0,False
red1-2.xls,red,new york strip steak,1,0,0.0,2,shear,shear,3,0.000188546,18.2259,-0.6242941048590638,False
red1-3.xls,red,new york strip steak,1,0,0.0,3,shear,shear,3,0.000751729,54.5413,0.6745,False
red1-4.xls,red,new york strip steak,1,0,0.0,4,shear,shear,3,0.00197357,55.6651,0.7146918969649411,False
red1-5.xls,red,new york strip steak,1,0,0.0,5,shear,shear,3,8.49252e-05,9.70022,-0.929208904748775,False
red1-1.xls,red,new york strip steak,1,0,0.0,1,shear,shear,4,0.0041102,35.6817,0.0,False
red1-2.xls,red,new york strip steak,1,0,0.0,2,shear,shear,4,0.000188545,18.2259,-0.6242941048590638,False
red1-3.xls,red,new york strip steak,1,0,0.0,3,shear,shear,4,0.000751729,54.5413,0.6745,False
red1-4.xls,red,new york strip steak,1,0,0.0,4,shear,shear,4,0.00197357,55.6651,0.7146918969649411,False
red1-5.xls,red,new york strip steak,1,0,0.0,5,shear,shear,4,8.49248e-05,9.70022,-0.929208904748775,False
red1-1.xls,red,new york strip steak,1,0,0.0,1,shear,shear,5,0.00411018,35.6817,0.0,False
red1-2.xls,red,new york strip steak,1,0,0.0,2,shear,shear,5,0.009769710000000001,33.7443,-0.05029645347378201,False
red1-3.xls,red,new york strip steak,1,0,0.0,3,shear,shear,5,0.00967931,69.981,0.890437259540257,False
red1-4.xls,red,new york strip steak,1,0,0.0,4,shear,shear,5,0.010029300000000001,108.023,1.8780380043785034,False
red1-5.xls,red,new york strip steak,1,0,0.0,5,shear,shear,5,8.49248e-05,9.70022,-0.6745,False
red1-1.xls,red,new york strip steak,1,0,0.0,1,shear,shear,6,0.00411017,35.6817,0.0,False
red1-2.xls,red,new york strip steak,1,0,0.0,2,shear,shear,6,0.00976969,33.7443,-0.05029645347378201,False
red1-3.xls,red,new york strip steak,1,0,0.0,3,shear,shear,6,0.00967931,69.981,0.890437259540257,False
red1-4.xls,red,new york strip steak,1,0,0.0,4,shear,shear,6,0.010029300000000001,108.023,1.8780380043785034,False
red1-5.xls,red,new york strip steak,1,0,0.0,5,shear,shear,6,8.49246e-05,9.70022,-0.6745,False
red1-1.xls,red,new york strip steak,1,0,0.0,1,shear,shear,7,0.0138864,96.0799,0.4857977699404197,False
red1-2.xls,red,new york strip steak,1,0,0.0,2,shear,shear,7,0.00976969,33.7443,-0.6745,False
red1-3.xls,red,new york strip steak,1,0,0.0,3,shear,shear,7,0.00967931,69.981,0.0,False
red1-4.xls,red,new york strip steak,1,0,0.0,4,shear,shear,7,0.010029300000000001,108.023,0.7081033593014818,False
red1-5.xls,red,new york strip steak,1,0,0.0,5,shear,shear,7,0.0130751,24.3278,-0.849776149594196,False
red1-1.xls,red,new york strip steak,1,0,0.0,1,shear,shear,8,0.0138864,96.0799,0.4857977699404197,False
red1-2.xls,red,new york strip steak,1,0,0.0,2,shear,shear,8,0.00976968,33.7443,-0.6745,False
red1-3.xls,red,new york strip steak,1,0,0.0,3,shear,shear,8,0.00967931,69.981,0.0,False
red1-4.xls,red,new york strip steak,1,0,0.0,4,shear,shear,8,0.010029300000000001,108.023,0.7081033593014818,False
red1-5.xls,red,new york strip steak,1,0,0.0,5,shear,shear,8,0.0130751,24.3278,-0.849776149594196,False
red1-1.xls,red,new york strip steak,1,0,0.0,1,shear,shear,9,0.0138864,96.0799,0.4857977699404197,False
red1-2.xls,red,new york strip steak,1,0,0.0,2,shear,shear,9,0.00976968,33.7443,-0.6745,False
red1-3.xls,red,new york strip steak,1,0,0.0,3,shear,shear,9,0.00967931,69.981,0.0,False
red1-4.xls,red,new york strip steak,1,0,0.0,4,shear,shear,9,0.010029300000000001,108.023,0.7081033593014818,False
red1-5.xls,red,new york strip steak,1,0,0.0,5,shear,shear,9,0.0130751,24.3278,-0.849776149594196,False
red1-1.xls,red,new york strip steak,1,0,0.0,1,shear,shear,10,0.0138864,96.0799,0.0,False
red1-2.xls,red,new york strip steak,1,0,0.0,2,shear,shear,10,0.0197698,92.1884,-0.05187579671963958,False
red1-3.xls,red,new york strip steak,1,0,0.0,3,shear,shear,10,0.019153299999999998,146.678,0.6744999999999999,False
red1-4.xls,red,new york strip steak,1,0,0.0,4,shear,shear,10,0.0204499,205.142,1.4538566952118757,False
red1-5.xls,red,new york strip steak,1,0,0.0,5,shear,shear,10,0.0130751,24.3278,-0.9564942448431857,False
red1-1.xls,red,new york strip steak,1,0,0.0,1,shear,shear,11,0.0138864,96.0799,0.0,False
red1-2.xls,red,new york strip steak,1,0,0.0,2,shear,shear,11,0.0197698,92.1884,-0.05187579671963958,False
red1-3.xls,red,new york strip steak,1,0,0.0,3,shear,shear,11,0.019153299999999998,146.678,0.6744999999999999,False
red1-4.xls,red,new york strip steak,1,0,0.0,4,shear,shear,11,0.0204499,205.142,1.4538566952118757,False
red1-5.xls,red,new york strip steak,1,0,0.0,5,shear,shear,11,0.0130751,24.3278,-0.9564942448431857,False
red1-1.xls,red,new york strip steak,1,0,0.0,1,shear,shear,12,0.023806400000000002,171.322,0.3050559739840264,False
red1-2.xls,red,new york strip steak,1,0,0.0,2,shear,shear,12,0.0197698,92.1884,-0.6745,False
red1-3.xls,red,new york strip steak,1,0,0.0,3,shear,shear,12,0.019153299999999998,146.678,0.0,False
red1-4.xls,red,new york strip steak,1,0,0.0,4,shear,shear,12,0.020449799999999997,205.142,0.7236971458773785,False
red1-5.xls,red,new york strip steak,1,0,0.0,5,shear,shear,12,0.0230069,66.987,-0.986455754859643,False
red1-1.xls,red,new york strip steak,1,0,0.0,1,shear,shear,13,0.023806400000000002,171.322,0.3050559739840264,False
red1-2.xls,red,new york strip steak,1,0,0.0,2,shear,shear,13,0.0197698,92.1884,-0.6745,False
red1-3.xls,red,new york strip steak,1,0,0.0,3,shear,shear,13,0.0191532,146.678,0.0,False
red1-4.xls,red,new york strip steak,1,0,0.0,4,shear,shear,13,0.020449799999999997,205.142,0.7236971458773785,False
red1-5.xls,red,new york strip steak,1,0,0.0,5,shear,shear,13,0.0230069,66.987,-0.986455754859643,False
red1-1.xls,red,new york strip steak,1,0,0.0,1,shear,shear,14,0.023806400000000002,171.322,0.0,False
red1-2.xls,red,new york strip steak,1,0,0.0,2,shear,shear,14,0.0197698,92.1884,-1.5782262921348318,False
red1-3.xls,red,new york strip steak,1,0,0.0,3,shear,shear,14,0.0285953,188.26,0.337808426966292,False
red1-4.xls,red,new york strip steak,1,0,0.0,4,shear,shear,14,0.020449799999999997,205.142,0.6745,False
red1-5.xls,red,new york strip steak,1,0,0.0,5,shear,shear,14,0.023006799999999997,66.987,-2.080838483146068,False
red1-1.xls,red,new york strip steak,1,0,0.0,1,shear,shear,15,0.023806400000000002,171.322,0.0,False
red1-2.xls,red,new york strip steak,1,0,0.0,2,shear,shear,15,0.0296493,124.636,-0.9310971910112362,False
red1-3.xls,red,new york strip steak,1,0,0.0,3,shear,shear,15,0.0285953,188.26,0.337808426966292,False
red1-4.xls,red,new york strip steak,1,0,0.0,4,shear,shear,15,0.020449799999999997,205.142,0.6745,False
red1-5.xls,red,new york strip steak,1,0,0.0,5,shear,shear,15,0.023006799999999997,66.987,-2.080838483146068,False
red1-1.xls,red,new york strip steak,1,0,0.0,1,shear,shear,16,0.023806400000000002,171.322,0.0,False
red1-2.xls,red,new york strip steak,1,0,0.0,2,shear,shear,16,0.0296493,124.636,-0.6745,False
red1-3.xls,red,new york strip steak,1,0,0.0,3,shear,shear,16,0.0285953,188.26,0.24471321166945104,False
red1-4.xls,red,new york strip steak,1,0,0.0,4,shear,shear,16,0.030852400000000002,267.278,1.3863325622242213,False
red1-5.xls,red,new york strip steak,1,0,0.0,5,shear,shear,16,0.023006799999999997,66.987,-1.5073888853189392,False
red1-1.xls,red,new york strip steak,1,0,0.0,1,shear,shear,17,0.0337716,219.266,0.32870531560417454,False
red1-2.xls,red,new york strip steak,1,0,0.0,2,shear,shear,17,0.0296492,124.636,-0.6745,False
red1-3.xls,red,new york strip steak,1,0,0.0,3,shear,shear,17,0.0285953,188.26,0.0,False
red1-4.xls,red,new york strip steak,1,0,0.0,4,shear,shear,17,0.030852400000000002,267.278,0.8376971111530244,False
red1-5.xls,red,new york strip steak,1,0,0.0,5,shear,shear,17,0.0329599,84.5135,-1.0998524809820194,False
red1-1.xls,red,new york strip steak,1,0,0.0,1,shear,shear,18,0.0337716,219.266,0.32870531560417454,False
red1-2.xls,red,new york strip steak,1,0,0.0,2,shear,shear,18,0.0296492,124.636,-0.6745,False
red1-3.xls,red,new york strip steak,1,0,0.0,3,shear,shear,18,0.0285953,188.26,0.0,False
red1-4.xls,red,new york strip steak,1,0,0.0,4,shear,shear,18,0.030852400000000002,267.278,0.8376971111530244,False
red1-5.xls,red,new york strip steak,1,0,0.0,5,shear,shear,18,0.0329599,84.5135,-1.0998524809820194,False
red1-1.xls,red,new york strip steak,1,0,0.0,1,shear,shear,19,0.033771499999999996,219.266,0.02183173445120714,False
red1-2.xls,red,new york strip steak,1,0,0.0,2,shear,shear,19,0.0296492,124.636,-1.2645549598935864,False
red1-3.xls,red,new york strip steak,1,0,0.0,3,shear,shear,19,0.0381034,217.66,0.0,False
red1-4.xls,red,new york strip steak,1,0,0.0,4,shear,shear,19,0.030852300000000003,267.278,0.6744999999999999,False
red1-5.xls,red,new york strip steak,1,0,0.0,5,shear,shear,19,0.0329599,84.5135,-1.8099744901043968,False
red1-1.xls,red,new york strip steak,1,0,0.0,1,shear,shear,20,0.033771499999999996,219.266,0.02183173445120714,False
red1-2.xls,red,new york strip steak,1,0,0.0,2,shear,shear,20,0.0396463,147.659,-0.9515835886170338,False
red1-3.xls,red,new york strip steak,1,0,0.0,3,shear,shear,20,0.0381034,217.66,0.0,False
red1-4.xls,red,new york strip steak,1,0,0.0,4,shear,shear,20,0.030852300000000003,267.278,0.6744999999999999,False
red1-5.xls,red,new york strip steak,1,0,0.0,5,shear,shear,20,0.0329599,84.5135,-1.8099744901043968,False
red1-1.xls,red,new york strip steak,1,0,0.0,1,shear,shear,21,0.033771499999999996,219.266,0.015474736075198873,False
red1-2.xls,red,new york strip steak,1,0,0.0,2,shear,shear,21,0.0396463,147.659,-0.6745,False
red1-3.xls,red,new york strip steak,1,0,0.0,3,shear,shear,21,0.0381034,217.66,0.0,False
red1-4.xls,red,new york strip steak,1,0,0.0,4,shear,shear,21,0.041228,315.816,0.9457896601477118,False
red1-5.xls,red,new york strip steak,1,0,0.0,5,shear,shear,21,0.0329599,84.5135,-1.282943304381366,False
red1-1.xls,red,new york strip steak,1,0,0.0,1,shear,shear,22,0.0437002,255.93,0.36875351780688853,False
red1-2.xls,red,new york strip steak,1,0,0.0,2,shear,shear,22,0.0396463,147.659,-0.6745,False
red1-3.xls,red,new york strip steak,1,0,0.0,3,shear,shear,22,0.0381034,217.66,0.0,False
red1-4.xls,red,new york strip steak,1,0,0.0,4,shear,shear,22,0.041228,315.816,0.9457896601477118,False
red1-5.xls,red,new york strip steak,1,0,0.0,5,shear,shear,22,0.0429064,94.0514,-1.1910401379980284,False
red1-1.xls,red,new york strip steak,1,0,0.0,1,shear,shear,23,0.0437001,255.93,0.1436473761680095,False
red1-2.xls,red,new york strip steak,1,0,0.0,2,shear,shear,23,0.0396463,147.659,-0.816108567373277,False
red1-3.xls,red,new york strip steak,1,0,0.0,3,shear,shear,23,0.0475902,239.725,0.0,False
red1-4.xls,red,new york strip steak,1,0,0.0,4,shear,shear,23,0.041227900000000005,315.816,0.6745,False
red1-5.xls,red,new york strip steak,1,0,0.0,5,shear,shear,23,0.0429063,94.0514,-1.2913070297407054,False
red1-1.xls,red,new york strip steak,1,0,0.0,1,shear,shear,24,0.0437001,255.93,0.1436473761680095,False
red1-2.xls,red,new york strip steak,1,0,0.0,2,shear,shear,24,0.0396463,147.659,-0.816108567373277,False
red1-3.xls,red,new york strip steak,1,0,0.0,3,shear,shear,24,0.0475902,239.725,0.0,False
red1-4.xls,red,new york strip steak,1,0,0.0,4,shear,shear,24,0.041227900000000005,315.816,0.6745,False
red1-5.xls,red,new york strip steak,1,0,0.0,5,shear,shear,24,0.0429063,94.0514,-1.2913070297407054,False
red1-1.xls,red,new york strip steak,1,0,0.0,1,shear,shear,25,0.0437001,255.93,0.1468392398941388,False
red1-2.xls,red,new york strip steak,1,0,0.0,2,shear,shear,25,0.0495442,165.288,-0.6745,False
red1-3.xls,red,new york strip steak,1,0,0.0,3,shear,shear,25,0.0475902,239.725,0.0,False
red1-4.xls,red,new york strip steak,1,0,0.0,4,shear,shear,25,0.041227900000000005,315.816,0.6894874793449494,False
red1-5.xls,red,new york strip steak,1,0,0.0,5,shear,shear,25,0.0429063,94.0514,-1.3200000429893737,False
red1-1.xls,red,new york strip steak,1,0,0.0,1,shear,shear,26,0.0437001,255.93,0.1468392398941388,False
red1-2.xls,red,new york strip steak,1,0,0.0,2,shear,shear,26,0.0495442,165.288,-0.6745,False
red1-3.xls,red,new york strip steak,1,0,0.0,3,shear,shear,26,0.0475902,239.725,0.0,False
red1-4.xls,red,new york strip steak,1,0,0.0,4,shear,shear,26,0.0516786,354.986,1.0444207114741326,False
red1-5.xls,red,new york strip steak,1,0,0.0,5,shear,shear,26,0.0429063,94.0514,-1.3200000429893737,False
red1-1.xls,red,new york strip steak,1,0,0.0,1,shear,shear,27,0.0536386,285.027,0.4104974542230343,False
red1-2.xls,red,new york strip steak,1,0,0.0,2,shear,shear,27,0.0495442,165.288,-0.6745,False
red1-3.xls,red,new york strip steak,1,0,0.0,3,shear,shear,27,0.0475902,239.725,0.0,False
red1-4.xls,red,new york strip steak,1,0,0.0,4,shear,shear,27,0.0516786,354.986,1.0444207114741326,False
red1-5.xls,red,new york strip steak,1,0,0.0,5,shear,shear,27,0.0528622,100.248,-1.2638504574338032,False
red1-1.xls,red,new york strip steak,1,0,0.0,1,shear,shear,28,0.0536386,285.027,0.4104974542230343,False
red1-2.xls,red,new york strip steak,1,0,0.0,2,shear,shear,28,0.0495442,165.288,-0.6745,False
red1-3.xls,red,new york strip steak,1,0,0.0,3,shear,shear,28,0.0475902,239.725,0.0,False
red1-4.xls,red,new york strip steak,1,0,0.0,4,shear,shear,28,0.0516786,354.986,1.0444207114741326,False
red1-5.xls,red,new york strip steak,1,0,0.0,5,shear,shear,28,0.0528622,100.248,-1.2638504574338032,False
red1-1.xls,red,new york strip steak,1,0,0.0,1,shear,shear,29,0.0536386,285.027,0.19796360051852638,False
red1-2.xls,red,new york strip steak,1,0,0.0,2,shear,shear,29,0.049544,165.288,-0.6745,False
red1-3.xls,red,new york strip steak,1,0,0.0,3,shear,shear,29,0.0571254,257.858,0.0,False
red1-4.xls,red,new york strip steak,1,0,0.0,4,shear,shear,29,0.0516784,354.986,0.7077113103597278,False
red1-5.xls,red,new york strip steak,1,0,0.0,5,shear,shear,29,0.0528622,100.248,-1.1484060170681647,False
red1-1.xls,red,new york strip steak,1,0,0.0,1,shear,shear,30,0.0536386,285.027,0.231245226948654,False
red1-2.xls,red,new york strip steak,1,0,0.0,2,shear,shear,30,0.059487899999999996,178.611,-0.6745,False
red1-3.xls,red,new york strip steak,1,0,0.0,3,shear,shear,30,0.0571254,257.858,0.0,False
red1-4.xls,red,new york strip steak,1,0,0.0,4,shear,shear,30,0.0516784,354.986,0.8266916854896713,False
red1-5.xls,red,new york strip steak,1,0,0.0,5,shear,shear,30,0.0528622,100.248,-1.3414759549257382,False
red1-1.xls,red,new york strip steak,1,0,0.0,1,shear,shear,31,0.0536386,285.027,0.231245226948654,False
red1-2.xls,red,new york strip steak,1,0,0.0,2,shear,shear,31,0.059487899999999996,178.611,-0.6745,False
red1-3.xls,red,new york strip steak,1,0,0.0,3,shear,shear,31,0.0571254,257.858,0.0,False
red1-4.xls,red,new york strip steak,1,0,0.0,4,shear,shear,31,0.0620313,388.048,1.1080943758123334,False
red1-5.xls,red,new york strip steak,1,0,0.0,5,shear,shear,31,0.052862099999999995,100.248,-1.3414759549257382,False
red1-1.xls,red,new york strip steak,1,0,0.0,1,shear,shear,32,0.0636034,307.582,0.42321902406400225,False
red1-2.xls,red,new york strip steak,1,0,0.0,2,shear,shear,32,0.059487899999999996,178.611,-0.6745,False
red1-3.xls,red,new york strip steak,1,0,0.0,3,shear,shear,32,0.0571254,257.858,0.0,False
red1-4.xls,red,new york strip steak,1,0,0.0,4,shear,shear,32,0.0620313,388.048,1.1080943758123334,False
red1-5.xls,red,new york strip steak,1,0,0.0,5,shear,shear,32,0.0627852,103.948,-1.3099839110628795,False
red1-1.xls,red,new york strip steak,1,0,0.0,1,shear,shear,33,0.0636034,307.582,0.258869164493943,False
red1-2.xls,red,new york strip steak,1,0,0.0,2,shear,shear,33,0.059487899999999996,178.611,-0.6745,False
red1-3.xls,red,new york strip steak,1,0,0.0,3,shear,shear,33,0.0665849,271.812,0.0,False
red1-4.xls,red,new york strip steak,1,0,0.0,4,shear,shear,33,0.0620313,388.048,0.8412053733329039,False
red1-5.xls,red,new york strip steak,1,0,0.0,5,shear,shear,33,0.0627852,103.948,-1.2148396261842684,False
red1-1.xls,red,new york strip steak,1,0,0.0,1,shear,shear,34,0.0636034,307.582,0.258869164493943,False
red1-2.xls,red,new york strip steak,1,0,0.0,2,shear,shear,34,0.059487899999999996,178.611,-0.6745,False
red1-3.xls,red,new york strip steak,1,0,0.0,3,shear,shear,34,0.0665849,271.812,0.0,False
red1-4.xls,red,new york strip steak,1,0,0.0,4,shear,shear,34,0.0620313,388.048,0.8412053733329039,False
red1-5.xls,red,new york strip steak,1,0,0.0,5,shear,shear,34,0.0627852,103.948,-1.2148396261842684,False
red1-1.xls,red,new york strip steak,1,0,0.0,1,shear,shear,35,0.0636034,307.582,0.2810318458724999,False
red1-2.xls,red,new york strip steak,1,0,0.0,2,shear,shear,35,0.0694183,185.961,-0.6745,False
red1-3.xls,red,new york strip steak,1,0,0.0,3,shear,shear,35,0.0665849,271.812,0.0,False
red1-4.xls,red,new york strip steak,1,0,0.0,4,shear,shear,35,0.0620311,388.048,0.9132238646026254,False
red1-5.xls,red,new york strip steak,1,0,0.0,5,shear,shear,35,0.0627853,103.948,-1.3188462335907563,False
red1-1.xls,red,new york strip steak,1,0,0.0,1,shear,shear,36,0.0636034,307.582,0.2810318458724999,False
red1-2.xls,red,new york strip steak,1,0,0.0,2,shear,shear,36,0.0694183,185.961,-0.6745,False
red1-3.xls,red,new york strip steak,1,0,0.0,3,shear,shear,36,0.0665849,271.812,0.0,False
red1-4.xls,red,new york strip steak,1,0,0.0,4,shear,shear,36,0.0724322,416.06,1.133303933559306,False
red1-5.xls,red,new york strip steak,1,0,0.0,5,shear,shear,36,0.0726782,108.031,-1.2867675915248513,False
red1-1.xls,red,new york strip steak,1,0,0.0,1,shear,shear,37,0.0735519,324.946,0.41745446180009566,False
red1-2.xls,red,new york strip steak,1,0,0.0,2,shear,shear,37,0.0694183,185.961,-0.6745,False
red1-3.xls,red,new york strip steak,1,0,0.0,3,shear,shear,37,0.0665849,271.812,0.0,False
red1-4.xls,red,new york strip steak,1,0,0.0,4,shear,shear,37,0.0724322,416.06,1.133303933559306,False
red1-5.xls,red,new york strip steak,1,0,0.0,5,shear,shear,37,0.072678,108.031,-1.2867675915248513,False
red1-1.xls,red,new york strip steak,1,0,0.0,1,shear,shear,38,0.0735519,324.946,0.27679516971941803,False
red1-2.xls,red,new york strip steak,1,0,0.0,2,shear,shear,38,0.0694183,185.961,-0.6745,False
red1-3.xls,red,new york strip steak,1,0,0.0,3,shear,shear,38,0.07613260000000001,284.506,0.0,False
red1-4.xls,red,new york strip steak,1,0,0.0,4,shear,shear,38,0.0724322,416.06,0.9004330305951602,False
red1-5.xls,red,new york strip steak,1,0,0.0,5,shear,shear,38,0.072678,108.031,-1.2078988025775028,False
red1-1.xls,red,new york strip steak,1,0,0.0,1,shear,shear,39,0.0735519,324.946,0.27679516971941803,False
red1-2.xls,red,new york strip steak,1,0,0.0,2,shear,shear,39,0.0694183,185.961,-0.6745,False
red1-3.xls,red,new york strip steak,1,0,0.0,3,shear,shear,39,0.07613260000000001,284.506,0.0,False
red1-4.xls,red,new york strip steak,1,0,0.0,4,shear,shear,39,0.0724322,416.06,0.9004330305951602,False
red1-5.xls,red,new york strip steak,1,0,0.0,5,shear,shear,39,0.072678,108.031,-1.2078988025775028,False
red1-1.xls,red,new york strip steak,1,0,0.0,1,shear,shear,40,0.0735519,324.946,0.3029844380019333,False
red1-2.xls,red,new york strip steak,1,0,0.0,2,shear,shear,40,0.0793451,194.479,-0.6745,False
red1-3.xls,red,new york strip steak,1,0,0.0,3,shear,shear,40,0.07613260000000001,284.506,0.0,False
red1-4.xls,red,new york strip steak,1,0,0.0,4,shear,shear,40,0.0724322,416.06,0.9856284559076729,False
red1-5.xls,red,new york strip steak,1,0,0.0,5,shear,shear,40,0.072678,108.031,-1.322185427705022,False
red1-1.xls,red,new york strip steak,1,0,0.0,1,shear,shear,41,0.0735518,324.946,0.3029844380019333,False
red1-2.xls,red,new york strip steak,1,0,0.0,2,shear,shear,41,0.0793451,194.479,-0.6745,False
red1-3.xls,red,new york strip steak,1,0,0.0,3,shear,shear,41,0.07613260000000001,284.506,0.0,False
red1-4.xls,red,new york strip steak,1,0,0.0,4,shear,shear,41,0.08283979999999999,439.211,1.1590803036866726,False
red1-5.xls,red,new york strip steak,1,0,0.0,5,shear,shear,41,0.0825937,109.792,-1.3089916691659171,False
red1-1.xls,red,new york strip steak,1,0,0.0,1,shear,shear,42,0.0834277,340.554,0.4199226454285938,False
red1-2.xls,red,new york strip steak,1,0,0.0,2,shear,shear,42,0.0793451,194.479,-0.6745,False
red1-3.xls,red,new york strip steak,1,0,0.0,3,shear,shear,42,0.07613260000000001,284.506,0.0,False
red1-4.xls,red,new york strip steak,1,0,0.0,4,shear,shear,42,0.08283979999999999,439.211,1.1590803036866726,False
red1-5.xls,red,new york strip steak,1,0,0.0,5,shear,shear,42,0.0825937,109.792,-1.3089916691659171,False
red1-1.xls,red,new york strip steak,1,0,0.0,1,shear,shear,43,0.0834277,340.554,0.3061569806212738,False
red1-2.xls,red,new york strip steak,1,0,0.0,2,shear,shear,43,0.0793451,194.479,-0.6745000000000001,False
red1-3.xls,red,new york strip steak,1,0,0.0,3,shear,shear,43,0.0855892,294.95,0.0,False
red1-4.xls,red,new york strip steak,1,0,0.0,4,shear,shear,43,0.08283979999999999,439.211,0.9684789093370231,False
red1-5.xls,red,new york strip steak,1,0,0.0,5,shear,shear,43,0.0825937,109.792,-1.2430360103910583,False
red1-1.xls,red,new york strip steak,1,0,0.0,1,shear,shear,44,0.0834277,340.554,0.3061569806212738,False
red1-2.xls,red,new york strip steak,1,0,0.0,2,shear,shear,44,0.0793451,194.479,-0.6745000000000001,False
red1-3.xls,red,new york strip steak,1,0,0.0,3,shear,shear,44,0.0855892,294.95,0.0,False
red1-4.xls,red,new york strip steak,1,0,0.0,4,shear,shear,44,0.08283979999999999,439.211,0.9684789093370231,False
red1-5.xls,red,new york strip steak,1,0,0.0,5,shear,shear,44,0.0825937,109.792,-1.2430360103910583,False
red1-1.xls,red,new york strip steak,1,0,0.0,1,shear,shear,45,0.0834277,340.554,0.3275361025630104,False
red1-2.xls,red,new york strip steak,1,0,0.0,2,shear,shear,45,0.0893159,201.037,-0.6745,False
red1-3.xls,red,new york strip steak,1,0,0.0,3,shear,shear,45,0.0855892,294.95,0.0,False
red1-4.xls,red,new york strip steak,1,0,0.0,4,shear,shear,45,0.0828397,439.211,1.0361083609297972,False
red1-5.xls,red,new york strip steak,1,0,0.0,5,shear,shear,45,0.0825937,109.792,-1.3298379457583083,False
red1-1.xls,red,new york strip steak,1,0,0.0,1,shear,shear,46,0.0834277,340.554,0.3275361025630104,False
red1-2.xls,red,new york strip steak,1,0,0.0,2,shear,shear,46,0.0893159,201.037,-0.6745,False
red1-3.xls,red,new york strip steak,1,0,0.0,3,shear,shear,46,0.0855892,294.95,0.0,False
red1-4.xls,red,new york strip steak,1,0,0.0,4,shear,shear,46,0.0828397,439.211,1.0361083609297972,False
red1-5.xls,red,new york strip steak,1,0,0.0,5,shear,shear,46,0.0925407,111.699,-1.3161415299266341,False
red1-1.xls,red,new york strip steak,1,0,0.0,1,shear,shear,47,0.0934333,353.728,0.4221541320158021,False
red1-2.xls,red,new york strip steak,1,0,0.0,2,shear,shear,47,0.0893158,201.037,-0.6745,False
red1-3.xls,red,new york strip steak,1,0,0.0,3,shear,shear,47,0.0855892,294.95,0.0,False
red1-4.xls,red,new york strip steak,1,0,0.0,4,shear,shear,47,0.0932373,459.402,1.1811237421869178,False
red1-5.xls,red,new york strip steak,1,0,0.0,5,shear,shear,47,0.0925409,111.699,-1.3161415299266341,False
red1-1.xls,red,new york strip steak,1,0,0.0,1,shear,shear,48,0.0934333,353.728,0.32337886230851987,False
red1-2.xls,red,new york strip steak,1,0,0.0,2,shear,shear,48,0.0893158,201.037,-0.6745,False
red1-3.xls,red,new york strip steak,1,0,0.0,3,shear,shear,48,0.0950574,304.246,0.0,False
red1-4.xls,red,new york strip steak,1,0,0.0,4,shear,shear,48,0.0932373,459.402,1.0139883343506866,False
red1-5.xls,red,new york strip steak,1,0,0.0,5,shear,shear,48,0.0925409,111.699,-1.258349092617892,False
red1-1.xls,red,new york strip steak,1,0,0.0,1,shear,shear,49,0.0934334,353.728,0.32337886230851987,False
red1-2.xls,red,new york strip steak,1,0,0.0,2,shear,shear,49,0.0893158,201.037,-0.6745,False
red1-3.xls,red,new york strip steak,1,0,0.0,3,shear,shear,49,0.0950574,304.246,0.0,False
red1-4.xls,red,new york strip steak,1,0,0.0,4,shear,shear,49,0.0932373,459.402,1.0139883343506866,False
red1-5.xls,red,new york strip steak,1,0,0.0,5,shear,shear,49,0.0925407,111.699,-1.258349092617892,False
red1-1.xls,red,new york strip steak,1,0,0.0,1,shear,shear,50,0.0934334,353.728,0.3400296367989407,False
red1-2.xls,red,new york strip steak,1,0,0.0,2,shear,shear,50,0.09916140000000001,206.091,-0.6745,False
red1-3.xls,red,new york strip steak,1,0,0.0,3,shear,shear,50,0.0950574,304.246,0.0,False
red1-4.xls,red,new york strip steak,1,0,0.0,4,shear,shear,50,0.0932373,459.402,1.0661985838724468,False
red1-5.xls,red,new york strip steak,1,0,0.0,5,shear,shear,50,0.0925407,111.699,-1.323141475217768,False
red1-1.xls,red,new york strip steak,1,0,0.0,1,shear,shear,51,0.09343320000000001,353.728,0.3400296367989407,False
red1-2.xls,red,new york strip steak,1,0,0.0,2,shear,shear,51,0.09916140000000001,206.091,-0.6745,False
red1-3.xls,red,new york strip steak,1,0,0.0,3,shear,shear,51,0.0950574,304.246,0.0,False
red1-4.xls,red,new york strip steak,1,0,0.0,4,shear,shear,51,0.0932371,459.402,1.0661985838724468,False
red1-5.xls,red,new york strip steak,1,0,0.0,5,shear,shear,51,0.10242699999999999,114.143,-1.3063468340889413,False
red1-1.xls,red,new york strip steak,1,0,0.0,1,shear,shear,52,0.103276,363.122,0.33123917275170217,False
red1-2.xls,red,new york strip steak,1,0,0.0,2,shear,shear,52,0.09916140000000001,206.091,-0.6745,False
red1-3.xls,red,new york strip steak,1,0,0.0,3,shear,shear,52,0.10454599999999999,311.404,0.0,False
red1-4.xls,red,new york strip steak,1,0,0.0,4,shear,shear,52,0.103629,476.237,1.055708777643786,False
red1-5.xls,red,new york strip steak,1,0,0.0,5,shear,shear,52,0.10242699999999999,114.143,-1.263400952399039,False
red1-1.xls,red,new york strip steak,1,0,0.0,1,shear,shear,53,0.103276,363.122,0.33123917275170217,False
red1-2.xls,red,new york strip steak,1,0,0.0,2,shear,shear,53,0.09916140000000001,206.091,-0.6745,False
red1-3.xls,red,new york strip steak,1,0,0.0,3,shear,shear,53,0.10454599999999999,311.404,0.0,False
red1-4.xls,red,new york strip steak,1,0,0.0,4,shear,shear,53,0.103629,476.237,1.055708777643786,False
red1-5.xls,red,new york strip steak,1,0,0.0,5,shear,shear,53,0.10242699999999999,114.143,-1.263400952399039,False
red1-1.xls,red,new york strip steak,1,0,0.0,1,shear,shear,54,0.103276,363.122,0.33123917275170217,False
red1-2.xls,red,new york strip steak,1,0,0.0,2,shear,shear,54,0.09916140000000001,206.091,-0.6745,False
red1-3.xls,red,new york strip steak,1,0,0.0,3,shear,shear,54,0.10454599999999999,311.404,0.0,False
red1-4.xls,red,new york strip steak,1,0,0.0,4,shear,shear,54,0.103629,476.237,1.055708777643786,False
red1-5.xls,red,new york strip steak,1,0,0.0,5,shear,shear,54,0.10242699999999999,114.143,-1.263400952399039,False
red1-1.xls,red,new york strip steak,1,0,0.0,1,shear,shear,55,0.103276,363.122,0.35390225121488517,False
red1-2.xls,red,new york strip steak,1,0,0.0,2,shear,shear,55,0.109153,212.835,-0.6745,False
red1-3.xls,red,new york strip steak,1,0,0.0,3,shear,shear,55,0.10454599999999999,311.404,0.0,False
red1-4.xls,red,new york strip steak,1,0,0.0,4,shear,shear,55,0.103629,476.237,1.1279393977822645,False
red1-5.xls,red,new york strip steak,1,0,0.0,5,shear,shear,55,0.10242699999999999,114.143,-1.3498416794326817,False
red1-1.xls,red,new york strip steak,1,0,0.0,1,shear,shear,56,0.103276,363.122,0.35390225121488517,False
red1-2.xls,red,new york strip steak,1,0,0.0,2,shear,shear,56,0.109153,212.835,-0.6745,False
red1-3.xls,red,new york strip steak,1,0,0.0,3,shear,shear,56,0.10454599999999999,311.404,0.0,False
red1-4.xls,red,new york strip steak,1,0,0.0,4,shear,shear,56,0.103629,476.237,1.1279393977822645,False
red1-5.xls,red,new york strip steak,1,0,0.0,5,shear,shear,56,0.11239800000000001,114.464,-1.347645101401049,False
red1-1.xls,red,new york strip steak,1,0,0.0,1,shear,shear,57,0.113236,371.581,0.34813692886613723,False
red1-2.xls,red,new york strip steak,1,0,0.0,2,shear,shear,57,0.109153,212.835,-0.6745,False
red1-3.xls,red,new york strip steak,1,0,0.0,3,shear,shear,57,0.114093,317.539,0.0,False
red1-4.xls,red,new york strip steak,1,0,0.0,4,shear,shear,57,0.114024,490.078,1.1114910175351467,False
red1-5.xls,red,new york strip steak,1,0,0.0,5,shear,shear,57,0.11239800000000001,114.464,-1.3082030056158316,False
red1-1.xls,red,new york strip steak,1,0,0.0,1,shear,shear,58,0.113236,371.581,0.34813692886613723,False
red1-2.xls,red,new york strip steak,1,0,0.0,2,shear,shear,58,0.109153,212.835,-0.6745,False
red1-3.xls,red,new york strip steak,1,0,0.0,3,shear,shear,58,0.114093,317.539,0.0,False
red1-4.xls,red,new york strip steak,1,0,0.0,4,shear,shear,58,0.114024,490.078,1.1114910175351467,False
red1-5.xls,red,new york strip steak,1,0,0.0,5,shear,shear,58,0.11239800000000001,114.464,-1.3082030056158316,False
red1-1.xls,red,new york strip steak,1,0,0.0,1,shear,shear,59,0.113236,371.581,0.34813692886613723,False
red1-2.xls,red,new york strip steak,1,0,0.0,2,shear,shear,59,0.109153,212.835,-0.6745,False
red1-3.xls,red,new york strip steak,1,0,0.0,3,shear,shear,59,0.114093,317.539,0.0,False
red1-4.xls,red,new york strip steak,1,0,0.0,4,shear,shear,59,0.114024,490.078,1.1114910175351467,False
red1-5.xls,red,new york strip steak,1,0,0.0,5,shear,shear,59,0.11239800000000001,114.464,-1.3082030056158316,False
red1-1.xls,red,new york strip steak,1,0,0.0,1,shear,shear,60,0.113236,371.581,0.363477379468515,False
red1-2.xls,red,new york strip steak,1,0,0.0,2,shear,shear,60,0.119042,217.254,-0.6745,False
red1-3.xls,red,new york strip steak,1,0,0.0,3,shear,shear,60,0.114093,317.539,0.0,False
red1-4.xls,red,new york strip steak,1,0,0.0,4,shear,shear,60,0.114024,490.078,1.1604682205713714,False
red1-5.xls,red,new york strip steak,1,0,0.0,5,shear,shear,60,0.11239800000000001,114.464,-1.3658482076083163,False
red1-1.xls,red,new york strip steak,1,0,0.0,1,shear,shear,61,0.113236,371.581,0.363477379468515,False
red1-2.xls,red,new york strip steak,1,0,0.0,2,shear,shear,61,0.119042,217.254,-0.6745,False
red1-3.xls,red,new york strip steak,1,0,0.0,3,shear,shear,61,0.114093,317.539,0.0,False
red1-4.xls,red,new york strip steak,1,0,0.0,4,shear,shear,61,0.114024,490.078,1.1604682205713714,False
red1-5.xls,red,new york strip steak,1,0,0.0,5,shear,shear,61,0.122305,113.916,-1.369533963204866,False
red1-1.xls,red,new york strip steak,1,0,0.0,1,shear,shear,62,0.123116,377.335,0.3756734603563647,False
red1-2.xls,red,new york strip steak,1,0,0.0,2,shear,shear,62,0.119042,217.254,-0.6744999999999999,False
red1-3.xls,red,new york strip steak,1,0,0.0,3,shear,shear,62,0.12353,320.07,0.0,False
red1-4.xls,red,new york strip steak,1,0,0.0,4,shear,shear,62,0.124421,500.229,1.1818904207516339,False
red1-5.xls,red,new york strip steak,1,0,0.0,5,shear,shear,62,0.122305,113.916,-1.3524244572829132,False
red1-1.xls,red,new york strip steak,1,0,0.0,1,shear,shear,63,0.123116,377.335,0.3756734603563647,False
red1-2.xls,red,new york strip steak,1,0,0.0,2,shear,shear,63,0.119042,217.254,-0.6744999999999999,False
red1-3.xls,red,new york strip steak,1,0,0.0,3,shear,shear,63,0.12353,320.07,0.0,False
red1-4.xls,red,new york strip steak,1,0,0.0,4,shear,shear,63,0.124421,500.229,1.1818904207516339,False
red1-5.xls,red,new york strip steak,1,0,0.0,5,shear,shear,63,0.122304,113.916,-1.3524244572829132,False
red1-1.xls,red,new york strip steak,1,0,0.0,1,shear,shear,64,0.123116,377.335,0.3756734603563647,False
red1-2.xls,red,new york strip steak,1,0,0.0,2,shear,shear,64,0.119042,217.254,-0.6744999999999999,False
red1-3.xls,red,new york strip steak,1,0,0.0,3,shear,shear,64,0.12353,320.07,0.0,False
red1-4.xls,red,new york strip steak,1,0,0.0,4,shear,shear,64,0.124421,500.229,1.1818904207516339,False
red1-5.xls,red,new york strip steak,1,0,0.0,5,shear,shear,64,0.122304,113.916,-1.3524244572829132,False
red1-1.xls,red,new york strip steak,1,0,0.0,1,shear,shear,65,0.123116,377.335,0.38030071875153837,False
red1-2.xls,red,new york strip steak,1,0,0.0,2,shear,shear,65,0.12893100000000002,218.505,-0.6745,False
red1-3.xls,red,new york strip steak,1,0,0.0,3,shear,shear,65,0.12353,320.07,0.0,False
red1-4.xls,red,new york strip steak,1,0,0.0,4,shear,shear,65,0.124421,500.229,1.1964480431250921,False
red1-5.xls,red,new york strip steak,1,0,0.0,5,shear,shear,65,0.122304,113.916,-1.3690825875055384,False
red1-1.xls,red,new york strip steak,1,0,0.0,1,shear,shear,66,0.123116,377.335,0.38030071875153837,False
red1-2.xls,red,new york strip steak,1,0,0.0,2,shear,shear,66,0.12893100000000002,218.505,-0.6745,False
red1-3.xls,red,new york strip steak,1,0,0.0,3,shear,shear,66,0.12353,320.07,0.0,False
red1-4.xls,red,new york strip steak,1,0,0.0,4,shear,shear,66,0.124421,500.229,1.1964480431250921,False
red1-5.xls,red,new york strip steak,1,0,0.0,5,shear,shear,66,0.132185,114.643,-1.364254531580761,False
red1-1.xls,red,new york strip steak,1,0,0.0,1,shear,shear,67,0.133036,383.095,0.3739578079992448,False
red1-2.xls,red,new york strip steak,1,0,0.0,2,shear,shear,67,0.12893000000000002,218.505,-0.6745000000000001,False
red1-3.xls,red,new york strip steak,1,0,0.0,3,shear,shear,67,0.133022,324.39,0.0,False
red1-4.xls,red,new york strip steak,1,0,0.0,4,shear,shear,67,0.124421,500.229,1.1201152712848845,False
red1-5.xls,red,new york strip steak,1,0,0.0,5,shear,shear,67,0.132185,114.643,-1.3361132502242998,False
red1-1.xls,red,new york strip steak,1,0,0.0,1,shear,shear,68,0.133036,383.095,0.3739578079992448,False
red1-2.xls,red,new york strip steak,1,0,0.0,2,shear,shear,68,0.12893000000000002,218.505,-0.6745000000000001,False
red1-3.xls,red,new york strip steak,1,0,0.0,3,shear,shear,68,0.133022,324.39,0.0,False
red1-4.xls,red,new york strip steak,1,0,0.0,4,shear,shear,68,0.134829,506.746,1.1616293337111017,False
red1-5.xls,red,new york strip steak,1,0,0.0,5,shear,shear,68,0.132185,114.643,-1.3361132502242998,False
red1-1.xls,red,new york strip steak,1,0,0.0,1,shear,shear,69,0.133036,383.095,0.3878703703703707,False
red1-2.xls,red,new york strip steak,1,0,0.0,2,shear,shear,69,0.138868,222.303,-0.6745000000000001,False
red1-3.xls,red,new york strip steak,1,0,0.0,3,shear,shear,69,0.133022,324.39,0.0,False
red1-4.xls,red,new york strip steak,1,0,0.0,4,shear,shear,69,0.134829,506.746,1.204846082263168,False
red1-5.xls,red,new york strip steak,1,0,0.0,5,shear,shear,69,0.132185,114.643,-1.385821421924437,False
red1-1.xls,red,new york strip steak,1,0,0.0,1,shear,shear,70,0.133036,383.095,0.3878703703703707,False
red1-2.xls,red,new york strip steak,1,0,0.0,2,shear,shear,70,0.138868,222.303,-0.6745000000000001,False
red1-3.xls,red,new york strip steak,1,0,0.0,3,shear,shear,70,0.133022,324.39,0.0,False
red1-4.xls,red,new york strip steak,1,0,0.0,4,shear,shear,70,0.134829,506.746,1.204846082263168,False
red1-5.xls,red,new york strip steak,1,0,0.0,5,shear,shear,70,0.132185,114.643,-1.385821421924437,False
red1-1.xls,red,new york strip steak,1,0,0.0,1,shear,shear,71,0.133036,383.095,0.3436868058619753,False
red1-2.xls,red,new york strip steak,1,0,0.0,2,shear,shear,71,0.138868,222.303,-0.6745,False
red1-3.xls,red,new york strip steak,1,0,0.0,3,shear,shear,71,0.142477,328.82,0.0,False
red1-4.xls,red,new york strip steak,1,0,0.0,4,shear,shear,71,0.134829,506.746,1.126684820263432,False
red1-5.xls,red,new york strip steak,1,0,0.0,5,shear,shear,71,0.142118,115.214,-1.3526220884929168,False
red1-1.xls,red,new york strip steak,1,0,0.0,1,shear,shear,72,0.142944,387.255,0.37002926762864147,False
red1-2.xls,red,new york strip steak,1,0,0.0,2,shear,shear,72,0.138868,222.303,-0.6745,False
red1-3.xls,red,new york strip steak,1,0,0.0,3,shear,shear,72,0.142477,328.82,0.0,False
red1-4.xls,red,new york strip steak,1,0,0.0,4,shear,shear,72,0.134829,506.746,1.126684820263432,False
red1-5.xls,red,new york strip steak,1,0,0.0,5,shear,shear,72,0.142118,115.214,-1.3526220884929168,False
red1-1.xls,red,new york strip steak,1,0,0.0,1,shear,shear,73,0.142944,387.255,0.37002926762864147,False
red1-2.xls,red,new york strip steak,1,0,0.0,2,shear,shear,73,0.138868,222.303,-0.6745,False
red1-3.xls,red,new york strip steak,1,0,0.0,3,shear,shear,73,0.142477,328.82,0.0,False
red1-4.xls,red,new york strip steak,1,0,0.0,4,shear,shear,73,0.145221,509.863,1.1464226696208117,False
red1-5.xls,red,new york strip steak,1,0,0.0,5,shear,shear,73,0.142118,115.214,-1.3526220884929168,False
red1-1.xls,red,new york strip steak,1,0,0.0,1,shear,shear,74,0.142944,387.255,0.3829020702183881,False
red1-2.xls,red,new york strip steak,1,0,0.0,2,shear,shear,74,0.14876,225.884,-0.6745,False
red1-3.xls,red,new york strip steak,1,0,0.0,3,shear,shear,74,0.142477,328.82,0.0,False
red1-4.xls,red,new york strip steak,1,0,0.0,4,shear,shear,74,0.145221,509.863,1.1863051167715861,False
red1-5.xls,red,new york strip steak,1,0,0.0,5,shear,shear,74,0.142118,115.214,-1.3996779260899976,False
red1-1.xls,red,new york strip steak,1,0,0.0,1,shear,shear,75,0.142944,387.255,0.3829020702183881,False
red1-2.xls,red,new york strip steak,1,0,0.0,2,shear,shear,75,0.14876,225.884,-0.6745,False
red1-3.xls,red,new york strip steak,1,0,0.0,3,shear,shear,75,0.142477,328.82,0.0,False
red1-4.xls,red,new york strip steak,1,0,0.0,4,shear,shear,75,0.145221,509.863,1.1863051167715861,False
red1-5.xls,red,new york strip steak,1,0,0.0,5,shear,shear,75,0.142118,115.214,-1.3996779260899976,False
red1-1.xls,red,new york strip steak,1,0,0.0,1,shear,shear,76,0.142944,387.255,0.36620007553447825,False
red1-2.xls,red,new york strip steak,1,0,0.0,2,shear,shear,76,0.14876,225.884,-0.6745000000000001,False
red1-3.xls,red,new york strip steak,1,0,0.0,3,shear,shear,76,0.151982,330.472,0.0,False
red1-4.xls,red,new york strip steak,1,0,0.0,4,shear,shear,76,0.145221,509.863,1.1569131210081465,False
red1-5.xls,red,new york strip steak,1,0,0.0,5,shear,shear,76,0.152038,118.031,-1.3700563592381534,False
red1-1.xls,red,new york strip steak,1,0,0.0,1,shear,shear,77,0.152867,392.964,0.4030180709067963,False
red1-2.xls,red,new york strip steak,1,0,0.0,2,shear,shear,77,0.14876,225.884,-0.6745000000000001,False
red1-3.xls,red,new york strip steak,1,0,0.0,3,shear,shear,77,0.151982,330.472,0.0,False
red1-4.xls,red,new york strip steak,1,0,0.0,4,shear,shear,77,0.145221,509.863,1.1569131210081465,False
red1-5.xls,red,new york strip steak,1,0,0.0,5,shear,shear,77,0.152038,118.031,-1.3700563592381534,False
red1-1.xls,red,new york strip steak,1,0,0.0,1,shear,shear,78,0.152867,392.964,0.4030180709067963,False
red1-2.xls,red,new york strip steak,1,0,0.0,2,shear,shear,78,0.14876,225.884,-0.6745000000000001,False
red1-3.xls,red,new york strip steak,1,0,0.0,3,shear,shear,78,0.151982,330.472,0.0,False
red1-4.xls,red,new york strip steak,1,0,0.0,4,shear,shear,78,0.15561,511.074,1.164722998814396,False
red1-5.xls,red,new york strip steak,1,0,0.0,5,shear,shear,78,0.152038,118.031,-1.3700563592381534,False
red1-1.xls,red,new york strip steak,1,0,0.0,1,shear,shear,79,0.152867,392.964,0.4098244450710253,False
red1-2.xls,red,new york strip steak,1,0,0.0,2,shear,shear,79,0.158702,227.621,-0.6745,False
red1-3.xls,red,new york strip steak,1,0,0.0,3,shear,shear,79,0.151982,330.472,0.0,False
red1-4.xls,red,new york strip steak,1,0,0.0,4,shear,shear,79,0.15561,511.074,1.184393433218929,False
red1-5.xls,red,new york strip steak,1,0,0.0,5,shear,shear,79,0.152038,118.031,-1.393194567870026,False
red1-1.xls,red,new york strip steak,1,0,0.0,1,shear,shear,80,0.152867,392.964,0.4098244450710253,False
red1-2.xls,red,new york strip steak,1,0,0.0,2,shear,shear,80,0.158702,227.621,-0.6745,False
red1-3.xls,red,new york strip steak,1,0,0.0,3,shear,shear,80,0.151982,330.472,0.0,False
red1-4.xls,red,new york strip steak,1,0,0.0,4,shear,shear,80,0.15561,511.074,1.184393433218929,False
red1-5.xls,red,new york strip steak,1,0,0.0,5,shear,shear,80,0.152038,118.031,-1.393194567870026,False
red1-1.xls,red,new york strip steak,1,0,0.0,1,shear,shear,81,0.152868,392.964,0.4175435304140065,False
red1-2.xls,red,new york strip steak,1,0,0.0,2,shear,shear,81,0.158702,227.621,-0.6745,False
red1-3.xls,red,new york strip steak,1,0,0.0,3,shear,shear,81,0.161464,329.745,0.0,False
red1-4.xls,red,new york strip steak,1,0,0.0,4,shear,shear,81,0.15561,511.074,1.1976265177627199,False
red1-5.xls,red,new york strip steak,1,0,0.0,5,shear,shear,81,0.161945,118.068,-1.3980664339430497,False
red1-1.xls,red,new york strip steak,1,0,0.0,1,shear,shear,82,0.162791,397.462,0.4472515422427636,False
red1-2.xls,red,new york strip steak,1,0,0.0,2,shear,shear,82,0.158702,227.621,-0.6745,False
red1-3.xls,red,new york strip steak,1,0,0.0,3,shear,shear,82,0.161464,329.745,0.0,False
red1-4.xls,red,new york strip steak,1,0,0.0,4,shear,shear,82,0.15561,511.074,1.1976265177627199,False
red1-5.xls,red,new york strip steak,1,0,0.0,5,shear,shear,82,0.161945,118.068,-1.3980664339430497,False
red1-1.xls,red,new york strip steak,1,0,0.0,1,shear,shear,83,0.162792,397.462,0.4472515422427636,False
red1-2.xls,red,new york strip steak,1,0,0.0,2,shear,shear,83,0.158702,227.621,-0.6745,False
red1-3.xls,red,new york strip steak,1,0,0.0,3,shear,shear,83,0.161464,329.745,0.0,False
red1-4.xls,red,new york strip steak,1,0,0.0,4,shear,shear,83,0.165973,510.843,1.1961008284046846,False
red1-5.xls,red,new york strip steak,1,0,0.0,5,shear,shear,83,0.161945,118.068,-1.3980664339430497,False
red1-1.xls,red,new york strip steak,1,0,0.0,1,shear,shear,84,0.162792,397.462,0.4566415710229544,False
red1-2.xls,red,new york strip steak,1,0,0.0,2,shear,shear,84,0.168613,229.721,-0.6745,False
red1-3.xls,red,new york strip steak,1,0,0.0,3,shear,shear,84,0.161464,329.745,0.0,False
red1-4.xls,red,new york strip steak,1,0,0.0,4,shear,shear,84,0.165973,510.843,1.2212129188994643,False
red1-5.xls,red,new york strip steak,1,0,0.0,5,shear,shear,84,0.161945,118.068,-1.427418784491722,False
red1-1.xls,red,new york strip steak,1,0,0.0,1,shear,shear,85,0.162792,397.462,0.4566415710229544,False
red1-2.xls,red,new york strip steak,1,0,0.0,2,shear,shear,85,0.168613,229.721,-0.6745,False
red1-3.xls,red,new york strip steak,1,0,0.0,3,shear,shear,85,0.161464,329.745,0.0,False
red1-4.xls,red,new york strip steak,1,0,0.0,4,shear,shear,85,0.165973,510.843,1.2212129188994643,False
red1-5.xls,red,new york strip steak,1,0,0.0,5,shear,shear,85,0.161945,118.068,-1.427418784491722,False
red1-1.xls,red,new york strip steak,1,0,0.0,1,shear,shear,86,0.162792,397.462,0.44023658567825347,False
red1-2.xls,red,new york strip steak,1,0,0.0,2,shear,shear,86,0.168613,229.721,-0.6745,False
red1-3.xls,red,new york strip steak,1,0,0.0,3,shear,shear,86,0.170982,331.217,0.0,False
red1-4.xls,red,new york strip steak,1,0,0.0,4,shear,shear,86,0.165973,510.843,1.1937193288405459,False
red1-5.xls,red,new york strip steak,1,0,0.0,5,shear,shear,86,0.171936,117.815,-1.4181805095767324,False
red1-1.xls,red,new york strip steak,1,0,0.0,1,shear,shear,87,0.17272500000000002,403.191,0.4783091254827776,False
red1-2.xls,red,new york strip steak,1,0,0.0,2,shear,shear,87,0.168613,229.721,-0.6745,False
red1-3.xls,red,new york strip steak,1,0,0.0,3,shear,shear,87,0.170982,331.217,0.0,False
red1-4.xls,red,new york strip steak,1,0,0.0,4,shear,shear,87,0.165973,510.843,1.1937193288405459,False
red1-5.xls,red,new york strip steak,1,0,0.0,5,shear,shear,87,0.171936,117.815,-1.4181805095767324,False
red1-1.xls,red,new york strip steak,1,0,0.0,1,shear,shear,88,0.17272500000000002,403.191,0.4783091254827776,False
red1-2.xls,red,new york strip steak,1,0,0.0,2,shear,shear,88,0.168613,229.721,-0.6745,False
red1-3.xls,red,new york strip steak,1,0,0.0,3,shear,shear,88,0.170982,331.217,0.0,False
red1-4.xls,red,new york strip steak,1,0,0.0,4,shear,shear,88,0.176373,507.657,1.172546504295736,False
red1-5.xls,red,new york strip steak,1,0,0.0,5,shear,shear,88,0.171936,117.815,-1.4181805095767324,False
red1-1.xls,red,new york strip steak,1,0,0.0,1,shear,shear,89,0.17272500000000002,403.191,0.4803916937143762,False
red1-2.xls,red,new york strip steak,1,0,0.0,2,shear,shear,89,0.17854,230.161,-0.6745,False
red1-3.xls,red,new york strip steak,1,0,0.0,3,shear,shear,89,0.170982,331.217,0.0,False
red1-4.xls,red,new york strip steak,1,0,0.0,4,shear,shear,89,0.176373,507.657,1.1776517970234328,False
red1-5.xls,red,new york strip steak,1,0,0.0,5,shear,shear,89,0.171936,117.815,-1.424355298052565,False
red1-1.xls,red,new york strip steak,1,0,0.0,1,shear,shear,90,0.17272500000000002,403.191,0.4599271911663212,False
red1-2.xls,red,new york strip steak,1,0,0.0,2,shear,shear,90,0.17854,230.161,-0.6745,False
red1-3.xls,red,new york strip steak,1,0,0.0,3,shear,shear,90,0.180453,333.04,0.0,False
red1-4.xls,red,new york strip steak,1,0,0.0,4,shear,shear,90,0.176373,507.657,1.144831953071083,False
red1-5.xls,red,new york strip steak,1,0,0.0,5,shear,shear,90,0.171936,117.815,-1.4110679779158037,False
red1-1.xls,red,new york strip steak,1,0,0.0,1,shear,shear,91,0.17272500000000002,403.191,0.4599271911663212,False
red1-2.xls,red,new york strip steak,1,0,0.0,2,shear,shear,91,0.17854,230.161,-0.6745,False
red1-3.xls,red,new york strip steak,1,0,0.0,3,shear,shear,91,0.180453,333.04,0.0,False
red1-4.xls,red,new york strip steak,1,0,0.0,4,shear,shear,91,0.176373,507.657,1.144831953071083,False
red1-5.xls,red,new york strip steak,1,0,0.0,5,shear,shear,91,0.181812,118.644,-1.4056328502415458,False
red1-1.xls,red,new york strip steak,1,0,0.0,1,shear,shear,92,0.18263300000000002,407.063,0.4853129744651481,False
red1-2.xls,red,new york strip steak,1,0,0.0,2,shear,shear,92,0.17854,230.161,-0.6745,False
red1-3.xls,red,new york strip steak,1,0,0.0,3,shear,shear,92,0.180453,333.04,0.0,False
red1-4.xls,red,new york strip steak,1,0,0.0,4,shear,shear,92,0.176373,507.657,1.144831953071083,False
red1-5.xls,red,new york strip steak,1,0,0.0,5,shear,shear,92,0.181812,118.644,-1.4056328502415458,False
red1-1.xls,red,new york strip steak,1,0,0.0,1,shear,shear,93,0.18263300000000002,407.063,0.4853129744651481,False
red1-2.xls,red,new york strip steak,1,0,0.0,2,shear,shear,93,0.17854,230.161,-0.6745,False
red1-3.xls,red,new york strip steak,1,0,0.0,3,shear,shear,93,0.180453,333.04,0.0,False
red1-4.xls,red,new york strip steak,1,0,0.0,4,shear,shear,93,0.176373,507.657,1.144831953071083,False
red1-5.xls,red,new york strip steak,1,0,0.0,5,shear,shear,93,0.181813,118.644,-1.4056328502415458,False
red1-1.xls,red,new york strip steak,1,0,0.0,1,shear,shear,94,0.18263300000000002,407.063,0.49681101613962436,False
red1-2.xls,red,new york strip steak,1,0,0.0,2,shear,shear,94,0.188467,232.542,-0.6745,False
red1-3.xls,red,new york strip steak,1,0,0.0,3,shear,shear,94,0.180453,333.04,0.0,False
red1-4.xls,red,new york strip steak,1,0,0.0,4,shear,shear,94,0.186785,502.113,1.1347463481860331,False
red1-5.xls,red,new york strip steak,1,0,0.0,5,shear,shear,94,0.181813,118.644,-1.4389351230870264,False
red1-1.xls,red,new york strip steak,1,0,0.0,1,shear,shear,95,0.18263200000000002,407.063,0.45491506437932977,False
red1-2.xls,red,new york strip steak,1,0,0.0,2,shear,shear,95,0.188467,232.542,-0.6745,False
red1-3.xls,red,new york strip steak,1,0,0.0,3,shear,shear,95,0.18996500000000002,336.768,0.0,False
red1-4.xls,red,new york strip steak,1,0,0.0,4,shear,shear,95,0.186785,502.113,1.0700324535144787,False
red1-5.xls,red,new york strip steak,1,0,0.0,5,shear,shear,95,0.181813,118.644,-1.411592481722411,False
red1-1.xls,red,new york strip steak,1,0,0.0,1,shear,shear,96,0.192584,411.764,0.4853376508740625,False
red1-2.xls,red,new york strip steak,1,0,0.0,2,shear,shear,96,0.188467,232.542,-0.6745,False
red1-3.xls,red,new york strip steak,1,0,0.0,3,shear,shear,96,0.18996500000000002,336.768,0.0,False
red1-4.xls,red,new york strip steak,1,0,0.0,4,shear,shear,96,0.186785,502.113,1.0700324535144787,False
red1-5.xls,red,new york strip steak,1,0,0.0,5,shear,shear,96,0.19171700000000003,120.01,-1.4027523938364708,False
red1-1.xls,red,new york strip steak,1,0,0.0,1,shear,shear,97,0.192585,411.764,0.4853376508740625,False
red1-2.xls,red,new york strip steak,1,0,0.0,2,shear,shear,97,0.188467,232.542,-0.6745,False
red1-3.xls,red,new york strip steak,1,0,0.0,3,shear,shear,97,0.18996500000000002,336.768,0.0,False
red1-4.xls,red,new york strip steak,1,0,0.0,4,shear,shear,97,0.186785,502.113,1.0700324535144787,False
red1-5.xls,red,new york strip steak,1,0,0.0,5,shear,shear,97,0.19171600000000003,120.01,-1.4027523938364708,False
red1-1.xls,red,new york strip steak,1,0,0.0,1,shear,shear,98,0.192585,411.764,0.4853376508740625,False
red1-2.xls,red,new york strip steak,1,0,0.0,2,shear,shear,98,0.188467,232.542,-0.6745,False
red1-3.xls,red,new york strip steak,1,0,0.0,3,shear,shear,98,0.18996500000000002,336.768,0.0,False
red1-4.xls,red,new york strip steak,1,0,0.0,4,shear,shear,98,0.186785,502.113,1.0700324535144787,False
red1-5.xls,red,new york strip steak,1,0,0.0,5,shear,shear,98,0.19171600000000003,120.01,-1.4027523938364708,False
red1-1.xls,red,new york strip steak,1,0,0.0,1,shear,shear,99,0.192584,411.764,0.4805928649470338,False
red1-2.xls,red,new york strip steak,1,0,0.0,2,shear,shear,99,0.19837,231.513,-0.6745,False
red1-3.xls,red,new york strip steak,1,0,0.0,3,shear,shear,99,0.18996500000000002,336.768,0.0,False
red1-4.xls,red,new york strip steak,1,0,0.0,4,shear,shear,99,0.197156,498.06,1.0335989169160615,False
red1-5.xls,red,new york strip steak,1,0,0.0,5,shear,shear,99,0.19171600000000003,120.01,-1.3890387250011877,False
red1-1.xls,red,new york strip steak,1,0,0.0,1,uniaxial,compression,0,0.9782455,973.143,8.900533774050833,True
red1-2.xls,red,new york strip steak,1,0,0.0,2,uniaxial,compression,0,0.9784637,421.269,-0.6745,False
red1-3.xls,red,new york strip steak,1,0,0.0,3,uniaxial,compression,0,0.9782,460.145,0.0,False
red1-4.xls,red,new york strip steak,1,0,0.0,4,uniaxial,compression,0,0.9783143,581.204,2.100378009568886,False
red1-5.xls,red,new york strip steak,1,0,0.0,5,uniaxial,compression,0,0.9781364,453.94,-0.10765697345405885,False
red1-1.xls,red,new york strip steak,1,0,0.0,1,uniaxial,compression,1,0.9578364,1120.56,2.485324135132395,False
red1-2.xls,red,new york strip steak,1,0,0.0,2,uniaxial,compression,1,0.9580454,517.415,-1.2667053639776082,False
red1-3.xls,red,new york strip steak,1,0,0.0,3,uniaxial,compression,1,0.9581652,721.04,0.0,False
red1-4.xls,red,new york strip steak,1,0,0.0,4,uniaxial,compression,1,0.9577714,804.007,0.5161190616728308,False
red1-5.xls,red,new york strip steak,1,0,0.0,5,uniaxial,compression,1,0.9581091,612.613,-0.6745000000000001,False
red1-1.xls,red,new york strip steak,1,0,0.0,1,uniaxial,compression,2,0.9383182,1234.08,1.5576574232505438,False
red1-2.xls,red,new york strip steak,1,0,0.0,2,uniaxial,compression,2,0.9381454,583.557,-1.0047130852200723,False
red1-3.xls,red,new york strip steak,1,0,0.0,3,uniaxial,compression,2,0.9373652,838.629,0.0,False
red1-4.xls,red,new york strip steak,1,0,0.0,4,uniaxial,compression,2,0.9379153,892.143,0.21078838932719768,False
red1-5.xls,red,new york strip steak,1,0,0.0,5,uniaxial,compression,2,0.9382091,667.39,-0.6745,False
red1-1.xls,red,new york strip steak,1,0,0.0,1,uniaxial,compression,3,0.9178545,1316.69,0.9081103092396453,False
red1-2.xls,red,new york strip steak,1,0,0.0,2,uniaxial,compression,3,0.9180727,649.686,-0.9686618762957987,False
red1-3.xls,red,new york strip steak,1,0,0.0,3,uniaxial,compression,3,0.9174348,993.948,0.0,False
red1-4.xls,red,new york strip steak,1,0,0.0,4,uniaxial,compression,3,0.9173781,1020.2,0.073866158845639,False
red1-5.xls,red,new york strip steak,1,0,0.0,5,uniaxial,compression,3,0.9177364,754.231,-0.6745,False
red1-1.xls,red,new york strip steak,1,0,0.0,1,uniaxial,compression,4,0.897824,1450.62,0.9385517225390642,False
red1-2.xls,red,new york strip steak,1,0,0.0,2,uniaxial,compression,4,0.898031,705.944,-1.002237299268945,False
red1-3.xls,red,new york strip steak,1,0,0.0,3,uniaxial,compression,4,0.897078,1090.5,0.0,False
red1-4.xls,red,new york strip steak,1,0,0.0,4,uniaxial,compression,4,0.897553,1127.9,0.09747260475108602,False
red1-5.xls,red,new york strip steak,1,0,0.0,5,uniaxial,compression,4,0.897695,831.696,-0.6745,False
red1-1.xls,red,new york strip steak,1,0,0.0,1,uniaxial,compression,5,0.87753,1548.62,0.6745,False
red1-2.xls,red,new york strip steak,1,0,0.0,2,uniaxial,compression,5,0.87776,824.037,-1.0760327321895489,False
red1-3.xls,red,new york strip steak,1,0,0.0,3,uniaxial,compression,5,0.877087,1269.43,0.0,False
red1-4.xls,red,new york strip steak,1,0,0.0,4,uniaxial,compression,5,0.8773839999999999,1300.31,0.07460353164511599,False
red1-5.xls,red,new york strip steak,1,0,0.0,5,uniaxial,compression,5,0.877391,943.238,-0.7880529531860029,False
red1-1.xls,red,new york strip steak,1,0,0.0,1,uniaxial,compression,6,0.857486,1723.52,0.684160781619947,False
red1-2.xls,red,new york strip steak,1,0,0.0,2,uniaxial,compression,6,0.857706,890.989,-0.9572474189588146,False
red1-3.xls,red,new york strip steak,1,0,0.0,3,uniaxial,compression,6,0.857037,1376.51,0.0,False
red1-4.xls,red,new york strip steak,1,0,0.0,4,uniaxial,compression,6,0.857111,1448.58,0.14209235333664602,False
red1-5.xls,red,new york strip steak,1,0,0.0,5,uniaxial,compression,6,0.857369,1034.4,-0.6745,False
red1-1.xls,red,new york strip steak,1,0,0.0,1,uniaxial,compression,7,0.837435,1858.71,0.6745,False
red1-2.xls,red,new york strip steak,1,0,0.0,2,uniaxial,compression,7,0.837643,1024.32,-1.4358005549514414,False
red1-3.xls,red,new york strip steak,1,0,0.0,3,uniaxial,compression,7,0.836631,1592.02,0.0,False
red1-4.xls,red,new york strip steak,1,0,0.0,4,uniaxial,compression,7,0.837376,1700.05,0.27322447410851536,False
red1-5.xls,red,new york strip steak,1,0,0.0,5,uniaxial,compression,7,0.836917,1178.68,-1.0454003899658775,False
red1-1.xls,red,new york strip steak,1,0,0.0,1,uniaxial,compression,8,0.817503,2112.38,0.6745,False
red1-2.xls,red,new york strip steak,1,0,0.0,2,uniaxial,compression,8,0.817735,1225.39,-0.9493051107371618,False
red1-3.xls,red,new york strip steak,1,0,0.0,3,uniaxial,compression,8,0.816577,1743.94,0.0,False
red1-4.xls,red,new york strip steak,1,0,0.0,4,uniaxial,compression,8,0.817138,1920.86,0.32388595157963274,False
red1-5.xls,red,new york strip steak,1,0,0.0,5,uniaxial,compression,8,0.817373,1298.76,-0.814987270654652,False
red1-1.xls,red,new york strip steak,1,0,0.0,1,uniaxial,tension,0,1.0264786,1037.08,1.5549073688541708,False
red1-2.xls,red,new york strip steak,1,0,0.0,2,uniaxial,tension,0,1.0262007,498.869,-0.6745,False
red1-3.xls,red,new york strip steak,1,0,0.0,3,uniaxial,tension,0,1.0265202,661.703,0.0,False
red1-4.xls,red,new york strip steak,1,0,0.0,4,uniaxial,tension,0,1.0264493,826.788,0.683824216686933,False
red1-5.xls,red,new york strip steak,1,0,0.0,5,uniaxial,tension,0,1.0264784,604.604,-0.2365186355429454,False
red1-1.xls,red,new york strip steak,1,0,0.0,1,uniaxial,tension,1,1.0519206,227.126,0.0,False
red1-2.xls,red,new york strip steak,1,0,0.0,2,uniaxial,tension,1,1.0512714,183.268,-0.6798166379409397,False
red1-3.xls,red,new york strip steak,1,0,0.0,3,uniaxial,tension,1,1.0515477,220.07,-0.10937083764219249,False
red1-4.xls,red,new york strip steak,1,0,0.0,4,uniaxial,tension,1,1.0518901,375.823,2.304863300011489,False
red1-5.xls,red,new york strip steak,1,0,0.0,5,uniaxial,tension,1,1.0514789,270.641,0.6745,False
red1-1.xls,red,new york strip steak,1,0,0.0,1,uniaxial,tension,2,1.0765692,41.2528,0.3062500961502674,False
red1-2.xls,red,new york strip steak,1,0,0.0,2,uniaxial,tension,2,1.0768515,-6.3611,-1.6859571138791358,False
red1-3.xls,red,new york strip steak,1,0,0.0,3,uniaxial,tension,2,1.0771134,-88.1684,-5.108846078930063,True
red1-4.xls,red,new york strip steak,1,0,0.0,4,uniaxial,tension,2,1.0770167,50.054,0.6745,False
red1-5.xls,red,new york strip steak,1,0,0.0,5,uniaxial,tension,2,1.0771047,33.9334,0.0,False
red1-1.xls,red,new york strip steak,1,0,0.0,1,uniaxial,tension,3,1.102009,-138.758,-2.5214100635204493,False
red1-2.xls,red,new york strip steak,1,0,0.0,2,uniaxial,tension,3,1.101758,-49.2085,0.6004022979000521,False
red1-3.xls,red,new york strip steak,1,0,0.0,3,uniaxial,tension,3,1.102228,-179.159,-3.9298416149389337,True
red1-4.xls,red,new york strip steak,1,0,0.0,4,uniaxial,tension,3,1.101896,-66.4311,0.0,False
red1-5.xls,red,new york strip steak,1,0,0.0,5,uniaxial,tension,3,1.102019,-47.083,0.6745,False
red2-1.xls,red,new york strip steak,2,24,1.0,1,shear,shear,0,-2.41094e-05,13.5404,0.0,False
red2-2.xls,red,new york strip steak,2,24,1.0,2,shear,shear,0,1.12871e-05,43.266,0.6785127885806334,False
red2-3.xls,red,new york strip steak,2,24,1.0,3,shear,shear,0,0.015583800000000002,89.1552,1.725973867843437,False
red2-4.xls,red,new york strip steak,2,24,1.0,4,shear,shear,0,0.00124467,9.91565,-0.08273808536775208,False
red2-5.xls,red,new york strip steak,2,24,1.0,5,shear,shear,0,-0.0012962499999999999,-16.0094,-0.6744999999999999,False
red2-1.xls,red,new york strip steak,2,24,1.0,1,shear,shear,1,-2.40954e-05,13.5404,0.0,False
red2-2.xls,red,new york strip steak,2,24,1.0,2,shear,shear,1,1.12871e-05,43.266,0.6785127885806334,False
red2-3.xls,red,new york strip steak,2,24,1.0,3,shear,shear,1,0.015583800000000002,89.1552,1.725973867843437,False
red2-4.xls,red,new york strip steak,2,24,1.0,4,shear,shear,1,0.00124467,9.91565,-0.08273808536775208,False
red2-5.xls,red,new york strip steak,2,24,1.0,5,shear,shear,1,-0.0012962499999999999,-16.0094,-0.6744999999999999,False
red2-1.xls,red,new york strip steak,2,24,1.0,1,shear,shear,2,-2.40954e-05,13.5404,0.0,False
red2-2.xls,red,new york strip steak,2,24,1.0,2,shear,shear,2,1.12867e-05,43.266,5.531393116766672,True
red2-3.xls,red,new york strip steak,2,24,1.0,3,shear,shear,2,0.015583800000000002,89.1552,14.070537995723837,True
red2-4.xls,red,new york strip steak,2,24,1.0,4,shear,shear,2,0.00124467,9.91565,-0.6745,False
red2-5.xls,red,new york strip steak,2,24,1.0,5,shear,shear,2,0.00361278,10.1271,-0.6351530036554244,False
red2-1.xls,red,new york strip steak,2,24,1.0,1,shear,shear,3,0.00521855,49.9611,0.1362702126503898,False
red2-2.xls,red,new york strip steak,2,24,1.0,2,shear,shear,3,1.12867e-05,43.266,0.0,False
red2-3.xls,red,new york strip steak,2,24,1.0,3,shear,shear,3,0.00517281,106.329,1.2835668504386084,False
red2-4.xls,red,new york strip steak,2,24,1.0,4,shear,shear,3,0.0012446599999999999,9.91565,-0.6788037947849808,False
red2-5.xls,red,new york strip steak,2,24,1.0,5,shear,shear,3,0.00361278,10.1271,-0.6745,False
red2-1.xls,red,new york strip steak,2,24,1.0,1,shear,shear,4,0.00521855,49.9611,0.0,False
red2-2.xls,red,new york strip steak,2,24,1.0,2,shear,shear,4,0.0068359499999999995,104.057,0.9111568118225665,False
red2-3.xls,red,new york strip steak,2,24,1.0,3,shear,shear,4,0.00517281,106.329,0.9494249296736581,False
red2-4.xls,red,new york strip steak,2,24,1.0,4,shear,shear,4,0.0012446599999999999,9.91565,-0.6745,False
red2-5.xls,red,new york strip steak,2,24,1.0,5,shear,shear,4,0.00361276,10.1271,-0.670938471162142,False
red2-1.xls,red,new york strip steak,2,24,1.0,1,shear,shear,5,0.00521855,49.9611,0.0,False
red2-2.xls,red,new york strip steak,2,24,1.0,2,shear,shear,5,0.0068359499999999995,104.057,0.9159934867198873,False
red2-3.xls,red,new york strip steak,2,24,1.0,3,shear,shear,5,0.00517279,106.329,0.9544647424310888,False
red2-4.xls,red,new york strip steak,2,24,1.0,4,shear,shear,5,0.0101484,40.7073,-0.15669247627654775,False
red2-5.xls,red,new york strip steak,2,24,1.0,5,shear,shear,5,0.00361276,10.1271,-0.6745,False
red2-1.xls,red,new york strip steak,2,24,1.0,1,shear,shear,6,0.00521855,49.9611,0.0,False
red2-2.xls,red,new york strip steak,2,24,1.0,2,shear,shear,6,0.0068359499999999995,104.057,3.9429947210875507,True
red2-3.xls,red,new york strip steak,2,24,1.0,3,shear,shear,6,0.00517279,106.329,4.108598473059713,True
red2-4.xls,red,new york strip steak,2,24,1.0,4,shear,shear,6,0.0101484,40.7073,-0.6745,False
red2-5.xls,red,new york strip steak,2,24,1.0,5,shear,shear,6,0.0123539,48.1008,-0.13559536082474236,False
red2-1.xls,red,new york strip steak,2,24,1.0,1,shear,shear,7,0.014713,108.082,0.6745,False
red2-2.xls,red,new york strip steak,2,24,1.0,2,shear,shear,7,0.0068359499999999995,104.057,0.0,False
red2-3.xls,red,new york strip steak,2,24,1.0,3,shear,shear,7,0.00517278,106.329,0.3807363975155273,False
red2-4.xls,red,new york strip steak,2,24,1.0,4,shear,shear,7,0.010148299999999999,40.7073,-10.615993204968968,True
red2-5.xls,red,new york strip steak,2,24,1.0,5,shear,shear,7,0.0123539,48.1008,-9.37700792546586,True
red2-1.xls,red,new york strip steak,2,24,1.0,1,shear,shear,8,0.014713,108.082,0.0,False
red2-2.xls,red,new york strip steak,2,24,1.0,2,shear,shear,8,0.0163187,206.276,0.9830374458068092,False
red2-3.xls,red,new york strip steak,2,24,1.0,3,shear,shear,8,0.015034400000000002,185.259,0.7726325534659153,False
red2-4.xls,red,new york strip steak,2,24,1.0,4,shear,shear,8,0.010148299999999999,40.7073,-0.6745,False
red2-5.xls,red,new york strip steak,2,24,1.0,5,shear,shear,8,0.0123539,48.1008,-0.600482368010544,False
red2-1.xls,red,new york strip steak,2,24,1.0,1,shear,shear,9,0.014713,108.082,-0.08351293947167003,False
red2-2.xls,red,new york strip steak,2,24,1.0,2,shear,shear,9,0.0163187,206.276,0.8839799319867012,False
red2-3.xls,red,new york strip steak,2,24,1.0,3,shear,shear,9,0.015034400000000002,185.259,0.6769021300900415,False
red2-4.xls,red,new york strip steak,2,24,1.0,4,shear,shear,9,0.0182911,116.558,0.0,False
red2-5.xls,red,new york strip steak,2,24,1.0,5,shear,shear,9,0.0123539,48.1008,-0.6745,False
red2-1.xls,red,new york strip steak,2,24,1.0,1,shear,shear,10,0.014713,108.082,-0.08351293947167003,False
red2-2.xls,red,new york strip steak,2,24,1.0,2,shear,shear,10,0.0163187,206.276,0.8839799319867012,False
red2-3.xls,red,new york strip steak,2,24,1.0,3,shear,shear,10,0.015034400000000002,185.259,0.6769021300900415,False
red2-4.xls,red,new york strip steak,2,24,1.0,4,shear,shear,10,0.0182911,116.558,0.0,False
red2-5.xls,red,new york strip steak,2,24,1.0,5,shear,shear,10,0.0123539,48.1008,-0.6745,False
red2-1.xls,red,new york strip steak,2,24,1.0,1,shear,shear,11,0.0147128,108.082,-0.4531955608402699,False
red2-2.xls,red,new york strip steak,2,24,1.0,2,shear,shear,11,0.0163187,206.276,4.7970504161712215,True
red2-3.xls,red,new york strip steak,2,24,1.0,3,shear,shear,11,0.015034400000000002,185.259,3.6733114942528697,True
red2-4.xls,red,new york strip steak,2,24,1.0,4,shear,shear,11,0.018290999999999998,116.558,0.0,False
red2-5.xls,red,new york strip steak,2,24,1.0,5,shear,shear,11,0.0212568,103.943,-0.6745,False
red2-1.xls,red,new york strip steak,2,24,1.0,1,shear,shear,12,0.0244273,174.397,0.0,False
red2-2.xls,red,new york strip steak,2,24,1.0,2,shear,shear,12,0.0163187,206.276,0.6745,False
red2-3.xls,red,new york strip steak,2,24,1.0,3,shear,shear,12,0.015034400000000002,185.259,0.22981959910913113,False
red2-4.xls,red,new york strip steak,2,24,1.0,4,shear,shear,12,0.018290999999999998,116.558,-1.2237650334075711,False
red2-5.xls,red,new york strip steak,2,24,1.0,5,shear,shear,12,0.0212567,103.943,-1.4906748329621369,False
red2-1.xls,red,new york strip steak,2,24,1.0,1,shear,shear,13,0.0244273,174.397,0.0,False
red2-2.xls,red,new york strip steak,2,24,1.0,2,shear,shear,13,0.0257696,277.564,0.9876819130212625,False
red2-3.xls,red,new york strip steak,2,24,1.0,3,shear,shear,13,0.0249191,261.847,0.8372132881028757,False
red2-4.xls,red,new york strip steak,2,24,1.0,4,shear,shear,13,0.026476299999999998,160.04,-0.13744849831095468,False
red2-5.xls,red,new york strip steak,2,24,1.0,5,shear,shear,13,0.0212567,103.943,-0.6745,False
red2-1.xls,red,new york strip steak,2,24,1.0,1,shear,shear,14,0.0244273,174.397,0.0,False
red2-2.xls,red,new york strip steak,2,24,1.0,2,shear,shear,14,0.0257696,277.564,0.9876819130212625,False
red2-3.xls,red,new york strip steak,2,24,1.0,3,shear,shear,14,0.0249191,261.847,0.8372132881028757,False
red2-4.xls,red,new york strip steak,2,24,1.0,4,shear,shear,14,0.026476299999999998,160.04,-0.13744849831095468,False
red2-5.xls,red,new york strip steak,2,24,1.0,5,shear,shear,14,0.0212567,103.943,-0.6745,False
red2-1.xls,red,new york strip steak,2,24,1.0,1,shear,shear,15,0.0244273,174.397,0.0,False
red2-2.xls,red,new york strip steak,2,24,1.0,2,shear,shear,15,0.0257696,277.564,1.8366274677998315,False
red2-3.xls,red,new york strip steak,2,24,1.0,3,shear,shear,15,0.024918999999999997,261.847,1.5568260399070941,False
red2-4.xls,red,new york strip steak,2,24,1.0,4,shear,shear,15,0.026476299999999998,160.04,-0.25559006809543916,False
red2-5.xls,red,new york strip steak,2,24,1.0,5,shear,shear,15,0.0301575,136.509,-0.6745,False
red2-1.xls,red,new york strip steak,2,24,1.0,1,shear,shear,16,0.0244273,174.397,0.0,False
red2-2.xls,red,new york strip steak,2,24,1.0,2,shear,shear,16,0.0257696,277.564,1.8366274677998315,False
red2-3.xls,red,new york strip steak,2,24,1.0,3,shear,shear,16,0.024918999999999997,261.847,1.5568260399070941,False
red2-4.xls,red,new york strip steak,2,24,1.0,4,shear,shear,16,0.026476299999999998,160.04,-0.25559006809543916,False
red2-5.xls,red,new york strip steak,2,24,1.0,5,shear,shear,16,0.0301574,136.509,-0.6745,False
red2-1.xls,red,new york strip steak,2,24,1.0,1,shear,shear,17,0.0340055,218.198,0.0,False
red2-2.xls,red,new york strip steak,2,24,1.0,2,shear,shear,17,0.0257696,277.564,0.9173719214644099,False
red2-3.xls,red,new york strip steak,2,24,1.0,3,shear,shear,17,0.024918999999999997,261.847,0.6745,False
red2-4.xls,red,new york strip steak,2,24,1.0,4,shear,shear,17,0.034704399999999996,195.031,-0.35799540653852346,False
red2-5.xls,red,new york strip steak,2,24,1.0,5,shear,shear,17,0.0301574,136.509,-1.2623251506334634,False
red2-1.xls,red,new york strip steak,2,24,1.0,1,shear,shear,18,0.0340055,218.198,0.0,False
red2-2.xls,red,new york strip steak,2,24,1.0,2,shear,shear,18,0.0352838,324.413,0.877009358665181,False
red2-3.xls,red,new york strip steak,2,24,1.0,3,shear,shear,18,0.034842,313.322,0.7854317962026708,False
red2-4.xls,red,new york strip steak,2,24,1.0,4,shear,shear,18,0.034704399999999996,195.031,-0.1912881966972297,False
red2-5.xls,red,new york strip steak,2,24,1.0,5,shear,shear,18,0.0301573,136.509,-0.6745,False
red2-1.xls,red,new york strip steak,2,24,1.0,1,shear,shear,19,0.0340055,218.198,0.0,False
red2-2.xls,red,new york strip steak,2,24,1.0,2,shear,shear,19,0.0352838,324.413,0.877009358665181,False
red2-3.xls,red,new york strip steak,2,24,1.0,3,shear,shear,19,0.034842,313.322,0.7854317962026708,False
red2-4.xls,red,new york strip steak,2,24,1.0,4,shear,shear,19,0.034704399999999996,195.031,-0.1912881966972297,False
red2-5.xls,red,new york strip steak,2,24,1.0,5,shear,shear,19,0.0301573,136.509,-0.6745,False
red2-1.xls,red,new york strip steak,2,24,1.0,1,shear,shear,20,0.0340055,218.198,0.0,False
red2-2.xls,red,new york strip steak,2,24,1.0,2,shear,shear,20,0.0352838,324.413,1.2688312257584613,False
red2-3.xls,red,new york strip steak,2,24,1.0,3,shear,shear,20,0.034842,313.322,1.136339514372244,False
red2-4.xls,red,new york strip steak,2,24,1.0,4,shear,shear,20,0.034704399999999996,195.031,-0.2767501106919576,False
red2-5.xls,red,new york strip steak,2,24,1.0,5,shear,shear,20,0.0390449,161.735,-0.6745,False
red2-1.xls,red,new york strip steak,2,24,1.0,1,shear,shear,21,0.0340055,218.198,-0.06595944585590341,False
red2-2.xls,red,new york strip steak,2,24,1.0,2,shear,shear,21,0.0352838,324.413,1.0787926034226547,False
red2-3.xls,red,new york strip steak,2,24,1.0,3,shear,shear,21,0.0348421,313.322,0.9592572743396768,False
red2-4.xls,red,new york strip steak,2,24,1.0,4,shear,shear,21,0.0430069,224.318,0.0,False
red2-5.xls,red,new york strip steak,2,24,1.0,5,shear,shear,21,0.0390449,161.735,-0.6745,False
red2-1.xls,red,new york strip steak,2,24,1.0,1,shear,shear,22,0.043644600000000006,256.748,0.0,False
red2-2.xls,red,new york strip steak,2,24,1.0,2,shear,shear,22,0.0352838,324.413,0.6745,False
red2-3.xls,red,new york strip steak,2,24,1.0,3,shear,shear,22,0.0447745,351.458,0.9440906672578142,False
red2-4.xls,red,new york strip steak,2,24,1.0,4,shear,shear,22,0.0430069,224.318,-0.3232695632897359,False
red2-5.xls,red,new york strip steak,2,24,1.0,5,shear,shear,22,0.0390449,161.735,-0.9471110396807798,False
red2-1.xls,red,new york strip steak,2,24,1.0,1,shear,shear,23,0.043644600000000006,256.748,0.0,False
red2-2.xls,red,new york strip steak,2,24,1.0,2,shear,shear,23,0.0448767,357.597,0.7182203621581668,False
red2-3.xls,red,new york strip steak,2,24,1.0,3,shear,shear,23,0.0447744,351.458,0.6745,False
red2-4.xls,red,new york strip steak,2,24,1.0,4,shear,shear,23,0.0430069,224.318,-0.23095802977510269,False
red2-5.xls,red,new york strip steak,2,24,1.0,5,shear,shear,23,0.0390449,161.735,-0.6766578872347161,False
red2-1.xls,red,new york strip steak,2,24,1.0,1,shear,shear,24,0.043644600000000006,256.748,0.0,False
red2-2.xls,red,new york strip steak,2,24,1.0,2,shear,shear,24,0.0448767,357.597,0.8960252186627325,False
red2-3.xls,red,new york strip steak,2,24,1.0,3,shear,shear,24,0.0447744,351.458,0.8414813082881082,False
red2-4.xls,red,new york strip steak,2,24,1.0,4,shear,shear,24,0.0430069,224.318,-0.2881347146846513,False
red2-5.xls,red,new york strip steak,2,24,1.0,5,shear,shear,24,0.047973999999999996,180.832,-0.6745,False
red2-1.xls,red,new york strip steak,2,24,1.0,1,shear,shear,25,0.043644600000000006,256.748,0.0,False
red2-2.xls,red,new york strip steak,2,24,1.0,2,shear,shear,25,0.0448767,357.597,0.8960252186627325,False
red2-3.xls,red,new york strip steak,2,24,1.0,3,shear,shear,25,0.0447744,351.458,0.8414813082881082,False
red2-4.xls,red,new york strip steak,2,24,1.0,4,shear,shear,25,0.0430069,224.318,-0.2881347146846513,False
red2-5.xls,red,new york strip steak,2,24,1.0,5,shear,shear,25,0.047973800000000004,180.832,-0.6745,False
red2-1.xls,red,new york strip steak,2,24,1.0,1,shear,shear,26,0.043644600000000006,256.748,0.0,False
red2-2.xls,red,new york strip steak,2,24,1.0,2,shear,shear,26,0.0448767,357.597,0.8960252186627325,False
red2-3.xls,red,new york strip steak,2,24,1.0,3,shear,shear,26,0.0447744,351.458,0.8414813082881082,False
red2-4.xls,red,new york strip steak,2,24,1.0,4,shear,shear,26,0.0510979,250.216,-0.05803564465988709,False
red2-5.xls,red,new york strip steak,2,24,1.0,5,shear,shear,26,0.047973800000000004,180.832,-0.6745,False
red2-1.xls,red,new york strip steak,2,24,1.0,1,shear,shear,27,0.053389,278.456,0.0,False
red2-2.xls,red,new york strip steak,2,24,1.0,2,shear,shear,27,0.054356,381.846,0.9552691022163774,False
red2-3.xls,red,new york strip steak,2,24,1.0,3,shear,shear,27,0.0447744,351.458,0.6745,False
red2-4.xls,red,new york strip steak,2,24,1.0,4,shear,shear,27,0.0510978,250.216,-0.2609227144461796,False
red2-5.xls,red,new york strip steak,2,24,1.0,5,shear,shear,27,0.047973800000000004,180.832,-0.9019943015259856,False
red2-1.xls,red,new york strip steak,2,24,1.0,1,shear,shear,28,0.053389,278.456,0.0,False
red2-2.xls,red,new york strip steak,2,24,1.0,2,shear,shear,28,0.054356,381.846,0.7143382262558385,False
red2-3.xls,red,new york strip steak,2,24,1.0,3,shear,shear,28,0.0547248,381.583,0.71252111673359,False
red2-4.xls,red,new york strip steak,2,24,1.0,4,shear,shear,28,0.0510978,250.216,-0.19511472588707696,False
red2-5.xls,red,new york strip steak,2,24,1.0,5,shear,shear,28,0.047973800000000004,180.832,-0.6744999999999999,False
red2-1.xls,red,new york strip steak,2,24,1.0,1,shear,shear,29,0.053389,278.456,0.0,False
red2-2.xls,red,new york strip steak,2,24,1.0,2,shear,shear,29,0.054356,381.846,0.8648958824258958,False
red2-3.xls,red,new york strip steak,2,24,1.0,3,shear,shear,29,0.0547248,381.583,0.8626957894084085,False
red2-4.xls,red,new york strip steak,2,24,1.0,4,shear,shear,29,0.0510978,250.216,-0.2362381247674563,False
red2-5.xls,red,new york strip steak,2,24,1.0,5,shear,shear,29,0.056935900000000005,197.826,-0.6745,False
red2-1.xls,red,new york strip steak,2,24,1.0,1,shear,shear,30,0.053389,278.456,0.0,False
red2-2.xls,red,new york strip steak,2,24,1.0,2,shear,shear,30,0.054356,381.846,0.8648958824258958,False
red2-3.xls,red,new york strip steak,2,24,1.0,3,shear,shear,30,0.0547248,381.583,0.8626957894084085,False
red2-4.xls,red,new york strip steak,2,24,1.0,4,shear,shear,30,0.0592851,272.632,-0.048719930546942916,False
red2-5.xls,red,new york strip steak,2,24,1.0,5,shear,shear,30,0.056935900000000005,197.826,-0.6745,False
red2-1.xls,red,new york strip steak,2,24,1.0,1,shear,shear,31,0.053389,278.456,0.0,False
red2-2.xls,red,new york strip steak,2,24,1.0,2,shear,shear,31,0.054356,381.846,0.8648958824258958,False
red2-3.xls,red,new york strip steak,2,24,1.0,3,shear,shear,31,0.0547248,381.583,0.8626957894084085,False
red2-4.xls,red,new york strip steak,2,24,1.0,4,shear,shear,31,0.059285,272.632,-0.048719930546942916,False
red2-5.xls,red,new york strip steak,2,24,1.0,5,shear,shear,31,0.056936,197.826,-0.6745,False
red2-1.xls,red,new york strip steak,2,24,1.0,1,shear,shear,32,0.0630038,307.064,0.0,False
red2-2.xls,red,new york strip steak,2,24,1.0,2,shear,shear,32,0.0637963,400.117,0.8422583300903124,False
red2-3.xls,red,new york strip steak,2,24,1.0,3,shear,shear,32,0.0547248,381.583,0.6745,False
red2-4.xls,red,new york strip steak,2,24,1.0,4,shear,shear,32,0.059285,272.632,-0.3116572149384722,False
red2-5.xls,red,new york strip steak,2,24,1.0,5,shear,shear,32,0.056936,197.826,-0.9887549618218174,False
red2-1.xls,red,new york strip steak,2,24,1.0,1,shear,shear,33,0.0630038,307.064,0.0,False
red2-2.xls,red,new york strip steak,2,24,1.0,2,shear,shear,33,0.0637963,400.117,0.6745,False
red2-3.xls,red,new york strip steak,2,24,1.0,3,shear,shear,33,0.064657,408.597,0.7359677656819229,False
red2-4.xls,red,new york strip steak,2,24,1.0,4,shear,shear,33,0.059285,272.632,-0.24958232405188455,False
red2-5.xls,red,new york strip steak,2,24,1.0,5,shear,shear,33,0.0657879,209.708,-0.705690541949212,False
red2-1.xls,red,new york strip steak,2,24,1.0,1,shear,shear,34,0.0630038,307.064,0.0,False
red2-2.xls,red,new york strip steak,2,24,1.0,2,shear,shear,34,0.0637963,400.117,0.6745,False
red2-3.xls,red,new york strip steak,2,24,1.0,3,shear,shear,34,0.064657,408.597,0.7359677656819229,False
red2-4.xls,red,new york strip steak,2,24,1.0,4,shear,shear,34,0.0675189,292.774,-0.10358188344276933,False
red2-5.xls,red,new york strip steak,2,24,1.0,5,shear,shear,34,0.0657879,209.708,-0.705690541949212,False
red2-1.xls,red,new york strip steak,2,24,1.0,1,shear,shear,35,0.0630038,307.064,0.0,False
red2-2.xls,red,new york strip steak,2,24,1.0,2,shear,shear,35,0.0637963,400.117,0.6745,False
red2-3.xls,red,new york strip steak,2,24,1.0,3,shear,shear,35,0.064657,408.597,0.7359677656819229,False
red2-4.xls,red,new york strip steak,2,24,1.0,4,shear,shear,35,0.0675191,292.774,-0.10358188344276933,False
red2-5.xls,red,new york strip steak,2,24,1.0,5,shear,shear,35,0.06578780000000001,209.708,-0.705690541949212,False
red2-1.xls,red,new york strip steak,2,24,1.0,1,shear,shear,36,0.0727262,329.189,0.0,False
red2-2.xls,red,new york strip steak,2,24,1.0,2,shear,shear,36,0.0637963,400.117,0.6745,False
red2-3.xls,red,new york strip steak,2,24,1.0,3,shear,shear,36,0.064657,408.597,0.7551417775772611,False
red2-4.xls,red,new york strip steak,2,24,1.0,4,shear,shear,36,0.0675191,292.774,-0.34629367104669545,False
red2-5.xls,red,new york strip steak,2,24,1.0,5,shear,shear,36,0.06578780000000001,209.708,-1.136221724847733,False
red2-1.xls,red,new york strip steak,2,24,1.0,1,shear,shear,37,0.0727262,329.189,0.0,False
red2-2.xls,red,new york strip steak,2,24,1.0,2,shear,shear,37,0.0732907,415.261,0.6745,False
red2-3.xls,red,new york strip steak,2,24,1.0,3,shear,shear,37,0.0745796,431.067,0.7983631262199088,False
red2-4.xls,red,new york strip steak,2,24,1.0,4,shear,shear,37,0.067519,292.774,-0.28536478181057734,False
red2-5.xls,red,new york strip steak,2,24,1.0,5,shear,shear,37,0.06578769999999999,209.708,-0.9363083755460546,False
red2-1.xls,red,new york strip steak,2,24,1.0,1,shear,shear,38,0.0727262,329.189,0.0,False
red2-2.xls,red,new york strip steak,2,24,1.0,2,shear,shear,38,0.0732907,415.261,0.6745,False
red2-3.xls,red,new york strip steak,2,24,1.0,3,shear,shear,38,0.0745796,431.067,0.7983631262199088,False
red2-4.xls,red,new york strip steak,2,24,1.0,4,shear,shear,38,0.0756658,310.67,-0.1451234489729529,False
red2-5.xls,red,new york strip steak,2,24,1.0,5,shear,shear,38,0.0747024,220.175,-0.8542841225950367,False
red2-1.xls,red,new york strip steak,2,24,1.0,1,shear,shear,39,0.0727262,329.189,0.0,False
red2-2.xls,red,new york strip steak,2,24,1.0,2,shear,shear,39,0.07329,415.261,0.6745,False
red2-3.xls,red,new york strip steak,2,24,1.0,3,shear,shear,39,0.0745796,431.067,0.7983631262199088,False
red2-4.xls,red,new york strip steak,2,24,1.0,4,shear,shear,39,0.0756658,310.67,-0.1451234489729529,False
red2-5.xls,red,new york strip steak,2,24,1.0,5,shear,shear,39,0.0747023,220.175,-0.8542841225950367,False
red2-1.xls,red,new york strip steak,2,24,1.0,1,shear,shear,40,0.0727262,329.189,0.0,False
red2-2.xls,red,new york strip steak,2,24,1.0,2,shear,shear,40,0.07329,415.261,0.6745,False
red2-3.xls,red,new york strip steak,2,24,1.0,3,shear,shear,40,0.0745796,431.067,0.7983631262199088,False
red2-4.xls,red,new york strip steak,2,24,1.0,4,shear,shear,40,0.0756658,310.67,-0.1451234489729529,False
red2-5.xls,red,new york strip steak,2,24,1.0,5,shear,shear,40,0.0747023,220.175,-0.8542841225950367,False
red2-1.xls,red,new york strip steak,2,24,1.0,1,shear,shear,41,0.0823311,349.211,0.0,False
red2-2.xls,red,new york strip steak,2,24,1.0,2,shear,shear,41,0.0827774,427.334,0.6745,False
red2-3.xls,red,new york strip steak,2,24,1.0,3,shear,shear,41,0.0745797,431.067,0.7067300538893796,False
red2-4.xls,red,new york strip steak,2,24,1.0,4,shear,shear,41,0.0756658,310.67,-0.3327560961560616,False
red2-5.xls,red,new york strip steak,2,24,1.0,5,shear,shear,41,0.0747025,220.175,-1.1140737298874852,False
red2-1.xls,red,new york strip steak,2,24,1.0,1,shear,shear,42,0.0823311,349.211,0.0,False
red2-2.xls,red,new york strip steak,2,24,1.0,2,shear,shear,42,0.0827774,427.334,0.6745,False
red2-3.xls,red,new york strip steak,2,24,1.0,3,shear,shear,42,0.08446669999999999,446.874,0.8432048628444889,False
red2-4.xls,red,new york strip steak,2,24,1.0,4,shear,shear,42,0.0838424,327.267,-0.18946056859055607,False
red2-5.xls,red,new york strip steak,2,24,1.0,5,shear,shear,42,0.08358779999999999,227.766,-1.048534394480499,False
red2-1.xls,red,new york strip steak,2,24,1.0,1,shear,shear,43,0.0823311,349.211,0.0,False
red2-2.xls,red,new york strip steak,2,24,1.0,2,shear,shear,43,0.0827782,427.334,0.6745,False
red2-3.xls,red,new york strip steak,2,24,1.0,3,shear,shear,43,0.0844665,446.874,0.8432048628444889,False
red2-4.xls,red,new york strip steak,2,24,1.0,4,shear,shear,43,0.0838425,327.267,-0.18946056859055607,False
red2-5.xls,red,new york strip steak,2,24,1.0,5,shear,shear,43,0.0835877,227.766,-1.048534394480499,False
red2-1.xls,red,new york strip steak,2,24,1.0,1,shear,shear,44,0.0823311,349.211,0.0,False
red2-2.xls,red,new york strip steak,2,24,1.0,2,shear,shear,44,0.0827782,427.334,0.6745,False
red2-3.xls,red,new york strip steak,2,24,1.0,3,shear,shear,44,0.0844665,446.874,0.8432048628444889,False
red2-4.xls,red,new york strip steak,2,24,1.0,4,shear,shear,44,0.0838425,327.267,-0.18946056859055607,False
red2-5.xls,red,new york strip steak,2,24,1.0,5,shear,shear,44,0.0835877,227.766,-1.048534394480499,False
red2-1.xls,red,new york strip steak,2,24,1.0,1,shear,shear,45,0.0823311,349.211,0.0,False
red2-2.xls,red,new york strip steak,2,24,1.0,2,shear,shear,45,0.0827782,427.334,0.6745,False
red2-3.xls,red,new york strip steak,2,24,1.0,3,shear,shear,45,0.0844665,446.874,0.8432048628444889,False
red2-4.xls,red,new york strip steak,2,24,1.0,4,shear,shear,45,0.0838425,327.267,-0.18946056859055607,False
red2-5.xls,red,new york strip steak,2,24,1.0,5,shear,shear,45,0.08358750000000001,227.766,-1.048534394480499,False
red2-1.xls,red,new york strip steak,2,24,1.0,1,shear,shear,46,0.0919919,367.159,0.0,False
red2-2.xls,red,new york strip steak,2,24,1.0,2,shear,shear,46,0.0922517,435.889,0.6745,False
red2-3.xls,red,new york strip steak,2,24,1.0,3,shear,shear,46,0.0844665,446.874,0.782304197584752,False
red2-4.xls,red,new york strip steak,2,24,1.0,4,shear,shear,46,0.09203070000000001,341.895,-0.24793493379892337,False
red2-5.xls,red,new york strip steak,2,24,1.0,5,shear,shear,46,0.09250080000000001,231.651,-1.3298435326640472,False
red2-1.xls,red,new york strip steak,2,24,1.0,1,shear,shear,47,0.0919919,367.159,0.0,False
red2-2.xls,red,new york strip steak,2,24,1.0,2,shear,shear,47,0.09225080000000001,435.889,0.6745,False
red2-3.xls,red,new york strip steak,2,24,1.0,3,shear,shear,47,0.09437820000000001,460.879,0.9197459624618071,False
red2-4.xls,red,new york strip steak,2,24,1.0,4,shear,shear,47,0.0920308,341.895,-0.24793493379892337,False
red2-5.xls,red,new york strip steak,2,24,1.0,5,shear,shear,47,0.09250069999999999,231.651,-1.3298435326640472,False
red2-1.xls,red,new york strip steak,2,24,1.0,1,shear,shear,48,0.0919919,367.159,0.0,False
red2-2.xls,red,new york strip steak,2,24,1.0,2,shear,shear,48,0.09225080000000001,435.889,0.6745,False
red2-3.xls,red,new york strip steak,2,24,1.0,3,shear,shear,48,0.09437820000000001,460.879,0.9197459624618071,False
red2-4.xls,red,new york strip steak,2,24,1.0,4,shear,shear,48,0.0920308,341.895,-0.24793493379892337,False
red2-5.xls,red,new york strip steak,2,24,1.0,5,shear,shear,48,0.09250069999999999,231.651,-1.3298435326640472,False
red2-1.xls,red,new york strip steak,2,24,1.0,1,shear,shear,49,0.0919919,367.159,0.0,False
red2-2.xls,red,new york strip steak,2,24,1.0,2,shear,shear,49,0.09225080000000001,435.889,0.6745,False
red2-3.xls,red,new york strip steak,2,24,1.0,3,shear,shear,49,0.09437820000000001,460.879,0.9197459624618071,False
red2-4.xls,red,new york strip steak,2,24,1.0,4,shear,shear,49,0.0920306,341.895,-0.24793493379892337,False
red2-5.xls,red,new york strip steak,2,24,1.0,5,shear,shear,49,0.09250059999999999,231.651,-1.3298435326640472,False
red2-1.xls,red,new york strip steak,2,24,1.0,1,shear,shear,50,0.0919919,367.159,0.0,False
red2-2.xls,red,new york strip steak,2,24,1.0,2,shear,shear,50,0.09225080000000001,435.889,0.6745,False
red2-3.xls,red,new york strip steak,2,24,1.0,3,shear,shear,50,0.09437820000000001,460.879,0.9197459624618071,False
red2-4.xls,red,new york strip steak,2,24,1.0,4,shear,shear,50,0.100205,355.715,-0.112308715262622,False
red2-5.xls,red,new york strip steak,2,24,1.0,5,shear,shear,50,0.09250059999999999,231.651,-1.3298435326640472,False
red2-1.xls,red,new york strip steak,2,24,1.0,1,shear,shear,51,0.10162900000000001,383.418,0.0,False
red2-2.xls,red,new york strip steak,2,24,1.0,2,shear,shear,51,0.101744,444.154,0.6745,False
red2-3.xls,red,new york strip steak,2,24,1.0,3,shear,shear,51,0.0943781,460.879,0.8602384829425714,False
red2-4.xls,red,new york strip steak,2,24,1.0,4,shear,shear,51,0.100205,355.715,-0.30765400256849357,False
red2-5.xls,red,new york strip steak,2,24,1.0,5,shear,shear,51,0.10138899999999999,236.281,-1.6340211159773448,False
red2-1.xls,red,new york strip steak,2,24,1.0,1,shear,shear,52,0.10162900000000001,383.418,0.0,False
red2-2.xls,red,new york strip steak,2,24,1.0,2,shear,shear,52,0.101744,444.154,0.6745,False
red2-3.xls,red,new york strip steak,2,24,1.0,3,shear,shear,52,0.10429000000000001,472.137,0.9852635257507903,False
red2-4.xls,red,new york strip steak,2,24,1.0,4,shear,shear,52,0.100205,355.715,-0.30765400256849357,False
red2-5.xls,red,new york strip steak,2,24,1.0,5,shear,shear,52,0.10138899999999999,236.281,-1.6340211159773448,False
red2-1.xls,red,new york strip steak,2,24,1.0,1,shear,shear,53,0.10162900000000001,383.418,0.0,False
red2-2.xls,red,new york strip steak,2,24,1.0,2,shear,shear,53,0.101744,444.154,0.6745,False
red2-3.xls,red,new york strip steak,2,24,1.0,3,shear,shear,53,0.10429000000000001,472.137,0.9852635257507903,False
red2-4.xls,red,new york strip steak,2,24,1.0,4,shear,shear,53,0.100205,355.715,-0.30765400256849357,False
red2-5.xls,red,new york strip steak,2,24,1.0,5,shear,shear,53,0.10138899999999999,236.281,-1.6340211159773448,False
red2-1.xls,red,new york strip steak,2,24,1.0,1,shear,shear,54,0.10162900000000001,383.418,0.0,False
red2-2.xls,red,new york strip steak,2,24,1.0,2,shear,shear,54,0.101744,444.154,0.6745,False
red2-3.xls,red,new york strip steak,2,24,1.0,3,shear,shear,54,0.10429000000000001,472.137,0.9852635257507903,False
red2-4.xls,red,new york strip steak,2,24,1.0,4,shear,shear,54,0.10842,368.295,-0.1679475681638566,False
red2-5.xls,red,new york strip steak,2,24,1.0,5,shear,shear,54,0.10138899999999999,236.281,-1.6340211159773448,False
red2-1.xls,red,new york strip steak,2,24,1.0,1,shear,shear,55,0.10162900000000001,383.418,0.0,False
red2-2.xls,red,new york strip steak,2,24,1.0,2,shear,shear,55,0.101744,444.154,0.6745,False
red2-3.xls,red,new york strip steak,2,24,1.0,3,shear,shear,55,0.10429000000000001,472.137,0.9852635257507903,False
red2-4.xls,red,new york strip steak,2,24,1.0,4,shear,shear,55,0.10842,368.295,-0.1679475681638566,False
red2-5.xls,red,new york strip steak,2,24,1.0,5,shear,shear,55,0.11028600000000001,234.73,-1.6512456533192839,False
red2-1.xls,red,new york strip steak,2,24,1.0,1,shear,shear,56,0.11134000000000001,399.609,0.0,False
red2-2.xls,red,new york strip steak,2,24,1.0,2,shear,shear,56,0.11128199999999999,449.921,0.6744999999999999,False
red2-3.xls,red,new york strip steak,2,24,1.0,3,shear,shear,56,0.10429000000000001,472.137,0.9723353474320242,False
red2-4.xls,red,new york strip steak,2,24,1.0,4,shear,shear,56,0.10842,368.295,-0.41980626888217465,False
red2-5.xls,red,new york strip steak,2,24,1.0,5,shear,shear,56,0.11028600000000001,234.73,-2.2104246601208453,False
red2-1.xls,red,new york strip steak,2,24,1.0,1,shear,shear,57,0.11134000000000001,399.609,0.0,False
red2-2.xls,red,new york strip steak,2,24,1.0,2,shear,shear,57,0.11128199999999999,449.921,0.6744999999999999,False
red2-3.xls,red,new york strip steak,2,24,1.0,3,shear,shear,57,0.11429299999999999,480.966,1.0906999622356497,False
red2-4.xls,red,new york strip steak,2,24,1.0,4,shear,shear,57,0.10842,368.295,-0.41980626888217465,False
red2-5.xls,red,new york strip steak,2,24,1.0,5,shear,shear,57,0.11028600000000001,234.73,-2.2104246601208453,False
red2-1.xls,red,new york strip steak,2,24,1.0,1,shear,shear,58,0.11134000000000001,399.609,0.0,False
red2-2.xls,red,new york strip steak,2,24,1.0,2,shear,shear,58,0.11128199999999999,449.921,0.6744999999999999,False
red2-3.xls,red,new york strip steak,2,24,1.0,3,shear,shear,58,0.11429299999999999,480.966,1.0906999622356497,False
red2-4.xls,red,new york strip steak,2,24,1.0,4,shear,shear,58,0.11655900000000001,379.887,-0.2643999244712988,False
red2-5.xls,red,new york strip steak,2,24,1.0,5,shear,shear,58,0.11028600000000001,234.73,-2.2104246601208453,False
red2-1.xls,red,new york strip steak,2,24,1.0,1,shear,shear,59,0.11134000000000001,399.609,0.0,False
red2-2.xls,red,new york strip steak,2,24,1.0,2,shear,shear,59,0.11128199999999999,449.921,0.6744999999999999,False
red2-3.xls,red,new york strip steak,2,24,1.0,3,shear,shear,59,0.11429299999999999,480.966,1.0906999622356497,False
red2-4.xls,red,new york strip steak,2,24,1.0,4,shear,shear,59,0.11655900000000001,379.887,-0.2643999244712988,False
red2-5.xls,red,new york strip steak,2,24,1.0,5,shear,shear,59,0.11028600000000001,234.73,-2.2104246601208453,False
red2-1.xls,red,new york strip steak,2,24,1.0,1,shear,shear,60,0.11134000000000001,399.609,0.0,False
red2-2.xls,red,new york strip steak,2,24,1.0,2,shear,shear,60,0.120726,453.036,0.6744999999999999,False
red2-3.xls,red,new york strip steak,2,24,1.0,3,shear,shear,60,0.11429299999999999,480.966,1.027107951035993,False
red2-4.xls,red,new york strip steak,2,24,1.0,4,shear,shear,60,0.11655900000000001,379.887,-0.24898438991521107,False
red2-5.xls,red,new york strip steak,2,24,1.0,5,shear,shear,60,0.119161,235.308,-2.07425130551968,False
red2-1.xls,red,new york strip steak,2,24,1.0,1,shear,shear,61,0.12096,413.403,0.0,False
red2-2.xls,red,new york strip steak,2,24,1.0,2,shear,shear,61,0.120726,453.036,0.6745,False
red2-3.xls,red,new york strip steak,2,24,1.0,3,shear,shear,61,0.11429299999999999,480.966,1.1498307849519345,False
red2-4.xls,red,new york strip steak,2,24,1.0,4,shear,shear,61,0.11655900000000001,379.887,-0.5703969419423214,False
red2-5.xls,red,new york strip steak,2,24,1.0,5,shear,shear,61,0.119161,235.308,-3.030935773219289,False
red2-1.xls,red,new york strip steak,2,24,1.0,1,shear,shear,62,0.12096,413.403,0.0,False
red2-2.xls,red,new york strip steak,2,24,1.0,2,shear,shear,62,0.120726,453.036,0.6745,False
red2-3.xls,red,new york strip steak,2,24,1.0,3,shear,shear,62,0.12414199999999999,488.634,1.280329763076225,False
red2-4.xls,red,new york strip steak,2,24,1.0,4,shear,shear,62,0.12479599999999999,390.688,-0.38657854565639815,False
red2-5.xls,red,new york strip steak,2,24,1.0,5,shear,shear,62,0.119161,235.308,-3.030935773219289,False
red2-1.xls,red,new york strip steak,2,24,1.0,1,shear,shear,63,0.12096,413.403,0.0,False
red2-2.xls,red,new york strip steak,2,24,1.0,2,shear,shear,63,0.120726,453.036,0.6745,False
red2-3.xls,red,new york strip steak,2,24,1.0,3,shear,shear,63,0.12414199999999999,488.634,1.280329763076225,False
red2-4.xls,red,new york strip steak,2,24,1.0,4,shear,shear,63,0.12479599999999999,390.688,-0.38657854565639815,False
red2-5.xls,red,new york strip steak,2,24,1.0,5,shear,shear,63,0.119161,235.308,-3.030935773219289,False
red2-1.xls,red,new york strip steak,2,24,1.0,1,shear,shear,64,0.12096,413.403,0.0,False
red2-2.xls,red,new york strip steak,2,24,1.0,2,shear,shear,64,0.120726,453.036,0.6745,False
red2-3.xls,red,new york strip steak,2,24,1.0,3,shear,shear,64,0.12414199999999999,488.634,1.280329763076225,False
red2-4.xls,red,new york strip steak,2,24,1.0,4,shear,shear,64,0.12479599999999999,390.688,-0.38657854565639815,False
red2-5.xls,red,new york strip steak,2,24,1.0,5,shear,shear,64,0.128058,233.366,-3.063985983902305,False
red2-1.xls,red,new york strip steak,2,24,1.0,1,shear,shear,65,0.130647,426.195,0.0,False
red2-2.xls,red,new york strip steak,2,24,1.0,2,shear,shear,65,0.130232,451.82,0.48677901540541296,False
red2-3.xls,red,new york strip steak,2,24,1.0,3,shear,shear,65,0.12414199999999999,488.634,1.1861071197228716,False
red2-4.xls,red,new york strip steak,2,24,1.0,4,shear,shear,65,0.12479599999999999,390.688,-0.6745,False
red2-5.xls,red,new york strip steak,2,24,1.0,5,shear,shear,65,0.128058,233.366,-3.663028712648209,True
red2-1.xls,red,new york strip steak,2,24,1.0,1,shear,shear,66,0.130647,426.195,0.0,False
red2-2.xls,red,new york strip steak,2,24,1.0,2,shear,shear,66,0.130232,451.82,0.48677901540541296,False
red2-3.xls,red,new york strip steak,2,24,1.0,3,shear,shear,66,0.12414199999999999,488.634,1.1861071197228716,False
red2-4.xls,red,new york strip steak,2,24,1.0,4,shear,shear,66,0.12479599999999999,390.688,-0.6745,False
red2-5.xls,red,new york strip steak,2,24,1.0,5,shear,shear,66,0.128058,233.366,-3.663028712648209,True
red2-1.xls,red,new york strip steak,2,24,1.0,1,shear,shear,67,0.130647,426.195,0.0,False
red2-2.xls,red,new york strip steak,2,24,1.0,2,shear,shear,67,0.130232,451.82,0.6745,False
red2-3.xls,red,new york strip steak,2,24,1.0,3,shear,shear,67,0.13406700000000002,496.079,1.8394832390243905,False
red2-4.xls,red,new york strip steak,2,24,1.0,4,shear,shear,67,0.13298400000000002,401.356,-0.6538109463414633,False
red2-5.xls,red,new york strip steak,2,24,1.0,5,shear,shear,67,0.128058,233.366,-5.0756355317073165,True
red2-1.xls,red,new york strip steak,2,24,1.0,1,shear,shear,68,0.130647,426.195,0.0,False
red2-2.xls,red,new york strip steak,2,24,1.0,2,shear,shear,68,0.130232,451.82,0.6745,False
red2-3.xls,red,new york strip steak,2,24,1.0,3,shear,shear,68,0.13406700000000002,496.079,1.8394832390243905,False
red2-4.xls,red,new york strip steak,2,24,1.0,4,shear,shear,68,0.13298400000000002,401.356,-0.6538109463414633,False
red2-5.xls,red,new york strip steak,2,24,1.0,5,shear,shear,68,0.128058,233.366,-5.0756355317073165,True
red2-1.xls,red,new york strip steak,2,24,1.0,1,shear,shear,69,0.130647,426.195,0.0,False
red2-2.xls,red,new york strip steak,2,24,1.0,2,shear,shear,69,0.130232,451.82,0.6745,False
red2-3.xls,red,new york strip steak,2,24,1.0,3,shear,shear,69,0.13406700000000002,496.079,1.8394832390243905,False
red2-4.xls,red,new york strip steak,2,24,1.0,4,shear,shear,69,0.13298500000000002,401.356,-0.6538109463414633,False
red2-5.xls,red,new york strip steak,2,24,1.0,5,shear,shear,69,0.13697900000000002,230.93,-5.139755804878049,True
red2-1.xls,red,new york strip steak,2,24,1.0,1,shear,shear,70,0.140259,440.281,0.0,False
red2-2.xls,red,new york strip steak,2,24,1.0,2,shear,shear,70,0.139731,452.013,0.20329438664097568,False
red2-3.xls,red,new york strip steak,2,24,1.0,3,shear,shear,70,0.13406700000000002,496.079,0.966878638407193,False
red2-4.xls,red,new york strip steak,2,24,1.0,4,shear,shear,70,0.13298500000000002,401.356,-0.6745,False
red2-5.xls,red,new york strip steak,2,24,1.0,5,shear,shear,70,0.13697900000000002,230.93,-3.6276750032113023,True
red2-1.xls,red,new york strip steak,2,24,1.0,1,shear,shear,71,0.140259,440.281,0.0,False
red2-2.xls,red,new york strip steak,2,24,1.0,2,shear,shear,71,0.13973000000000002,452.013,0.2694508989376186,False
red2-3.xls,red,new york strip steak,2,24,1.0,3,shear,shear,71,0.13406700000000002,496.079,1.2815224393898121,False
red2-4.xls,red,new york strip steak,2,24,1.0,4,shear,shear,71,0.14110799999999998,410.913,-0.6745,False
red2-5.xls,red,new york strip steak,2,24,1.0,5,shear,shear,71,0.13697900000000002,230.93,-4.8082010862162905,True
red2-1.xls,red,new york strip steak,2,24,1.0,1,shear,shear,72,0.140259,440.281,0.0,False
red2-2.xls,red,new york strip steak,2,24,1.0,2,shear,shear,72,0.13973000000000002,452.013,0.2694508989376186,False
red2-3.xls,red,new york strip steak,2,24,1.0,3,shear,shear,72,0.143994,499.549,1.3612185371833283,False
red2-4.xls,red,new york strip steak,2,24,1.0,4,shear,shear,72,0.14110799999999998,410.913,-0.6745,False
red2-5.xls,red,new york strip steak,2,24,1.0,5,shear,shear,72,0.13697900000000002,230.93,-4.8082010862162905,True
red2-1.xls,red,new york strip steak,2,24,1.0,1,shear,shear,73,0.14026,440.281,0.0,False
red2-2.xls,red,new york strip steak,2,24,1.0,2,shear,shear,73,0.13973000000000002,452.013,0.2694508989376186,False
red2-3.xls,red,new york strip steak,2,24,1.0,3,shear,shear,73,0.143994,499.549,1.3612185371833283,False
red2-4.xls,red,new york strip steak,2,24,1.0,4,shear,shear,73,0.141109,410.913,-0.6745,False
red2-5.xls,red,new york strip steak,2,24,1.0,5,shear,shear,73,0.14583500000000002,223.873,-4.970280441296651,True
red2-1.xls,red,new york strip steak,2,24,1.0,1,shear,shear,74,0.14026,440.281,0.0,False
red2-2.xls,red,new york strip steak,2,24,1.0,2,shear,shear,74,0.13973000000000002,452.013,0.2694508989376186,False
red2-3.xls,red,new york strip steak,2,24,1.0,3,shear,shear,74,0.143994,499.549,1.3612185371833283,False
red2-4.xls,red,new york strip steak,2,24,1.0,4,shear,shear,74,0.141109,410.913,-0.6745,False
red2-5.xls,red,new york strip steak,2,24,1.0,5,shear,shear,74,0.14583500000000002,223.873,-4.970280441296651,True
red2-1.xls,red,new york strip steak,2,24,1.0,1,shear,shear,75,0.149955,452.054,0.0,False
red2-2.xls,red,new york strip steak,2,24,1.0,2,shear,shear,75,0.149194,454.932,0.060664739523111064,False
red2-3.xls,red,new york strip steak,2,24,1.0,3,shear,shear,75,0.143993,499.549,1.0011368324010137,False
red2-4.xls,red,new york strip steak,2,24,1.0,4,shear,shear,75,0.149306,420.055,-0.6745,False
red2-5.xls,red,new york strip steak,2,24,1.0,5,shear,shear,75,0.14583500000000002,223.873,-4.8097779461858226,True
red2-1.xls,red,new york strip steak,2,24,1.0,1,shear,shear,76,0.149955,452.054,0.0,False
red2-2.xls,red,new york strip steak,2,24,1.0,2,shear,shear,76,0.149194,454.932,0.060664739523111064,False
red2-3.xls,red,new york strip steak,2,24,1.0,3,shear,shear,76,0.143993,499.549,1.0011368324010137,False
red2-4.xls,red,new york strip steak,2,24,1.0,4,shear,shear,76,0.149306,420.055,-0.6745,False
red2-5.xls,red,new york strip steak,2,24,1.0,5,shear,shear,76,0.14583500000000002,223.873,-4.8097779461858226,True
red2-1.xls,red,new york strip steak,2,24,1.0,1,shear,shear,77,0.149954,452.054,0.0,False
red2-2.xls,red,new york strip steak,2,24,1.0,2,shear,shear,77,0.149194,454.932,0.060664739523111064,False
red2-3.xls,red,new york strip steak,2,24,1.0,3,shear,shear,77,0.153909,504.605,1.1077111628488412,False
red2-4.xls,red,new york strip steak,2,24,1.0,4,shear,shear,77,0.149305,420.055,-0.6745,False
red2-5.xls,red,new york strip steak,2,24,1.0,5,shear,shear,77,0.14583500000000002,223.873,-4.8097779461858226,True
red2-1.xls,red,new york strip steak,2,24,1.0,1,shear,shear,78,0.149954,452.054,0.0,False
red2-2.xls,red,new york strip steak,2,24,1.0,2,shear,shear,78,0.149194,454.932,0.060664739523111064,False
red2-3.xls,red,new york strip steak,2,24,1.0,3,shear,shear,78,0.153909,504.605,1.1077111628488412,False
red2-4.xls,red,new york strip steak,2,24,1.0,4,shear,shear,78,0.149305,420.055,-0.6745,False
red2-5.xls,red,new york strip steak,2,24,1.0,5,shear,shear,78,0.15481299999999998,221.675,-4.856109112784779,True
red2-1.xls,red,new york strip steak,2,24,1.0,1,shear,shear,79,0.149955,452.054,0.0,False
red2-2.xls,red,new york strip steak,2,24,1.0,2,shear,shear,79,0.158686,455.878,0.11043836437593715,False
red2-3.xls,red,new york strip steak,2,24,1.0,3,shear,shear,79,0.153909,504.605,1.517689980732181,False
red2-4.xls,red,new york strip steak,2,24,1.0,4,shear,shear,79,0.157469,428.699,-0.6745,False
red2-5.xls,red,new york strip steak,2,24,1.0,5,shear,shear,79,0.15481299999999998,221.675,-6.6534204881181855,True
red2-1.xls,red,new york strip steak,2,24,1.0,1,shear,shear,80,0.159578,463.317,0.18461332278597517,False
red2-2.xls,red,new york strip steak,2,24,1.0,2,shear,shear,80,0.158686,455.878,0.0,False
red2-3.xls,red,new york strip steak,2,24,1.0,3,shear,shear,80,0.153909,504.605,1.209255730527247,False
red2-4.xls,red,new york strip steak,2,24,1.0,4,shear,shear,80,0.157469,428.699,-0.6745,False
red2-5.xls,red,new york strip steak,2,24,1.0,5,shear,shear,80,0.15481299999999998,221.675,-5.812205139997798,True
red2-1.xls,red,new york strip steak,2,24,1.0,1,shear,shear,81,0.159578,463.317,0.18461332278597517,False
red2-2.xls,red,new york strip steak,2,24,1.0,2,shear,shear,81,0.158686,455.878,0.0,False
red2-3.xls,red,new york strip steak,2,24,1.0,3,shear,shear,81,0.153909,504.605,1.209255730527247,False
red2-4.xls,red,new york strip steak,2,24,1.0,4,shear,shear,81,0.157469,428.699,-0.6745,False
red2-5.xls,red,new york strip steak,2,24,1.0,5,shear,shear,81,0.15481299999999998,221.675,-5.812205139997798,True
red2-1.xls,red,new york strip steak,2,24,1.0,1,shear,shear,82,0.159578,463.317,0.18461332278597517,False
red2-2.xls,red,new york strip steak,2,24,1.0,2,shear,shear,82,0.158686,455.878,0.0,False
red2-3.xls,red,new york strip steak,2,24,1.0,3,shear,shear,82,0.163846,504.606,1.209280547481513,False
red2-4.xls,red,new york strip steak,2,24,1.0,4,shear,shear,82,0.157469,428.699,-0.6745,False
red2-5.xls,red,new york strip steak,2,24,1.0,5,shear,shear,82,0.163619,222.027,-5.803469572096109,True
red2-1.xls,red,new york strip steak,2,24,1.0,1,shear,shear,83,0.159578,463.317,0.2509430107526888,False
red2-2.xls,red,new york strip steak,2,24,1.0,2,shear,shear,83,0.158686,455.878,0.0,False
red2-3.xls,red,new york strip steak,2,24,1.0,3,shear,shear,83,0.163846,504.606,1.6437627406851711,False
red2-4.xls,red,new york strip steak,2,24,1.0,4,shear,shear,83,0.16567900000000002,435.883,-0.6745,False
red2-5.xls,red,new york strip steak,2,24,1.0,5,shear,shear,83,0.163619,222.027,-7.888597124281068,True
red2-1.xls,red,new york strip steak,2,24,1.0,1,shear,shear,84,0.159578,463.317,0.244097746227165,False
red2-2.xls,red,new york strip steak,2,24,1.0,2,shear,shear,84,0.16819299999999998,456.027,0.0,False
red2-3.xls,red,new york strip steak,2,24,1.0,3,shear,shear,84,0.163846,504.606,1.6266151459491658,False
red2-4.xls,red,new york strip steak,2,24,1.0,4,shear,shear,84,0.16567900000000002,435.883,-0.6745,False
red2-5.xls,red,new york strip steak,2,24,1.0,5,shear,shear,84,0.163619,222.027,-7.83523629864972,True
red2-1.xls,red,new york strip steak,2,24,1.0,1,shear,shear,85,0.169229,474.926,0.6328125248212866,False
red2-2.xls,red,new york strip steak,2,24,1.0,2,shear,shear,85,0.16819299999999998,456.027,0.0,False
red2-3.xls,red,new york strip steak,2,24,1.0,3,shear,shear,85,0.163846,504.606,1.6266151459491658,False
red2-4.xls,red,new york strip steak,2,24,1.0,4,shear,shear,85,0.165678,435.883,-0.6745,False
red2-5.xls,red,new york strip steak,2,24,1.0,5,shear,shear,85,0.163619,222.027,-7.83523629864972,True
red2-1.xls,red,new york strip steak,2,24,1.0,1,shear,shear,86,0.169229,474.926,0.6328125248212866,False
red2-2.xls,red,new york strip steak,2,24,1.0,2,shear,shear,86,0.16819299999999998,456.027,0.0,False
red2-3.xls,red,new york strip steak,2,24,1.0,3,shear,shear,86,0.163846,504.606,1.6266151459491658,False
red2-4.xls,red,new york strip steak,2,24,1.0,4,shear,shear,86,0.165678,435.883,-0.6745,False
red2-5.xls,red,new york strip steak,2,24,1.0,5,shear,shear,86,0.172513,216.939,-8.005602462271641,True
red2-1.xls,red,new york strip steak,2,24,1.0,1,shear,shear,87,0.169229,474.926,0.6745,False
red2-2.xls,red,new york strip steak,2,24,1.0,2,shear,shear,87,0.16819299999999998,456.027,0.0,False
red2-3.xls,red,new york strip steak,2,24,1.0,3,shear,shear,87,0.173765,507.037,1.820532567860733,False
red2-4.xls,red,new york strip steak,2,24,1.0,4,shear,shear,87,0.17384,442.807,-0.47181808561299426,False
red2-5.xls,red,new york strip steak,2,24,1.0,5,shear,shear,87,0.172513,216.939,-8.53298354410286,True
red2-1.xls,red,new york strip steak,2,24,1.0,1,shear,shear,88,0.169229,474.926,0.6745,False
red2-2.xls,red,new york strip steak,2,24,1.0,2,shear,shear,88,0.16819299999999998,456.027,0.0,False
red2-3.xls,red,new york strip steak,2,24,1.0,3,shear,shear,88,0.173765,507.037,1.820532567860733,False
red2-4.xls,red,new york strip steak,2,24,1.0,4,shear,shear,88,0.17384,442.807,-0.47181808561299426,False
red2-5.xls,red,new york strip steak,2,24,1.0,5,shear,shear,88,0.172513,216.939,-8.53298354410286,True
red2-1.xls,red,new york strip steak,2,24,1.0,1,shear,shear,89,0.169229,474.926,0.6745,False
red2-2.xls,red,new york strip steak,2,24,1.0,2,shear,shear,89,0.17768,458.554,0.0,False
red2-3.xls,red,new york strip steak,2,24,1.0,3,shear,shear,89,0.173765,507.037,1.997421420718298,False
red2-4.xls,red,new york strip steak,2,24,1.0,4,shear,shear,89,0.17384,442.807,-0.6487510078182239,False
red2-5.xls,red,new york strip steak,2,24,1.0,5,shear,shear,89,0.172513,216.939,-9.954148393598818,True
red2-1.xls,red,new york strip steak,2,24,1.0,1,shear,shear,90,0.17890799999999998,485.673,0.6745,False
red2-2.xls,red,new york strip steak,2,24,1.0,2,shear,shear,90,0.17768,458.554,0.0,False
red2-3.xls,red,new york strip steak,2,24,1.0,3,shear,shear,90,0.173765,507.037,1.205862439617979,False
red2-4.xls,red,new york strip steak,2,24,1.0,4,shear,shear,90,0.17384,442.807,-0.3916571960618002,False
red2-5.xls,red,new york strip steak,2,24,1.0,5,shear,shear,90,0.172513,216.939,-6.009414709244434,True
red2-1.xls,red,new york strip steak,2,24,1.0,1,shear,shear,91,0.17890799999999998,485.673,0.6745,False
red2-2.xls,red,new york strip steak,2,24,1.0,2,shear,shear,91,0.17768,458.554,0.0,False
red2-3.xls,red,new york strip steak,2,24,1.0,3,shear,shear,91,0.173765,507.037,1.205862439617979,False
red2-4.xls,red,new york strip steak,2,24,1.0,4,shear,shear,91,0.18201699999999998,449.164,-0.2335467753235733,False
red2-5.xls,red,new york strip steak,2,24,1.0,5,shear,shear,91,0.181398,215.877,-6.035828625686781,True
red2-1.xls,red,new york strip steak,2,24,1.0,1,shear,shear,92,0.17890799999999998,485.673,0.6745,False
red2-2.xls,red,new york strip steak,2,24,1.0,2,shear,shear,92,0.17768,458.554,0.0,False
red2-3.xls,red,new york strip steak,2,24,1.0,3,shear,shear,92,0.183676,506.762,1.199022677827353,False
red2-4.xls,red,new york strip steak,2,24,1.0,4,shear,shear,92,0.18201699999999998,449.164,-0.2335467753235733,False
red2-5.xls,red,new york strip steak,2,24,1.0,5,shear,shear,92,0.181398,215.877,-6.035828625686781,True
red2-1.xls,red,new york strip steak,2,24,1.0,1,shear,shear,93,0.17890799999999998,485.673,0.6745000000000001,False
red2-2.xls,red,new york strip steak,2,24,1.0,2,shear,shear,93,0.187144,459.607,0.0,False
red2-3.xls,red,new york strip steak,2,24,1.0,3,shear,shear,93,0.183676,506.762,1.2202120578531426,False
red2-4.xls,red,new york strip steak,2,24,1.0,4,shear,shear,93,0.18201799999999999,449.164,-0.27022955190669967,False
red2-5.xls,red,new york strip steak,2,24,1.0,5,shear,shear,93,0.181398,215.877,-6.306908808409429,True
red2-1.xls,red,new york strip steak,2,24,1.0,1,shear,shear,94,0.18853799999999998,497.286,0.6745,False
red2-2.xls,red,new york strip steak,2,24,1.0,2,shear,shear,94,0.187144,459.607,0.0,False
red2-3.xls,red,new york strip steak,2,24,1.0,3,shear,shear,94,0.183676,506.762,0.8441319435229173,False
red2-4.xls,red,new york strip steak,2,24,1.0,4,shear,shear,94,0.18201799999999999,449.164,-0.18694242150800264,False
red2-5.xls,red,new york strip steak,2,24,1.0,5,shear,shear,94,0.181398,215.877,-4.363063908277824,True
red2-1.xls,red,new york strip steak,2,24,1.0,1,shear,shear,95,0.18853799999999998,497.286,0.6745,False
red2-2.xls,red,new york strip steak,2,24,1.0,2,shear,shear,95,0.187144,459.607,0.0,False
red2-3.xls,red,new york strip steak,2,24,1.0,3,shear,shear,95,0.183676,506.762,0.8441319435229173,False
red2-4.xls,red,new york strip steak,2,24,1.0,4,shear,shear,95,0.190164,455.468,-0.07409314206852646,False
red2-5.xls,red,new york strip steak,2,24,1.0,5,shear,shear,95,0.19034800000000002,218.868,-4.309521364685903,True
red2-1.xls,red,new york strip steak,2,24,1.0,1,shear,shear,96,0.18853799999999998,497.286,0.6745,False
red2-2.xls,red,new york strip steak,2,24,1.0,2,shear,shear,96,0.187144,459.607,0.0,False
red2-3.xls,red,new york strip steak,2,24,1.0,3,shear,shear,96,0.183676,506.762,0.8441319435229173,False
red2-4.xls,red,new york strip steak,2,24,1.0,4,shear,shear,96,0.190164,455.468,-0.07409314206852646,False
red2-5.xls,red,new york strip steak,2,24,1.0,5,shear,shear,96,0.19034800000000002,218.868,-4.309521364685903,True
red2-1.xls,red,new york strip steak,2,24,1.0,1,shear,shear,97,0.18853799999999998,497.286,0.6745,False
red2-2.xls,red,new york strip steak,2,24,1.0,2,shear,shear,97,0.187144,459.607,0.0,False
red2-3.xls,red,new york strip steak,2,24,1.0,3,shear,shear,97,0.193584,501.467,0.7493449932323042,False
red2-4.xls,red,new york strip steak,2,24,1.0,4,shear,shear,97,0.190164,455.468,-0.07409314206852646,False
red2-5.xls,red,new york strip steak,2,24,1.0,5,shear,shear,97,0.19034800000000002,218.868,-4.309521364685903,True
red2-1.xls,red,new york strip steak,2,24,1.0,1,shear,shear,98,0.18853799999999998,497.286,0.6745,False
red2-2.xls,red,new york strip steak,2,24,1.0,2,shear,shear,98,0.196706,462.209,0.0,False
red2-3.xls,red,new york strip steak,2,24,1.0,3,shear,shear,98,0.193584,501.467,0.7548969695241893,False
red2-4.xls,red,new york strip steak,2,24,1.0,4,shear,shear,98,0.190164,455.468,-0.12962352823787637,False
red2-5.xls,red,new york strip steak,2,24,1.0,5,shear,shear,98,0.19034800000000002,218.868,-4.679234384354421,True
red2-1.xls,red,new york strip steak,2,24,1.0,1,shear,shear,99,0.198196,506.516,0.761247936726273,False
red2-2.xls,red,new york strip steak,2,24,1.0,2,shear,shear,99,0.196706,462.209,0.0,False
red2-3.xls,red,new york strip steak,2,24,1.0,3,shear,shear,99,0.193583,501.467,0.6745,False
red2-4.xls,red,new york strip steak,2,24,1.0,4,shear,shear,99,0.198363,461.741,-0.008040806969280454,False
red2-5.xls,red,new york strip steak,2,24,1.0,5,shear,shear,99,0.19034800000000002,218.868,-4.180893181007695,True
red2-1.xls,red,new york strip steak,2,24,1.0,1,uniaxial,compression,0,0.9782566,636.331,-0.2634104968756048,False
red2-2.xls,red,new york strip steak,2,24,1.0,2,uniaxial,compression,0,0.9783478,1016.59,1.0095990748415467,False
red2-3.xls,red,new york strip steak,2,24,1.0,3,uniaxial,compression,0,0.9781181,1589.88,2.9288269100005455,False
red2-4.xls,red,new york strip steak,2,24,1.0,4,uniaxial,compression,0,0.977766,513.535,-0.6745,False
red2-5.xls,red,new york strip steak,2,24,1.0,5,uniaxial,compression,0,0.9783609,715.014,0.0,False
red2-1.xls,red,new york strip steak,2,24,1.0,1,uniaxial,compression,1,0.95823,775.934,-0.2501038854174705,False
red2-2.xls,red,new york strip steak,2,24,1.0,2,uniaxial,compression,1,0.9583304,1365.03,2.304251150710997,False
red2-3.xls,red,new york strip steak,2,24,1.0,3,uniaxial,compression,1,0.9576909,1954.21,4.858970415798811,True
red2-4.xls,red,new york strip steak,2,24,1.0,4,uniaxial,compression,1,0.958014,678.058,-0.6745,False
red2-5.xls,red,new york strip steak,2,24,1.0,5,uniaxial,compression,1,0.9579458,833.614,0.0,False
red2-1.xls,red,new york strip steak,2,24,1.0,1,uniaxial,compression,2,0.9382389,946.849,-0.00995652604386991,False
red2-2.xls,red,new york strip steak,2,24,1.0,2,uniaxial,compression,2,0.9379565,1515.07,1.7148932255335234,False
red2-3.xls,red,new york strip steak,2,24,1.0,3,uniaxial,compression,2,0.9377727,2238.55,3.9110357445027506,True
red2-4.xls,red,new york strip steak,2,24,1.0,4,uniaxial,compression,2,0.937706,727.927,-0.6745,False
red2-5.xls,red,new york strip steak,2,24,1.0,5,uniaxial,compression,2,0.9378936,950.129,0.0,False
red2-1.xls,red,new york strip steak,2,24,1.0,1,uniaxial,compression,3,0.9179115,1073.69,0.0,False
red2-2.xls,red,new york strip steak,2,24,1.0,2,uniaxial,compression,3,0.9180522,1688.05,1.8256168716737737,False
red2-3.xls,red,new york strip steak,2,24,1.0,3,uniaxial,compression,3,0.9177181,2391.24,3.9151987585028007,True
red2-4.xls,red,new york strip steak,2,24,1.0,4,uniaxial,compression,3,0.917756,846.706,-0.6745,False
red2-5.xls,red,new york strip steak,2,24,1.0,5,uniaxial,compression,3,0.9174394,1011.61,-0.18447538152468906,False
red2-1.xls,red,new york strip steak,2,24,1.0,1,uniaxial,compression,4,0.897938,1273.17,0.0,False
red2-2.xls,red,new york strip steak,2,24,1.0,2,uniaxial,compression,4,0.898052,1797.45,0.9922691381719613,False
red2-3.xls,red,new york strip steak,2,24,1.0,3,uniaxial,compression,4,0.897274,2625.86,2.5601444657698758,False
red2-4.xls,red,new york strip steak,2,24,1.0,4,uniaxial,compression,4,0.897234,916.788,-0.6745,False
red2-5.xls,red,new york strip steak,2,24,1.0,5,uniaxial,compression,4,0.897033,1098.87,-0.32988576864151414,False
red2-1.xls,red,new york strip steak,2,24,1.0,1,uniaxial,compression,5,0.877865,1443.25,0.0,False
red2-2.xls,red,new york strip steak,2,24,1.0,2,uniaxial,compression,5,0.878,1949.56,0.8446222021616008,False
red2-3.xls,red,new york strip steak,2,24,1.0,3,uniaxial,compression,5,0.876926,2770.03,2.2133235475972604,False
red2-4.xls,red,new york strip steak,2,24,1.0,4,uniaxial,compression,5,0.87732,1038.92,-0.6745000000000001,False
red2-5.xls,red,new york strip steak,2,24,1.0,5,uniaxial,compression,5,0.8770290000000001,1160.91,-0.47099727944995423,False
red2-1.xls,red,new york strip steak,2,24,1.0,1,uniaxial,compression,6,0.857827,1742.0,0.0,False
red2-2.xls,red,new york strip steak,2,24,1.0,2,uniaxial,compression,6,0.857584,2063.44,0.4647914764079148,False
red2-3.xls,red,new york strip steak,2,24,1.0,3,uniaxial,compression,6,0.857359,2971.84,1.7783074581430747,False
red2-4.xls,red,new york strip steak,2,24,1.0,4,uniaxial,compression,6,0.857328,1138.5,-0.8726407914764078,False
red2-5.xls,red,new york strip steak,2,24,1.0,5,uniaxial,compression,6,0.856677,1275.53,-0.6745,False
red2-1.xls,red,new york strip steak,2,24,1.0,1,uniaxial,compression,7,0.837446,1987.29,0.0,False
red2-2.xls,red,new york strip steak,2,24,1.0,2,uniaxial,compression,7,0.837539,2217.27,0.24123150970390647,False
red2-3.xls,red,new york strip steak,2,24,1.0,3,uniaxial,compression,7,0.83728,3202.81,1.274987932321473,False
red2-4.xls,red,new york strip steak,2,24,1.0,4,uniaxial,compression,7,0.83723,1278.05,-0.743938759641702,False
red2-5.xls,red,new york strip steak,2,24,1.0,5,uniaxial,compression,7,0.836679,1344.25,-0.6745,False
red2-1.xls,red,new york strip steak,2,24,1.0,1,uniaxial,compression,8,0.817533,2416.61,0.03169174638487226,False
red2-2.xls,red,new york strip steak,2,24,1.0,2,uniaxial,compression,8,0.81753,2374.37,0.0,False
red2-3.xls,red,new york strip steak,2,24,1.0,3,uniaxial,compression,8,0.816909,3355.8,0.7363454226918801,False
red2-4.xls,red,new york strip steak,2,24,1.0,4,uniaxial,compression,8,0.816944,1358.46,-0.7622150111234705,False
red2-5.xls,red,new york strip steak,2,24,1.0,5,uniaxial,compression,8,0.816707,1475.37,-0.6745,False
red2-1.xls,red,new york strip steak,2,24,1.0,1,uniaxial,tension,0,1.0263402,1404.96,0.6745,False
red2-2.xls,red,new york strip steak,2,24,1.0,2,uniaxial,tension,0,1.0264539,1016.4,0.0,False
red2-3.xls,red,new york strip steak,2,24,1.0,3,uniaxial,tension,0,1.0265551,1589.76,0.9952936998147003,False
red2-4.xls,red,new york strip steak,2,24,1.0,4,uniaxial,tension,0,1.0265304,551.518,-0.8069871036648134,False
red2-5.xls,red,new york strip steak,2,24,1.0,5,uniaxial,tension,0,1.026326,716.014,-0.5214390493102736,False
red2-1.xls,red,new york strip steak,2,24,1.0,1,uniaxial,tension,1,1.051784,330.821,3.717760827054697,True
red2-2.xls,red,new york strip steak,2,24,1.0,2,uniaxial,tension,1,1.0515113,234.986,0.0,False
red2-3.xls,red,new york strip steak,2,24,1.0,3,uniaxial,tension,1,1.0520211,433.836,7.714057916834416,True
red2-4.xls,red,new york strip steak,2,24,1.0,4,uniaxial,tension,1,1.0519018,217.599,-0.6745,False
red2-5.xls,red,new york strip steak,2,24,1.0,5,uniaxial,tension,1,1.0518585,220.656,-0.5559087249094145,False
red2-1.xls,red,new york strip steak,2,24,1.0,1,uniaxial,tension,2,1.077259,34.6838,0.0,False
red2-2.xls,red,new york strip steak,2,24,1.0,2,uniaxial,tension,2,1.0766603,-8.70034,-0.6745,False
red2-3.xls,red,new york strip steak,2,24,1.0,3,uniaxial,tension,2,1.0771678,74.3703,0.617012213449431,False
red2-4.xls,red,new york strip steak,2,24,1.0,4,uniaxial,tension,2,1.0769129,-45.9337,-1.2533728627558367,False
red2-5.xls,red,new york strip steak,2,24,1.0,5,uniaxial,tension,2,1.0767902,78.7568,0.6852098140011533,False
red2-1.xls,red,new york strip steak,2,24,1.0,1,uniaxial,tension,3,1.102382,-210.833,0.0,False
red2-2.xls,red,new york strip steak,2,24,1.0,2,uniaxial,tension,3,1.102174,-218.287,-0.4096905964797921,False
red2-3.xls,red,new york strip steak,2,24,1.0,3,uniaxial,tension,3,1.102101,-223.105,-0.6745000000000001,False
red2-4.xls,red,new york strip steak,2,24,1.0,4,uniaxial,tension,3,1.102092,-117.156,5.148723639178621,True
red2-5.xls,red,new york strip steak,2,24,1.0,5,uniaxial,tension,3,1.101738,-62.7359,8.139789272327256,True
red3-1.xls,red,new york strip steak,3,48,2.0,1,shear,shear,0,-0.00139521,-36.5404,-4.033743527561479,True
red3-2.xls,red,new york strip steak,3,48,2.0,2,shear,shear,0,-0.00311724,-11.6218,-2.185211159869781,False
red3-3.xls,red,new york strip steak,3,48,2.0,3,shear,shear,0,0.00584913,25.2888,0.5529217533324533,False
red3-4.xls,red,new york strip steak,3,48,2.0,4,shear,shear,0,-0.00038375,17.8353,0.0,False
red3-5.xls,red,new york strip steak,3,48,2.0,5,shear,shear,0,0.00030741899999999996,26.9277,0.6745,False
red3-1.xls,red,new york strip steak,3,48,2.0,1,shear,shear,1,-0.00139521,-36.5404,-4.422747538250876,True
red3-2.xls,red,new york strip steak,3,48,2.0,2,shear,shear,1,0.0027106200000000004,18.5292,0.0,False
red3-3.xls,red,new york strip steak,3,48,2.0,3,shear,shear,1,0.00260104,53.9812,2.8472196225516453,False
red3-4.xls,red,new york strip steak,3,48,2.0,4,shear,shear,1,-0.00038375,17.8353,-0.0557284693695302,False
red3-5.xls,red,new york strip steak,3,48,2.0,5,shear,shear,1,0.000307269,26.9277,0.6745,False
red3-1.xls,red,new york strip steak,3,48,2.0,1,shear,shear,2,0.00385021,2.41676,-0.6745000000000001,False
red3-2.xls,red,new york strip steak,3,48,2.0,2,shear,shear,2,0.0027106200000000004,18.5292,-0.23111264806653686,False
red3-3.xls,red,new york strip steak,3,48,2.0,3,shear,shear,2,0.00260104,53.9812,0.74446699106603,False
red3-4.xls,red,new york strip steak,3,48,2.0,4,shear,shear,2,0.00404474,61.2423,0.9442802968796788,False
red3-5.xls,red,new york strip steak,3,48,2.0,5,shear,shear,2,0.000307269,26.9277,0.0,False
red3-1.xls,red,new york strip steak,3,48,2.0,1,shear,shear,3,0.00385017,2.41676,-0.6745000000000001,False
red3-2.xls,red,new york strip steak,3,48,2.0,2,shear,shear,3,0.0027106200000000004,18.5292,-0.23111264806653686,False
red3-3.xls,red,new york strip steak,3,48,2.0,3,shear,shear,3,0.00260104,53.9812,0.74446699106603,False
red3-4.xls,red,new york strip steak,3,48,2.0,4,shear,shear,3,0.00404474,61.2423,0.9442802968796788,False
red3-5.xls,red,new york strip steak,3,48,2.0,5,shear,shear,3,0.000307266,26.9277,0.0,False
red3-1.xls,red,new york strip steak,3,48,2.0,1,shear,shear,4,0.00385017,2.41676,-0.6745000000000001,False
red3-2.xls,red,new york strip steak,3,48,2.0,2,shear,shear,4,0.0027106,18.5292,-0.23111264806653686,False
red3-3.xls,red,new york strip steak,3,48,2.0,3,shear,shear,4,0.00260104,53.9812,0.74446699106603,False
red3-4.xls,red,new york strip steak,3,48,2.0,4,shear,shear,4,0.00404474,61.2423,0.9442802968796788,False
red3-5.xls,red,new york strip steak,3,48,2.0,5,shear,shear,4,0.000307266,26.9277,0.0,False
red3-1.xls,red,new york strip steak,3,48,2.0,1,shear,shear,5,0.00385017,2.41676,-0.6745000000000001,False
red3-2.xls,red,new york strip steak,3,48,2.0,2,shear,shear,5,0.0027106,18.5292,-0.23111264806653686,False
red3-3.xls,red,new york strip steak,3,48,2.0,3,shear,shear,5,0.00260102,53.9812,0.74446699106603,False
red3-4.xls,red,new york strip steak,3,48,2.0,4,shear,shear,5,0.00404474,61.2423,0.9442802968796788,False
red3-5.xls,red,new york strip steak,3,48,2.0,5,shear,shear,5,0.000307266,26.9277,0.0,False
red3-1.xls,red,new york strip steak,3,48,2.0,1,shear,shear,6,0.0120208,36.3352,-1.3107568093688795,False
red3-2.xls,red,new york strip steak,3,48,2.0,2,shear,shear,6,0.010886199999999999,74.0592,0.6745,False
red3-3.xls,red,new york strip steak,3,48,2.0,3,shear,shear,6,0.0115572,158.122,5.09837461866754,True
red3-4.xls,red,new york strip steak,3,48,2.0,4,shear,shear,6,0.00404474,61.2423,0.0,False
red3-5.xls,red,new york strip steak,3,48,2.0,5,shear,shear,6,0.0109909,60.4692,-0.040685029141211956,False
red3-1.xls,red,new york strip steak,3,48,2.0,1,shear,shear,7,0.0120208,36.3352,-0.6745,False
red3-2.xls,red,new york strip steak,3,48,2.0,2,shear,shear,7,0.010886199999999999,74.0592,0.0,False
red3-3.xls,red,new york strip steak,3,48,2.0,3,shear,shear,7,0.0115572,158.122,1.5030314547768,False
red3-4.xls,red,new york strip steak,3,48,2.0,4,shear,shear,7,0.013106199999999998,129.803,0.9966915783055876,False
red3-5.xls,red,new york strip steak,3,48,2.0,5,shear,shear,7,0.0109909,60.4692,-0.24298735552963635,False
red3-1.xls,red,new york strip steak,3,48,2.0,1,shear,shear,8,0.0120208,36.3352,-0.6745,False
red3-2.xls,red,new york strip steak,3,48,2.0,2,shear,shear,8,0.010886199999999999,74.0592,0.0,False
red3-3.xls,red,new york strip steak,3,48,2.0,3,shear,shear,8,0.0115572,158.122,1.5030314547768,False
red3-4.xls,red,new york strip steak,3,48,2.0,4,shear,shear,8,0.0131061,129.803,0.9966915783055876,False
red3-5.xls,red,new york strip steak,3,48,2.0,5,shear,shear,8,0.0109909,60.4692,-0.24298735552963635,False
red3-1.xls,red,new york strip steak,3,48,2.0,1,shear,shear,9,0.0120207,36.3352,-0.6745,False
red3-2.xls,red,new york strip steak,3,48,2.0,2,shear,shear,9,0.010886199999999999,74.0592,0.0,False
red3-3.xls,red,new york strip steak,3,48,2.0,3,shear,shear,9,0.0115572,158.122,1.5030314547768,False
red3-4.xls,red,new york strip steak,3,48,2.0,4,shear,shear,9,0.0131061,129.803,0.9966915783055876,False
red3-5.xls,red,new york strip steak,3,48,2.0,5,shear,shear,9,0.0109909,60.4692,-0.24298735552963635,False
red3-1.xls,red,new york strip steak,3,48,2.0,1,shear,shear,10,0.0201824,95.7667,-1.462517928458919,False
red3-2.xls,red,new york strip steak,3,48,2.0,2,shear,shear,10,0.0192004,170.097,1.0849027996544887,False
red3-3.xls,red,new york strip steak,3,48,2.0,3,shear,shear,10,0.0115572,158.122,0.6745,False
red3-4.xls,red,new york strip steak,3,48,2.0,4,shear,shear,10,0.0131061,129.803,-0.2960383618718561,False
red3-5.xls,red,new york strip steak,3,48,2.0,5,shear,shear,10,0.0197387,138.441,0.0,False
red3-1.xls,red,new york strip steak,3,48,2.0,1,shear,shear,11,0.0201824,95.7667,-1.4369260654610077,False
red3-2.xls,red,new york strip steak,3,48,2.0,2,shear,shear,11,0.0192004,170.097,0.0,False
red3-3.xls,red,new york strip steak,3,48,2.0,3,shear,shear,11,0.020572499999999997,276.092,2.0490564185606606,False
red3-4.xls,red,new york strip steak,3,48,2.0,4,shear,shear,11,0.022172499999999998,204.988,0.6745,False
red3-5.xls,red,new york strip steak,3,48,2.0,5,shear,shear,11,0.019738500000000003,138.441,-0.6119621678942997,False
red3-1.xls,red,new york strip steak,3,48,2.0,1,shear,shear,12,0.0201824,95.7667,-1.4369260654610077,False
red3-2.xls,red,new york strip steak,3,48,2.0,2,shear,shear,12,0.0192004,170.097,0.0,False
red3-3.xls,red,new york strip steak,3,48,2.0,3,shear,shear,12,0.020572499999999997,276.092,2.0490564185606606,False
red3-4.xls,red,new york strip steak,3,48,2.0,4,shear,shear,12,0.022172499999999998,204.988,0.6745,False
red3-5.xls,red,new york strip steak,3,48,2.0,5,shear,shear,12,0.019738500000000003,138.441,-0.6119621678942997,False
red3-1.xls,red,new york strip steak,3,48,2.0,1,shear,shear,13,0.0201824,95.7667,-1.4369260654610077,False
red3-2.xls,red,new york strip steak,3,48,2.0,2,shear,shear,13,0.0192004,170.097,0.0,False
red3-3.xls,red,new york strip steak,3,48,2.0,3,shear,shear,13,0.020572499999999997,276.092,2.0490564185606606,False
red3-4.xls,red,new york strip steak,3,48,2.0,4,shear,shear,13,0.022172499999999998,204.988,0.6745,False
red3-5.xls,red,new york strip steak,3,48,2.0,5,shear,shear,13,0.019738500000000003,138.441,-0.6119621678942997,False
red3-1.xls,red,new york strip steak,3,48,2.0,1,shear,shear,14,0.028344499999999998,132.316,-1.881949781156416,False
red3-2.xls,red,new york strip steak,3,48,2.0,2,shear,shear,14,0.0274859,229.142,0.6255038393611304,False
red3-3.xls,red,new york strip steak,3,48,2.0,3,shear,shear,14,0.020572499999999997,276.092,1.8413440835444983,False
red3-4.xls,red,new york strip steak,3,48,2.0,4,shear,shear,14,0.022172499999999998,204.988,0.0,False
red3-5.xls,red,new york strip steak,3,48,2.0,5,shear,shear,14,0.0284334,178.942,-0.6745,False
red3-1.xls,red,new york strip steak,3,48,2.0,1,shear,shear,15,0.028344499999999998,132.316,-1.881949781156416,False
red3-2.xls,red,new york strip steak,3,48,2.0,2,shear,shear,15,0.0274859,229.142,0.6255038393611304,False
red3-3.xls,red,new york strip steak,3,48,2.0,3,shear,shear,15,0.029358399999999996,348.633,3.71990142440298,True
red3-4.xls,red,new york strip steak,3,48,2.0,4,shear,shear,15,0.022172499999999998,204.988,0.0,False
red3-5.xls,red,new york strip steak,3,48,2.0,5,shear,shear,15,0.0284334,178.942,-0.6745,False
red3-1.xls,red,new york strip steak,3,48,2.0,1,shear,shear,16,0.028344499999999998,132.316,-1.3009788247011953,False
red3-2.xls,red,new york strip steak,3,48,2.0,2,shear,shear,16,0.0274857,229.142,0.0,False
red3-3.xls,red,new york strip steak,3,48,2.0,3,shear,shear,16,0.029358399999999996,348.633,1.6055115438247014,False
red3-4.xls,red,new york strip steak,3,48,2.0,4,shear,shear,16,0.0312819,241.665,0.16826222111553785,False
red3-5.xls,red,new york strip steak,3,48,2.0,5,shear,shear,16,0.0284334,178.942,-0.6745,False
red3-1.xls,red,new york strip steak,3,48,2.0,1,shear,shear,17,0.028344499999999998,132.316,-1.3009788247011953,False
red3-2.xls,red,new york strip steak,3,48,2.0,2,shear,shear,17,0.0274857,229.142,0.0,False
red3-3.xls,red,new york strip steak,3,48,2.0,3,shear,shear,17,0.029358399999999996,348.633,1.6055115438247014,False
red3-4.xls,red,new york strip steak,3,48,2.0,4,shear,shear,17,0.0312819,241.665,0.16826222111553785,False
red3-5.xls,red,new york strip steak,3,48,2.0,5,shear,shear,17,0.0284334,178.942,-0.6745,False
red3-1.xls,red,new york strip steak,3,48,2.0,1,shear,shear,18,0.028344499999999998,132.316,-1.1758988010777547,False
red3-2.xls,red,new york strip steak,3,48,2.0,2,shear,shear,18,0.0357406,275.921,0.3683763850581127,False
red3-3.xls,red,new york strip steak,3,48,2.0,3,shear,shear,18,0.029358399999999996,348.633,1.1502944055609585,False
red3-4.xls,red,new york strip steak,3,48,2.0,4,shear,shear,18,0.0312819,241.665,0.0,False
red3-5.xls,red,new york strip steak,3,48,2.0,5,shear,shear,18,0.0284334,178.942,-0.6745,False
red3-1.xls,red,new york strip steak,3,48,2.0,1,shear,shear,19,0.0365841,157.239,-1.6623463626809898,False
red3-2.xls,red,new york strip steak,3,48,2.0,2,shear,shear,19,0.0357406,275.921,0.6745,False
red3-3.xls,red,new york strip steak,3,48,2.0,3,shear,shear,19,0.0382496,406.659,3.2487287774404483,False
red3-4.xls,red,new york strip steak,3,48,2.0,4,shear,shear,19,0.0312819,241.665,0.0,False
red3-5.xls,red,new york strip steak,3,48,2.0,5,shear,shear,19,0.037174200000000004,212.436,-0.5755184639187293,False
red3-1.xls,red,new york strip steak,3,48,2.0,1,shear,shear,20,0.0365841,157.239,-1.338533682915084,False
red3-2.xls,red,new york strip steak,3,48,2.0,2,shear,shear,20,0.0357403,275.921,0.08924039096081485,False
red3-3.xls,red,new york strip steak,3,48,2.0,3,shear,shear,20,0.0382496,406.659,1.6620511530847029,False
red3-4.xls,red,new york strip steak,3,48,2.0,4,shear,shear,20,0.0404411,268.503,0.0,False
red3-5.xls,red,new york strip steak,3,48,2.0,5,shear,shear,20,0.037174200000000004,212.436,-0.6745,False
red3-1.xls,red,new york strip steak,3,48,2.0,1,shear,shear,21,0.0365841,157.239,-1.338533682915084,False
red3-2.xls,red,new york strip steak,3,48,2.0,2,shear,shear,21,0.0357403,275.921,0.08924039096081485,False
red3-3.xls,red,new york strip steak,3,48,2.0,3,shear,shear,21,0.0382496,406.659,1.6620511530847029,False
red3-4.xls,red,new york strip steak,3,48,2.0,4,shear,shear,21,0.0404411,268.503,0.0,False
red3-5.xls,red,new york strip steak,3,48,2.0,5,shear,shear,21,0.037174200000000004,212.436,-0.6745,False
red3-1.xls,red,new york strip steak,3,48,2.0,1,shear,shear,22,0.0447728,180.908,-1.0537897069577473,False
red3-2.xls,red,new york strip steak,3,48,2.0,2,shear,shear,22,0.044053699999999994,314.262,0.550492187918027,False
red3-3.xls,red,new york strip steak,3,48,2.0,3,shear,shear,22,0.0382496,406.659,1.6620511530847029,False
red3-4.xls,red,new york strip steak,3,48,2.0,4,shear,shear,22,0.0404411,268.503,0.0,False
red3-5.xls,red,new york strip steak,3,48,2.0,5,shear,shear,22,0.037174200000000004,212.436,-0.6745,False
red3-1.xls,red,new york strip steak,3,48,2.0,1,shear,shear,23,0.0447728,180.908,-1.291173922069975,False
red3-2.xls,red,new york strip steak,3,48,2.0,2,shear,shear,23,0.044053699999999994,314.262,0.6745,False
red3-3.xls,red,new york strip steak,3,48,2.0,3,shear,shear,23,0.0382496,406.659,2.036456697043204,False
red3-4.xls,red,new york strip steak,3,48,2.0,4,shear,shear,23,0.0404411,268.503,0.0,False
red3-5.xls,red,new york strip steak,3,48,2.0,5,shear,shear,23,0.0459182,238.866,-0.4368573723201987,False
red3-1.xls,red,new york strip steak,3,48,2.0,1,shear,shear,24,0.0447728,180.908,-1.291173922069975,False
red3-2.xls,red,new york strip steak,3,48,2.0,2,shear,shear,24,0.044053699999999994,314.262,0.6745,False
red3-3.xls,red,new york strip steak,3,48,2.0,3,shear,shear,24,0.04715,456.069,2.7647734216219755,False
red3-4.xls,red,new york strip steak,3,48,2.0,4,shear,shear,24,0.0404411,268.503,0.0,False
red3-5.xls,red,new york strip steak,3,48,2.0,5,shear,shear,24,0.0459182,238.866,-0.4368573723201987,False
red3-1.xls,red,new york strip steak,3,48,2.0,1,shear,shear,25,0.0447728,180.908,-1.5482159108687403,False
red3-2.xls,red,new york strip steak,3,48,2.0,2,shear,shear,25,0.044053699999999994,314.262,0.46209347830945685,False
red3-3.xls,red,new york strip steak,3,48,2.0,3,shear,shear,25,0.04715,456.069,2.5998317055181843,False
red3-4.xls,red,new york strip steak,3,48,2.0,4,shear,shear,25,0.0494907,283.609,0.0,False
red3-5.xls,red,new york strip steak,3,48,2.0,5,shear,shear,25,0.0459182,238.866,-0.6745,False
red3-1.xls,red,new york strip steak,3,48,2.0,1,shear,shear,26,0.0447728,180.908,-1.140840324440052,False
red3-2.xls,red,new york strip steak,3,48,2.0,2,shear,shear,26,0.05229110000000001,344.329,0.6745,False
red3-3.xls,red,new york strip steak,3,48,2.0,3,shear,shear,26,0.04715,456.069,1.915748847167325,False
red3-4.xls,red,new york strip steak,3,48,2.0,4,shear,shear,26,0.0494907,283.609,0.0,False
red3-5.xls,red,new york strip steak,3,48,2.0,5,shear,shear,26,0.0459182,238.866,-0.4970216320816858,False
red3-1.xls,red,new york strip steak,3,48,2.0,1,shear,shear,27,0.0530156,198.348,-0.9471104166666658,False
red3-2.xls,red,new york strip steak,3,48,2.0,2,shear,shear,27,0.05229110000000001,344.329,0.6745,False
red3-3.xls,red,new york strip steak,3,48,2.0,3,shear,shear,27,0.04715,456.069,1.915748847167325,False
red3-4.xls,red,new york strip steak,3,48,2.0,4,shear,shear,27,0.049490299999999994,283.609,0.0,False
red3-5.xls,red,new york strip steak,3,48,2.0,5,shear,shear,27,0.0546754,261.907,-0.24107376482213427,False
red3-1.xls,red,new york strip steak,3,48,2.0,1,shear,shear,28,0.0530156,198.348,-0.9471104166666658,False
red3-2.xls,red,new york strip steak,3,48,2.0,2,shear,shear,28,0.05229110000000001,344.329,0.6745,False
red3-3.xls,red,new york strip steak,3,48,2.0,3,shear,shear,28,0.056023699999999996,498.692,2.389220742753622,False
red3-4.xls,red,new york strip steak,3,48,2.0,4,shear,shear,28,0.049490299999999994,283.609,0.0,False
red3-5.xls,red,new york strip steak,3,48,2.0,5,shear,shear,28,0.0546754,261.907,-0.24107376482213427,False
red3-1.xls,red,new york strip steak,3,48,2.0,1,shear,shear,29,0.0530156,198.348,-0.9761711454963031,False
red3-2.xls,red,new york strip steak,3,48,2.0,2,shear,shear,29,0.05229110000000001,344.329,0.6745,False
red3-3.xls,red,new york strip steak,3,48,2.0,3,shear,shear,29,0.056023699999999996,498.692,2.419950093041189,False
red3-4.xls,red,new york strip steak,3,48,2.0,4,shear,shear,29,0.0586024,284.678,0.0,False
red3-5.xls,red,new york strip steak,3,48,2.0,5,shear,shear,29,0.0546754,261.907,-0.25748167675311406,False
red3-1.xls,red,new york strip steak,3,48,2.0,1,shear,shear,30,0.0530156,198.348,-0.7011979938104353,False
red3-2.xls,red,new york strip steak,3,48,2.0,2,shear,shear,30,0.060546300000000004,367.721,0.6745,False
red3-3.xls,red,new york strip steak,3,48,2.0,3,shear,shear,30,0.056023699999999996,498.692,1.7382855026913766,False
red3-4.xls,red,new york strip steak,3,48,2.0,4,shear,shear,30,0.0586024,284.678,0.0,False
red3-5.xls,red,new york strip steak,3,48,2.0,5,shear,shear,30,0.0546754,261.907,-0.18495284972845405,False
red3-1.xls,red,new york strip steak,3,48,2.0,1,shear,shear,31,0.0611632,213.688,-0.6745,False
red3-2.xls,red,new york strip steak,3,48,2.0,2,shear,shear,31,0.060546300000000004,367.721,0.7890196295252851,False
red3-3.xls,red,new york strip steak,3,48,2.0,3,shear,shear,31,0.056023699999999996,498.692,2.0334193970981826,False
red3-4.xls,red,new york strip steak,3,48,2.0,4,shear,shear,31,0.0586024,284.678,0.0,False
red3-5.xls,red,new york strip steak,3,48,2.0,5,shear,shear,31,0.0546754,261.907,-0.21635497253134256,False
red3-1.xls,red,new york strip steak,3,48,2.0,1,shear,shear,32,0.0611632,213.688,-0.6745,False
red3-2.xls,red,new york strip steak,3,48,2.0,2,shear,shear,32,0.060546300000000004,367.721,0.7890196295252851,False
red3-3.xls,red,new york strip steak,3,48,2.0,3,shear,shear,32,0.056023699999999996,498.692,2.0334193970981826,False
red3-4.xls,red,new york strip steak,3,48,2.0,4,shear,shear,32,0.0586024,284.678,0.0,False
red3-5.xls,red,new york strip steak,3,48,2.0,5,shear,shear,32,0.0633843,280.803,-0.03681768558951965,False
red3-1.xls,red,new york strip steak,3,48,2.0,1,shear,shear,33,0.0611632,213.688,-0.6745,False
red3-2.xls,red,new york strip steak,3,48,2.0,2,shear,shear,33,0.060546300000000004,367.721,0.7890196295252851,False
red3-3.xls,red,new york strip steak,3,48,2.0,3,shear,shear,33,0.0649028,537.237,2.3996484786589654,False
red3-4.xls,red,new york strip steak,3,48,2.0,4,shear,shear,33,0.0586024,284.678,0.0,False
red3-5.xls,red,new york strip steak,3,48,2.0,5,shear,shear,33,0.0633843,280.803,-0.03681768558951965,False
red3-1.xls,red,new york strip steak,3,48,2.0,1,shear,shear,34,0.0611632,213.688,-0.6745,False
red3-2.xls,red,new york strip steak,3,48,2.0,2,shear,shear,34,0.0688311,386.837,0.9642758608593154,False
red3-3.xls,red,new york strip steak,3,48,2.0,3,shear,shear,34,0.0649028,537.237,2.3877428717761617,False
red3-4.xls,red,new york strip steak,3,48,2.0,4,shear,shear,34,0.067709,284.954,0.0,False
red3-5.xls,red,new york strip steak,3,48,2.0,5,shear,shear,34,0.0633843,280.803,-0.03928731091965322,False
red3-1.xls,red,new york strip steak,3,48,2.0,1,shear,shear,35,0.06939530000000001,225.959,-0.6745,False
red3-2.xls,red,new york strip steak,3,48,2.0,2,shear,shear,35,0.0688311,386.837,1.1648458937198065,False
red3-3.xls,red,new york strip steak,3,48,2.0,3,shear,shear,35,0.0649028,537.237,2.8843950080515293,False
red3-4.xls,red,new york strip steak,3,48,2.0,4,shear,shear,35,0.067709,284.954,0.0,False
red3-5.xls,red,new york strip steak,3,48,2.0,5,shear,shear,35,0.0633843,280.803,-0.047459098228663565,False
red3-1.xls,red,new york strip steak,3,48,2.0,1,shear,shear,36,0.06939530000000001,225.959,-0.6745,False
red3-2.xls,red,new york strip steak,3,48,2.0,2,shear,shear,36,0.0688311,386.837,0.8475171260256674,False
red3-3.xls,red,new york strip steak,3,48,2.0,3,shear,shear,36,0.0649028,537.237,2.270405126586716,False
red3-4.xls,red,new york strip steak,3,48,2.0,4,shear,shear,36,0.067709,284.954,-0.1163665053650327,False
red3-5.xls,red,new york strip steak,3,48,2.0,5,shear,shear,36,0.0721365,297.254,0.0,False
red3-1.xls,red,new york strip steak,3,48,2.0,1,shear,shear,37,0.06939479999999999,225.959,-0.6745,False
red3-2.xls,red,new york strip steak,3,48,2.0,2,shear,shear,37,0.0688311,386.837,0.8475171260256674,False
red3-3.xls,red,new york strip steak,3,48,2.0,3,shear,shear,37,0.0738075,569.857,2.5790128830913797,False
red3-4.xls,red,new york strip steak,3,48,2.0,4,shear,shear,37,0.067709,284.954,-0.1163665053650327,False
red3-5.xls,red,new york strip steak,3,48,2.0,5,shear,shear,37,0.0721365,297.254,0.0,False
red3-1.xls,red,new york strip steak,3,48,2.0,1,shear,shear,38,0.06939479999999999,225.959,-0.6745,False
red3-2.xls,red,new york strip steak,3,48,2.0,2,shear,shear,38,0.0688311,386.837,0.8475171260256674,False
red3-3.xls,red,new york strip steak,3,48,2.0,3,shear,shear,38,0.0738075,569.857,2.5790128830913797,False
red3-4.xls,red,new york strip steak,3,48,2.0,4,shear,shear,38,0.067709,284.954,-0.1163665053650327,False
red3-5.xls,red,new york strip steak,3,48,2.0,5,shear,shear,38,0.0721365,297.254,0.0,False
red3-1.xls,red,new york strip steak,3,48,2.0,1,shear,shear,39,0.07759339999999999,236.18,-0.6745,False
red3-2.xls,red,new york strip steak,3,48,2.0,2,shear,shear,39,0.0771624,399.157,1.1254146363427966,False
red3-3.xls,red,new york strip steak,3,48,2.0,3,shear,shear,39,0.0738075,569.857,3.0106219258604305,False
red3-4.xls,red,new york strip steak,3,48,2.0,4,shear,shear,39,0.0769304,288.662,-0.09488987130366484,False
red3-5.xls,red,new york strip steak,3,48,2.0,5,shear,shear,39,0.0721365,297.254,0.0,False
red3-1.xls,red,new york strip steak,3,48,2.0,1,shear,shear,40,0.07759339999999999,236.18,-0.6745,False
red3-2.xls,red,new york strip steak,3,48,2.0,2,shear,shear,40,0.0771624,399.157,1.1254146363427966,False
red3-3.xls,red,new york strip steak,3,48,2.0,3,shear,shear,40,0.0738075,569.857,3.0106219258604305,False
red3-4.xls,red,new york strip steak,3,48,2.0,4,shear,shear,40,0.0769304,288.662,-0.09488987130366484,False
red3-5.xls,red,new york strip steak,3,48,2.0,5,shear,shear,40,0.0721365,297.254,0.0,False
red3-1.xls,red,new york strip steak,3,48,2.0,1,shear,shear,41,0.07759339999999999,236.18,-0.6745,False
red3-2.xls,red,new york strip steak,3,48,2.0,2,shear,shear,41,0.0771624,399.157,0.7825805696940771,False
red3-3.xls,red,new york strip steak,3,48,2.0,3,shear,shear,41,0.0738075,569.857,2.3087078959228027,False
red3-4.xls,red,new york strip steak,3,48,2.0,4,shear,shear,41,0.0769304,288.662,-0.2052896055352318,False
red3-5.xls,red,new york strip steak,3,48,2.0,5,shear,shear,41,0.080872,311.624,0.0,False
red3-1.xls,red,new york strip steak,3,48,2.0,1,shear,shear,42,0.07759339999999999,236.18,-0.6745,False
red3-2.xls,red,new york strip steak,3,48,2.0,2,shear,shear,42,0.0771624,399.157,0.7825805696940771,False
red3-3.xls,red,new york strip steak,3,48,2.0,3,shear,shear,42,0.082652,601.741,2.5937638049414127,False
red3-4.xls,red,new york strip steak,3,48,2.0,4,shear,shear,42,0.0769304,288.662,-0.2052896055352318,False
red3-5.xls,red,new york strip steak,3,48,2.0,5,shear,shear,42,0.080872,311.624,0.0,False
red3-1.xls,red,new york strip steak,3,48,2.0,1,shear,shear,43,0.0858228,244.335,-0.6745,False
red3-2.xls,red,new york strip steak,3,48,2.0,2,shear,shear,43,0.08534660000000001,411.716,1.0033148657284248,False
red3-3.xls,red,new york strip steak,3,48,2.0,3,shear,shear,43,0.0826512,601.741,2.9081115264010453,False
red3-4.xls,red,new york strip steak,3,48,2.0,4,shear,shear,43,0.08588520000000001,285.046,-0.2664159223647255,False
red3-5.xls,red,new york strip steak,3,48,2.0,5,shear,shear,43,0.080872,311.624,0.0,False
red3-1.xls,red,new york strip steak,3,48,2.0,1,shear,shear,44,0.0858228,244.335,-0.6745,False
red3-2.xls,red,new york strip steak,3,48,2.0,2,shear,shear,44,0.08534660000000001,411.716,1.0033148657284248,False
red3-3.xls,red,new york strip steak,3,48,2.0,3,shear,shear,44,0.0826512,601.741,2.9081115264010453,False
red3-4.xls,red,new york strip steak,3,48,2.0,4,shear,shear,44,0.08588520000000001,285.046,-0.2664159223647255,False
red3-5.xls,red,new york strip steak,3,48,2.0,5,shear,shear,44,0.080872,311.624,0.0,False
red3-1.xls,red,new york strip steak,3,48,2.0,1,shear,shear,45,0.0858228,244.335,-0.6745,False
red3-2.xls,red,new york strip steak,3,48,2.0,2,shear,shear,45,0.08534660000000001,411.716,0.8069129969820231,False
red3-3.xls,red,new york strip steak,3,48,2.0,3,shear,shear,45,0.0826512,601.741,2.4887377247080433,False
red3-4.xls,red,new york strip steak,3,48,2.0,4,shear,shear,45,0.0858844,285.046,-0.31418548090801746,False
red3-5.xls,red,new york strip steak,3,48,2.0,5,shear,shear,45,0.0896644,320.545,0.0,False
red3-1.xls,red,new york strip steak,3,48,2.0,1,shear,shear,46,0.0858228,244.335,-0.6745,False
red3-2.xls,red,new york strip steak,3,48,2.0,2,shear,shear,46,0.08534660000000001,411.716,0.8069129969820231,False
red3-3.xls,red,new york strip steak,3,48,2.0,3,shear,shear,46,0.091579,630.76,2.7455716769452825,False
red3-4.xls,red,new york strip steak,3,48,2.0,4,shear,shear,46,0.0858844,285.046,-0.31418548090801746,False
red3-5.xls,red,new york strip steak,3,48,2.0,5,shear,shear,46,0.0896644,320.545,0.0,False
red3-1.xls,red,new york strip steak,3,48,2.0,1,shear,shear,47,0.09400510000000001,250.037,-0.6745,False
red3-2.xls,red,new york strip steak,3,48,2.0,2,shear,shear,47,0.0936715,416.76,0.9204206260282516,False
red3-3.xls,red,new york strip steak,3,48,2.0,3,shear,shear,47,0.091579,630.76,2.967606760934929,False
red3-4.xls,red,new york strip steak,3,48,2.0,4,shear,shear,47,0.0858844,285.046,-0.3395937411357578,False
red3-5.xls,red,new york strip steak,3,48,2.0,5,shear,shear,47,0.0896644,320.545,0.0,False
red3-1.xls,red,new york strip steak,3,48,2.0,1,shear,shear,48,0.09400510000000001,250.037,-0.6745,False
red3-2.xls,red,new york strip steak,3,48,2.0,2,shear,shear,48,0.0936715,416.76,0.9204206260282516,False
red3-3.xls,red,new york strip steak,3,48,2.0,3,shear,shear,48,0.091579,630.76,2.967606760934929,False
red3-4.xls,red,new york strip steak,3,48,2.0,4,shear,shear,48,0.094999,289.353,-0.2983917285981733,False
red3-5.xls,red,new york strip steak,3,48,2.0,5,shear,shear,48,0.0896644,320.545,0.0,False
red3-1.xls,red,new york strip steak,3,48,2.0,1,shear,shear,49,0.09400510000000001,250.037,-0.6745,False
red3-2.xls,red,new york strip steak,3,48,2.0,2,shear,shear,49,0.0936715,416.76,0.8988206041188657,False
red3-3.xls,red,new york strip steak,3,48,2.0,3,shear,shear,49,0.091579,630.76,2.918281681963178,False
red3-4.xls,red,new york strip steak,3,48,2.0,4,shear,shear,49,0.094999,289.353,-0.3034853657171636,False
red3-5.xls,red,new york strip steak,3,48,2.0,5,shear,shear,49,0.09836690000000001,321.513,0.0,False
red3-1.xls,red,new york strip steak,3,48,2.0,1,shear,shear,50,0.09400510000000001,250.037,-0.6745,False
red3-2.xls,red,new york strip steak,3,48,2.0,2,shear,shear,50,0.0936715,416.76,0.8988206041188657,False
red3-3.xls,red,new york strip steak,3,48,2.0,3,shear,shear,50,0.10040900000000001,657.853,3.1739511164586727,False
red3-4.xls,red,new york strip steak,3,48,2.0,4,shear,shear,50,0.094999,289.353,-0.3034853657171636,False
red3-5.xls,red,new york strip steak,3,48,2.0,5,shear,shear,50,0.09836690000000001,321.513,0.0,False
red3-1.xls,red,new york strip steak,3,48,2.0,1,shear,shear,51,0.102231,254.887,-0.6745,False
red3-2.xls,red,new york strip steak,3,48,2.0,2,shear,shear,51,0.101926,421.183,1.0090267313060972,False
red3-3.xls,red,new york strip steak,3,48,2.0,3,shear,shear,51,0.10040900000000001,657.853,3.404996998168884,False
red3-4.xls,red,new york strip steak,3,48,2.0,4,shear,shear,51,0.094999,289.353,-0.32557740221535114,False
red3-5.xls,red,new york strip steak,3,48,2.0,5,shear,shear,51,0.09836690000000001,321.513,0.0,False
red3-1.xls,red,new york strip steak,3,48,2.0,1,shear,shear,52,0.102231,254.887,-0.6745,False
red3-2.xls,red,new york strip steak,3,48,2.0,2,shear,shear,52,0.101926,421.183,1.0090267313060972,False
red3-3.xls,red,new york strip steak,3,48,2.0,3,shear,shear,52,0.10040900000000001,657.853,3.404996998168884,False
red3-4.xls,red,new york strip steak,3,48,2.0,4,shear,shear,52,0.104067,296.419,-0.25404351154204063,False
red3-5.xls,red,new york strip steak,3,48,2.0,5,shear,shear,52,0.09836690000000001,321.513,0.0,False
red3-1.xls,red,new york strip steak,3,48,2.0,1,shear,shear,53,0.102231,254.887,-0.6745,False
red3-2.xls,red,new york strip steak,3,48,2.0,2,shear,shear,53,0.101926,421.183,1.0090267313060972,False
red3-3.xls,red,new york strip steak,3,48,2.0,3,shear,shear,53,0.10040900000000001,657.853,3.404996998168884,False
red3-4.xls,red,new york strip steak,3,48,2.0,4,shear,shear,53,0.104067,296.419,-0.25404351154204063,False
red3-5.xls,red,new york strip steak,3,48,2.0,5,shear,shear,53,0.09836690000000001,321.513,0.0,False
red3-1.xls,red,new york strip steak,3,48,2.0,1,shear,shear,54,0.102231,254.887,-0.6745,False
red3-2.xls,red,new york strip steak,3,48,2.0,2,shear,shear,54,0.101926,421.183,1.0417936010037645,False
red3-3.xls,red,new york strip steak,3,48,2.0,3,shear,shear,54,0.10040900000000001,657.853,3.4843971906845796,False
red3-4.xls,red,new york strip steak,3,48,2.0,4,shear,shear,54,0.104067,296.419,-0.24586006977384714,False
red3-5.xls,red,new york strip steak,3,48,2.0,5,shear,shear,54,0.107069,320.241,0.0,False
red3-1.xls,red,new york strip steak,3,48,2.0,1,shear,shear,55,0.110492,258.574,-0.6745,False
red3-2.xls,red,new york strip steak,3,48,2.0,2,shear,shear,55,0.110154,425.722,1.153727836606289,False
red3-3.xls,red,new york strip steak,3,48,2.0,3,shear,shear,55,0.109268,682.186,3.9588743168955864,True
red3-4.xls,red,new york strip steak,3,48,2.0,4,shear,shear,55,0.104067,296.419,-0.26055976454181345,False
red3-5.xls,red,new york strip steak,3,48,2.0,5,shear,shear,55,0.107069,320.241,0.0,False
red3-1.xls,red,new york strip steak,3,48,2.0,1,shear,shear,56,0.110492,258.574,-0.6745,False
red3-2.xls,red,new york strip steak,3,48,2.0,2,shear,shear,56,0.110154,425.722,1.153727836606289,False
red3-3.xls,red,new york strip steak,3,48,2.0,3,shear,shear,56,0.109268,682.186,3.9588743168955864,True
red3-4.xls,red,new york strip steak,3,48,2.0,4,shear,shear,56,0.104067,296.419,-0.26055976454181345,False
red3-5.xls,red,new york strip steak,3,48,2.0,5,shear,shear,56,0.107069,320.241,0.0,False
red3-1.xls,red,new york strip steak,3,48,2.0,1,shear,shear,57,0.110492,258.574,-0.6745,False
red3-2.xls,red,new york strip steak,3,48,2.0,2,shear,shear,57,0.110154,425.722,1.153727836606289,False
red3-3.xls,red,new york strip steak,3,48,2.0,3,shear,shear,57,0.109268,682.186,3.9588743168955864,True
red3-4.xls,red,new york strip steak,3,48,2.0,4,shear,shear,57,0.113172,302.475,-0.19432057664553132,False
red3-5.xls,red,new york strip steak,3,48,2.0,5,shear,shear,57,0.107069,320.241,0.0,False
red3-1.xls,red,new york strip steak,3,48,2.0,1,shear,shear,58,0.110492,258.574,-0.6745,False
red3-2.xls,red,new york strip steak,3,48,2.0,2,shear,shear,58,0.110154,425.722,1.4510906108597295,False
red3-3.xls,red,new york strip steak,3,48,2.0,3,shear,shear,58,0.109268,682.186,4.712496493212673,True
red3-4.xls,red,new york strip steak,3,48,2.0,4,shear,shear,58,0.113172,302.475,-0.1162189950980387,False
red3-5.xls,red,new york strip steak,3,48,2.0,5,shear,shear,58,0.115775,311.614,0.0,False
red3-1.xls,red,new york strip steak,3,48,2.0,1,shear,shear,59,0.118621,261.895,-0.6745,False
red3-2.xls,red,new york strip steak,3,48,2.0,2,shear,shear,59,0.11843500000000001,422.848,1.5090273939540224,False
red3-3.xls,red,new york strip steak,3,48,2.0,3,shear,shear,59,0.118124,707.057,5.364675546571735,True
red3-4.xls,red,new york strip steak,3,48,2.0,4,shear,shear,59,0.113172,302.475,-0.12398188821174941,False
red3-5.xls,red,new york strip steak,3,48,2.0,5,shear,shear,59,0.115775,311.614,0.0,False
red3-1.xls,red,new york strip steak,3,48,2.0,1,shear,shear,60,0.118621,261.895,-0.6745,False
red3-2.xls,red,new york strip steak,3,48,2.0,2,shear,shear,60,0.11843500000000001,422.848,1.5090273939540224,False
red3-3.xls,red,new york strip steak,3,48,2.0,3,shear,shear,60,0.118124,707.057,5.364675546571735,True
red3-4.xls,red,new york strip steak,3,48,2.0,4,shear,shear,60,0.113172,302.475,-0.12398188821174941,False
red3-5.xls,red,new york strip steak,3,48,2.0,5,shear,shear,60,0.115775,311.614,0.0,False
red3-1.xls,red,new york strip steak,3,48,2.0,1,shear,shear,61,0.118621,261.895,-0.6745,False
red3-2.xls,red,new york strip steak,3,48,2.0,2,shear,shear,61,0.11843500000000001,422.848,1.5090273939540224,False
red3-3.xls,red,new york strip steak,3,48,2.0,3,shear,shear,61,0.118124,707.057,5.364675546571735,True
red3-4.xls,red,new york strip steak,3,48,2.0,4,shear,shear,61,0.12224299999999999,306.936,-0.06346288139343105,False
red3-5.xls,red,new york strip steak,3,48,2.0,5,shear,shear,61,0.115775,311.614,0.0,False
red3-1.xls,red,new york strip steak,3,48,2.0,1,shear,shear,62,0.118621,261.895,-0.6745,False
red3-2.xls,red,new york strip steak,3,48,2.0,2,shear,shear,62,0.11843500000000001,422.848,1.7358105725894193,False
red3-3.xls,red,new york strip steak,3,48,2.0,3,shear,shear,62,0.118124,707.057,5.991909915410405,True
red3-4.xls,red,new york strip steak,3,48,2.0,4,shear,shear,62,0.12224299999999999,306.936,0.0,False
red3-5.xls,red,new york strip steak,3,48,2.0,5,shear,shear,62,0.124523,304.438,-0.03740816145289833,False
red3-1.xls,red,new york strip steak,3,48,2.0,1,shear,shear,63,0.118621,261.895,-0.6745,False
red3-2.xls,red,new york strip steak,3,48,2.0,2,shear,shear,63,0.11843500000000001,422.848,1.7358105725894193,False
red3-3.xls,red,new york strip steak,3,48,2.0,3,shear,shear,63,0.118124,707.057,5.991909915410405,True
red3-4.xls,red,new york strip steak,3,48,2.0,4,shear,shear,63,0.12224299999999999,306.936,0.0,False
red3-5.xls,red,new york strip steak,3,48,2.0,5,shear,shear,63,0.124523,304.438,-0.03740816145289833,False
red3-1.xls,red,new york strip steak,3,48,2.0,1,shear,shear,64,0.126886,263.395,-0.6745,False
red3-2.xls,red,new york strip steak,3,48,2.0,2,shear,shear,64,0.126758,415.414,1.6804485657196668,False
red3-3.xls,red,new york strip steak,3,48,2.0,3,shear,shear,64,0.127013,724.974,6.475887806894653,True
red3-4.xls,red,new york strip steak,3,48,2.0,4,shear,shear,64,0.12224299999999999,306.936,0.0,False
red3-5.xls,red,new york strip steak,3,48,2.0,5,shear,shear,64,0.124523,304.438,-0.03869688339725761,False
red3-1.xls,red,new york strip steak,3,48,2.0,1,shear,shear,65,0.126886,263.395,-0.6745,False
red3-2.xls,red,new york strip steak,3,48,2.0,2,shear,shear,65,0.126758,415.414,1.6804485657196668,False
red3-3.xls,red,new york strip steak,3,48,2.0,3,shear,shear,65,0.127013,724.974,6.475887806894653,True
red3-4.xls,red,new york strip steak,3,48,2.0,4,shear,shear,65,0.12224299999999999,306.936,0.0,False
red3-5.xls,red,new york strip steak,3,48,2.0,5,shear,shear,65,0.124523,304.438,-0.03869688339725761,False
red3-1.xls,red,new york strip steak,3,48,2.0,1,shear,shear,66,0.126886,263.395,-0.6745,False
red3-2.xls,red,new york strip steak,3,48,2.0,2,shear,shear,66,0.126758,415.414,1.6853263676325045,False
red3-3.xls,red,new york strip steak,3,48,2.0,3,shear,shear,66,0.127013,724.974,6.490698395894223,True
red3-4.xls,red,new york strip steak,3,48,2.0,4,shear,shear,66,0.131386,306.846,0.0,False
red3-5.xls,red,new york strip steak,3,48,2.0,5,shear,shear,66,0.124523,304.438,-0.037379945225656706,False
red3-1.xls,red,new york strip steak,3,48,2.0,1,shear,shear,67,0.126886,263.395,-0.6745,False
red3-2.xls,red,new york strip steak,3,48,2.0,2,shear,shear,67,0.126758,415.414,1.6853263676325045,False
red3-3.xls,red,new york strip steak,3,48,2.0,3,shear,shear,67,0.127013,724.974,6.490698395894223,True
red3-4.xls,red,new york strip steak,3,48,2.0,4,shear,shear,67,0.131386,306.846,0.0,False
red3-5.xls,red,new york strip steak,3,48,2.0,5,shear,shear,67,0.133267,301.879,-0.07710389864444979,False
red3-1.xls,red,new york strip steak,3,48,2.0,1,shear,shear,68,0.135058,267.399,-0.6745,False
red3-2.xls,red,new york strip steak,3,48,2.0,2,shear,shear,68,0.135055,410.105,1.765614508074125,False
red3-3.xls,red,new york strip steak,3,48,2.0,3,shear,shear,68,0.135862,745.183,7.495077103455268,True
red3-4.xls,red,new york strip steak,3,48,2.0,4,shear,shear,68,0.131386,306.846,0.0,False
red3-5.xls,red,new york strip steak,3,48,2.0,5,shear,shear,68,0.133267,301.879,-0.08493019748016298,False
red3-1.xls,red,new york strip steak,3,48,2.0,1,shear,shear,69,0.135058,267.399,-0.6745,False
red3-2.xls,red,new york strip steak,3,48,2.0,2,shear,shear,69,0.135055,410.105,1.765614508074125,False
red3-3.xls,red,new york strip steak,3,48,2.0,3,shear,shear,69,0.135862,745.183,7.495077103455268,True
red3-4.xls,red,new york strip steak,3,48,2.0,4,shear,shear,69,0.131385,306.846,0.0,False
red3-5.xls,red,new york strip steak,3,48,2.0,5,shear,shear,69,0.133267,301.879,-0.08493019748016298,False
red3-1.xls,red,new york strip steak,3,48,2.0,1,shear,shear,70,0.135058,267.399,-0.6745,False
red3-2.xls,red,new york strip steak,3,48,2.0,2,shear,shear,70,0.135055,410.105,1.76920755794765,False
red3-3.xls,red,new york strip steak,3,48,2.0,3,shear,shear,70,0.135862,745.183,7.507106742999313,True
red3-4.xls,red,new york strip steak,3,48,2.0,4,shear,shear,70,0.14044700000000002,306.788,0.0,False
red3-5.xls,red,new york strip steak,3,48,2.0,5,shear,shear,70,0.133267,301.879,-0.08406206047373617,False
red3-1.xls,red,new york strip steak,3,48,2.0,1,shear,shear,71,0.135058,267.399,-0.6745,False
red3-2.xls,red,new york strip steak,3,48,2.0,2,shear,shear,71,0.135055,410.105,1.76920755794765,False
red3-3.xls,red,new york strip steak,3,48,2.0,3,shear,shear,71,0.135862,745.183,7.507106742999313,True
red3-4.xls,red,new york strip steak,3,48,2.0,4,shear,shear,71,0.14044700000000002,306.788,0.0,False
red3-5.xls,red,new york strip steak,3,48,2.0,5,shear,shear,71,0.141956,292.703,-0.2411925283708655,False
red3-1.xls,red,new york strip steak,3,48,2.0,1,shear,shear,72,0.14321899999999999,267.969,-0.6745,False
red3-2.xls,red,new york strip steak,3,48,2.0,2,shear,shear,72,0.143227,405.527,1.7156406785337064,False
red3-3.xls,red,new york strip steak,3,48,2.0,3,shear,shear,72,0.135862,745.183,7.617337579535791,True
red3-4.xls,red,new york strip steak,3,48,2.0,4,shear,shear,72,0.14044700000000002,306.788,0.0,False
red3-5.xls,red,new york strip steak,3,48,2.0,5,shear,shear,72,0.141956,292.703,-0.2447340864009897,False
red3-1.xls,red,new york strip steak,3,48,2.0,1,shear,shear,73,0.14321899999999999,267.969,-0.6745,False
red3-2.xls,red,new york strip steak,3,48,2.0,2,shear,shear,73,0.143227,405.527,1.7156406785337064,False
red3-3.xls,red,new york strip steak,3,48,2.0,3,shear,shear,73,0.14475300000000002,757.097,7.8243494294031235,True
red3-4.xls,red,new york strip steak,3,48,2.0,4,shear,shear,73,0.14044700000000002,306.788,0.0,False
red3-5.xls,red,new york strip steak,3,48,2.0,5,shear,shear,73,0.141956,292.703,-0.2447340864009897,False
red3-1.xls,red,new york strip steak,3,48,2.0,1,shear,shear,74,0.14321899999999999,267.969,-0.6745,False
red3-2.xls,red,new york strip steak,3,48,2.0,2,shear,shear,74,0.143227,405.527,1.7156406785337064,False
red3-3.xls,red,new york strip steak,3,48,2.0,3,shear,shear,74,0.14475300000000002,757.097,7.8243494294031235,True
red3-4.xls,red,new york strip steak,3,48,2.0,4,shear,shear,74,0.14044700000000002,306.788,0.0,False
red3-5.xls,red,new york strip steak,3,48,2.0,5,shear,shear,74,0.141956,292.703,-0.2447340864009897,False
red3-1.xls,red,new york strip steak,3,48,2.0,1,shear,shear,75,0.14321799999999998,267.969,-0.6745,False
red3-2.xls,red,new york strip steak,3,48,2.0,2,shear,shear,75,0.143227,405.527,1.613046129191321,False
red3-3.xls,red,new york strip steak,3,48,2.0,3,shear,shear,75,0.14475300000000002,757.097,7.4595442800788945,True
red3-4.xls,red,new york strip steak,3,48,2.0,4,shear,shear,75,0.149507,308.529,0.0,False
red3-5.xls,red,new york strip steak,3,48,2.0,5,shear,shear,75,0.141956,292.703,-0.2631813856015783,False
red3-1.xls,red,new york strip steak,3,48,2.0,1,shear,shear,76,0.151503,270.123,-0.6745,False
red3-2.xls,red,new york strip steak,3,48,2.0,2,shear,shear,76,0.15154299999999998,404.305,1.6820525959485497,False
red3-3.xls,red,new york strip steak,3,48,2.0,3,shear,shear,76,0.14475300000000002,757.097,7.877912721970524,True
red3-4.xls,red,new york strip steak,3,48,2.0,4,shear,shear,76,0.149507,308.529,0.0,False
red3-5.xls,red,new york strip steak,3,48,2.0,5,shear,shear,76,0.150738,288.705,-0.3481562255897518,False
red3-1.xls,red,new york strip steak,3,48,2.0,1,shear,shear,77,0.151503,270.123,-0.6745,False
red3-2.xls,red,new york strip steak,3,48,2.0,2,shear,shear,77,0.15154299999999998,404.305,1.6820525959485497,False
red3-3.xls,red,new york strip steak,3,48,2.0,3,shear,shear,77,0.153675,764.466,8.007329753163567,True
red3-4.xls,red,new york strip steak,3,48,2.0,4,shear,shear,77,0.149507,308.529,0.0,False
red3-5.xls,red,new york strip steak,3,48,2.0,5,shear,shear,77,0.150738,288.705,-0.3481562255897518,False
red3-1.xls,red,new york strip steak,3,48,2.0,1,shear,shear,78,0.151503,270.123,-0.6745,False
red3-2.xls,red,new york strip steak,3,48,2.0,2,shear,shear,78,0.15154299999999998,404.305,1.6820525959485497,False
red3-3.xls,red,new york strip steak,3,48,2.0,3,shear,shear,78,0.153675,764.466,8.007329753163567,True
red3-4.xls,red,new york strip steak,3,48,2.0,4,shear,shear,78,0.149507,308.529,0.0,False
red3-5.xls,red,new york strip steak,3,48,2.0,5,shear,shear,78,0.150738,288.705,-0.3481562255897518,False
red3-1.xls,red,new york strip steak,3,48,2.0,1,shear,shear,79,0.151503,270.123,-0.6745,False
red3-2.xls,red,new york strip steak,3,48,2.0,2,shear,shear,79,0.15154299999999998,404.305,1.6367967720516874,False
red3-3.xls,red,new york strip steak,3,48,2.0,3,shear,shear,79,0.153675,764.466,7.8406017288931995,True
red3-4.xls,red,new york strip steak,3,48,2.0,4,shear,shear,79,0.158627,309.281,0.0,False
red3-5.xls,red,new york strip steak,3,48,2.0,5,shear,shear,79,0.150738,288.705,-0.3544234128402883,False
red3-1.xls,red,new york strip steak,3,48,2.0,1,shear,shear,80,0.15966,273.433,-0.6745,False
red3-2.xls,red,new york strip steak,3,48,2.0,2,shear,shear,80,0.159746,401.335,1.7320470598080773,False
red3-3.xls,red,new york strip steak,3,48,2.0,3,shear,shear,80,0.153675,764.466,8.564558204083907,True
red3-4.xls,red,new york strip steak,3,48,2.0,4,shear,shear,80,0.158627,309.281,0.0,False
red3-5.xls,red,new york strip steak,3,48,2.0,5,shear,shear,80,0.159413,277.451,-0.5988991017629989,False
red3-1.xls,red,new york strip steak,3,48,2.0,1,shear,shear,81,0.15966,273.433,-0.6745,False
red3-2.xls,red,new york strip steak,3,48,2.0,2,shear,shear,81,0.159746,401.335,1.7320470598080773,False
red3-3.xls,red,new york strip steak,3,48,2.0,3,shear,shear,81,0.162484,776.153,8.784455590270026,True
red3-4.xls,red,new york strip steak,3,48,2.0,4,shear,shear,81,0.158627,309.281,0.0,False
red3-5.xls,red,new york strip steak,3,48,2.0,5,shear,shear,81,0.159413,277.451,-0.5988991017629989,False
red3-1.xls,red,new york strip steak,3,48,2.0,1,shear,shear,82,0.15966,273.433,-0.6745,False
red3-2.xls,red,new york strip steak,3,48,2.0,2,shear,shear,82,0.159746,401.335,1.7320470598080773,False
red3-3.xls,red,new york strip steak,3,48,2.0,3,shear,shear,82,0.162484,776.153,8.784455590270026,True
red3-4.xls,red,new york strip steak,3,48,2.0,4,shear,shear,82,0.158627,309.281,0.0,False
red3-5.xls,red,new york strip steak,3,48,2.0,5,shear,shear,82,0.159413,277.451,-0.5988991017629989,False
red3-1.xls,red,new york strip steak,3,48,2.0,1,shear,shear,83,0.15966,273.433,-0.6745,False
red3-2.xls,red,new york strip steak,3,48,2.0,2,shear,shear,83,0.159746,401.335,1.7320470598080773,False
red3-3.xls,red,new york strip steak,3,48,2.0,3,shear,shear,83,0.162484,776.153,8.784455590270026,True
red3-4.xls,red,new york strip steak,3,48,2.0,4,shear,shear,83,0.158627,309.281,0.0,False
red3-5.xls,red,new york strip steak,3,48,2.0,5,shear,shear,83,0.159413,277.451,-0.5988991017629989,False
red3-1.xls,red,new york strip steak,3,48,2.0,1,shear,shear,84,0.167867,275.43,-0.6226703674495405,False
red3-2.xls,red,new york strip steak,3,48,2.0,2,shear,shear,84,0.168017,398.421,1.4217742563521205,False
red3-3.xls,red,new york strip steak,3,48,2.0,3,shear,shear,84,0.162484,776.153,7.700706508613254,True
red3-4.xls,red,new york strip steak,3,48,2.0,4,shear,shear,84,0.167697,312.889,0.0,False
red3-5.xls,red,new york strip steak,3,48,2.0,5,shear,shear,84,0.16814900000000002,272.312,-0.6745,False
red3-1.xls,red,new york strip steak,3,48,2.0,1,shear,shear,85,0.167867,275.43,-0.6226703674495405,False
red3-2.xls,red,new york strip steak,3,48,2.0,2,shear,shear,85,0.168016,398.421,1.4217742563521205,False
red3-3.xls,red,new york strip steak,3,48,2.0,3,shear,shear,85,0.162484,776.153,7.700706508613254,True
red3-4.xls,red,new york strip steak,3,48,2.0,4,shear,shear,85,0.167697,312.889,0.0,False
red3-5.xls,red,new york strip steak,3,48,2.0,5,shear,shear,85,0.16814900000000002,272.312,-0.6745,False
red3-1.xls,red,new york strip steak,3,48,2.0,1,shear,shear,86,0.167867,275.43,-0.6226703674495405,False
red3-2.xls,red,new york strip steak,3,48,2.0,2,shear,shear,86,0.168016,398.421,1.4217742563521205,False
red3-3.xls,red,new york strip steak,3,48,2.0,3,shear,shear,86,0.171417,797.654,8.058111553343027,True
red3-4.xls,red,new york strip steak,3,48,2.0,4,shear,shear,86,0.167697,312.889,0.0,False
red3-5.xls,red,new york strip steak,3,48,2.0,5,shear,shear,86,0.16814900000000002,272.312,-0.6745,False
red3-1.xls,red,new york strip steak,3,48,2.0,1,shear,shear,87,0.167867,275.43,-0.6226703674495405,False
red3-2.xls,red,new york strip steak,3,48,2.0,2,shear,shear,87,0.168016,398.421,1.4217742563521205,False
red3-3.xls,red,new york strip steak,3,48,2.0,3,shear,shear,87,0.171417,797.654,8.058111553343027,True
red3-4.xls,red,new york strip steak,3,48,2.0,4,shear,shear,87,0.167697,312.889,0.0,False
red3-5.xls,red,new york strip steak,3,48,2.0,5,shear,shear,87,0.16814900000000002,272.312,-0.6745,False
red3-1.xls,red,new york strip steak,3,48,2.0,1,shear,shear,88,0.176088,278.806,-0.5572662928565699,False
red3-2.xls,red,new york strip steak,3,48,2.0,2,shear,shear,88,0.176291,392.933,1.503024944463774,False
red3-3.xls,red,new york strip steak,3,48,2.0,3,shear,shear,88,0.171417,797.654,8.809298918716376,True
red3-4.xls,red,new york strip steak,3,48,2.0,4,shear,shear,88,0.176815,309.675,0.0,False
red3-5.xls,red,new york strip steak,3,48,2.0,5,shear,shear,88,0.16814900000000002,272.312,-0.6745,False
red3-1.xls,red,new york strip steak,3,48,2.0,1,shear,shear,89,0.176088,278.806,-0.46636071540563573,False
red3-2.xls,red,new york strip steak,3,48,2.0,2,shear,shear,89,0.176292,392.933,1.257839918469739,False
red3-3.xls,red,new york strip steak,3,48,2.0,3,shear,shear,89,0.171417,797.654,7.372258108229177,True
red3-4.xls,red,new york strip steak,3,48,2.0,4,shear,shear,89,0.176815,309.675,0.0,False
red3-5.xls,red,new york strip steak,3,48,2.0,5,shear,shear,89,0.176921,265.029,-0.6745,False
red3-1.xls,red,new york strip steak,3,48,2.0,1,shear,shear,90,0.176088,278.806,-0.46636071540563573,False
red3-2.xls,red,new york strip steak,3,48,2.0,2,shear,shear,90,0.176292,392.933,1.257839918469739,False
red3-3.xls,red,new york strip steak,3,48,2.0,3,shear,shear,90,0.18022300000000002,793.711,7.312688303543428,True
red3-4.xls,red,new york strip steak,3,48,2.0,4,shear,shear,90,0.176815,309.675,0.0,False
red3-5.xls,red,new york strip steak,3,48,2.0,5,shear,shear,90,0.176921,265.029,-0.6745,False
red3-1.xls,red,new york strip steak,3,48,2.0,1,shear,shear,91,0.176088,278.806,-0.46636071540563573,False
red3-2.xls,red,new york strip steak,3,48,2.0,2,shear,shear,91,0.176291,392.933,1.257839918469739,False
red3-3.xls,red,new york strip steak,3,48,2.0,3,shear,shear,91,0.18022300000000002,793.711,7.312688303543428,True
red3-4.xls,red,new york strip steak,3,48,2.0,4,shear,shear,91,0.176815,309.675,0.0,False
red3-5.xls,red,new york strip steak,3,48,2.0,5,shear,shear,91,0.176921,265.029,-0.6745,False
red3-1.xls,red,new york strip steak,3,48,2.0,1,shear,shear,92,0.18425,280.761,-0.4368250907136134,False
red3-2.xls,red,new york strip steak,3,48,2.0,2,shear,shear,92,0.18453,392.328,1.2486997379384481,False
red3-3.xls,red,new york strip steak,3,48,2.0,3,shear,shear,92,0.18022300000000002,793.711,7.312688303543428,True
red3-4.xls,red,new york strip steak,3,48,2.0,4,shear,shear,92,0.176815,309.675,0.0,False
red3-5.xls,red,new york strip steak,3,48,2.0,5,shear,shear,92,0.176921,265.029,-0.6745,False
red3-1.xls,red,new york strip steak,3,48,2.0,1,shear,shear,93,0.18425,280.761,-0.40836595878700577,False
red3-2.xls,red,new york strip steak,3,48,2.0,2,shear,shear,93,0.18453,392.328,0.94593875641141,False
red3-3.xls,red,new york strip steak,3,48,2.0,3,shear,shear,93,0.18022300000000002,793.711,5.818301457752183,True
red3-4.xls,red,new york strip steak,3,48,2.0,4,shear,shear,93,0.185884,314.402,0.0,False
red3-5.xls,red,new york strip steak,3,48,2.0,5,shear,shear,93,0.185619,258.837,-0.6745,False
red3-1.xls,red,new york strip steak,3,48,2.0,1,shear,shear,94,0.18425,280.761,-0.40836595878700577,False
red3-2.xls,red,new york strip steak,3,48,2.0,2,shear,shear,94,0.18453,392.328,0.94593875641141,False
red3-3.xls,red,new york strip steak,3,48,2.0,3,shear,shear,94,0.18022300000000002,793.711,5.818301457752183,True
red3-4.xls,red,new york strip steak,3,48,2.0,4,shear,shear,94,0.185884,314.402,0.0,False
red3-5.xls,red,new york strip steak,3,48,2.0,5,shear,shear,94,0.185619,258.837,-0.6745,False
red3-1.xls,red,new york strip steak,3,48,2.0,1,shear,shear,95,0.18425,280.761,-0.40836595878700577,False
red3-2.xls,red,new york strip steak,3,48,2.0,2,shear,shear,95,0.18453,392.328,0.94593875641141,False
red3-3.xls,red,new york strip steak,3,48,2.0,3,shear,shear,95,0.18909099999999998,799.226,5.885247691892378,True
red3-4.xls,red,new york strip steak,3,48,2.0,4,shear,shear,95,0.185884,314.402,0.0,False
red3-5.xls,red,new york strip steak,3,48,2.0,5,shear,shear,95,0.185619,258.837,-0.6745,False
red3-1.xls,red,new york strip steak,3,48,2.0,1,shear,shear,96,0.192447,284.254,-0.3659646540088181,False
red3-2.xls,red,new york strip steak,3,48,2.0,2,shear,shear,96,0.18453,392.328,0.94593875641141,False
red3-3.xls,red,new york strip steak,3,48,2.0,3,shear,shear,96,0.18909099999999998,799.226,5.885247691892378,True
red3-4.xls,red,new york strip steak,3,48,2.0,4,shear,shear,96,0.185884,314.402,0.0,False
red3-5.xls,red,new york strip steak,3,48,2.0,5,shear,shear,96,0.185619,258.837,-0.6745,False
red3-1.xls,red,new york strip steak,3,48,2.0,1,shear,shear,97,0.192447,284.254,-0.3430880040492658,False
red3-2.xls,red,new york strip steak,3,48,2.0,2,shear,shear,97,0.19283999999999998,390.038,0.8607471233338962,False
red3-3.xls,red,new york strip steak,3,48,2.0,3,shear,shear,97,0.18909099999999998,799.226,5.51735765142568,True
red3-4.xls,red,new york strip steak,3,48,2.0,4,shear,shear,97,0.185882,314.402,0.0,False
red3-5.xls,red,new york strip steak,3,48,2.0,5,shear,shear,97,0.194332,255.132,-0.6745,False
red3-1.xls,red,new york strip steak,3,48,2.0,1,shear,shear,98,0.192447,284.254,-0.3360238054210535,False
red3-2.xls,red,new york strip steak,3,48,2.0,2,shear,shear,98,0.19283999999999998,390.038,0.893471619595747,False
red3-3.xls,red,new york strip steak,3,48,2.0,3,shear,shear,98,0.18909099999999998,799.226,5.649339935898539,True
red3-4.xls,red,new york strip steak,3,48,2.0,4,shear,shear,98,0.195,313.165,0.0,False
red3-5.xls,red,new york strip steak,3,48,2.0,5,shear,shear,98,0.194332,255.132,-0.6745,False
red3-1.xls,red,new york strip steak,3,48,2.0,1,shear,shear,99,0.192447,284.254,-0.3360238054210535,False
red3-2.xls,red,new york strip steak,3,48,2.0,2,shear,shear,99,0.19283999999999998,390.038,0.893471619595747,False
red3-3.xls,red,new york strip steak,3,48,2.0,3,shear,shear,99,0.19797,817.619,5.863116209742731,True
red3-4.xls,red,new york strip steak,3,48,2.0,4,shear,shear,99,0.195,313.165,0.0,False
red3-5.xls,red,new york strip steak,3,48,2.0,5,shear,shear,99,0.194332,255.132,-0.6745,False
red3-1.xls,red,new york strip steak,3,48,2.0,1,uniaxial,compression,0,0.978594,494.602,-1.0987074108154022,False
red3-2.xls,red,new york strip steak,3,48,2.0,2,uniaxial,compression,0,0.9775985,724.736,0.0,False
red3-3.xls,red,new york strip steak,3,48,2.0,3,uniaxial,compression,0,0.9781626,1213.32,2.332601274065685,False
red3-4.xls,red,new york strip steak,3,48,2.0,4,uniaxial,compression,0,0.9784334,866.016,0.6745,False
red3-5.xls,red,new york strip steak,3,48,2.0,5,uniaxial,compression,0,0.977808,717.638,-0.03388732304643241,False
red3-1.xls,red,new york strip steak,3,48,2.0,1,uniaxial,compression,1,0.9584963,577.082,-13.669748177426447,True
red3-2.xls,red,new york strip steak,3,48,2.0,2,uniaxial,compression,1,0.9578636,1038.55,0.0,False
red3-3.xls,red,new york strip steak,3,48,2.0,3,uniaxial,compression,1,0.9578048,1542.51,14.928459376372432,True
red3-4.xls,red,new york strip steak,3,48,2.0,4,uniaxial,compression,1,0.9584333,1032.26,-0.18632433025911194,False
red3-5.xls,red,new york strip steak,3,48,2.0,5,uniaxial,compression,1,0.957792,1061.32,0.6745,False
red3-1.xls,red,new york strip steak,3,48,2.0,1,uniaxial,compression,2,0.938188,684.905,-7.488244004796182,True
red3-2.xls,red,new york strip steak,3,48,2.0,2,uniaxial,compression,2,0.9375303,1170.23,-0.3517340309570544,False
red3-3.xls,red,new york strip steak,3,48,2.0,3,uniaxial,compression,2,0.9378212,1836.15,9.440353172007871,True
red3-4.xls,red,new york strip steak,3,48,2.0,4,uniaxial,compression,2,0.9380333,1194.15,0.0,False
red3-5.xls,red,new york strip steak,3,48,2.0,5,uniaxial,compression,2,0.937824,1240.02,0.6745,False
red3-1.xls,red,new york strip steak,3,48,2.0,1,uniaxial,compression,3,0.9180827,748.329,-2.6404388928340894,False
red3-2.xls,red,new york strip steak,3,48,2.0,2,uniaxial,compression,3,0.9175227,1354.71,0.0,False
red3-3.xls,red,new york strip steak,3,48,2.0,3,uniaxial,compression,3,0.9174715,2033.6,2.956173692704973,False
red3-4.xls,red,new york strip steak,3,48,2.0,4,uniaxial,compression,3,0.9180333,1326.47,-0.12296888315041977,False
red3-5.xls,red,new york strip steak,3,48,2.0,5,uniaxial,compression,3,0.91784,1509.61,0.6745,False
red3-1.xls,red,new york strip steak,3,48,2.0,1,uniaxial,compression,4,0.898218,846.997,-2.0515871306118574,False
red3-2.xls,red,new york strip steak,3,48,2.0,2,uniaxial,compression,4,0.897485,1469.1,-0.06442822977836732,False
red3-3.xls,red,new york strip steak,3,48,2.0,3,uniaxial,compression,4,0.897472,2281.94,2.5319942934267847,False
red3-4.xls,red,new york strip steak,3,48,2.0,4,uniaxial,compression,4,0.898033,1489.27,0.0,False
red3-5.xls,red,new york strip steak,3,48,2.0,5,uniaxial,compression,4,0.897896,1700.43,0.6744999999999999,False
red3-1.xls,red,new york strip steak,3,48,2.0,1,uniaxial,compression,5,0.877677,896.291,-1.5941228618369583,False
red3-2.xls,red,new york strip steak,3,48,2.0,2,uniaxial,compression,5,0.877189,1651.52,0.0,False
red3-3.xls,red,new york strip steak,3,48,2.0,3,uniaxial,compression,5,0.877439,2468.79,1.725077812548897,False
red3-4.xls,red,new york strip steak,3,48,2.0,4,uniaxial,compression,5,0.877642,1632.5,-0.04014705053982159,False
red3-5.xls,red,new york strip steak,3,48,2.0,5,uniaxial,compression,5,0.877448,1971.07,0.6745,False
red3-1.xls,red,new york strip steak,3,48,2.0,1,uniaxial,compression,6,0.857391,987.439,-1.672304564755838,False
red3-2.xls,red,new york strip steak,3,48,2.0,2,uniaxial,compression,6,0.857053,1805.67,-0.021944798301485956,False
red3-3.xls,red,new york strip steak,3,48,2.0,3,uniaxial,compression,6,0.856959,2780.44,1.9441518046709125,False
red3-4.xls,red,new york strip steak,3,48,2.0,4,uniaxial,compression,6,0.85765,1816.55,0.0,False
red3-5.xls,red,new york strip steak,3,48,2.0,5,uniaxial,compression,6,0.857384,2150.96,0.6745,False
red3-1.xls,red,new york strip steak,3,48,2.0,1,uniaxial,compression,7,0.837278,1052.23,-1.8067145272083271,False
red3-2.xls,red,new york strip steak,3,48,2.0,2,uniaxial,compression,7,0.837144,2050.49,0.0,False
red3-3.xls,red,new york strip steak,3,48,2.0,3,uniaxial,compression,7,0.836967,2980.26,1.6827569630782437,False
red3-4.xls,red,new york strip steak,3,48,2.0,4,uniaxial,compression,7,0.83765,1959.86,-0.16402794622732605,False
red3-5.xls,red,new york strip steak,3,48,2.0,5,uniaxial,compression,7,0.837008,2423.17,0.6745,False
red3-1.xls,red,new york strip steak,3,48,2.0,1,uniaxial,compression,8,0.817376,1187.27,-1.9107869451768102,False
red3-2.xls,red,new york strip steak,3,48,2.0,2,uniaxial,compression,8,0.817076,2229.52,0.0,False
red3-3.xls,red,new york strip steak,3,48,2.0,3,uniaxial,compression,8,0.816976,3352.18,2.0582049142453323,False
red3-4.xls,red,new york strip steak,3,48,2.0,4,uniaxial,compression,8,0.817652,2174.39,-0.10107141692261719,False
red3-5.xls,red,new york strip steak,3,48,2.0,5,uniaxial,compression,8,0.817032,2597.43,0.6745,False
red3-1.xls,red,new york strip steak,3,48,2.0,1,uniaxial,tension,0,1.0267562,485.793,-5.04486500537175,True
red3-2.xls,red,new york strip steak,3,48,2.0,2,uniaxial,tension,0,1.0267339,898.085,0.018975954622431134,False
red3-3.xls,red,new york strip steak,3,48,2.0,3,uniaxial,tension,0,1.0260458,841.623,-0.6745,False
red3-4.xls,red,new york strip steak,3,48,2.0,4,uniaxial,tension,0,1.026237,1175.58,3.4272170730374976,False
red3-5.xls,red,new york strip steak,3,48,2.0,5,uniaxial,tension,0,1.0265141,896.54,0.0,False
red3-1.xls,red,new york strip steak,3,48,2.0,1,uniaxial,tension,1,1.0516321,68.3596,-4.215350702197528,True
red3-2.xls,red,new york strip steak,3,48,2.0,2,uniaxial,tension,1,1.0517633,355.371,0.6745,False
red3-3.xls,red,new york strip steak,3,48,2.0,3,uniaxial,tension,1,1.0515579,220.648,-1.6207933442788593,False
red3-4.xls,red,new york strip steak,3,48,2.0,4,uniaxial,tension,1,1.0517103,315.781,0.0,False
red3-5.xls,red,new york strip steak,3,48,2.0,5,uniaxial,tension,1,1.0514007,336.523,0.3533841626673408,False
red3-1.xls,red,new york strip steak,3,48,2.0,1,uniaxial,tension,2,1.07679,-63.7451,-0.6745,False
red3-2.xls,red,new york strip steak,3,48,2.0,2,uniaxial,tension,2,1.0766696,-19.6224,0.514451390470255,False
red3-3.xls,red,new york strip steak,3,48,2.0,3,uniaxial,tension,2,1.0765822,-137.141,-2.6522610472572117,False
red3-4.xls,red,new york strip steak,3,48,2.0,4,uniaxial,tension,2,1.0772074,73.7055,3.0293096487968967,False
red3-5.xls,red,new york strip steak,3,48,2.0,5,uniaxial,tension,2,1.0769176,-38.714,0.0,False
red3-1.xls,red,new york strip steak,3,48,2.0,1,uniaxial,tension,3,1.101647,-181.026,-0.6745,False
red3-2.xls,red,new york strip steak,3,48,2.0,2,uniaxial,tension,3,1.102305,-163.184,0.11273287760842571,False
red3-3.xls,red,new york strip steak,3,48,2.0,3,uniaxial,tension,3,1.101637,-245.779,-3.5315614574475025,True
red3-4.xls,red,new york strip steak,3,48,2.0,4,uniaxial,tension,3,1.102205,-118.346,2.091095604108065,False
red3-5.xls,red,new york strip steak,3,48,2.0,5,uniaxial,tension,3,1.101964,-165.739,0.0,False
