file_name,color,cut_name,freshness_index,time_hours,time_days,sample_num,mode,loading,point_index,deformation,stress_pa
green1-1.xls,green,sirloin tender steak,1,0,0.0,1,uniaxial,compression,0,0.979075,682.293
green1-1.xls,green,sirloin tender steak,1,0,0.0,1,uniaxial,compression,1,0.9590834,939.213
green1-1.xls,green,sirloin tender steak,1,0,0.0,1,uniaxial,compression,2,0.9390834,1184.89
green1-1.xls,green,sirloin tender steak,1,0,0.0,1,uniaxial,compression,3,0.9190834,1341.83
green1-1.xls,green,sirloin tender steak,1,0,0.0,1,uniaxial,compression,4,0.8986419999999999,1609.72
green1-1.xls,green,sirloin tender steak,1,0,0.0,1,uniaxial,compression,5,0.878633,1785.76
green1-1.xls,green,sirloin tender steak,1,0,0.0,1,uniaxial,compression,6,0.858633,2109.2
green1-1.xls,green,sirloin tender steak,1,0,0.0,1,uniaxial,compression,7,0.838642,2365.96
green1-1.xls,green,sirloin tender steak,1,0,0.0,1,uniaxial,compression,8,0.818221,2782.53
green1-1.xls,green,sirloin tender steak,1,0,0.0,1,uniaxial,tension,0,1.0197477,1531.53
green1-1.xls,green,sirloin tender steak,1,0,0.0,1,uniaxial,tension,1,1.0445715,450.647
green1-1.xls,green,sirloin tender steak,1,0,0.0,1,uniaxial,tension,2,1.069895,130.496
green1-1.xls,green,sirloin tender steak,1,0,0.0,1,uniaxial,tension,3,1.0947219,10.4245
green1-1.xls,green,sirloin tender steak,1,0,0.0,1,shear,shear,0,0.00035980900000000005,22.4502
green1-1.xls,green,sirloin tender steak,1,0,0.0,1,shear,shear,1,0.00035980900000000005,22.4502
green1-1.xls,green,sirloin tender steak,1,0,0.0,1,shear,shear,2,0.0031739800000000003,51.2647
green1-1.xls,green,sirloin tender steak,1,0,0.0,1,shear,shear,3,0.0031739800000000003,51.2647
green1-1.xls,green,sirloin tender steak,1,0,0.0,1,shear,shear,4,0.00317395,51.2647
green1-1.xls,green,sirloin tender steak,1,0,0.0,1,shear,shear,5,0.00317395,51.2647
green1-1.xls,green,sirloin tender steak,1,0,0.0,1,shear,shear,6,0.012257,107.08
green1-1.xls,green,sirloin tender steak,1,0,0.0,1,shear,shear,7,0.012257,107.08
green1-1.xls,green,sirloin tender steak,1,0,0.0,1,shear,shear,8,0.012257,107.08
green1-1.xls,green,sirloin tender steak,1,0,0.0,1,shear,shear,9,0.012257,107.08
green1-1.xls,green,sirloin tender steak,1,0,0.0,1,shear,shear,10,0.012257,107.08
green1-1.xls,green,sirloin tender steak,1,0,0.0,1,shear,shear,11,0.0213936,184.115
green1-1.xls,green,sirloin tender steak,1,0,0.0,1,shear,shear,12,0.0213936,184.115
green1-1.xls,green,sirloin tender steak,1,0,0.0,1,shear,shear,13,0.0213936,184.115
green1-1.xls,green,sirloin tender steak,1,0,0.0,1,shear,shear,14,0.0213936,184.115
green1-1.xls,green,sirloin tender steak,1,0,0.0,1,shear,shear,15,0.0304279,229.797
green1-1.xls,green,sirloin tender steak,1,0,0.0,1,shear,shear,16,0.0304279,229.797
green1-1.xls,green,sirloin tender steak,1,0,0.0,1,shear,shear,17,0.0304279,229.797
green1-1.xls,green,sirloin tender steak,1,0,0.0,1,shear,shear,18,0.0304279,229.797
green1-1.xls,green,sirloin tender steak,1,0,0.0,1,shear,shear,19,0.0304279,229.797
green1-1.xls,green,sirloin tender steak,1,0,0.0,1,shear,shear,20,0.039526900000000004,267.45
green1-1.xls,green,sirloin tender steak,1,0,0.0,1,shear,shear,21,0.039526900000000004,267.45
green1-1.xls,green,sirloin tender steak,1,0,0.0,1,shear,shear,22,0.039526900000000004,267.45
green1-1.xls,green,sirloin tender steak,1,0,0.0,1,shear,shear,23,0.0395265,267.45
green1-1.xls,green,sirloin tender steak,1,0,0.0,1,shear,shear,24,0.0486549,300.393
green1-1.xls,green,sirloin tender steak,1,0,0.0,1,shear,shear,25,0.0486554,300.393
green1-1.xls,green,sirloin tender steak,1,0,0.0,1,shear,shear,26,0.0486554,300.393
green1-1.xls,green,sirloin tender steak,1,0,0.0,1,shear,shear,27,0.0486554,300.393
green1-1.xls,green,sirloin tender steak,1,0,0.0,1,shear,shear,28,0.0486554,300.393
green1-1.xls,green,sirloin tender steak,1,0,0.0,1,shear,shear,29,0.0577335,329.835
green1-1.xls,green,sirloin tender steak,1,0,0.0,1,shear,shear,30,0.0577335,329.835
green1-1.xls,green,sirloin tender steak,1,0,0.0,1,shear,shear,31,0.0577335,329.835
green1-1.xls,green,sirloin tender steak,1,0,0.0,1,shear,shear,32,0.0577335,329.835
green1-1.xls,green,sirloin tender steak,1,0,0.0,1,shear,shear,33,0.057733,329.835
green1-1.xls,green,sirloin tender steak,1,0,0.0,1,shear,shear,34,0.06691169999999999,356.175
green1-1.xls,green,sirloin tender steak,1,0,0.0,1,shear,shear,35,0.06691169999999999,356.175
green1-1.xls,green,sirloin tender steak,1,0,0.0,1,shear,shear,36,0.06691169999999999,356.175
green1-1.xls,green,sirloin tender steak,1,0,0.0,1,shear,shear,37,0.06691169999999999,356.175
green1-1.xls,green,sirloin tender steak,1,0,0.0,1,shear,shear,38,0.0759739,380.345
green1-1.xls,green,sirloin tender steak,1,0,0.0,1,shear,shear,39,0.0759739,380.345
green1-1.xls,green,sirloin tender steak,1,0,0.0,1,shear,shear,40,0.0759739,380.345
green1-1.xls,green,sirloin tender steak,1,0,0.0,1,shear,shear,41,0.0759739,380.345
green1-1.xls,green,sirloin tender steak,1,0,0.0,1,shear,shear,42,0.0759739,380.345
green1-1.xls,green,sirloin tender steak,1,0,0.0,1,shear,shear,43,0.08502119999999999,402.474
green1-1.xls,green,sirloin tender steak,1,0,0.0,1,shear,shear,44,0.08502119999999999,402.474
green1-1.xls,green,sirloin tender steak,1,0,0.0,1,shear,shear,45,0.08502119999999999,402.474
green1-1.xls,green,sirloin tender steak,1,0,0.0,1,shear,shear,46,0.08502119999999999,402.474
green1-1.xls,green,sirloin tender steak,1,0,0.0,1,shear,shear,47,0.0941129,423.693
green1-1.xls,green,sirloin tender steak,1,0,0.0,1,shear,shear,48,0.0941129,423.693
green1-1.xls,green,sirloin tender steak,1,0,0.0,1,shear,shear,49,0.0941129,423.693
green1-1.xls,green,sirloin tender steak,1,0,0.0,1,shear,shear,50,0.0941129,423.693
green1-1.xls,green,sirloin tender steak,1,0,0.0,1,shear,shear,51,0.0941129,423.693
green1-1.xls,green,sirloin tender steak,1,0,0.0,1,shear,shear,52,0.1032,443.211
green1-1.xls,green,sirloin tender steak,1,0,0.0,1,shear,shear,53,0.1032,443.211
green1-1.xls,green,sirloin tender steak,1,0,0.0,1,shear,shear,54,0.1032,443.211
green1-1.xls,green,sirloin tender steak,1,0,0.0,1,shear,shear,55,0.1032,443.211
green1-1.xls,green,sirloin tender steak,1,0,0.0,1,shear,shear,56,0.11232400000000001,461.088
green1-1.xls,green,sirloin tender steak,1,0,0.0,1,shear,shear,57,0.11232400000000001,461.088
green1-1.xls,green,sirloin tender steak,1,0,0.0,1,shear,shear,58,0.11232400000000001,461.088
green1-1.xls,green,sirloin tender steak,1,0,0.0,1,shear,shear,59,0.11232400000000001,461.088
green1-1.xls,green,sirloin tender steak,1,0,0.0,1,shear,shear,60,0.11232400000000001,461.088
green1-1.xls,green,sirloin tender steak,1,0,0.0,1,shear,shear,61,0.121372,478.355
green1-1.xls,green,sirloin tender steak,1,0,0.0,1,shear,shear,62,0.121372,478.355
green1-1.xls,green,sirloin tender steak,1,0,0.0,1,shear,shear,63,0.121372,478.355
green1-1.xls,green,sirloin tender steak,1,0,0.0,1,shear,shear,64,0.121372,478.355
green1-1.xls,green,sirloin tender steak,1,0,0.0,1,shear,shear,65,0.130437,494.605
green1-1.xls,green,sirloin tender steak,1,0,0.0,1,shear,shear,66,0.130437,494.605
green1-1.xls,green,sirloin tender steak,1,0,0.0,1,shear,shear,67,0.130437,494.605
green1-1.xls,green,sirloin tender steak,1,0,0.0,1,shear,shear,68,0.130437,494.605
green1-1.xls,green,sirloin tender steak,1,0,0.0,1,shear,shear,69,0.130437,494.605
green1-1.xls,green,sirloin tender steak,1,0,0.0,1,shear,shear,70,0.139538,509.764
green1-1.xls,green,sirloin tender steak,1,0,0.0,1,shear,shear,71,0.139538,509.764
green1-1.xls,green,sirloin tender steak,1,0,0.0,1,shear,shear,72,0.139538,509.764
green1-1.xls,green,sirloin tender steak,1,0,0.0,1,shear,shear,73,0.139538,509.764
green1-1.xls,green,sirloin tender steak,1,0,0.0,1,shear,shear,74,0.14860900000000002,524.475
green1-1.xls,green,sirloin tender steak,1,0,0.0,1,shear,shear,75,0.14860900000000002,524.475
green1-1.xls,green,sirloin tender steak,1,0,0.0,1,shear,shear,76,0.14860900000000002,524.475
green1-1.xls,green,sirloin tender steak,1,0,0.0,1,shear,shear,77,0.14860900000000002,524.475
green1-1.xls,green,sirloin tender steak,1,0,0.0,1,shear,shear,78,0.14860900000000002,524.475
green1-1.xls,green,sirloin tender steak,1,0,0.0,1,shear,shear,79,0.15771000000000002,538.005
green1-1.xls,green,sirloin tender steak,1,0,0.0,1,shear,shear,80,0.15771000000000002,538.005
green1-1.xls,green,sirloin tender steak,1,0,0.0,1,shear,shear,81,0.15771000000000002,538.005
green1-1.xls,green,sirloin tender steak,1,0,0.0,1,shear,shear,82,0.15771000000000002,538.005
green1-1.xls,green,sirloin tender steak,1,0,0.0,1,shear,shear,83,0.166813,551.61
green1-1.xls,green,sirloin tender steak,1,0,0.0,1,shear,shear,84,0.166813,551.61
green1-1.xls,green,sirloin tender steak,1,0,0.0,1,shear,shear,85,0.166813,551.61
green1-1.xls,green,sirloin tender steak,1,0,0.0,1,shear,shear,86,0.166813,551.61
green1-1.xls,green,sirloin tender steak,1,0,0.0,1,shear,shear,87,0.166813,551.61
green1-1.xls,green,sirloin tender steak,1,0,0.0,1,shear,shear,88,0.175891,564.291
green1-1.xls,green,sirloin tender steak,1,0,0.0,1,shear,shear,89,0.175891,564.291
green1-1.xls,green,sirloin tender steak,1,0,0.0,1,shear,shear,90,0.175891,564.291
green1-1.xls,green,sirloin tender steak,1,0,0.0,1,shear,shear,91,0.175891,564.291
green1-1.xls,green,sirloin tender steak,1,0,0.0,1,shear,shear,92,0.175891,564.291
green1-1.xls,green,sirloin tender steak,1,0,0.0,1,shear,shear,93,0.184974,576.516
green1-1.xls,green,sirloin tender steak,1,0,0.0,1,shear,shear,94,0.184974,576.516
green1-1.xls,green,sirloin tender steak,1,0,0.0,1,shear,shear,95,0.184974,576.516
green1-1.xls,green,sirloin tender steak,1,0,0.0,1,shear,shear,96,0.184974,576.516
green1-1.xls,green,sirloin tender steak,1,0,0.0,1,shear,shear,97,0.194052,588.754
green1-1.xls,green,sirloin tender steak,1,0,0.0,1,shear,shear,98,0.194052,588.754
green1-1.xls,green,sirloin tender steak,1,0,0.0,1,shear,shear,99,0.194052,588.754
green1-2.xls,green,sirloin tender steak,1,0,0.0,2,uniaxial,compression,0,0.9788,791.688
green1-2.xls,green,sirloin tender steak,1,0,0.0,2,uniaxial,compression,1,0.9583111,928.434
green1-2.xls,green,sirloin tender steak,1,0,0.0,2,uniaxial,compression,2,0.9384371,1043.12
green1-2.xls,green,sirloin tender steak,1,0,0.0,2,uniaxial,compression,3,0.9183111,1123.44
green1-2.xls,green,sirloin tender steak,1,0,0.0,2,uniaxial,compression,4,0.898422,1215.87
green1-2.xls,green,sirloin tender steak,1,0,0.0,2,uniaxial,compression,5,0.877926,1281.61
green1-2.xls,green,sirloin tender steak,1,0,0.0,2,uniaxial,compression,6,0.858052,1399.64
green1-2.xls,green,sirloin tender steak,1,0,0.0,2,uniaxial,compression,7,0.837911,1506.22
green1-2.xls,green,sirloin tender steak,1,0,0.0,2,uniaxial,compression,8,0.8176300000000001,1689.28
green1-2.xls,green,sirloin tender steak,1,0,0.0,2,uniaxial,tension,0,1.0265403,851.712
green1-2.xls,green,sirloin tender steak,1,0,0.0,2,uniaxial,tension,1,1.051515,231.726
green1-2.xls,green,sirloin tender steak,1,0,0.0,2,uniaxial,tension,2,1.0765361,92.8136
green1-2.xls,green,sirloin tender steak,1,0,0.0,2,uniaxial,tension,3,1.101993,-79.0917
green1-2.xls,green,sirloin tender steak,1,0,0.0,2,shear,shear,0,0.00309664,-23.2756
green1-2.xls,green,sirloin tender steak,1,0,0.0,2,shear,shear,1,0.0030966500000000003,-23.2756
green1-2.xls,green,sirloin tender steak,1,0,0.0,2,shear,shear,2,0.00442329,8.79832
green1-2.xls,green,sirloin tender steak,1,0,0.0,2,shear,shear,3,0.00442329,8.79832
green1-2.xls,green,sirloin tender steak,1,0,0.0,2,shear,shear,4,0.00442326,8.79832
green1-2.xls,green,sirloin tender steak,1,0,0.0,2,shear,shear,5,0.00442326,8.79832
green1-2.xls,green,sirloin tender steak,1,0,0.0,2,shear,shear,6,0.012438,48.0047
green1-2.xls,green,sirloin tender steak,1,0,0.0,2,shear,shear,7,0.012438,48.0047
green1-2.xls,green,sirloin tender steak,1,0,0.0,2,shear,shear,8,0.012438,48.0047
green1-2.xls,green,sirloin tender steak,1,0,0.0,2,shear,shear,9,0.012438,48.0047
green1-2.xls,green,sirloin tender steak,1,0,0.0,2,shear,shear,10,0.0204463,107.554
green1-2.xls,green,sirloin tender steak,1,0,0.0,2,shear,shear,11,0.0204462,107.554
green1-2.xls,green,sirloin tender steak,1,0,0.0,2,shear,shear,12,0.0204462,107.554
green1-2.xls,green,sirloin tender steak,1,0,0.0,2,shear,shear,13,0.0204462,107.554
green1-2.xls,green,sirloin tender steak,1,0,0.0,2,shear,shear,14,0.028547,142.476
green1-2.xls,green,sirloin tender steak,1,0,0.0,2,shear,shear,15,0.028547,142.476
green1-2.xls,green,sirloin tender steak,1,0,0.0,2,shear,shear,16,0.028547,142.476
green1-2.xls,green,sirloin tender steak,1,0,0.0,2,shear,shear,17,0.028547,142.476
green1-2.xls,green,sirloin tender steak,1,0,0.0,2,shear,shear,18,0.0366162,169.705
green1-2.xls,green,sirloin tender steak,1,0,0.0,2,shear,shear,19,0.0366162,169.705
green1-2.xls,green,sirloin tender steak,1,0,0.0,2,shear,shear,20,0.0366162,169.705
green1-2.xls,green,sirloin tender steak,1,0,0.0,2,shear,shear,21,0.0366159,169.705
green1-2.xls,green,sirloin tender steak,1,0,0.0,2,shear,shear,22,0.0447395,193.072
green1-2.xls,green,sirloin tender steak,1,0,0.0,2,shear,shear,23,0.0447395,193.072
green1-2.xls,green,sirloin tender steak,1,0,0.0,2,shear,shear,24,0.0447395,193.072
green1-2.xls,green,sirloin tender steak,1,0,0.0,2,shear,shear,25,0.0447395,193.072
green1-2.xls,green,sirloin tender steak,1,0,0.0,2,shear,shear,26,0.0528172,209.709
green1-2.xls,green,sirloin tender steak,1,0,0.0,2,shear,shear,27,0.0528172,209.709
green1-2.xls,green,sirloin tender steak,1,0,0.0,2,shear,shear,28,0.0528172,209.709
green1-2.xls,green,sirloin tender steak,1,0,0.0,2,shear,shear,29,0.0528172,209.709
green1-2.xls,green,sirloin tender steak,1,0,0.0,2,shear,shear,30,0.0528172,209.709
green1-2.xls,green,sirloin tender steak,1,0,0.0,2,shear,shear,31,0.060951899999999996,226.397
green1-2.xls,green,sirloin tender steak,1,0,0.0,2,shear,shear,32,0.060951899999999996,226.397
green1-2.xls,green,sirloin tender steak,1,0,0.0,2,shear,shear,33,0.060951899999999996,226.397
green1-2.xls,green,sirloin tender steak,1,0,0.0,2,shear,shear,34,0.060951899999999996,226.397
green1-2.xls,green,sirloin tender steak,1,0,0.0,2,shear,shear,35,0.0690926,239.264
green1-2.xls,green,sirloin tender steak,1,0,0.0,2,shear,shear,36,0.0690926,239.264
green1-2.xls,green,sirloin tender steak,1,0,0.0,2,shear,shear,37,0.0690926,239.264
green1-2.xls,green,sirloin tender steak,1,0,0.0,2,shear,shear,38,0.0690926,239.264
green1-2.xls,green,sirloin tender steak,1,0,0.0,2,shear,shear,39,0.0770613,249.901
green1-2.xls,green,sirloin tender steak,1,0,0.0,2,shear,shear,40,0.0770613,249.901
green1-2.xls,green,sirloin tender steak,1,0,0.0,2,shear,shear,41,0.0770613,249.901
green1-2.xls,green,sirloin tender steak,1,0,0.0,2,shear,shear,42,0.0770613,249.901
green1-2.xls,green,sirloin tender steak,1,0,0.0,2,shear,shear,43,0.0851571,255.621
green1-2.xls,green,sirloin tender steak,1,0,0.0,2,shear,shear,44,0.0851571,255.621
green1-2.xls,green,sirloin tender steak,1,0,0.0,2,shear,shear,45,0.0851571,255.621
green1-2.xls,green,sirloin tender steak,1,0,0.0,2,shear,shear,46,0.0851571,255.621
green1-2.xls,green,sirloin tender steak,1,0,0.0,2,shear,shear,47,0.09328189999999999,261.502
green1-2.xls,green,sirloin tender steak,1,0,0.0,2,shear,shear,48,0.09328189999999999,261.502
green1-2.xls,green,sirloin tender steak,1,0,0.0,2,shear,shear,49,0.09328189999999999,261.502
green1-2.xls,green,sirloin tender steak,1,0,0.0,2,shear,shear,50,0.09328189999999999,261.502
green1-2.xls,green,sirloin tender steak,1,0,0.0,2,shear,shear,51,0.10133900000000001,263.711
green1-2.xls,green,sirloin tender steak,1,0,0.0,2,shear,shear,52,0.10133900000000001,263.711
green1-2.xls,green,sirloin tender steak,1,0,0.0,2,shear,shear,53,0.10133900000000001,263.711
green1-2.xls,green,sirloin tender steak,1,0,0.0,2,shear,shear,54,0.10133900000000001,263.711
green1-2.xls,green,sirloin tender steak,1,0,0.0,2,shear,shear,55,0.109467,266.118
green1-2.xls,green,sirloin tender steak,1,0,0.0,2,shear,shear,56,0.109467,266.118
green1-2.xls,green,sirloin tender steak,1,0,0.0,2,shear,shear,57,0.109467,266.118
green1-2.xls,green,sirloin tender steak,1,0,0.0,2,shear,shear,58,0.109467,266.118
green1-2.xls,green,sirloin tender steak,1,0,0.0,2,shear,shear,59,0.117508,266.676
green1-2.xls,green,sirloin tender steak,1,0,0.0,2,shear,shear,60,0.117508,266.676
green1-2.xls,green,sirloin tender steak,1,0,0.0,2,shear,shear,61,0.117508,266.676
green1-2.xls,green,sirloin tender steak,1,0,0.0,2,shear,shear,62,0.117508,266.676
green1-2.xls,green,sirloin tender steak,1,0,0.0,2,shear,shear,63,0.125593,268.782
green1-2.xls,green,sirloin tender steak,1,0,0.0,2,shear,shear,64,0.125593,268.782
green1-2.xls,green,sirloin tender steak,1,0,0.0,2,shear,shear,65,0.125593,268.782
green1-2.xls,green,sirloin tender steak,1,0,0.0,2,shear,shear,66,0.125593,268.782
green1-2.xls,green,sirloin tender steak,1,0,0.0,2,shear,shear,67,0.133682,270.764
green1-2.xls,green,sirloin tender steak,1,0,0.0,2,shear,shear,68,0.133682,270.764
green1-2.xls,green,sirloin tender steak,1,0,0.0,2,shear,shear,69,0.133681,270.764
green1-2.xls,green,sirloin tender steak,1,0,0.0,2,shear,shear,70,0.133681,270.764
green1-2.xls,green,sirloin tender steak,1,0,0.0,2,shear,shear,71,0.141763,271.723
green1-2.xls,green,sirloin tender steak,1,0,0.0,2,shear,shear,72,0.141763,271.723
green1-2.xls,green,sirloin tender steak,1,0,0.0,2,shear,shear,73,0.141763,271.723
green1-2.xls,green,sirloin tender steak,1,0,0.0,2,shear,shear,74,0.141763,271.723
green1-2.xls,green,sirloin tender steak,1,0,0.0,2,shear,shear,75,0.149918,272.736
green1-2.xls,green,sirloin tender steak,1,0,0.0,2,shear,shear,76,0.149918,272.736
green1-2.xls,green,sirloin tender steak,1,0,0.0,2,shear,shear,77,0.149918,272.736
green1-2.xls,green,sirloin tender steak,1,0,0.0,2,shear,shear,78,0.149918,272.736
green1-2.xls,green,sirloin tender steak,1,0,0.0,2,shear,shear,79,0.15789899999999998,273.557
green1-2.xls,green,sirloin tender steak,1,0,0.0,2,shear,shear,80,0.15789899999999998,273.557
green1-2.xls,green,sirloin tender steak,1,0,0.0,2,shear,shear,81,0.15789899999999998,273.557
green1-2.xls,green,sirloin tender steak,1,0,0.0,2,shear,shear,82,0.15789899999999998,273.557
green1-2.xls,green,sirloin tender steak,1,0,0.0,2,shear,shear,83,0.166009,269.965
green1-2.xls,green,sirloin tender steak,1,0,0.0,2,shear,shear,84,0.166009,269.965
green1-2.xls,green,sirloin tender steak,1,0,0.0,2,shear,shear,85,0.166009,269.965
green1-2.xls,green,sirloin tender steak,1,0,0.0,2,shear,shear,86,0.166009,269.965
green1-2.xls,green,sirloin tender steak,1,0,0.0,2,shear,shear,87,0.174073,262.07
green1-2.xls,green,sirloin tender steak,1,0,0.0,2,shear,shear,88,0.174073,262.07
green1-2.xls,green,sirloin tender steak,1,0,0.0,2,shear,shear,89,0.174073,262.07
green1-2.xls,green,sirloin tender steak,1,0,0.0,2,shear,shear,90,0.174073,262.07
green1-2.xls,green,sirloin tender steak,1,0,0.0,2,shear,shear,91,0.18218499999999999,255.684
green1-2.xls,green,sirloin tender steak,1,0,0.0,2,shear,shear,92,0.18218499999999999,255.684
green1-2.xls,green,sirloin tender steak,1,0,0.0,2,shear,shear,93,0.18218499999999999,255.684
green1-2.xls,green,sirloin tender steak,1,0,0.0,2,shear,shear,94,0.18218499999999999,255.684
green1-2.xls,green,sirloin tender steak,1,0,0.0,2,shear,shear,95,0.190285,250.207
green1-2.xls,green,sirloin tender steak,1,0,0.0,2,shear,shear,96,0.190285,250.207
green1-2.xls,green,sirloin tender steak,1,0,0.0,2,shear,shear,97,0.190285,250.207
green1-2.xls,green,sirloin tender steak,1,0,0.0,2,shear,shear,98,0.190285,250.207
green1-2.xls,green,sirloin tender steak,1,0,0.0,2,shear,shear,99,0.198336,247.194
green1-3.xls,green,sirloin tender steak,1,0,0.0,3,uniaxial,compression,0,0.9781833,1084.91
green1-3.xls,green,sirloin tender steak,1,0,0.0,3,uniaxial,compression,1,0.9582137,1388.38
green1-3.xls,green,sirloin tender steak,1,0,0.0,3,uniaxial,compression,2,0.9377489999999999,1586.52
green1-3.xls,green,sirloin tender steak,1,0,0.0,3,uniaxial,compression,3,0.917849,1725.33
green1-3.xls,green,sirloin tender steak,1,0,0.0,3,uniaxial,compression,4,0.897678,1815.78
green1-3.xls,green,sirloin tender steak,1,0,0.0,3,uniaxial,compression,5,0.877435,1950.77
green1-3.xls,green,sirloin tender steak,1,0,0.0,3,uniaxial,compression,6,0.85731,2072.0
green1-3.xls,green,sirloin tender steak,1,0,0.0,3,uniaxial,compression,7,0.837365,2250.53
green1-3.xls,green,sirloin tender steak,1,0,0.0,3,uniaxial,compression,8,0.81746,2415.93
green1-3.xls,green,sirloin tender steak,1,0,0.0,3,uniaxial,tension,0,1.026377,1016.83
green1-3.xls,green,sirloin tender steak,1,0,0.0,3,uniaxial,tension,1,1.051581,486.019
green1-3.xls,green,sirloin tender steak,1,0,0.0,3,uniaxial,tension,2,1.0763534,102.361
green1-3.xls,green,sirloin tender steak,1,0,0.0,3,uniaxial,tension,3,1.101472,-34.577
green1-3.xls,green,sirloin tender steak,1,0,0.0,3,shear,shear,0,0.000406582,-29.9022
green1-3.xls,green,sirloin tender steak,1,0,0.0,3,shear,shear,1,0.0030194799999999997,-2.11084
green1-3.xls,green,sirloin tender steak,1,0,0.0,3,shear,shear,2,0.0030194700000000002,-2.11084
green1-3.xls,green,sirloin tender steak,1,0,0.0,3,shear,shear,3,0.0030194700000000002,-2.11084
green1-3.xls,green,sirloin tender steak,1,0,0.0,3,shear,shear,4,0.00301946,-2.11084
green1-3.xls,green,sirloin tender steak,1,0,0.0,3,shear,shear,5,0.00301946,-2.11084
green1-3.xls,green,sirloin tender steak,1,0,0.0,3,shear,shear,6,0.0110082,46.4003
green1-3.xls,green,sirloin tender steak,1,0,0.0,3,shear,shear,7,0.0110081,46.4003
green1-3.xls,green,sirloin tender steak,1,0,0.0,3,shear,shear,8,0.0110081,46.4003
green1-3.xls,green,sirloin tender steak,1,0,0.0,3,shear,shear,9,0.0110081,46.4003
green1-3.xls,green,sirloin tender steak,1,0,0.0,3,shear,shear,10,0.0190104,118.095
green1-3.xls,green,sirloin tender steak,1,0,0.0,3,shear,shear,11,0.0190104,118.095
green1-3.xls,green,sirloin tender steak,1,0,0.0,3,shear,shear,12,0.0190104,118.095
green1-3.xls,green,sirloin tender steak,1,0,0.0,3,shear,shear,13,0.0190104,118.095
green1-3.xls,green,sirloin tender steak,1,0,0.0,3,shear,shear,14,0.0269774,161.125
green1-3.xls,green,sirloin tender steak,1,0,0.0,3,shear,shear,15,0.0269773,161.125
green1-3.xls,green,sirloin tender steak,1,0,0.0,3,shear,shear,16,0.0269773,161.125
green1-3.xls,green,sirloin tender steak,1,0,0.0,3,shear,shear,17,0.0269773,161.125
green1-3.xls,green,sirloin tender steak,1,0,0.0,3,shear,shear,18,0.0349964,195.918
green1-3.xls,green,sirloin tender steak,1,0,0.0,3,shear,shear,19,0.0349964,195.918
green1-3.xls,green,sirloin tender steak,1,0,0.0,3,shear,shear,20,0.0349964,195.918
green1-3.xls,green,sirloin tender steak,1,0,0.0,3,shear,shear,21,0.0349965,195.918
green1-3.xls,green,sirloin tender steak,1,0,0.0,3,shear,shear,22,0.043088800000000003,225.369
green1-3.xls,green,sirloin tender steak,1,0,0.0,3,shear,shear,23,0.043088800000000003,225.369
green1-3.xls,green,sirloin tender steak,1,0,0.0,3,shear,shear,24,0.043088800000000003,225.369
green1-3.xls,green,sirloin tender steak,1,0,0.0,3,shear,shear,25,0.0430887,225.369
green1-3.xls,green,sirloin tender steak,1,0,0.0,3,shear,shear,26,0.0510898,250.822
green1-3.xls,green,sirloin tender steak,1,0,0.0,3,shear,shear,27,0.0510899,250.822
green1-3.xls,green,sirloin tender steak,1,0,0.0,3,shear,shear,28,0.0510899,250.822
green1-3.xls,green,sirloin tender steak,1,0,0.0,3,shear,shear,29,0.0510899,250.822
green1-3.xls,green,sirloin tender steak,1,0,0.0,3,shear,shear,30,0.059111500000000004,273.365
green1-3.xls,green,sirloin tender steak,1,0,0.0,3,shear,shear,31,0.059111500000000004,273.365
green1-3.xls,green,sirloin tender steak,1,0,0.0,3,shear,shear,32,0.059111500000000004,273.365
green1-3.xls,green,sirloin tender steak,1,0,0.0,3,shear,shear,33,0.0591116,273.365
green1-3.xls,green,sirloin tender steak,1,0,0.0,3,shear,shear,34,0.0671045,293.444
green1-3.xls,green,sirloin tender steak,1,0,0.0,3,shear,shear,35,0.06710429999999999,293.444
green1-3.xls,green,sirloin tender steak,1,0,0.0,3,shear,shear,36,0.06710429999999999,293.444
green1-3.xls,green,sirloin tender steak,1,0,0.0,3,shear,shear,37,0.06710429999999999,293.444
green1-3.xls,green,sirloin tender steak,1,0,0.0,3,shear,shear,38,0.0751626,311.865
green1-3.xls,green,sirloin tender steak,1,0,0.0,3,shear,shear,39,0.0751627,311.865
green1-3.xls,green,sirloin tender steak,1,0,0.0,3,shear,shear,40,0.0751627,311.865
green1-3.xls,green,sirloin tender steak,1,0,0.0,3,shear,shear,41,0.0751627,311.865
green1-3.xls,green,sirloin tender steak,1,0,0.0,3,shear,shear,42,0.0831678,328.182
green1-3.xls,green,sirloin tender steak,1,0,0.0,3,shear,shear,43,0.0831677,328.182
green1-3.xls,green,sirloin tender steak,1,0,0.0,3,shear,shear,44,0.0831677,328.182
green1-3.xls,green,sirloin tender steak,1,0,0.0,3,shear,shear,45,0.0831677,328.182
green1-3.xls,green,sirloin tender steak,1,0,0.0,3,shear,shear,46,0.0912438,343.316
green1-3.xls,green,sirloin tender steak,1,0,0.0,3,shear,shear,47,0.0912441,343.316
green1-3.xls,green,sirloin tender steak,1,0,0.0,3,shear,shear,48,0.0912441,343.316
green1-3.xls,green,sirloin tender steak,1,0,0.0,3,shear,shear,49,0.0912439,343.316
green1-3.xls,green,sirloin tender steak,1,0,0.0,3,shear,shear,50,0.0992403,357.472
green1-3.xls,green,sirloin tender steak,1,0,0.0,3,shear,shear,51,0.0992403,357.472
green1-3.xls,green,sirloin tender steak,1,0,0.0,3,shear,shear,52,0.0992403,357.472
green1-3.xls,green,sirloin tender steak,1,0,0.0,3,shear,shear,53,0.09924039999999999,357.472
green1-3.xls,green,sirloin tender steak,1,0,0.0,3,shear,shear,54,0.107264,371.127
green1-3.xls,green,sirloin tender steak,1,0,0.0,3,shear,shear,55,0.107264,371.127
green1-3.xls,green,sirloin tender steak,1,0,0.0,3,shear,shear,56,0.107264,371.127
green1-3.xls,green,sirloin tender steak,1,0,0.0,3,shear,shear,57,0.107264,371.127
green1-3.xls,green,sirloin tender steak,1,0,0.0,3,shear,shear,58,0.115259,383.796
green1-3.xls,green,sirloin tender steak,1,0,0.0,3,shear,shear,59,0.115259,383.796
green1-3.xls,green,sirloin tender steak,1,0,0.0,3,shear,shear,60,0.115259,383.796
green1-3.xls,green,sirloin tender steak,1,0,0.0,3,shear,shear,61,0.115259,383.796
green1-3.xls,green,sirloin tender steak,1,0,0.0,3,shear,shear,62,0.123292,395.402
green1-3.xls,green,sirloin tender steak,1,0,0.0,3,shear,shear,63,0.123292,395.402
green1-3.xls,green,sirloin tender steak,1,0,0.0,3,shear,shear,64,0.123292,395.402
green1-3.xls,green,sirloin tender steak,1,0,0.0,3,shear,shear,65,0.123292,395.402
green1-3.xls,green,sirloin tender steak,1,0,0.0,3,shear,shear,66,0.131415,406.205
green1-3.xls,green,sirloin tender steak,1,0,0.0,3,shear,shear,67,0.131415,406.205
green1-3.xls,green,sirloin tender steak,1,0,0.0,3,shear,shear,68,0.131415,406.205
green1-3.xls,green,sirloin tender steak,1,0,0.0,3,shear,shear,69,0.131415,406.205
green1-3.xls,green,sirloin tender steak,1,0,0.0,3,shear,shear,70,0.13936,415.156
green1-3.xls,green,sirloin tender steak,1,0,0.0,3,shear,shear,71,0.13936,415.156
green1-3.xls,green,sirloin tender steak,1,0,0.0,3,shear,shear,72,0.13936,415.156
green1-3.xls,green,sirloin tender steak,1,0,0.0,3,shear,shear,73,0.13936,415.156
green1-3.xls,green,sirloin tender steak,1,0,0.0,3,shear,shear,74,0.147369,424.065
green1-3.xls,green,sirloin tender steak,1,0,0.0,3,shear,shear,75,0.147369,424.065
green1-3.xls,green,sirloin tender steak,1,0,0.0,3,shear,shear,76,0.147369,424.065
green1-3.xls,green,sirloin tender steak,1,0,0.0,3,shear,shear,77,0.147369,424.065
green1-3.xls,green,sirloin tender steak,1,0,0.0,3,shear,shear,78,0.15539,432.872
green1-3.xls,green,sirloin tender steak,1,0,0.0,3,shear,shear,79,0.155389,432.872
green1-3.xls,green,sirloin tender steak,1,0,0.0,3,shear,shear,80,0.155389,432.872
green1-3.xls,green,sirloin tender steak,1,0,0.0,3,shear,shear,81,0.15539,432.872
green1-3.xls,green,sirloin tender steak,1,0,0.0,3,shear,shear,82,0.163396,440.672
green1-3.xls,green,sirloin tender steak,1,0,0.0,3,shear,shear,83,0.163395,440.672
green1-3.xls,green,sirloin tender steak,1,0,0.0,3,shear,shear,84,0.163395,440.672
green1-3.xls,green,sirloin tender steak,1,0,0.0,3,shear,shear,85,0.163395,440.672
green1-3.xls,green,sirloin tender steak,1,0,0.0,3,shear,shear,86,0.171489,447.691
green1-3.xls,green,sirloin tender steak,1,0,0.0,3,shear,shear,87,0.171489,447.691
green1-3.xls,green,sirloin tender steak,1,0,0.0,3,shear,shear,88,0.171489,447.691
green1-3.xls,green,sirloin tender steak,1,0,0.0,3,shear,shear,89,0.171489,447.691
green1-3.xls,green,sirloin tender steak,1,0,0.0,3,shear,shear,90,0.17948,455.589
green1-3.xls,green,sirloin tender steak,1,0,0.0,3,shear,shear,91,0.17948,455.589
green1-3.xls,green,sirloin tender steak,1,0,0.0,3,shear,shear,92,0.17948,455.589
green1-3.xls,green,sirloin tender steak,1,0,0.0,3,shear,shear,93,0.17948,455.589
green1-3.xls,green,sirloin tender steak,1,0,0.0,3,shear,shear,94,0.187496,462.039
green1-3.xls,green,sirloin tender steak,1,0,0.0,3,shear,shear,95,0.187496,462.039
green1-3.xls,green,sirloin tender steak,1,0,0.0,3,shear,shear,96,0.187496,462.039
green1-3.xls,green,sirloin tender steak,1,0,0.0,3,shear,shear,97,0.187496,462.039
green1-3.xls,green,sirloin tender steak,1,0,0.0,3,shear,shear,98,0.19548200000000002,470.315
green1-3.xls,green,sirloin tender steak,1,0,0.0,3,shear,shear,99,0.19548200000000002,470.315
green1-4.xls,green,sirloin tender steak,1,0,0.0,4,uniaxial,compression,0,0.9784692,573.919
green1-4.xls,green,sirloin tender steak,1,0,0.0,4,uniaxial,compression,1,0.9583539,793.037
green1-4.xls,green,sirloin tender steak,1,0,0.0,4,uniaxial,compression,2,0.9380385,942.514
green1-4.xls,green,sirloin tender steak,1,0,0.0,4,uniaxial,compression,3,0.9176154,1035.29
green1-4.xls,green,sirloin tender steak,1,0,0.0,4,uniaxial,compression,4,0.8975690000000001,1159.17
green1-4.xls,green,sirloin tender steak,1,0,0.0,4,uniaxial,compression,5,0.877646,1261.29
green1-4.xls,green,sirloin tender steak,1,0,0.0,4,uniaxial,compression,6,0.857177,1411.54
green1-4.xls,green,sirloin tender steak,1,0,0.0,4,uniaxial,compression,7,0.837208,1507.54
green1-4.xls,green,sirloin tender steak,1,0,0.0,4,uniaxial,compression,8,0.817292,1664.19
green1-4.xls,green,sirloin tender steak,1,0,0.0,4,uniaxial,tension,0,1.026733,993.63
green1-4.xls,green,sirloin tender steak,1,0,0.0,4,uniaxial,tension,1,1.0516382,323.705
green1-4.xls,green,sirloin tender steak,1,0,0.0,4,uniaxial,tension,2,1.0766685,128.297
green1-4.xls,green,sirloin tender steak,1,0,0.0,4,uniaxial,tension,3,1.101785,-50.4436
green1-4.xls,green,sirloin tender steak,1,0,0.0,4,shear,shear,0,-0.000857054,-9.4208
green1-4.xls,green,sirloin tender steak,1,0,0.0,4,shear,shear,1,-0.0008565780000000001,-9.4208
green1-4.xls,green,sirloin tender steak,1,0,0.0,4,shear,shear,2,0.00419762,26.0985
green1-4.xls,green,sirloin tender steak,1,0,0.0,4,shear,shear,3,0.00419758,26.0985
green1-4.xls,green,sirloin tender steak,1,0,0.0,4,shear,shear,4,0.00419758,26.0985
green1-4.xls,green,sirloin tender steak,1,0,0.0,4,shear,shear,5,0.00419758,26.0985
green1-4.xls,green,sirloin tender steak,1,0,0.0,4,shear,shear,6,0.0125101,76.937
green1-4.xls,green,sirloin tender steak,1,0,0.0,4,shear,shear,7,0.0125101,76.937
green1-4.xls,green,sirloin tender steak,1,0,0.0,4,shear,shear,8,0.0125101,76.937
green1-4.xls,green,sirloin tender steak,1,0,0.0,4,shear,shear,9,0.0125101,76.937
green1-4.xls,green,sirloin tender steak,1,0,0.0,4,shear,shear,10,0.0125101,76.937
green1-4.xls,green,sirloin tender steak,1,0,0.0,4,shear,shear,11,0.020879099999999998,141.483
green1-4.xls,green,sirloin tender steak,1,0,0.0,4,shear,shear,12,0.020879099999999998,141.483
green1-4.xls,green,sirloin tender steak,1,0,0.0,4,shear,shear,13,0.020879099999999998,141.483
green1-4.xls,green,sirloin tender steak,1,0,0.0,4,shear,shear,14,0.020879099999999998,141.483
green1-4.xls,green,sirloin tender steak,1,0,0.0,4,shear,shear,15,0.029308999999999998,176.625
green1-4.xls,green,sirloin tender steak,1,0,0.0,4,shear,shear,16,0.029308999999999998,176.625
green1-4.xls,green,sirloin tender steak,1,0,0.0,4,shear,shear,17,0.029308999999999998,176.625
green1-4.xls,green,sirloin tender steak,1,0,0.0,4,shear,shear,18,0.029308999999999998,176.625
green1-4.xls,green,sirloin tender steak,1,0,0.0,4,shear,shear,19,0.0377055,202.722
green1-4.xls,green,sirloin tender steak,1,0,0.0,4,shear,shear,20,0.0377055,202.722
green1-4.xls,green,sirloin tender steak,1,0,0.0,4,shear,shear,21,0.0377055,202.722
green1-4.xls,green,sirloin tender steak,1,0,0.0,4,shear,shear,22,0.0377055,202.722
green1-4.xls,green,sirloin tender steak,1,0,0.0,4,shear,shear,23,0.0460923,225.191
green1-4.xls,green,sirloin tender steak,1,0,0.0,4,shear,shear,24,0.0460923,225.191
green1-4.xls,green,sirloin tender steak,1,0,0.0,4,shear,shear,25,0.0460923,225.191
green1-4.xls,green,sirloin tender steak,1,0,0.0,4,shear,shear,26,0.0460923,225.191
green1-4.xls,green,sirloin tender steak,1,0,0.0,4,shear,shear,27,0.0545231,243.64
green1-4.xls,green,sirloin tender steak,1,0,0.0,4,shear,shear,28,0.0545231,243.64
green1-4.xls,green,sirloin tender steak,1,0,0.0,4,shear,shear,29,0.0545231,243.64
green1-4.xls,green,sirloin tender steak,1,0,0.0,4,shear,shear,30,0.0545231,243.64
green1-4.xls,green,sirloin tender steak,1,0,0.0,4,shear,shear,31,0.0545231,243.64
green1-4.xls,green,sirloin tender steak,1,0,0.0,4,shear,shear,32,0.0629742,260.065
green1-4.xls,green,sirloin tender steak,1,0,0.0,4,shear,shear,33,0.0629742,260.065
green1-4.xls,green,sirloin tender steak,1,0,0.0,4,shear,shear,34,0.0629742,260.065
green1-4.xls,green,sirloin tender steak,1,0,0.0,4,shear,shear,35,0.0629742,260.065
green1-4.xls,green,sirloin tender steak,1,0,0.0,4,shear,shear,36,0.0713281,274.455
green1-4.xls,green,sirloin tender steak,1,0,0.0,4,shear,shear,37,0.0713281,274.455
green1-4.xls,green,sirloin tender steak,1,0,0.0,4,shear,shear,38,0.0713281,274.455
green1-4.xls,green,sirloin tender steak,1,0,0.0,4,shear,shear,39,0.0713281,274.455
green1-4.xls,green,sirloin tender steak,1,0,0.0,4,shear,shear,40,0.079707,286.218
green1-4.xls,green,sirloin tender steak,1,0,0.0,4,shear,shear,41,0.079707,286.218
green1-4.xls,green,sirloin tender steak,1,0,0.0,4,shear,shear,42,0.079707,286.218
green1-4.xls,green,sirloin tender steak,1,0,0.0,4,shear,shear,43,0.079707,286.218
green1-4.xls,green,sirloin tender steak,1,0,0.0,4,shear,shear,44,0.08809240000000002,296.695
green1-4.xls,green,sirloin tender steak,1,0,0.0,4,shear,shear,45,0.08809240000000002,296.695
green1-4.xls,green,sirloin tender steak,1,0,0.0,4,shear,shear,46,0.08809240000000002,296.695
green1-4.xls,green,sirloin tender steak,1,0,0.0,4,shear,shear,47,0.08809240000000002,296.695
green1-4.xls,green,sirloin tender steak,1,0,0.0,4,shear,shear,48,0.0964791,305.828
green1-4.xls,green,sirloin tender steak,1,0,0.0,4,shear,shear,49,0.0964791,305.828
green1-4.xls,green,sirloin tender steak,1,0,0.0,4,shear,shear,50,0.0964791,305.828
green1-4.xls,green,sirloin tender steak,1,0,0.0,4,shear,shear,51,0.0964791,305.828
green1-4.xls,green,sirloin tender steak,1,0,0.0,4,shear,shear,52,0.0964791,305.828
green1-4.xls,green,sirloin tender steak,1,0,0.0,4,shear,shear,53,0.104901,314.47
green1-4.xls,green,sirloin tender steak,1,0,0.0,4,shear,shear,54,0.104901,314.47
green1-4.xls,green,sirloin tender steak,1,0,0.0,4,shear,shear,55,0.104901,314.47
green1-4.xls,green,sirloin tender steak,1,0,0.0,4,shear,shear,56,0.104901,314.47
green1-4.xls,green,sirloin tender steak,1,0,0.0,4,shear,shear,57,0.11330299999999999,322.054
green1-4.xls,green,sirloin tender steak,1,0,0.0,4,shear,shear,58,0.11330299999999999,322.054
green1-4.xls,green,sirloin tender steak,1,0,0.0,4,shear,shear,59,0.11330399999999999,322.054
green1-4.xls,green,sirloin tender steak,1,0,0.0,4,shear,shear,60,0.11330399999999999,322.054
green1-4.xls,green,sirloin tender steak,1,0,0.0,4,shear,shear,61,0.121695,328.928
green1-4.xls,green,sirloin tender steak,1,0,0.0,4,shear,shear,62,0.121695,328.928
green1-4.xls,green,sirloin tender steak,1,0,0.0,4,shear,shear,63,0.121694,328.928
green1-4.xls,green,sirloin tender steak,1,0,0.0,4,shear,shear,64,0.121694,328.928
green1-4.xls,green,sirloin tender steak,1,0,0.0,4,shear,shear,65,0.130079,335.536
green1-4.xls,green,sirloin tender steak,1,0,0.0,4,shear,shear,66,0.130079,335.536
green1-4.xls,green,sirloin tender steak,1,0,0.0,4,shear,shear,67,0.130079,335.536
green1-4.xls,green,sirloin tender steak,1,0,0.0,4,shear,shear,68,0.130079,335.536
green1-4.xls,green,sirloin tender steak,1,0,0.0,4,shear,shear,69,0.138464,342.62
green1-4.xls,green,sirloin tender steak,1,0,0.0,4,shear,shear,70,0.138464,342.62
green1-4.xls,green,sirloin tender steak,1,0,0.0,4,shear,shear,71,0.138464,342.62
green1-4.xls,green,sirloin tender steak,1,0,0.0,4,shear,shear,72,0.138464,342.62
green1-4.xls,green,sirloin tender steak,1,0,0.0,4,shear,shear,73,0.138464,342.62
green1-4.xls,green,sirloin tender steak,1,0,0.0,4,shear,shear,74,0.146871,348.84
green1-4.xls,green,sirloin tender steak,1,0,0.0,4,shear,shear,75,0.146871,348.84
green1-4.xls,green,sirloin tender steak,1,0,0.0,4,shear,shear,76,0.146871,348.84
green1-4.xls,green,sirloin tender steak,1,0,0.0,4,shear,shear,77,0.146871,348.84
green1-4.xls,green,sirloin tender steak,1,0,0.0,4,shear,shear,78,0.155243,353.468
green1-4.xls,green,sirloin tender steak,1,0,0.0,4,shear,shear,79,0.155243,353.468
green1-4.xls,green,sirloin tender steak,1,0,0.0,4,shear,shear,80,0.155243,353.468
green1-4.xls,green,sirloin tender steak,1,0,0.0,4,shear,shear,81,0.155243,353.468
green1-4.xls,green,sirloin tender steak,1,0,0.0,4,shear,shear,82,0.16362100000000002,359.602
green1-4.xls,green,sirloin tender steak,1,0,0.0,4,shear,shear,83,0.16362100000000002,359.602
green1-4.xls,green,sirloin tender steak,1,0,0.0,4,shear,shear,84,0.16362100000000002,359.602
green1-4.xls,green,sirloin tender steak,1,0,0.0,4,shear,shear,85,0.16362100000000002,359.602
green1-4.xls,green,sirloin tender steak,1,0,0.0,4,shear,shear,86,0.17206700000000003,364.535
green1-4.xls,green,sirloin tender steak,1,0,0.0,4,shear,shear,87,0.17206700000000003,364.535
green1-4.xls,green,sirloin tender steak,1,0,0.0,4,shear,shear,88,0.17206700000000003,364.535
green1-4.xls,green,sirloin tender steak,1,0,0.0,4,shear,shear,89,0.17206700000000003,364.535
green1-4.xls,green,sirloin tender steak,1,0,0.0,4,shear,shear,90,0.18043299999999998,368.611
green1-4.xls,green,sirloin tender steak,1,0,0.0,4,shear,shear,91,0.18043299999999998,368.611
green1-4.xls,green,sirloin tender steak,1,0,0.0,4,shear,shear,92,0.18043299999999998,368.611
green1-4.xls,green,sirloin tender steak,1,0,0.0,4,shear,shear,93,0.18043299999999998,368.611
green1-4.xls,green,sirloin tender steak,1,0,0.0,4,shear,shear,94,0.18043299999999998,368.611
green1-4.xls,green,sirloin tender steak,1,0,0.0,4,shear,shear,95,0.18881900000000001,374.403
green1-4.xls,green,sirloin tender steak,1,0,0.0,4,shear,shear,96,0.18881900000000001,374.403
green1-4.xls,green,sirloin tender steak,1,0,0.0,4,shear,shear,97,0.18881900000000001,374.403
green1-4.xls,green,sirloin tender steak,1,0,0.0,4,shear,shear,98,0.18881900000000001,374.403
green1-4.xls,green,sirloin tender steak,1,0,0.0,4,shear,shear,99,0.197222,381.789
green1-5.xls,green,sirloin tender steak,1,0,0.0,5,uniaxial,compression,0,0.9783778,993.374
green1-5.xls,green,sirloin tender steak,1,0,0.0,5,uniaxial,compression,1,0.9578815,1187.21
green1-5.xls,green,sirloin tender steak,1,0,0.0,5,uniaxial,compression,2,0.9380222,1267.12
green1-5.xls,green,sirloin tender steak,1,0,0.0,5,uniaxial,compression,3,0.9178815,1414.79
green1-5.xls,green,sirloin tender steak,1,0,0.0,5,uniaxial,compression,4,0.898,1527.69
green1-5.xls,green,sirloin tender steak,1,0,0.0,5,uniaxial,compression,5,0.8775040000000001,1729.23
green1-5.xls,green,sirloin tender steak,1,0,0.0,5,uniaxial,compression,6,0.8576,1887.63
green1-5.xls,green,sirloin tender steak,1,0,0.0,5,uniaxial,compression,7,0.837133,2135.2
green1-5.xls,green,sirloin tender steak,1,0,0.0,5,uniaxial,compression,8,0.817148,2304.8
green1-5.xls,green,sirloin tender steak,1,0,0.0,5,uniaxial,tension,0,1.0263521,1382.96
green1-5.xls,green,sirloin tender steak,1,0,0.0,5,uniaxial,tension,1,1.0517505,398.23
green1-5.xls,green,sirloin tender steak,1,0,0.0,5,uniaxial,tension,2,1.0768803,22.4058
green1-5.xls,green,sirloin tender steak,1,0,0.0,5,uniaxial,tension,3,1.101769,-107.488
green1-5.xls,green,sirloin tender steak,1,0,0.0,5,shear,shear,0,0.00132634,77.3552
green1-5.xls,green,sirloin tender steak,1,0,0.0,5,shear,shear,1,0.00132634,77.3552
green1-5.xls,green,sirloin tender steak,1,0,0.0,5,shear,shear,2,0.0034090599999999998,94.8963
green1-5.xls,green,sirloin tender steak,1,0,0.0,5,shear,shear,3,0.00340903,94.8963
green1-5.xls,green,sirloin tender steak,1,0,0.0,5,shear,shear,4,0.00340903,94.8963
green1-5.xls,green,sirloin tender steak,1,0,0.0,5,shear,shear,5,0.00340903,94.8963
green1-5.xls,green,sirloin tender steak,1,0,0.0,5,shear,shear,6,0.011548099999999999,131.74
green1-5.xls,green,sirloin tender steak,1,0,0.0,5,shear,shear,7,0.011548099999999999,131.74
green1-5.xls,green,sirloin tender steak,1,0,0.0,5,shear,shear,8,0.011548099999999999,131.74
green1-5.xls,green,sirloin tender steak,1,0,0.0,5,shear,shear,9,0.011548099999999999,131.74
green1-5.xls,green,sirloin tender steak,1,0,0.0,5,shear,shear,10,0.01959,201.465
green1-5.xls,green,sirloin tender steak,1,0,0.0,5,shear,shear,11,0.01959,201.465
green1-5.xls,green,sirloin tender steak,1,0,0.0,5,shear,shear,12,0.01959,201.465
green1-5.xls,green,sirloin tender steak,1,0,0.0,5,shear,shear,13,0.0195899,201.465
green1-5.xls,green,sirloin tender steak,1,0,0.0,5,shear,shear,14,0.0277112,239.817
green1-5.xls,green,sirloin tender steak,1,0,0.0,5,shear,shear,15,0.0277112,239.817
green1-5.xls,green,sirloin tender steak,1,0,0.0,5,shear,shear,16,0.0277112,239.817
green1-5.xls,green,sirloin tender steak,1,0,0.0,5,shear,shear,17,0.0277112,239.817
green1-5.xls,green,sirloin tender steak,1,0,0.0,5,shear,shear,18,0.0357419,270.636
green1-5.xls,green,sirloin tender steak,1,0,0.0,5,shear,shear,19,0.0357419,270.636
green1-5.xls,green,sirloin tender steak,1,0,0.0,5,shear,shear,20,0.0357419,270.636
green1-5.xls,green,sirloin tender steak,1,0,0.0,5,shear,shear,21,0.0357419,270.636
green1-5.xls,green,sirloin tender steak,1,0,0.0,5,shear,shear,22,0.0438112,296.587
green1-5.xls,green,sirloin tender steak,1,0,0.0,5,shear,shear,23,0.0438112,296.587
green1-5.xls,green,sirloin tender steak,1,0,0.0,5,shear,shear,24,0.0438112,296.587
green1-5.xls,green,sirloin tender steak,1,0,0.0,5,shear,shear,25,0.0438112,296.587
green1-5.xls,green,sirloin tender steak,1,0,0.0,5,shear,shear,26,0.0519299,316.993
green1-5.xls,green,sirloin tender steak,1,0,0.0,5,shear,shear,27,0.0519299,316.993
green1-5.xls,green,sirloin tender steak,1,0,0.0,5,shear,shear,28,0.0519299,316.993
green1-5.xls,green,sirloin tender steak,1,0,0.0,5,shear,shear,29,0.0519299,316.993
green1-5.xls,green,sirloin tender steak,1,0,0.0,5,shear,shear,30,0.0599791,333.678
green1-5.xls,green,sirloin tender steak,1,0,0.0,5,shear,shear,31,0.0599791,333.678
green1-5.xls,green,sirloin tender steak,1,0,0.0,5,shear,shear,32,0.0599791,333.678
green1-5.xls,green,sirloin tender steak,1,0,0.0,5,shear,shear,33,0.0599791,333.678
green1-5.xls,green,sirloin tender steak,1,0,0.0,5,shear,shear,34,0.0680418,348.335
green1-5.xls,green,sirloin tender steak,1,0,0.0,5,shear,shear,35,0.0680418,348.335
green1-5.xls,green,sirloin tender steak,1,0,0.0,5,shear,shear,36,0.0680418,348.335
green1-5.xls,green,sirloin tender steak,1,0,0.0,5,shear,shear,37,0.0680418,348.335
green1-5.xls,green,sirloin tender steak,1,0,0.0,5,shear,shear,38,0.076148,360.842
green1-5.xls,green,sirloin tender steak,1,0,0.0,5,shear,shear,39,0.076148,360.842
green1-5.xls,green,sirloin tender steak,1,0,0.0,5,shear,shear,40,0.076148,360.842
green1-5.xls,green,sirloin tender steak,1,0,0.0,5,shear,shear,41,0.076148,360.842
green1-5.xls,green,sirloin tender steak,1,0,0.0,5,shear,shear,42,0.08423870000000001,369.379
green1-5.xls,green,sirloin tender steak,1,0,0.0,5,shear,shear,43,0.084238,369.379
green1-5.xls,green,sirloin tender steak,1,0,0.0,5,shear,shear,44,0.084238,369.379
green1-5.xls,green,sirloin tender steak,1,0,0.0,5,shear,shear,45,0.084238,369.379
green1-5.xls,green,sirloin tender steak,1,0,0.0,5,shear,shear,46,0.0923375,379.33
green1-5.xls,green,sirloin tender steak,1,0,0.0,5,shear,shear,47,0.0923375,379.33
green1-5.xls,green,sirloin tender steak,1,0,0.0,5,shear,shear,48,0.0923375,379.33
green1-5.xls,green,sirloin tender steak,1,0,0.0,5,shear,shear,49,0.0923383,379.33
green1-5.xls,green,sirloin tender steak,1,0,0.0,5,shear,shear,50,0.10037800000000001,389.274
green1-5.xls,green,sirloin tender steak,1,0,0.0,5,shear,shear,51,0.100377,389.274
green1-5.xls,green,sirloin tender steak,1,0,0.0,5,shear,shear,52,0.100377,389.274
green1-5.xls,green,sirloin tender steak,1,0,0.0,5,shear,shear,53,0.100377,389.274
green1-5.xls,green,sirloin tender steak,1,0,0.0,5,shear,shear,54,0.108445,398.516
green1-5.xls,green,sirloin tender steak,1,0,0.0,5,shear,shear,55,0.108445,398.516
green1-5.xls,green,sirloin tender steak,1,0,0.0,5,shear,shear,56,0.108445,398.516
green1-5.xls,green,sirloin tender steak,1,0,0.0,5,shear,shear,57,0.108445,398.516
green1-5.xls,green,sirloin tender steak,1,0,0.0,5,shear,shear,58,0.11655900000000001,405.767
green1-5.xls,green,sirloin tender steak,1,0,0.0,5,shear,shear,59,0.11655900000000001,405.767
green1-5.xls,green,sirloin tender steak,1,0,0.0,5,shear,shear,60,0.11655900000000001,405.767
green1-5.xls,green,sirloin tender steak,1,0,0.0,5,shear,shear,61,0.11655900000000001,405.767
green1-5.xls,green,sirloin tender steak,1,0,0.0,5,shear,shear,62,0.124607,413.418
green1-5.xls,green,sirloin tender steak,1,0,0.0,5,shear,shear,63,0.124607,413.418
green1-5.xls,green,sirloin tender steak,1,0,0.0,5,shear,shear,64,0.124607,413.418
green1-5.xls,green,sirloin tender steak,1,0,0.0,5,shear,shear,65,0.124607,413.418
green1-5.xls,green,sirloin tender steak,1,0,0.0,5,shear,shear,66,0.13273400000000002,420.09
green1-5.xls,green,sirloin tender steak,1,0,0.0,5,shear,shear,67,0.13273400000000002,420.09
green1-5.xls,green,sirloin tender steak,1,0,0.0,5,shear,shear,68,0.13273400000000002,420.09
green1-5.xls,green,sirloin tender steak,1,0,0.0,5,shear,shear,69,0.13273400000000002,420.09
green1-5.xls,green,sirloin tender steak,1,0,0.0,5,shear,shear,70,0.140792,424.792
green1-5.xls,green,sirloin tender steak,1,0,0.0,5,shear,shear,71,0.140792,424.792
green1-5.xls,green,sirloin tender steak,1,0,0.0,5,shear,shear,72,0.140792,424.792
green1-5.xls,green,sirloin tender steak,1,0,0.0,5,shear,shear,73,0.140792,424.792
green1-5.xls,green,sirloin tender steak,1,0,0.0,5,shear,shear,74,0.140792,424.792
green1-5.xls,green,sirloin tender steak,1,0,0.0,5,shear,shear,75,0.148888,430.441
green1-5.xls,green,sirloin tender steak,1,0,0.0,5,shear,shear,76,0.148888,430.441
green1-5.xls,green,sirloin tender steak,1,0,0.0,5,shear,shear,77,0.148888,430.441
green1-5.xls,green,sirloin tender steak,1,0,0.0,5,shear,shear,78,0.148888,430.441
green1-5.xls,green,sirloin tender steak,1,0,0.0,5,shear,shear,79,0.156935,433.975
green1-5.xls,green,sirloin tender steak,1,0,0.0,5,shear,shear,80,0.156935,433.975
green1-5.xls,green,sirloin tender steak,1,0,0.0,5,shear,shear,81,0.156935,433.975
green1-5.xls,green,sirloin tender steak,1,0,0.0,5,shear,shear,82,0.156935,433.975
green1-5.xls,green,sirloin tender steak,1,0,0.0,5,shear,shear,83,0.165059,439.104
green1-5.xls,green,sirloin tender steak,1,0,0.0,5,shear,shear,84,0.165059,439.104
green1-5.xls,green,sirloin tender steak,1,0,0.0,5,shear,shear,85,0.165057,439.104
green1-5.xls,green,sirloin tender steak,1,0,0.0,5,shear,shear,86,0.165057,439.104
green1-5.xls,green,sirloin tender steak,1,0,0.0,5,shear,shear,87,0.173064,444.276
green1-5.xls,green,sirloin tender steak,1,0,0.0,5,shear,shear,88,0.173064,444.276
green1-5.xls,green,sirloin tender steak,1,0,0.0,5,shear,shear,89,0.173064,444.276
green1-5.xls,green,sirloin tender steak,1,0,0.0,5,shear,shear,90,0.173064,444.276
green1-5.xls,green,sirloin tender steak,1,0,0.0,5,shear,shear,91,0.181157,449.66
green1-5.xls,green,sirloin tender steak,1,0,0.0,5,shear,shear,92,0.181157,449.66
green1-5.xls,green,sirloin tender steak,1,0,0.0,5,shear,shear,93,0.181157,449.66
green1-5.xls,green,sirloin tender steak,1,0,0.0,5,shear,shear,94,0.181157,449.66
green1-5.xls,green,sirloin tender steak,1,0,0.0,5,shear,shear,95,0.189248,452.448
green1-5.xls,green,sirloin tender steak,1,0,0.0,5,shear,shear,96,0.189248,452.448
green1-5.xls,green,sirloin tender steak,1,0,0.0,5,shear,shear,97,0.189248,452.448
green1-5.xls,green,sirloin tender steak,1,0,0.0,5,shear,shear,98,0.189248,452.448
green1-5.xls,green,sirloin tender steak,1,0,0.0,5,shear,shear,99,0.19731,455.58
green2-1.xls,green,sirloin tender steak,2,24,1.0,1,uniaxial,compression,0,0.9782461,501.356
green2-1.xls,green,sirloin tender steak,2,24,1.0,1,uniaxial,compression,1,0.9582774000000001,699.12
green2-1.xls,green,sirloin tender steak,2,24,1.0,1,uniaxial,compression,2,0.9378039,813.63
green2-1.xls,green,sirloin tender steak,2,24,1.0,1,uniaxial,compression,3,0.9179136999999999,946.642
green2-1.xls,green,sirloin tender steak,2,24,1.0,1,uniaxial,compression,4,0.897739,1051.72
green2-1.xls,green,sirloin tender steak,2,24,1.0,1,uniaxial,compression,5,0.8774919999999999,1231.08
green2-1.xls,green,sirloin tender steak,2,24,1.0,1,uniaxial,compression,6,0.857369,1430.28
green2-1.xls,green,sirloin tender steak,2,24,1.0,1,uniaxial,compression,7,0.83742,1562.08
green2-1.xls,green,sirloin tender steak,2,24,1.0,1,uniaxial,compression,8,0.8170729999999999,1805.61
green2-1.xls,green,sirloin tender steak,2,24,1.0,1,uniaxial,tension,0,1.0265159,848.157
green2-1.xls,green,sirloin tender steak,2,24,1.0,1,uniaxial,tension,1,1.0521199,237.75
green2-1.xls,green,sirloin tender steak,2,24,1.0,1,uniaxial,tension,2,1.0769787,69.9721
green2-1.xls,green,sirloin tender steak,2,24,1.0,1,uniaxial,tension,3,1.102146,-67.2269
green2-1.xls,green,sirloin tender steak,2,24,1.0,1,shear,shear,0,0.00331255,1.44806
green2-1.xls,green,sirloin tender steak,2,24,1.0,1,shear,shear,1,0.00331255,1.44806
green2-1.xls,green,sirloin tender steak,2,24,1.0,1,shear,shear,2,0.00331255,1.44806
green2-1.xls,green,sirloin tender steak,2,24,1.0,1,shear,shear,3,0.00479693,26.7891
green2-1.xls,green,sirloin tender steak,2,24,1.0,1,shear,shear,4,0.00479693,26.7891
green2-1.xls,green,sirloin tender steak,2,24,1.0,1,shear,shear,5,0.00479691,26.7891
green2-1.xls,green,sirloin tender steak,2,24,1.0,1,shear,shear,6,0.0047969,26.7891
green2-1.xls,green,sirloin tender steak,2,24,1.0,1,shear,shear,7,0.0127343,59.3944
green2-1.xls,green,sirloin tender steak,2,24,1.0,1,shear,shear,8,0.0127343,59.3944
green2-1.xls,green,sirloin tender steak,2,24,1.0,1,shear,shear,9,0.0127343,59.3944
green2-1.xls,green,sirloin tender steak,2,24,1.0,1,shear,shear,10,0.0127343,59.3944
green2-1.xls,green,sirloin tender steak,2,24,1.0,1,shear,shear,11,0.020731299999999998,102.94
green2-1.xls,green,sirloin tender steak,2,24,1.0,1,shear,shear,12,0.020731299999999998,102.94
green2-1.xls,green,sirloin tender steak,2,24,1.0,1,shear,shear,13,0.020731199999999998,102.94
green2-1.xls,green,sirloin tender steak,2,24,1.0,1,shear,shear,14,0.020731199999999998,102.94
green2-1.xls,green,sirloin tender steak,2,24,1.0,1,shear,shear,15,0.0288171,130.723
green2-1.xls,green,sirloin tender steak,2,24,1.0,1,shear,shear,16,0.0288171,130.723
green2-1.xls,green,sirloin tender steak,2,24,1.0,1,shear,shear,17,0.0288171,130.723
green2-1.xls,green,sirloin tender steak,2,24,1.0,1,shear,shear,18,0.0288171,130.723
green2-1.xls,green,sirloin tender steak,2,24,1.0,1,shear,shear,19,0.0368154,152.715
green2-1.xls,green,sirloin tender steak,2,24,1.0,1,shear,shear,20,0.0368154,152.715
green2-1.xls,green,sirloin tender steak,2,24,1.0,1,shear,shear,21,0.0368154,152.715
green2-1.xls,green,sirloin tender steak,2,24,1.0,1,shear,shear,22,0.0368154,152.715
green2-1.xls,green,sirloin tender steak,2,24,1.0,1,shear,shear,23,0.0449396,170.542
green2-1.xls,green,sirloin tender steak,2,24,1.0,1,shear,shear,24,0.0449396,170.542
green2-1.xls,green,sirloin tender steak,2,24,1.0,1,shear,shear,25,0.0449396,170.542
green2-1.xls,green,sirloin tender steak,2,24,1.0,1,shear,shear,26,0.0449396,170.542
green2-1.xls,green,sirloin tender steak,2,24,1.0,1,shear,shear,27,0.0528946,186.816
green2-1.xls,green,sirloin tender steak,2,24,1.0,1,shear,shear,28,0.0528946,186.816
green2-1.xls,green,sirloin tender steak,2,24,1.0,1,shear,shear,29,0.0528946,186.816
green2-1.xls,green,sirloin tender steak,2,24,1.0,1,shear,shear,30,0.0528946,186.816
green2-1.xls,green,sirloin tender steak,2,24,1.0,1,shear,shear,31,0.0609416,201.018
green2-1.xls,green,sirloin tender steak,2,24,1.0,1,shear,shear,32,0.0609416,201.018
green2-1.xls,green,sirloin tender steak,2,24,1.0,1,shear,shear,33,0.0609416,201.018
green2-1.xls,green,sirloin tender steak,2,24,1.0,1,shear,shear,34,0.0609416,201.018
green2-1.xls,green,sirloin tender steak,2,24,1.0,1,shear,shear,35,0.0689747,214.663
green2-1.xls,green,sirloin tender steak,2,24,1.0,1,shear,shear,36,0.0689747,214.663
green2-1.xls,green,sirloin tender steak,2,24,1.0,1,shear,shear,37,0.0689745,214.663
green2-1.xls,green,sirloin tender steak,2,24,1.0,1,shear,shear,38,0.0689745,214.663
green2-1.xls,green,sirloin tender steak,2,24,1.0,1,shear,shear,39,0.0769907,226.761
green2-1.xls,green,sirloin tender steak,2,24,1.0,1,shear,shear,40,0.0769907,226.761
green2-1.xls,green,sirloin tender steak,2,24,1.0,1,shear,shear,41,0.0769905,226.761
green2-1.xls,green,sirloin tender steak,2,24,1.0,1,shear,shear,42,0.0769905,226.761
green2-1.xls,green,sirloin tender steak,2,24,1.0,1,shear,shear,43,0.0850161,238.125
green2-1.xls,green,sirloin tender steak,2,24,1.0,1,shear,shear,44,0.0850161,238.125
green2-1.xls,green,sirloin tender steak,2,24,1.0,1,shear,shear,45,0.085016,238.125
green2-1.xls,green,sirloin tender steak,2,24,1.0,1,shear,shear,46,0.085016,238.125
green2-1.xls,green,sirloin tender steak,2,24,1.0,1,shear,shear,47,0.0930285,248.536
green2-1.xls,green,sirloin tender steak,2,24,1.0,1,shear,shear,48,0.0930285,248.536
green2-1.xls,green,sirloin tender steak,2,24,1.0,1,shear,shear,49,0.0930285,248.536
green2-1.xls,green,sirloin tender steak,2,24,1.0,1,shear,shear,50,0.0930285,248.536
green2-1.xls,green,sirloin tender steak,2,24,1.0,1,shear,shear,51,0.101056,257.543
green2-1.xls,green,sirloin tender steak,2,24,1.0,1,shear,shear,52,0.101056,257.543
green2-1.xls,green,sirloin tender steak,2,24,1.0,1,shear,shear,53,0.101056,257.543
green2-1.xls,green,sirloin tender steak,2,24,1.0,1,shear,shear,54,0.101056,257.543
green2-1.xls,green,sirloin tender steak,2,24,1.0,1,shear,shear,55,0.10910500000000001,266.831
green2-1.xls,green,sirloin tender steak,2,24,1.0,1,shear,shear,56,0.10910500000000001,266.831
green2-1.xls,green,sirloin tender steak,2,24,1.0,1,shear,shear,57,0.10910500000000001,266.831
green2-1.xls,green,sirloin tender steak,2,24,1.0,1,shear,shear,58,0.10910500000000001,266.831
green2-1.xls,green,sirloin tender steak,2,24,1.0,1,shear,shear,59,0.117096,274.033
green2-1.xls,green,sirloin tender steak,2,24,1.0,1,shear,shear,60,0.117096,274.033
green2-1.xls,green,sirloin tender steak,2,24,1.0,1,shear,shear,61,0.117096,274.033
green2-1.xls,green,sirloin tender steak,2,24,1.0,1,shear,shear,62,0.117096,274.033
green2-1.xls,green,sirloin tender steak,2,24,1.0,1,shear,shear,63,0.125137,281.4
green2-1.xls,green,sirloin tender steak,2,24,1.0,1,shear,shear,64,0.125137,281.4
green2-1.xls,green,sirloin tender steak,2,24,1.0,1,shear,shear,65,0.125137,281.4
green2-1.xls,green,sirloin tender steak,2,24,1.0,1,shear,shear,66,0.125137,281.4
green2-1.xls,green,sirloin tender steak,2,24,1.0,1,shear,shear,67,0.133151,288.725
green2-1.xls,green,sirloin tender steak,2,24,1.0,1,shear,shear,68,0.133151,288.725
green2-1.xls,green,sirloin tender steak,2,24,1.0,1,shear,shear,69,0.133151,288.725
green2-1.xls,green,sirloin tender steak,2,24,1.0,1,shear,shear,70,0.133151,288.725
green2-1.xls,green,sirloin tender steak,2,24,1.0,1,shear,shear,71,0.14121499999999998,295.462
green2-1.xls,green,sirloin tender steak,2,24,1.0,1,shear,shear,72,0.14121499999999998,295.462
green2-1.xls,green,sirloin tender steak,2,24,1.0,1,shear,shear,73,0.14121499999999998,295.462
green2-1.xls,green,sirloin tender steak,2,24,1.0,1,shear,shear,74,0.14121499999999998,295.462
green2-1.xls,green,sirloin tender steak,2,24,1.0,1,shear,shear,75,0.149232,301.678
green2-1.xls,green,sirloin tender steak,2,24,1.0,1,shear,shear,76,0.149232,301.678
green2-1.xls,green,sirloin tender steak,2,24,1.0,1,shear,shear,77,0.149232,301.678
green2-1.xls,green,sirloin tender steak,2,24,1.0,1,shear,shear,78,0.149232,301.678
green2-1.xls,green,sirloin tender steak,2,24,1.0,1,shear,shear,79,0.157255,307.395
green2-1.xls,green,sirloin tender steak,2,24,1.0,1,shear,shear,80,0.157255,307.395
green2-1.xls,green,sirloin tender steak,2,24,1.0,1,shear,shear,81,0.157255,307.395
green2-1.xls,green,sirloin tender steak,2,24,1.0,1,shear,shear,82,0.157255,307.395
green2-1.xls,green,sirloin tender steak,2,24,1.0,1,shear,shear,83,0.16523900000000002,312.7
green2-1.xls,green,sirloin tender steak,2,24,1.0,1,shear,shear,84,0.16523900000000002,312.7
green2-1.xls,green,sirloin tender steak,2,24,1.0,1,shear,shear,85,0.16523900000000002,312.7
green2-1.xls,green,sirloin tender steak,2,24,1.0,1,shear,shear,86,0.16523900000000002,312.7
green2-1.xls,green,sirloin tender steak,2,24,1.0,1,shear,shear,87,0.173246,317.659
green2-1.xls,green,sirloin tender steak,2,24,1.0,1,shear,shear,88,0.173246,317.659
green2-1.xls,green,sirloin tender steak,2,24,1.0,1,shear,shear,89,0.173246,317.659
green2-1.xls,green,sirloin tender steak,2,24,1.0,1,shear,shear,90,0.173246,317.659
green2-1.xls,green,sirloin tender steak,2,24,1.0,1,shear,shear,91,0.181279,322.561
green2-1.xls,green,sirloin tender steak,2,24,1.0,1,shear,shear,92,0.181279,322.561
green2-1.xls,green,sirloin tender steak,2,24,1.0,1,shear,shear,93,0.181279,322.561
green2-1.xls,green,sirloin tender steak,2,24,1.0,1,shear,shear,94,0.181279,322.561
green2-1.xls,green,sirloin tender steak,2,24,1.0,1,shear,shear,95,0.18936399999999998,326.898
green2-1.xls,green,sirloin tender steak,2,24,1.0,1,shear,shear,96,0.18936399999999998,326.898
green2-1.xls,green,sirloin tender steak,2,24,1.0,1,shear,shear,97,0.18936399999999998,326.898
green2-1.xls,green,sirloin tender steak,2,24,1.0,1,shear,shear,98,0.18936399999999998,326.898
green2-1.xls,green,sirloin tender steak,2,24,1.0,1,shear,shear,99,0.197382,330.417
green2-2.xls,green,sirloin tender steak,2,24,1.0,2,uniaxial,compression,0,0.9782727,1033.41
green2-2.xls,green,sirloin tender steak,2,24,1.0,2,uniaxial,compression,1,0.9582546,1209.36
green2-2.xls,green,sirloin tender steak,2,24,1.0,2,uniaxial,compression,2,0.9379455,1404.32
green2-2.xls,green,sirloin tender steak,2,24,1.0,2,uniaxial,compression,3,0.9178727,1552.33
green2-2.xls,green,sirloin tender steak,2,24,1.0,2,uniaxial,compression,4,0.897439,1763.87
green2-2.xls,green,sirloin tender steak,2,24,1.0,2,uniaxial,compression,5,0.877557,1904.46
green2-2.xls,green,sirloin tender steak,2,24,1.0,2,uniaxial,compression,6,0.857506,2087.04
green2-2.xls,green,sirloin tender steak,2,24,1.0,2,uniaxial,compression,7,0.837445,2209.71
green2-2.xls,green,sirloin tender steak,2,24,1.0,2,uniaxial,compression,8,0.8175250000000001,2425.8
green2-2.xls,green,sirloin tender steak,2,24,1.0,2,uniaxial,tension,0,1.0263709,832.38
green2-2.xls,green,sirloin tender steak,2,24,1.0,2,uniaxial,tension,1,1.0518076,146.889
green2-2.xls,green,sirloin tender steak,2,24,1.0,2,uniaxial,tension,2,1.0769646,-49.7357
green2-2.xls,green,sirloin tender steak,2,24,1.0,2,uniaxial,tension,3,1.102413,-198.797
green2-2.xls,green,sirloin tender steak,2,24,1.0,2,shear,shear,0,0.00079998,-3.34324
green2-2.xls,green,sirloin tender steak,2,24,1.0,2,shear,shear,1,0.0007997029999999999,-3.34324
green2-2.xls,green,sirloin tender steak,2,24,1.0,2,shear,shear,2,0.0007997029999999999,-3.34324
green2-2.xls,green,sirloin tender steak,2,24,1.0,2,shear,shear,3,0.00534007,30.1507
green2-2.xls,green,sirloin tender steak,2,24,1.0,2,shear,shear,4,0.00534007,30.1507
green2-2.xls,green,sirloin tender steak,2,24,1.0,2,shear,shear,5,0.00534006,30.1507
green2-2.xls,green,sirloin tender steak,2,24,1.0,2,shear,shear,6,0.00534006,30.1507
green2-2.xls,green,sirloin tender steak,2,24,1.0,2,shear,shear,7,0.005340040000000001,30.1507
green2-2.xls,green,sirloin tender steak,2,24,1.0,2,shear,shear,8,0.0151597,80.3454
green2-2.xls,green,sirloin tender steak,2,24,1.0,2,shear,shear,9,0.0151597,80.3454
green2-2.xls,green,sirloin tender steak,2,24,1.0,2,shear,shear,10,0.0151597,80.3454
green2-2.xls,green,sirloin tender steak,2,24,1.0,2,shear,shear,11,0.0151597,80.3454
green2-2.xls,green,sirloin tender steak,2,24,1.0,2,shear,shear,12,0.0151597,80.3454
green2-2.xls,green,sirloin tender steak,2,24,1.0,2,shear,shear,13,0.0250889,131.048
green2-2.xls,green,sirloin tender steak,2,24,1.0,2,shear,shear,14,0.0250889,131.048
green2-2.xls,green,sirloin tender steak,2,24,1.0,2,shear,shear,15,0.0250889,131.048
green2-2.xls,green,sirloin tender steak,2,24,1.0,2,shear,shear,16,0.0250889,131.048
green2-2.xls,green,sirloin tender steak,2,24,1.0,2,shear,shear,17,0.0250889,131.048
green2-2.xls,green,sirloin tender steak,2,24,1.0,2,shear,shear,18,0.0350171,162.441
green2-2.xls,green,sirloin tender steak,2,24,1.0,2,shear,shear,19,0.035017,162.441
green2-2.xls,green,sirloin tender steak,2,24,1.0,2,shear,shear,20,0.035017,162.441
green2-2.xls,green,sirloin tender steak,2,24,1.0,2,shear,shear,21,0.035017,162.441
green2-2.xls,green,sirloin tender steak,2,24,1.0,2,shear,shear,22,0.035017,162.441
green2-2.xls,green,sirloin tender steak,2,24,1.0,2,shear,shear,23,0.0449392,185.684
green2-2.xls,green,sirloin tender steak,2,24,1.0,2,shear,shear,24,0.0449392,185.684
green2-2.xls,green,sirloin tender steak,2,24,1.0,2,shear,shear,25,0.0449392,185.684
green2-2.xls,green,sirloin tender steak,2,24,1.0,2,shear,shear,26,0.0449392,185.684
green2-2.xls,green,sirloin tender steak,2,24,1.0,2,shear,shear,27,0.0449392,185.684
green2-2.xls,green,sirloin tender steak,2,24,1.0,2,shear,shear,28,0.05492,204.917
green2-2.xls,green,sirloin tender steak,2,24,1.0,2,shear,shear,29,0.0549199,204.917
green2-2.xls,green,sirloin tender steak,2,24,1.0,2,shear,shear,30,0.0549199,204.917
green2-2.xls,green,sirloin tender steak,2,24,1.0,2,shear,shear,31,0.0549199,204.917
green2-2.xls,green,sirloin tender steak,2,24,1.0,2,shear,shear,32,0.0549199,204.917
green2-2.xls,green,sirloin tender steak,2,24,1.0,2,shear,shear,33,0.0648647,220.433
green2-2.xls,green,sirloin tender steak,2,24,1.0,2,shear,shear,34,0.0648647,220.433
green2-2.xls,green,sirloin tender steak,2,24,1.0,2,shear,shear,35,0.0648646,220.433
green2-2.xls,green,sirloin tender steak,2,24,1.0,2,shear,shear,36,0.0648646,220.433
green2-2.xls,green,sirloin tender steak,2,24,1.0,2,shear,shear,37,0.0648646,220.433
green2-2.xls,green,sirloin tender steak,2,24,1.0,2,shear,shear,38,0.0747314,233.851
green2-2.xls,green,sirloin tender steak,2,24,1.0,2,shear,shear,39,0.0747314,233.851
green2-2.xls,green,sirloin tender steak,2,24,1.0,2,shear,shear,40,0.0747314,233.851
green2-2.xls,green,sirloin tender steak,2,24,1.0,2,shear,shear,41,0.0747314,233.851
green2-2.xls,green,sirloin tender steak,2,24,1.0,2,shear,shear,42,0.0846609,244.19
green2-2.xls,green,sirloin tender steak,2,24,1.0,2,shear,shear,43,0.0846609,244.19
green2-2.xls,green,sirloin tender steak,2,24,1.0,2,shear,shear,44,0.0846609,244.19
green2-2.xls,green,sirloin tender steak,2,24,1.0,2,shear,shear,45,0.0846609,244.19
green2-2.xls,green,sirloin tender steak,2,24,1.0,2,shear,shear,46,0.0846609,244.19
green2-2.xls,green,sirloin tender steak,2,24,1.0,2,shear,shear,47,0.0946051,251.824
green2-2.xls,green,sirloin tender steak,2,24,1.0,2,shear,shear,48,0.0946051,251.824
green2-2.xls,green,sirloin tender steak,2,24,1.0,2,shear,shear,49,0.0946051,251.824
green2-2.xls,green,sirloin tender steak,2,24,1.0,2,shear,shear,50,0.0946051,251.824
green2-2.xls,green,sirloin tender steak,2,24,1.0,2,shear,shear,51,0.0946051,251.824
green2-2.xls,green,sirloin tender steak,2,24,1.0,2,shear,shear,52,0.104499,259.249
green2-2.xls,green,sirloin tender steak,2,24,1.0,2,shear,shear,53,0.104499,259.249
green2-2.xls,green,sirloin tender steak,2,24,1.0,2,shear,shear,54,0.104499,259.249
green2-2.xls,green,sirloin tender steak,2,24,1.0,2,shear,shear,55,0.104499,259.249
green2-2.xls,green,sirloin tender steak,2,24,1.0,2,shear,shear,56,0.104499,259.249
green2-2.xls,green,sirloin tender steak,2,24,1.0,2,shear,shear,57,0.114438,266.333
green2-2.xls,green,sirloin tender steak,2,24,1.0,2,shear,shear,58,0.114438,266.333
green2-2.xls,green,sirloin tender steak,2,24,1.0,2,shear,shear,59,0.114438,266.333
green2-2.xls,green,sirloin tender steak,2,24,1.0,2,shear,shear,60,0.114438,266.333
green2-2.xls,green,sirloin tender steak,2,24,1.0,2,shear,shear,61,0.114438,266.333
green2-2.xls,green,sirloin tender steak,2,24,1.0,2,shear,shear,62,0.124367,271.792
green2-2.xls,green,sirloin tender steak,2,24,1.0,2,shear,shear,63,0.124367,271.792
green2-2.xls,green,sirloin tender steak,2,24,1.0,2,shear,shear,64,0.124367,271.792
green2-2.xls,green,sirloin tender steak,2,24,1.0,2,shear,shear,65,0.124367,271.792
green2-2.xls,green,sirloin tender steak,2,24,1.0,2,shear,shear,66,0.124367,271.792
green2-2.xls,green,sirloin tender steak,2,24,1.0,2,shear,shear,67,0.134315,275.522
green2-2.xls,green,sirloin tender steak,2,24,1.0,2,shear,shear,68,0.134315,275.522
green2-2.xls,green,sirloin tender steak,2,24,1.0,2,shear,shear,69,0.134315,275.522
green2-2.xls,green,sirloin tender steak,2,24,1.0,2,shear,shear,70,0.134315,275.522
green2-2.xls,green,sirloin tender steak,2,24,1.0,2,shear,shear,71,0.134315,275.522
green2-2.xls,green,sirloin tender steak,2,24,1.0,2,shear,shear,72,0.144237,281.105
green2-2.xls,green,sirloin tender steak,2,24,1.0,2,shear,shear,73,0.144237,281.105
green2-2.xls,green,sirloin tender steak,2,24,1.0,2,shear,shear,74,0.144237,281.105
green2-2.xls,green,sirloin tender steak,2,24,1.0,2,shear,shear,75,0.144237,281.105
green2-2.xls,green,sirloin tender steak,2,24,1.0,2,shear,shear,76,0.144237,281.105
green2-2.xls,green,sirloin tender steak,2,24,1.0,2,shear,shear,77,0.154133,284.362
green2-2.xls,green,sirloin tender steak,2,24,1.0,2,shear,shear,78,0.154133,284.362
green2-2.xls,green,sirloin tender steak,2,24,1.0,2,shear,shear,79,0.154132,284.362
green2-2.xls,green,sirloin tender steak,2,24,1.0,2,shear,shear,80,0.154132,284.362
green2-2.xls,green,sirloin tender steak,2,24,1.0,2,shear,shear,81,0.154133,284.362
green2-2.xls,green,sirloin tender steak,2,24,1.0,2,shear,shear,82,0.164021,281.718
green2-2.xls,green,sirloin tender steak,2,24,1.0,2,shear,shear,83,0.164021,281.718
green2-2.xls,green,sirloin tender steak,2,24,1.0,2,shear,shear,84,0.164021,281.718
green2-2.xls,green,sirloin tender steak,2,24,1.0,2,shear,shear,85,0.164021,281.718
green2-2.xls,green,sirloin tender steak,2,24,1.0,2,shear,shear,86,0.164021,281.718
green2-2.xls,green,sirloin tender steak,2,24,1.0,2,shear,shear,87,0.17396799999999998,283.57
green2-2.xls,green,sirloin tender steak,2,24,1.0,2,shear,shear,88,0.17396799999999998,283.57
green2-2.xls,green,sirloin tender steak,2,24,1.0,2,shear,shear,89,0.17396899999999998,283.57
green2-2.xls,green,sirloin tender steak,2,24,1.0,2,shear,shear,90,0.17396899999999998,283.57
green2-2.xls,green,sirloin tender steak,2,24,1.0,2,shear,shear,91,0.17396899999999998,283.57
green2-2.xls,green,sirloin tender steak,2,24,1.0,2,shear,shear,92,0.183859,283.907
green2-2.xls,green,sirloin tender steak,2,24,1.0,2,shear,shear,93,0.183858,283.907
green2-2.xls,green,sirloin tender steak,2,24,1.0,2,shear,shear,94,0.183858,283.907
green2-2.xls,green,sirloin tender steak,2,24,1.0,2,shear,shear,95,0.183858,283.907
green2-2.xls,green,sirloin tender steak,2,24,1.0,2,shear,shear,96,0.183858,283.907
green2-2.xls,green,sirloin tender steak,2,24,1.0,2,shear,shear,97,0.193804,287.001
green2-2.xls,green,sirloin tender steak,2,24,1.0,2,shear,shear,98,0.193804,287.001
green2-2.xls,green,sirloin tender steak,2,24,1.0,2,shear,shear,99,0.193804,287.001
green2-3.xls,green,sirloin tender steak,2,24,1.0,3,uniaxial,compression,0,0.9784923,975.071
green2-3.xls,green,sirloin tender steak,2,24,1.0,3,uniaxial,compression,1,0.957977,1062.05
green2-3.xls,green,sirloin tender steak,2,24,1.0,3,uniaxial,compression,2,0.9376846,1169.41
green2-3.xls,green,sirloin tender steak,2,24,1.0,3,uniaxial,compression,3,0.9176384,1295.08
green2-3.xls,green,sirloin tender steak,2,24,1.0,3,uniaxial,compression,4,0.897585,1425.81
green2-3.xls,green,sirloin tender steak,2,24,1.0,3,uniaxial,compression,5,0.8776619999999999,1486.72
green2-3.xls,green,sirloin tender steak,2,24,1.0,3,uniaxial,compression,6,0.857638,1568.98
green2-3.xls,green,sirloin tender steak,2,24,1.0,3,uniaxial,compression,7,0.837231,1595.89
green2-3.xls,green,sirloin tender steak,2,24,1.0,3,uniaxial,compression,8,0.817315,1633.64
green2-3.xls,green,sirloin tender steak,2,24,1.0,3,uniaxial,tension,0,1.0263768,549.23
green2-3.xls,green,sirloin tender steak,2,24,1.0,3,uniaxial,tension,1,1.051782,77.6145
green2-3.xls,green,sirloin tender steak,2,24,1.0,3,uniaxial,tension,2,1.0768313,-72.7983
green2-3.xls,green,sirloin tender steak,2,24,1.0,3,uniaxial,tension,3,1.102458,-199.895
green2-3.xls,green,sirloin tender steak,2,24,1.0,3,shear,shear,0,-0.00121594,10.4867
green2-3.xls,green,sirloin tender steak,2,24,1.0,3,shear,shear,1,-0.00121536,10.4867
green2-3.xls,green,sirloin tender steak,2,24,1.0,3,shear,shear,2,-0.00121536,10.4867
green2-3.xls,green,sirloin tender steak,2,24,1.0,3,shear,shear,3,0.005758330000000001,44.5188
green2-3.xls,green,sirloin tender steak,2,24,1.0,3,shear,shear,4,0.005758330000000001,44.5188
green2-3.xls,green,sirloin tender steak,2,24,1.0,3,shear,shear,5,0.005758330000000001,44.5188
green2-3.xls,green,sirloin tender steak,2,24,1.0,3,shear,shear,6,0.005758330000000001,44.5188
green2-3.xls,green,sirloin tender steak,2,24,1.0,3,shear,shear,7,0.0141014,68.3023
green2-3.xls,green,sirloin tender steak,2,24,1.0,3,shear,shear,8,0.0141014,68.3023
green2-3.xls,green,sirloin tender steak,2,24,1.0,3,shear,shear,9,0.0141013,68.3023
green2-3.xls,green,sirloin tender steak,2,24,1.0,3,shear,shear,10,0.0141013,68.3023
green2-3.xls,green,sirloin tender steak,2,24,1.0,3,shear,shear,11,0.022527,84.6549
green2-3.xls,green,sirloin tender steak,2,24,1.0,3,shear,shear,12,0.022527,84.6549
green2-3.xls,green,sirloin tender steak,2,24,1.0,3,shear,shear,13,0.022527,84.6549
green2-3.xls,green,sirloin tender steak,2,24,1.0,3,shear,shear,14,0.022527,84.6549
green2-3.xls,green,sirloin tender steak,2,24,1.0,3,shear,shear,15,0.030945200000000003,92.4356
green2-3.xls,green,sirloin tender steak,2,24,1.0,3,shear,shear,16,0.030945200000000003,92.4356
green2-3.xls,green,sirloin tender steak,2,24,1.0,3,shear,shear,17,0.030945200000000003,92.4356
green2-3.xls,green,sirloin tender steak,2,24,1.0,3,shear,shear,18,0.030945200000000003,92.4356
green2-3.xls,green,sirloin tender steak,2,24,1.0,3,shear,shear,19,0.030945200000000003,92.4356
green2-3.xls,green,sirloin tender steak,2,24,1.0,3,shear,shear,20,0.039398300000000004,100.871
green2-3.xls,green,sirloin tender steak,2,24,1.0,3,shear,shear,21,0.039398300000000004,100.871
green2-3.xls,green,sirloin tender steak,2,24,1.0,3,shear,shear,22,0.039398300000000004,100.871
green2-3.xls,green,sirloin tender steak,2,24,1.0,3,shear,shear,23,0.039398300000000004,100.871
green2-3.xls,green,sirloin tender steak,2,24,1.0,3,shear,shear,24,0.0477642,108.099
green2-3.xls,green,sirloin tender steak,2,24,1.0,3,shear,shear,25,0.0477642,108.099
green2-3.xls,green,sirloin tender steak,2,24,1.0,3,shear,shear,26,0.0477642,108.099
green2-3.xls,green,sirloin tender steak,2,24,1.0,3,shear,shear,27,0.0477642,108.099
green2-3.xls,green,sirloin tender steak,2,24,1.0,3,shear,shear,28,0.0561083,106.028
green2-3.xls,green,sirloin tender steak,2,24,1.0,3,shear,shear,29,0.0561078,106.028
green2-3.xls,green,sirloin tender steak,2,24,1.0,3,shear,shear,30,0.0561078,106.028
green2-3.xls,green,sirloin tender steak,2,24,1.0,3,shear,shear,31,0.0561078,106.028
green2-3.xls,green,sirloin tender steak,2,24,1.0,3,shear,shear,32,0.064526,107.722
green2-3.xls,green,sirloin tender steak,2,24,1.0,3,shear,shear,33,0.064526,107.722
green2-3.xls,green,sirloin tender steak,2,24,1.0,3,shear,shear,34,0.064526,107.722
green2-3.xls,green,sirloin tender steak,2,24,1.0,3,shear,shear,35,0.064526,107.722
green2-3.xls,green,sirloin tender steak,2,24,1.0,3,shear,shear,36,0.07293319999999999,112.93
green2-3.xls,green,sirloin tender steak,2,24,1.0,3,shear,shear,37,0.07293319999999999,112.93
green2-3.xls,green,sirloin tender steak,2,24,1.0,3,shear,shear,38,0.07293319999999999,112.93
green2-3.xls,green,sirloin tender steak,2,24,1.0,3,shear,shear,39,0.07293319999999999,112.93
green2-3.xls,green,sirloin tender steak,2,24,1.0,3,shear,shear,40,0.07293319999999999,112.93
green2-3.xls,green,sirloin tender steak,2,24,1.0,3,shear,shear,41,0.0812854,114.97
green2-3.xls,green,sirloin tender steak,2,24,1.0,3,shear,shear,42,0.0812854,114.97
green2-3.xls,green,sirloin tender steak,2,24,1.0,3,shear,shear,43,0.0812854,114.97
green2-3.xls,green,sirloin tender steak,2,24,1.0,3,shear,shear,44,0.0812854,114.97
green2-3.xls,green,sirloin tender steak,2,24,1.0,3,shear,shear,45,0.0897098,117.984
green2-3.xls,green,sirloin tender steak,2,24,1.0,3,shear,shear,46,0.0897098,117.984
green2-3.xls,green,sirloin tender steak,2,24,1.0,3,shear,shear,47,0.0897098,117.984
green2-3.xls,green,sirloin tender steak,2,24,1.0,3,shear,shear,48,0.0897098,117.984
green2-3.xls,green,sirloin tender steak,2,24,1.0,3,shear,shear,49,0.0980565,120.721
green2-3.xls,green,sirloin tender steak,2,24,1.0,3,shear,shear,50,0.0980565,120.721
green2-3.xls,green,sirloin tender steak,2,24,1.0,3,shear,shear,51,0.0980565,120.721
green2-3.xls,green,sirloin tender steak,2,24,1.0,3,shear,shear,52,0.0980565,120.721
green2-3.xls,green,sirloin tender steak,2,24,1.0,3,shear,shear,53,0.106482,125.192
green2-3.xls,green,sirloin tender steak,2,24,1.0,3,shear,shear,54,0.106482,125.192
green2-3.xls,green,sirloin tender steak,2,24,1.0,3,shear,shear,55,0.106482,125.192
green2-3.xls,green,sirloin tender steak,2,24,1.0,3,shear,shear,56,0.106482,125.192
green2-3.xls,green,sirloin tender steak,2,24,1.0,3,shear,shear,57,0.106482,125.192
green2-3.xls,green,sirloin tender steak,2,24,1.0,3,shear,shear,58,0.11486700000000001,127.227
green2-3.xls,green,sirloin tender steak,2,24,1.0,3,shear,shear,59,0.11486700000000001,127.227
green2-3.xls,green,sirloin tender steak,2,24,1.0,3,shear,shear,60,0.11486700000000001,127.227
green2-3.xls,green,sirloin tender steak,2,24,1.0,3,shear,shear,61,0.11486700000000001,127.227
green2-3.xls,green,sirloin tender steak,2,24,1.0,3,shear,shear,62,0.123224,130.923
green2-3.xls,green,sirloin tender steak,2,24,1.0,3,shear,shear,63,0.123224,130.923
green2-3.xls,green,sirloin tender steak,2,24,1.0,3,shear,shear,64,0.123224,130.923
green2-3.xls,green,sirloin tender steak,2,24,1.0,3,shear,shear,65,0.123224,130.923
green2-3.xls,green,sirloin tender steak,2,24,1.0,3,shear,shear,66,0.13165,133.241
green2-3.xls,green,sirloin tender steak,2,24,1.0,3,shear,shear,67,0.13165,133.241
green2-3.xls,green,sirloin tender steak,2,24,1.0,3,shear,shear,68,0.13165,133.241
green2-3.xls,green,sirloin tender steak,2,24,1.0,3,shear,shear,69,0.13165,133.241
green2-3.xls,green,sirloin tender steak,2,24,1.0,3,shear,shear,70,0.140019,135.252
green2-3.xls,green,sirloin tender steak,2,24,1.0,3,shear,shear,71,0.140019,135.252
green2-3.xls,green,sirloin tender steak,2,24,1.0,3,shear,shear,72,0.140019,135.252
green2-3.xls,green,sirloin tender steak,2,24,1.0,3,shear,shear,73,0.140019,135.252
green2-3.xls,green,sirloin tender steak,2,24,1.0,3,shear,shear,74,0.148441,138.944
green2-3.xls,green,sirloin tender steak,2,24,1.0,3,shear,shear,75,0.148441,138.944
green2-3.xls,green,sirloin tender steak,2,24,1.0,3,shear,shear,76,0.148441,138.944
green2-3.xls,green,sirloin tender steak,2,24,1.0,3,shear,shear,77,0.148441,138.944
green2-3.xls,green,sirloin tender steak,2,24,1.0,3,shear,shear,78,0.156815,142.587
green2-3.xls,green,sirloin tender steak,2,24,1.0,3,shear,shear,79,0.156815,142.587
green2-3.xls,green,sirloin tender steak,2,24,1.0,3,shear,shear,80,0.156815,142.587
green2-3.xls,green,sirloin tender steak,2,24,1.0,3,shear,shear,81,0.156815,142.587
green2-3.xls,green,sirloin tender steak,2,24,1.0,3,shear,shear,82,0.156815,142.587
green2-3.xls,green,sirloin tender steak,2,24,1.0,3,shear,shear,83,0.165201,143.293
green2-3.xls,green,sirloin tender steak,2,24,1.0,3,shear,shear,84,0.165201,143.293
green2-3.xls,green,sirloin tender steak,2,24,1.0,3,shear,shear,85,0.165201,143.293
green2-3.xls,green,sirloin tender steak,2,24,1.0,3,shear,shear,86,0.165201,143.293
green2-3.xls,green,sirloin tender steak,2,24,1.0,3,shear,shear,87,0.173595,146.678
green2-3.xls,green,sirloin tender steak,2,24,1.0,3,shear,shear,88,0.173595,146.678
green2-3.xls,green,sirloin tender steak,2,24,1.0,3,shear,shear,89,0.173595,146.678
green2-3.xls,green,sirloin tender steak,2,24,1.0,3,shear,shear,90,0.173595,146.678
green2-3.xls,green,sirloin tender steak,2,24,1.0,3,shear,shear,91,0.18199500000000002,148.253
green2-3.xls,green,sirloin tender steak,2,24,1.0,3,shear,shear,92,0.18199500000000002,148.253
green2-3.xls,green,sirloin tender steak,2,24,1.0,3,shear,shear,93,0.18199500000000002,148.253
green2-3.xls,green,sirloin tender steak,2,24,1.0,3,shear,shear,94,0.18199500000000002,148.253
green2-3.xls,green,sirloin tender steak,2,24,1.0,3,shear,shear,95,0.19036799999999998,151.866
green2-3.xls,green,sirloin tender steak,2,24,1.0,3,shear,shear,96,0.19036799999999998,151.866
green2-3.xls,green,sirloin tender steak,2,24,1.0,3,shear,shear,97,0.19036799999999998,151.866
green2-3.xls,green,sirloin tender steak,2,24,1.0,3,shear,shear,98,0.19036799999999998,151.866
green2-3.xls,green,sirloin tender steak,2,24,1.0,3,shear,shear,99,0.19036799999999998,151.866
green2-4.xls,green,sirloin tender steak,2,24,1.0,4,uniaxial,compression,0,0.9780093,550.392
green2-4.xls,green,sirloin tender steak,2,24,1.0,4,uniaxial,compression,1,0.9576542,700.902
green2-4.xls,green,sirloin tender steak,2,24,1.0,4,uniaxial,compression,2,0.9380374,777.432
green2-4.xls,green,sirloin tender steak,2,24,1.0,4,uniaxial,compression,3,0.9176103,907.844
green2-4.xls,green,sirloin tender steak,2,24,1.0,4,uniaxial,compression,4,0.897696,1013.57
green2-4.xls,green,sirloin tender steak,2,24,1.0,4,uniaxial,compression,5,0.877586,1183.68
green2-4.xls,green,sirloin tender steak,2,24,1.0,4,uniaxial,compression,6,0.857307,1313.27
green2-4.xls,green,sirloin tender steak,2,24,1.0,4,uniaxial,compression,7,0.8372459999999999,1527.29
green2-4.xls,green,sirloin tender steak,2,24,1.0,4,uniaxial,compression,8,0.8172200000000001,1698.42
green2-4.xls,green,sirloin tender steak,2,24,1.0,4,uniaxial,tension,0,1.0263638,600.929
green2-4.xls,green,sirloin tender steak,2,24,1.0,4,uniaxial,tension,1,1.0519971,248.906
green2-4.xls,green,sirloin tender steak,2,24,1.0,4,uniaxial,tension,2,1.0769303,33.9879
green2-4.xls,green,sirloin tender steak,2,24,1.0,4,uniaxial,tension,3,1.102394,-37.6573
green2-4.xls,green,sirloin tender steak,2,24,1.0,4,shear,shear,0,0.0008195570000000001,-1.53608
green2-4.xls,green,sirloin tender steak,2,24,1.0,4,shear,shear,1,0.00241815,19.2058
green2-4.xls,green,sirloin tender steak,2,24,1.0,4,shear,shear,2,0.00241814,19.2058
green2-4.xls,green,sirloin tender steak,2,24,1.0,4,shear,shear,3,0.00241814,19.2058
green2-4.xls,green,sirloin tender steak,2,24,1.0,4,shear,shear,4,0.00241813,19.2058
green2-4.xls,green,sirloin tender steak,2,24,1.0,4,shear,shear,5,0.00241813,19.2058
green2-4.xls,green,sirloin tender steak,2,24,1.0,4,shear,shear,6,0.0128003,31.7097
green2-4.xls,green,sirloin tender steak,2,24,1.0,4,shear,shear,7,0.0128003,31.7097
green2-4.xls,green,sirloin tender steak,2,24,1.0,4,shear,shear,8,0.0128003,31.7097
green2-4.xls,green,sirloin tender steak,2,24,1.0,4,shear,shear,9,0.0128003,31.7097
green2-4.xls,green,sirloin tender steak,2,24,1.0,4,shear,shear,10,0.0128003,31.7097
green2-4.xls,green,sirloin tender steak,2,24,1.0,4,shear,shear,11,0.0128003,31.7097
green2-4.xls,green,sirloin tender steak,2,24,1.0,4,shear,shear,12,0.022997999999999998,79.3533
green2-4.xls,green,sirloin tender steak,2,24,1.0,4,shear,shear,13,0.022997999999999998,79.3533
green2-4.xls,green,sirloin tender steak,2,24,1.0,4,shear,shear,14,0.022997999999999998,79.3533
green2-4.xls,green,sirloin tender steak,2,24,1.0,4,shear,shear,15,0.022997999999999998,79.3533
green2-4.xls,green,sirloin tender steak,2,24,1.0,4,shear,shear,16,0.022997999999999998,79.3533
green2-4.xls,green,sirloin tender steak,2,24,1.0,4,shear,shear,17,0.0332092,103.752
green2-4.xls,green,sirloin tender steak,2,24,1.0,4,shear,shear,18,0.0332092,103.752
green2-4.xls,green,sirloin tender steak,2,24,1.0,4,shear,shear,19,0.0332092,103.752
green2-4.xls,green,sirloin tender steak,2,24,1.0,4,shear,shear,20,0.0332092,103.752
green2-4.xls,green,sirloin tender steak,2,24,1.0,4,shear,shear,21,0.0332091,103.752
green2-4.xls,green,sirloin tender steak,2,24,1.0,4,shear,shear,22,0.0434113,122.81
green2-4.xls,green,sirloin tender steak,2,24,1.0,4,shear,shear,23,0.0434114,122.81
green2-4.xls,green,sirloin tender steak,2,24,1.0,4,shear,shear,24,0.0434115,122.81
green2-4.xls,green,sirloin tender steak,2,24,1.0,4,shear,shear,25,0.0434115,122.81
green2-4.xls,green,sirloin tender steak,2,24,1.0,4,shear,shear,26,0.0434115,122.81
green2-4.xls,green,sirloin tender steak,2,24,1.0,4,shear,shear,27,0.0536683,139.349
green2-4.xls,green,sirloin tender steak,2,24,1.0,4,shear,shear,28,0.0536683,139.349
green2-4.xls,green,sirloin tender steak,2,24,1.0,4,shear,shear,29,0.0536685,139.349
green2-4.xls,green,sirloin tender steak,2,24,1.0,4,shear,shear,30,0.0536685,139.349
green2-4.xls,green,sirloin tender steak,2,24,1.0,4,shear,shear,31,0.0536685,139.349
green2-4.xls,green,sirloin tender steak,2,24,1.0,4,shear,shear,32,0.0638141,153.231
green2-4.xls,green,sirloin tender steak,2,24,1.0,4,shear,shear,33,0.063814,153.231
green2-4.xls,green,sirloin tender steak,2,24,1.0,4,shear,shear,34,0.063814,153.231
green2-4.xls,green,sirloin tender steak,2,24,1.0,4,shear,shear,35,0.0638141,153.231
green2-4.xls,green,sirloin tender steak,2,24,1.0,4,shear,shear,36,0.0638141,153.231
green2-4.xls,green,sirloin tender steak,2,24,1.0,4,shear,shear,37,0.0740001,165.81
green2-4.xls,green,sirloin tender steak,2,24,1.0,4,shear,shear,38,0.0740001,165.81
green2-4.xls,green,sirloin tender steak,2,24,1.0,4,shear,shear,39,0.07400000000000001,165.81
green2-4.xls,green,sirloin tender steak,2,24,1.0,4,shear,shear,40,0.07400000000000001,165.81
green2-4.xls,green,sirloin tender steak,2,24,1.0,4,shear,shear,41,0.07400000000000001,165.81
green2-4.xls,green,sirloin tender steak,2,24,1.0,4,shear,shear,42,0.0842067,177.726
green2-4.xls,green,sirloin tender steak,2,24,1.0,4,shear,shear,43,0.084207,177.726
green2-4.xls,green,sirloin tender steak,2,24,1.0,4,shear,shear,44,0.084207,177.726
green2-4.xls,green,sirloin tender steak,2,24,1.0,4,shear,shear,45,0.08420680000000001,177.726
green2-4.xls,green,sirloin tender steak,2,24,1.0,4,shear,shear,46,0.08420680000000001,177.726
green2-4.xls,green,sirloin tender steak,2,24,1.0,4,shear,shear,47,0.0944044,187.72
green2-4.xls,green,sirloin tender steak,2,24,1.0,4,shear,shear,48,0.0944044,187.72
green2-4.xls,green,sirloin tender steak,2,24,1.0,4,shear,shear,49,0.0944045,187.72
green2-4.xls,green,sirloin tender steak,2,24,1.0,4,shear,shear,50,0.0944045,187.72
green2-4.xls,green,sirloin tender steak,2,24,1.0,4,shear,shear,51,0.0944045,187.72
green2-4.xls,green,sirloin tender steak,2,24,1.0,4,shear,shear,52,0.104605,198.03
green2-4.xls,green,sirloin tender steak,2,24,1.0,4,shear,shear,53,0.10460599999999999,198.03
green2-4.xls,green,sirloin tender steak,2,24,1.0,4,shear,shear,54,0.10460599999999999,198.03
green2-4.xls,green,sirloin tender steak,2,24,1.0,4,shear,shear,55,0.10460599999999999,198.03
green2-4.xls,green,sirloin tender steak,2,24,1.0,4,shear,shear,56,0.10460599999999999,198.03
green2-4.xls,green,sirloin tender steak,2,24,1.0,4,shear,shear,57,0.10460599999999999,198.03
green2-4.xls,green,sirloin tender steak,2,24,1.0,4,shear,shear,58,0.114839,206.61
green2-4.xls,green,sirloin tender steak,2,24,1.0,4,shear,shear,59,0.114839,206.61
green2-4.xls,green,sirloin tender steak,2,24,1.0,4,shear,shear,60,0.114839,206.61
green2-4.xls,green,sirloin tender steak,2,24,1.0,4,shear,shear,61,0.114839,206.61
green2-4.xls,green,sirloin tender steak,2,24,1.0,4,shear,shear,62,0.114839,206.61
green2-4.xls,green,sirloin tender steak,2,24,1.0,4,shear,shear,63,0.125,214.923
green2-4.xls,green,sirloin tender steak,2,24,1.0,4,shear,shear,64,0.125,214.923
green2-4.xls,green,sirloin tender steak,2,24,1.0,4,shear,shear,65,0.125,214.923
green2-4.xls,green,sirloin tender steak,2,24,1.0,4,shear,shear,66,0.125,214.923
green2-4.xls,green,sirloin tender steak,2,24,1.0,4,shear,shear,67,0.125,214.923
green2-4.xls,green,sirloin tender steak,2,24,1.0,4,shear,shear,68,0.135247,222.942
green2-4.xls,green,sirloin tender steak,2,24,1.0,4,shear,shear,69,0.135247,222.942
green2-4.xls,green,sirloin tender steak,2,24,1.0,4,shear,shear,70,0.135247,222.942
green2-4.xls,green,sirloin tender steak,2,24,1.0,4,shear,shear,71,0.135247,222.942
green2-4.xls,green,sirloin tender steak,2,24,1.0,4,shear,shear,72,0.135247,222.942
green2-4.xls,green,sirloin tender steak,2,24,1.0,4,shear,shear,73,0.14538299999999998,229.684
green2-4.xls,green,sirloin tender steak,2,24,1.0,4,shear,shear,74,0.14538299999999998,229.684
green2-4.xls,green,sirloin tender steak,2,24,1.0,4,shear,shear,75,0.14538299999999998,229.684
green2-4.xls,green,sirloin tender steak,2,24,1.0,4,shear,shear,76,0.14538299999999998,229.684
green2-4.xls,green,sirloin tender steak,2,24,1.0,4,shear,shear,77,0.14538299999999998,229.684
green2-4.xls,green,sirloin tender steak,2,24,1.0,4,shear,shear,78,0.155586,236.826
green2-4.xls,green,sirloin tender steak,2,24,1.0,4,shear,shear,79,0.155586,236.826
green2-4.xls,green,sirloin tender steak,2,24,1.0,4,shear,shear,80,0.155586,236.826
green2-4.xls,green,sirloin tender steak,2,24,1.0,4,shear,shear,81,0.155586,236.826
green2-4.xls,green,sirloin tender steak,2,24,1.0,4,shear,shear,82,0.155586,236.826
green2-4.xls,green,sirloin tender steak,2,24,1.0,4,shear,shear,83,0.16578199999999998,241.776
green2-4.xls,green,sirloin tender steak,2,24,1.0,4,shear,shear,84,0.16578199999999998,241.776
green2-4.xls,green,sirloin tender steak,2,24,1.0,4,shear,shear,85,0.16578199999999998,241.776
green2-4.xls,green,sirloin tender steak,2,24,1.0,4,shear,shear,86,0.16578199999999998,241.776
green2-4.xls,green,sirloin tender steak,2,24,1.0,4,shear,shear,87,0.16578199999999998,241.776
green2-4.xls,green,sirloin tender steak,2,24,1.0,4,shear,shear,88,0.175978,246.344
green2-4.xls,green,sirloin tender steak,2,24,1.0,4,shear,shear,89,0.175978,246.344
green2-4.xls,green,sirloin tender steak,2,24,1.0,4,shear,shear,90,0.175978,246.344
green2-4.xls,green,sirloin tender steak,2,24,1.0,4,shear,shear,91,0.175978,246.344
green2-4.xls,green,sirloin tender steak,2,24,1.0,4,shear,shear,92,0.175978,246.344
green2-4.xls,green,sirloin tender steak,2,24,1.0,4,shear,shear,93,0.18618200000000001,251.81
green2-4.xls,green,sirloin tender steak,2,24,1.0,4,shear,shear,94,0.18618200000000001,251.81
green2-4.xls,green,sirloin tender steak,2,24,1.0,4,shear,shear,95,0.18618200000000001,251.81
green2-4.xls,green,sirloin tender steak,2,24,1.0,4,shear,shear,96,0.18618200000000001,251.81
green2-4.xls,green,sirloin tender steak,2,24,1.0,4,shear,shear,97,0.18618200000000001,251.81
green2-4.xls,green,sirloin tender steak,2,24,1.0,4,shear,shear,98,0.196404,256.543
green2-4.xls,green,sirloin tender steak,2,24,1.0,4,shear,shear,99,0.196404,256.543
green2-5.xls,green,sirloin tender steak,2,24,1.0,5,uniaxial,compression,0,0.9778393,889.085
green2-5.xls,green,sirloin tender steak,2,24,1.0,5,uniaxial,compression,1,0.9583571,1096.26
green2-5.xls,green,sirloin tender steak,2,24,1.0,5,uniaxial,compression,2,0.9379911,1302.68
green2-5.xls,green,sirloin tender steak,2,24,1.0,5,uniaxial,compression,3,0.9179197,1402.48
green2-5.xls,green,sirloin tender steak,2,24,1.0,5,uniaxial,compression,4,0.897857,1527.52
green2-5.xls,green,sirloin tender steak,2,24,1.0,5,uniaxial,compression,5,0.877488,1582.09
green2-5.xls,green,sirloin tender steak,2,24,1.0,5,uniaxial,compression,6,0.857571,1705.07
green2-5.xls,green,sirloin tender steak,2,24,1.0,5,uniaxial,compression,7,0.837508,1771.36
green2-5.xls,green,sirloin tender steak,2,24,1.0,5,uniaxial,compression,8,0.817051,1936.33
green2-5.xls,green,sirloin tender steak,2,24,1.0,5,uniaxial,tension,0,1.0263821,892.559
green2-5.xls,green,sirloin tender steak,2,24,1.0,5,uniaxial,tension,1,1.0520008,262.685
green2-5.xls,green,sirloin tender steak,2,24,1.0,5,uniaxial,tension,2,1.0770458,89.2822
green2-5.xls,green,sirloin tender steak,2,24,1.0,5,uniaxial,tension,3,1.10195,-64.9231
green2-5.xls,green,sirloin tender steak,2,24,1.0,5,shear,shear,0,0.00240499,11.2209
green2-5.xls,green,sirloin tender steak,2,24,1.0,5,shear,shear,1,0.00240499,11.2209
green2-5.xls,green,sirloin tender steak,2,24,1.0,5,shear,shear,2,0.0045365299999999996,33.7246
green2-5.xls,green,sirloin tender steak,2,24,1.0,5,shear,shear,3,0.0045365299999999996,33.7246
green2-5.xls,green,sirloin tender steak,2,24,1.0,5,shear,shear,4,0.0045365299999999996,33.7246
green2-5.xls,green,sirloin tender steak,2,24,1.0,5,shear,shear,5,0.0045365299999999996,33.7246
green2-5.xls,green,sirloin tender steak,2,24,1.0,5,shear,shear,6,0.004536490000000001,33.7246
green2-5.xls,green,sirloin tender steak,2,24,1.0,5,shear,shear,7,0.0141886,70.3323
green2-5.xls,green,sirloin tender steak,2,24,1.0,5,shear,shear,8,0.0141886,70.3323
green2-5.xls,green,sirloin tender steak,2,24,1.0,5,shear,shear,9,0.0141886,70.3323
green2-5.xls,green,sirloin tender steak,2,24,1.0,5,shear,shear,10,0.0141886,70.3323
green2-5.xls,green,sirloin tender steak,2,24,1.0,5,shear,shear,11,0.0141886,70.3323
green2-5.xls,green,sirloin tender steak,2,24,1.0,5,shear,shear,12,0.023923,120.159
green2-5.xls,green,sirloin tender steak,2,24,1.0,5,shear,shear,13,0.023923,120.159
green2-5.xls,green,sirloin tender steak,2,24,1.0,5,shear,shear,14,0.023923,120.159
green2-5.xls,green,sirloin tender steak,2,24,1.0,5,shear,shear,15,0.023923,120.159
green2-5.xls,green,sirloin tender steak,2,24,1.0,5,shear,shear,16,0.023923,120.159
green2-5.xls,green,sirloin tender steak,2,24,1.0,5,shear,shear,17,0.033691900000000004,147.37
green2-5.xls,green,sirloin tender steak,2,24,1.0,5,shear,shear,18,0.033691900000000004,147.37
green2-5.xls,green,sirloin tender steak,2,24,1.0,5,shear,shear,19,0.033691900000000004,147.37
green2-5.xls,green,sirloin tender steak,2,24,1.0,5,shear,shear,20,0.033691900000000004,147.37
green2-5.xls,green,sirloin tender steak,2,24,1.0,5,shear,shear,21,0.033691900000000004,147.37
green2-5.xls,green,sirloin tender steak,2,24,1.0,5,shear,shear,22,0.0434255,167.201
green2-5.xls,green,sirloin tender steak,2,24,1.0,5,shear,shear,23,0.0434251,167.201
green2-5.xls,green,sirloin tender steak,2,24,1.0,5,shear,shear,24,0.0434251,167.201
green2-5.xls,green,sirloin tender steak,2,24,1.0,5,shear,shear,25,0.0434255,167.201
green2-5.xls,green,sirloin tender steak,2,24,1.0,5,shear,shear,26,0.0434255,167.201
green2-5.xls,green,sirloin tender steak,2,24,1.0,5,shear,shear,27,0.053223,182.056
green2-5.xls,green,sirloin tender steak,2,24,1.0,5,shear,shear,28,0.053223,182.056
green2-5.xls,green,sirloin tender steak,2,24,1.0,5,shear,shear,29,0.053223,182.056
green2-5.xls,green,sirloin tender steak,2,24,1.0,5,shear,shear,30,0.053223,182.056
green2-5.xls,green,sirloin tender steak,2,24,1.0,5,shear,shear,31,0.053223,182.056
green2-5.xls,green,sirloin tender steak,2,24,1.0,5,shear,shear,32,0.0630011,194.665
green2-5.xls,green,sirloin tender steak,2,24,1.0,5,shear,shear,33,0.0630011,194.665
green2-5.xls,green,sirloin tender steak,2,24,1.0,5,shear,shear,34,0.0630011,194.665
green2-5.xls,green,sirloin tender steak,2,24,1.0,5,shear,shear,35,0.0630011,194.665
green2-5.xls,green,sirloin tender steak,2,24,1.0,5,shear,shear,36,0.0727149,205.965
green2-5.xls,green,sirloin tender steak,2,24,1.0,5,shear,shear,37,0.0727149,205.965
green2-5.xls,green,sirloin tender steak,2,24,1.0,5,shear,shear,38,0.0727149,205.965
green2-5.xls,green,sirloin tender steak,2,24,1.0,5,shear,shear,39,0.0727149,205.965
green2-5.xls,green,sirloin tender steak,2,24,1.0,5,shear,shear,40,0.0727149,205.965
green2-5.xls,green,sirloin tender steak,2,24,1.0,5,shear,shear,41,0.082439,213.577
green2-5.xls,green,sirloin tender steak,2,24,1.0,5,shear,shear,42,0.082439,213.577
green2-5.xls,green,sirloin tender steak,2,24,1.0,5,shear,shear,43,0.082439,213.577
green2-5.xls,green,sirloin tender steak,2,24,1.0,5,shear,shear,44,0.082439,213.577
green2-5.xls,green,sirloin tender steak,2,24,1.0,5,shear,shear,45,0.082439,213.577
green2-5.xls,green,sirloin tender steak,2,24,1.0,5,shear,shear,46,0.0921857,224.05
green2-5.xls,green,sirloin tender steak,2,24,1.0,5,shear,shear,47,0.0921857,224.05
green2-5.xls,green,sirloin tender steak,2,24,1.0,5,shear,shear,48,0.0921857,224.05
green2-5.xls,green,sirloin tender steak,2,24,1.0,5,shear,shear,49,0.0921857,224.05
green2-5.xls,green,sirloin tender steak,2,24,1.0,5,shear,shear,50,0.0921857,224.05
green2-5.xls,green,sirloin tender steak,2,24,1.0,5,shear,shear,51,0.101913,230.029
green2-5.xls,green,sirloin tender steak,2,24,1.0,5,shear,shear,52,0.101913,230.029
green2-5.xls,green,sirloin tender steak,2,24,1.0,5,shear,shear,53,0.101913,230.029
green2-5.xls,green,sirloin tender steak,2,24,1.0,5,shear,shear,54,0.101913,230.029
green2-5.xls,green,sirloin tender steak,2,24,1.0,5,shear,shear,55,0.101913,230.029
green2-5.xls,green,sirloin tender steak,2,24,1.0,5,shear,shear,56,0.111662,235.532
green2-5.xls,green,sirloin tender steak,2,24,1.0,5,shear,shear,57,0.111662,235.532
green2-5.xls,green,sirloin tender steak,2,24,1.0,5,shear,shear,58,0.111662,235.532
green2-5.xls,green,sirloin tender steak,2,24,1.0,5,shear,shear,59,0.111662,235.532
green2-5.xls,green,sirloin tender steak,2,24,1.0,5,shear,shear,60,0.111662,235.532
green2-5.xls,green,sirloin tender steak,2,24,1.0,5,shear,shear,61,0.121403,241.19
green2-5.xls,green,sirloin tender steak,2,24,1.0,5,shear,shear,62,0.121403,241.19
green2-5.xls,green,sirloin tender steak,2,24,1.0,5,shear,shear,63,0.121403,241.19
green2-5.xls,green,sirloin tender steak,2,24,1.0,5,shear,shear,64,0.121403,241.19
green2-5.xls,green,sirloin tender steak,2,24,1.0,5,shear,shear,65,0.121403,241.19
green2-5.xls,green,sirloin tender steak,2,24,1.0,5,shear,shear,66,0.131207,246.09
green2-5.xls,green,sirloin tender steak,2,24,1.0,5,shear,shear,67,0.131207,246.09
green2-5.xls,green,sirloin tender steak,2,24,1.0,5,shear,shear,68,0.131207,246.09
green2-5.xls,green,sirloin tender steak,2,24,1.0,5,shear,shear,69,0.131207,246.09
green2-5.xls,green,sirloin tender steak,2,24,1.0,5,shear,shear,70,0.131207,246.09
green2-5.xls,green,sirloin tender steak,2,24,1.0,5,shear,shear,71,0.140901,250.757
green2-5.xls,green,sirloin tender steak,2,24,1.0,5,shear,shear,72,0.140901,250.757
green2-5.xls,green,sirloin tender steak,2,24,1.0,5,shear,shear,73,0.140901,250.757
green2-5.xls,green,sirloin tender steak,2,24,1.0,5,shear,shear,74,0.140901,250.757
green2-5.xls,green,sirloin tender steak,2,24,1.0,5,shear,shear,75,0.150602,255.346
green2-5.xls,green,sirloin tender steak,2,24,1.0,5,shear,shear,76,0.150602,255.346
green2-5.xls,green,sirloin tender steak,2,24,1.0,5,shear,shear,77,0.150602,255.346
green2-5.xls,green,sirloin tender steak,2,24,1.0,5,shear,shear,78,0.150602,255.346
green2-5.xls,green,sirloin tender steak,2,24,1.0,5,shear,shear,79,0.150602,255.346
green2-5.xls,green,sirloin tender steak,2,24,1.0,5,shear,shear,80,0.16033899999999998,260.308
green2-5.xls,green,sirloin tender steak,2,24,1.0,5,shear,shear,81,0.16033899999999998,260.308
green2-5.xls,green,sirloin tender steak,2,24,1.0,5,shear,shear,82,0.16033899999999998,260.308
green2-5.xls,green,sirloin tender steak,2,24,1.0,5,shear,shear,83,0.16033899999999998,260.308
green2-5.xls,green,sirloin tender steak,2,24,1.0,5,shear,shear,84,0.16033899999999998,260.308
green2-5.xls,green,sirloin tender steak,2,24,1.0,5,shear,shear,85,0.17011700000000002,264.786
green2-5.xls,green,sirloin tender steak,2,24,1.0,5,shear,shear,86,0.17011700000000002,264.786
green2-5.xls,green,sirloin tender steak,2,24,1.0,5,shear,shear,87,0.17011700000000002,264.786
green2-5.xls,green,sirloin tender steak,2,24,1.0,5,shear,shear,88,0.17011700000000002,264.786
green2-5.xls,green,sirloin tender steak,2,24,1.0,5,shear,shear,89,0.17011700000000002,264.786
green2-5.xls,green,sirloin tender steak,2,24,1.0,5,shear,shear,90,0.179825,270.059
green2-5.xls,green,sirloin tender steak,2,24,1.0,5,shear,shear,91,0.179825,270.059
green2-5.xls,green,sirloin tender steak,2,24,1.0,5,shear,shear,92,0.179825,270.059
green2-5.xls,green,sirloin tender steak,2,24,1.0,5,shear,shear,93,0.179825,270.059
green2-5.xls,green,sirloin tender steak,2,24,1.0,5,shear,shear,94,0.179825,270.059
green2-5.xls,green,sirloin tender steak,2,24,1.0,5,shear,shear,95,0.189612,272.786
green2-5.xls,green,sirloin tender steak,2,24,1.0,5,shear,shear,96,0.189612,272.786
green2-5.xls,green,sirloin tender steak,2,24,1.0,5,shear,shear,97,0.189612,272.786
green2-5.xls,green,sirloin tender steak,2,24,1.0,5,shear,shear,98,0.189612,272.786
green2-5.xls,green,sirloin tender steak,2,24,1.0,5,shear,shear,99,0.189612,272.786
green3-1.xls,green,sirloin tender steak,3,48,2.0,1,uniaxial,compression,0,0.9783178,795.876
green3-1.xls,green,sirloin tender steak,3,48,2.0,1,uniaxial,compression,1,0.957969,919.74
green3-1.xls,green,sirloin tender steak,3,48,2.0,1,uniaxial,compression,2,0.9378449,1050.69
green3-1.xls,green,sirloin tender steak,3,48,2.0,1,uniaxial,compression,3,0.9179225,1121.16
green3-1.xls,green,sirloin tender steak,3,48,2.0,1,uniaxial,compression,4,0.897992,1262.01
green3-1.xls,green,sirloin tender steak,3,48,2.0,1,uniaxial,compression,5,0.877442,1346.59
green3-1.xls,green,sirloin tender steak,3,48,2.0,1,uniaxial,compression,6,0.857124,1469.56
green3-1.xls,green,sirloin tender steak,3,48,2.0,1,uniaxial,compression,7,0.837574,1608.88
green3-1.xls,green,sirloin tender steak,3,48,2.0,1,uniaxial,compression,8,0.817054,1714.51
green3-1.xls,green,sirloin tender steak,3,48,2.0,1,uniaxial,tension,0,1.0263576,638.249
green3-1.xls,green,sirloin tender steak,3,48,2.0,1,uniaxial,tension,1,1.0520175,299.018
green3-1.xls,green,sirloin tender steak,3,48,2.0,1,uniaxial,tension,2,1.0768634,54.6494
green3-1.xls,green,sirloin tender steak,3,48,2.0,1,uniaxial,tension,3,1.101845,-50.738
green3-1.xls,green,sirloin tender steak,3,48,2.0,1,shear,shear,0,0.00420052,28.4801
green3-1.xls,green,sirloin tender steak,3,48,2.0,1,shear,shear,1,0.00419867,28.4801
green3-1.xls,green,sirloin tender steak,3,48,2.0,1,shear,shear,2,0.00375076,40.9496
green3-1.xls,green,sirloin tender steak,3,48,2.0,1,shear,shear,3,0.00375073,40.9496
green3-1.xls,green,sirloin tender steak,3,48,2.0,1,shear,shear,4,0.00375073,40.9496
green3-1.xls,green,sirloin tender steak,3,48,2.0,1,shear,shear,5,0.00375073,40.9496
green3-1.xls,green,sirloin tender steak,3,48,2.0,1,shear,shear,6,0.012224500000000001,37.5649
green3-1.xls,green,sirloin tender steak,3,48,2.0,1,shear,shear,7,0.012224500000000001,37.5649
green3-1.xls,green,sirloin tender steak,3,48,2.0,1,shear,shear,8,0.012224500000000001,37.5649
green3-1.xls,green,sirloin tender steak,3,48,2.0,1,shear,shear,9,0.012224500000000001,37.5649
green3-1.xls,green,sirloin tender steak,3,48,2.0,1,shear,shear,10,0.0206495,73.037
green3-1.xls,green,sirloin tender steak,3,48,2.0,1,shear,shear,11,0.0206495,73.037
green3-1.xls,green,sirloin tender steak,3,48,2.0,1,shear,shear,12,0.0206495,73.037
green3-1.xls,green,sirloin tender steak,3,48,2.0,1,shear,shear,13,0.0206495,73.037
green3-1.xls,green,sirloin tender steak,3,48,2.0,1,shear,shear,14,0.0206495,73.037
green3-1.xls,green,sirloin tender steak,3,48,2.0,1,shear,shear,15,0.0291107,86.4675
green3-1.xls,green,sirloin tender steak,3,48,2.0,1,shear,shear,16,0.0291107,86.4675
green3-1.xls,green,sirloin tender steak,3,48,2.0,1,shear,shear,17,0.029110399999999998,86.4675
green3-1.xls,green,sirloin tender steak,3,48,2.0,1,shear,shear,18,0.029110399999999998,86.4675
green3-1.xls,green,sirloin tender steak,3,48,2.0,1,shear,shear,19,0.0375428,98.0288
green3-1.xls,green,sirloin tender steak,3,48,2.0,1,shear,shear,20,0.0375428,98.0288
green3-1.xls,green,sirloin tender steak,3,48,2.0,1,shear,shear,21,0.0375428,98.0288
green3-1.xls,green,sirloin tender steak,3,48,2.0,1,shear,shear,22,0.0375428,98.0288
green3-1.xls,green,sirloin tender steak,3,48,2.0,1,shear,shear,23,0.0459835,106.917
green3-1.xls,green,sirloin tender steak,3,48,2.0,1,shear,shear,24,0.0459835,106.917
green3-1.xls,green,sirloin tender steak,3,48,2.0,1,shear,shear,25,0.0459835,106.917
green3-1.xls,green,sirloin tender steak,3,48,2.0,1,shear,shear,26,0.0459835,106.917
green3-1.xls,green,sirloin tender steak,3,48,2.0,1,shear,shear,27,0.0544622,113.836
green3-1.xls,green,sirloin tender steak,3,48,2.0,1,shear,shear,28,0.0544622,113.836
green3-1.xls,green,sirloin tender steak,3,48,2.0,1,shear,shear,29,0.0544622,113.836
green3-1.xls,green,sirloin tender steak,3,48,2.0,1,shear,shear,30,0.0544622,113.836
green3-1.xls,green,sirloin tender steak,3,48,2.0,1,shear,shear,31,0.0628778,119.944
green3-1.xls,green,sirloin tender steak,3,48,2.0,1,shear,shear,32,0.0628778,119.944
green3-1.xls,green,sirloin tender steak,3,48,2.0,1,shear,shear,33,0.0628778,119.944
green3-1.xls,green,sirloin tender steak,3,48,2.0,1,shear,shear,34,0.0628778,119.944
green3-1.xls,green,sirloin tender steak,3,48,2.0,1,shear,shear,35,0.0628778,119.944
green3-1.xls,green,sirloin tender steak,3,48,2.0,1,shear,shear,36,0.071355,122.993
green3-1.xls,green,sirloin tender steak,3,48,2.0,1,shear,shear,37,0.071355,122.993
green3-1.xls,green,sirloin tender steak,3,48,2.0,1,shear,shear,38,0.071355,122.993
green3-1.xls,green,sirloin tender steak,3,48,2.0,1,shear,shear,39,0.071355,122.993
green3-1.xls,green,sirloin tender steak,3,48,2.0,1,shear,shear,40,0.07980229999999999,128.126
green3-1.xls,green,sirloin tender steak,3,48,2.0,1,shear,shear,41,0.07980229999999999,128.126
green3-1.xls,green,sirloin tender steak,3,48,2.0,1,shear,shear,42,0.07980229999999999,128.126
green3-1.xls,green,sirloin tender steak,3,48,2.0,1,shear,shear,43,0.07980229999999999,128.126
green3-1.xls,green,sirloin tender steak,3,48,2.0,1,shear,shear,44,0.08826890000000001,131.448
green3-1.xls,green,sirloin tender steak,3,48,2.0,1,shear,shear,45,0.08826890000000001,131.448
green3-1.xls,green,sirloin tender steak,3,48,2.0,1,shear,shear,46,0.08826890000000001,131.448
green3-1.xls,green,sirloin tender steak,3,48,2.0,1,shear,shear,47,0.0882681,131.448
green3-1.xls,green,sirloin tender steak,3,48,2.0,1,shear,shear,48,0.09669879999999999,135.3
green3-1.xls,green,sirloin tender steak,3,48,2.0,1,shear,shear,49,0.0966996,135.3
green3-1.xls,green,sirloin tender steak,3,48,2.0,1,shear,shear,50,0.0966996,135.3
green3-1.xls,green,sirloin tender steak,3,48,2.0,1,shear,shear,51,0.09669879999999999,135.3
green3-1.xls,green,sirloin tender steak,3,48,2.0,1,shear,shear,52,0.09669879999999999,135.3
green3-1.xls,green,sirloin tender steak,3,48,2.0,1,shear,shear,53,0.10517599999999999,138.982
green3-1.xls,green,sirloin tender steak,3,48,2.0,1,shear,shear,54,0.10517599999999999,138.982
green3-1.xls,green,sirloin tender steak,3,48,2.0,1,shear,shear,55,0.10517599999999999,138.982
green3-1.xls,green,sirloin tender steak,3,48,2.0,1,shear,shear,56,0.10517599999999999,138.982
green3-1.xls,green,sirloin tender steak,3,48,2.0,1,shear,shear,57,0.11366899999999999,141.278
green3-1.xls,green,sirloin tender steak,3,48,2.0,1,shear,shear,58,0.11366899999999999,141.278
green3-1.xls,green,sirloin tender steak,3,48,2.0,1,shear,shear,59,0.11366899999999999,141.278
green3-1.xls,green,sirloin tender steak,3,48,2.0,1,shear,shear,60,0.11366899999999999,141.278
green3-1.xls,green,sirloin tender steak,3,48,2.0,1,shear,shear,61,0.122084,144.246
green3-1.xls,green,sirloin tender steak,3,48,2.0,1,shear,shear,62,0.122084,144.246
green3-1.xls,green,sirloin tender steak,3,48,2.0,1,shear,shear,63,0.122084,144.246
green3-1.xls,green,sirloin tender steak,3,48,2.0,1,shear,shear,64,0.122084,144.246
green3-1.xls,green,sirloin tender steak,3,48,2.0,1,shear,shear,65,0.130581,147.126
green3-1.xls,green,sirloin tender steak,3,48,2.0,1,shear,shear,66,0.130581,147.126
green3-1.xls,green,sirloin tender steak,3,48,2.0,1,shear,shear,67,0.130581,147.126
green3-1.xls,green,sirloin tender steak,3,48,2.0,1,shear,shear,68,0.130581,147.126
green3-1.xls,green,sirloin tender steak,3,48,2.0,1,shear,shear,69,0.13904,149.718
green3-1.xls,green,sirloin tender steak,3,48,2.0,1,shear,shear,70,0.13904,149.718
green3-1.xls,green,sirloin tender steak,3,48,2.0,1,shear,shear,71,0.13904,149.718
green3-1.xls,green,sirloin tender steak,3,48,2.0,1,shear,shear,72,0.13904,149.718
green3-1.xls,green,sirloin tender steak,3,48,2.0,1,shear,shear,73,0.13904,149.718
green3-1.xls,green,sirloin tender steak,3,48,2.0,1,shear,shear,74,0.147447,152.515
green3-1.xls,green,sirloin tender steak,3,48,2.0,1,shear,shear,75,0.147447,152.515
green3-1.xls,green,sirloin tender steak,3,48,2.0,1,shear,shear,76,0.147447,152.515
green3-1.xls,green,sirloin tender steak,3,48,2.0,1,shear,shear,77,0.147447,152.515
green3-1.xls,green,sirloin tender steak,3,48,2.0,1,shear,shear,78,0.15588,154.81
green3-1.xls,green,sirloin tender steak,3,48,2.0,1,shear,shear,79,0.15588,154.81
green3-1.xls,green,sirloin tender steak,3,48,2.0,1,shear,shear,80,0.15588,154.81
green3-1.xls,green,sirloin tender steak,3,48,2.0,1,shear,shear,81,0.15588,154.81
green3-1.xls,green,sirloin tender steak,3,48,2.0,1,shear,shear,82,0.16436599999999998,155.925
green3-1.xls,green,sirloin tender steak,3,48,2.0,1,shear,shear,83,0.16436599999999998,155.925
green3-1.xls,green,sirloin tender steak,3,48,2.0,1,shear,shear,84,0.16436599999999998,155.925
green3-1.xls,green,sirloin tender steak,3,48,2.0,1,shear,shear,85,0.16436599999999998,155.925
green3-1.xls,green,sirloin tender steak,3,48,2.0,1,shear,shear,86,0.17286300000000002,157.857
green3-1.xls,green,sirloin tender steak,3,48,2.0,1,shear,shear,87,0.17286300000000002,157.857
green3-1.xls,green,sirloin tender steak,3,48,2.0,1,shear,shear,88,0.17286300000000002,157.857
green3-1.xls,green,sirloin tender steak,3,48,2.0,1,shear,shear,89,0.17286300000000002,157.857
green3-1.xls,green,sirloin tender steak,3,48,2.0,1,shear,shear,90,0.17286300000000002,157.857
green3-1.xls,green,sirloin tender steak,3,48,2.0,1,shear,shear,91,0.18128799999999998,159.826
green3-1.xls,green,sirloin tender steak,3,48,2.0,1,shear,shear,92,0.18128799999999998,159.826
green3-1.xls,green,sirloin tender steak,3,48,2.0,1,shear,shear,93,0.18128799999999998,159.826
green3-1.xls,green,sirloin tender steak,3,48,2.0,1,shear,shear,94,0.18128799999999998,159.826
green3-1.xls,green,sirloin tender steak,3,48,2.0,1,shear,shear,95,0.18967900000000001,162.675
green3-1.xls,green,sirloin tender steak,3,48,2.0,1,shear,shear,96,0.18967900000000001,162.675
green3-1.xls,green,sirloin tender steak,3,48,2.0,1,shear,shear,97,0.18967900000000001,162.675
green3-1.xls,green,sirloin tender steak,3,48,2.0,1,shear,shear,98,0.18967900000000001,162.675
green3-1.xls,green,sirloin tender steak,3,48,2.0,1,shear,shear,99,0.19813099999999997,164.578
green3-2.xls,green,sirloin tender steak,3,48,2.0,2,uniaxial,compression,0,0.9783704,465.773
green3-2.xls,green,sirloin tender steak,3,48,2.0,2,uniaxial,compression,1,0.9578593,535.753
green3-2.xls,green,sirloin tender steak,3,48,2.0,2,uniaxial,compression,2,0.938,669.654
green3-2.xls,green,sirloin tender steak,3,48,2.0,2,uniaxial,compression,3,0.9174815000000001,795.027
green3-2.xls,green,sirloin tender steak,3,48,2.0,2,uniaxial,compression,4,0.897985,1004.22
green3-2.xls,green,sirloin tender steak,3,48,2.0,2,uniaxial,compression,5,0.877489,1135.18
green3-2.xls,green,sirloin tender steak,3,48,2.0,2,uniaxial,compression,6,0.857585,1323.21
green3-2.xls,green,sirloin tender steak,3,48,2.0,2,uniaxial,compression,7,0.8371109999999999,1460.9
green3-2.xls,green,sirloin tender steak,3,48,2.0,2,uniaxial,compression,8,0.817563,1658.8
green3-2.xls,green,sirloin tender steak,3,48,2.0,2,uniaxial,tension,0,1.026825,560.484
green3-2.xls,green,sirloin tender steak,3,48,2.0,2,uniaxial,tension,1,1.0516871,18.8862
green3-2.xls,green,sirloin tender steak,3,48,2.0,2,uniaxial,tension,2,1.0773362,-108.433
green3-2.xls,green,sirloin tender steak,3,48,2.0,2,uniaxial,tension,3,1.102189,-274.508
green3-2.xls,green,sirloin tender steak,3,48,2.0,2,shear,shear,0,0.00231932,9.34889
green3-2.xls,green,sirloin tender steak,3,48,2.0,2,shear,shear,1,0.00231932,9.34889
green3-2.xls,green,sirloin tender steak,3,48,2.0,2,shear,shear,2,0.0023193,9.34889
green3-2.xls,green,sirloin tender steak,3,48,2.0,2,shear,shear,3,0.0056684000000000005,26.3998
green3-2.xls,green,sirloin tender steak,3,48,2.0,2,shear,shear,4,0.0056684000000000005,26.3998
green3-2.xls,green,sirloin tender steak,3,48,2.0,2,shear,shear,5,0.0056684000000000005,26.3998
green3-2.xls,green,sirloin tender steak,3,48,2.0,2,shear,shear,6,0.0056684000000000005,26.3998
green3-2.xls,green,sirloin tender steak,3,48,2.0,2,shear,shear,7,0.013705199999999999,42.7498
green3-2.xls,green,sirloin tender steak,3,48,2.0,2,shear,shear,8,0.013705199999999999,42.7498
green3-2.xls,green,sirloin tender steak,3,48,2.0,2,shear,shear,9,0.013705199999999999,42.7498
green3-2.xls,green,sirloin tender steak,3,48,2.0,2,shear,shear,10,0.013705199999999999,42.7498
green3-2.xls,green,sirloin tender steak,3,48,2.0,2,shear,shear,11,0.0217814,74.9209
green3-2.xls,green,sirloin tender steak,3,48,2.0,2,shear,shear,12,0.0217814,74.9209
green3-2.xls,green,sirloin tender steak,3,48,2.0,2,shear,shear,13,0.0217814,74.9209
green3-2.xls,green,sirloin tender steak,3,48,2.0,2,shear,shear,14,0.0217814,74.9209
green3-2.xls,green,sirloin tender steak,3,48,2.0,2,shear,shear,15,0.0298251,91.2284
green3-2.xls,green,sirloin tender steak,3,48,2.0,2,shear,shear,16,0.0298251,91.2284
green3-2.xls,green,sirloin tender steak,3,48,2.0,2,shear,shear,17,0.0298251,91.2284
green3-2.xls,green,sirloin tender steak,3,48,2.0,2,shear,shear,18,0.0298251,91.2284
green3-2.xls,green,sirloin tender steak,3,48,2.0,2,shear,shear,19,0.0379005,104.031
green3-2.xls,green,sirloin tender steak,3,48,2.0,2,shear,shear,20,0.0379005,104.031
green3-2.xls,green,sirloin tender steak,3,48,2.0,2,shear,shear,21,0.0379005,104.031
green3-2.xls,green,sirloin tender steak,3,48,2.0,2,shear,shear,22,0.0379005,104.031
green3-2.xls,green,sirloin tender steak,3,48,2.0,2,shear,shear,23,0.0460385,114.207
green3-2.xls,green,sirloin tender steak,3,48,2.0,2,shear,shear,24,0.0460385,114.207
green3-2.xls,green,sirloin tender steak,3,48,2.0,2,shear,shear,25,0.0460385,114.207
green3-2.xls,green,sirloin tender steak,3,48,2.0,2,shear,shear,26,0.0460385,114.207
green3-2.xls,green,sirloin tender steak,3,48,2.0,2,shear,shear,27,0.0540673,120.471
green3-2.xls,green,sirloin tender steak,3,48,2.0,2,shear,shear,28,0.0540673,120.471
green3-2.xls,green,sirloin tender steak,3,48,2.0,2,shear,shear,29,0.0540673,120.471
green3-2.xls,green,sirloin tender steak,3,48,2.0,2,shear,shear,30,0.0540673,120.471
green3-2.xls,green,sirloin tender steak,3,48,2.0,2,shear,shear,31,0.0621438,124.06
green3-2.xls,green,sirloin tender steak,3,48,2.0,2,shear,shear,32,0.0621438,124.06
green3-2.xls,green,sirloin tender steak,3,48,2.0,2,shear,shear,33,0.0621438,124.06
green3-2.xls,green,sirloin tender steak,3,48,2.0,2,shear,shear,34,0.0621438,124.06
green3-2.xls,green,sirloin tender steak,3,48,2.0,2,shear,shear,35,0.0702084,125.072
green3-2.xls,green,sirloin tender steak,3,48,2.0,2,shear,shear,36,0.0702084,125.072
green3-2.xls,green,sirloin tender steak,3,48,2.0,2,shear,shear,37,0.0702084,125.072
green3-2.xls,green,sirloin tender steak,3,48,2.0,2,shear,shear,38,0.0702084,125.072
green3-2.xls,green,sirloin tender steak,3,48,2.0,2,shear,shear,39,0.0782958,126.15
green3-2.xls,green,sirloin tender steak,3,48,2.0,2,shear,shear,40,0.0782958,126.15
green3-2.xls,green,sirloin tender steak,3,48,2.0,2,shear,shear,41,0.0782958,126.15
green3-2.xls,green,sirloin tender steak,3,48,2.0,2,shear,shear,42,0.0782958,126.15
green3-2.xls,green,sirloin tender steak,3,48,2.0,2,shear,shear,43,0.0863976,123.712
green3-2.xls,green,sirloin tender steak,3,48,2.0,2,shear,shear,44,0.0863976,123.712
green3-2.xls,green,sirloin tender steak,3,48,2.0,2,shear,shear,45,0.0863976,123.712
green3-2.xls,green,sirloin tender steak,3,48,2.0,2,shear,shear,46,0.0863976,123.712
green3-2.xls,green,sirloin tender steak,3,48,2.0,2,shear,shear,47,0.0944474,123.905
green3-2.xls,green,sirloin tender steak,3,48,2.0,2,shear,shear,48,0.0944474,123.905
green3-2.xls,green,sirloin tender steak,3,48,2.0,2,shear,shear,49,0.0944474,123.905
green3-2.xls,green,sirloin tender steak,3,48,2.0,2,shear,shear,50,0.0944474,123.905
green3-2.xls,green,sirloin tender steak,3,48,2.0,2,shear,shear,51,0.102536,125.187
green3-2.xls,green,sirloin tender steak,3,48,2.0,2,shear,shear,52,0.102536,125.187
green3-2.xls,green,sirloin tender steak,3,48,2.0,2,shear,shear,53,0.102536,125.187
green3-2.xls,green,sirloin tender steak,3,48,2.0,2,shear,shear,54,0.102536,125.187
green3-2.xls,green,sirloin tender steak,3,48,2.0,2,shear,shear,55,0.102536,125.187
green3-2.xls,green,sirloin tender steak,3,48,2.0,2,shear,shear,56,0.110739,123.482
green3-2.xls,green,sirloin tender steak,3,48,2.0,2,shear,shear,57,0.110739,123.482
green3-2.xls,green,sirloin tender steak,3,48,2.0,2,shear,shear,58,0.110739,123.482
green3-2.xls,green,sirloin tender steak,3,48,2.0,2,shear,shear,59,0.11870900000000001,123.708
green3-2.xls,green,sirloin tender steak,3,48,2.0,2,shear,shear,60,0.11870900000000001,123.708
green3-2.xls,green,sirloin tender steak,3,48,2.0,2,shear,shear,61,0.11870900000000001,123.708
green3-2.xls,green,sirloin tender steak,3,48,2.0,2,shear,shear,62,0.11870900000000001,123.708
green3-2.xls,green,sirloin tender steak,3,48,2.0,2,shear,shear,63,0.126767,123.156
green3-2.xls,green,sirloin tender steak,3,48,2.0,2,shear,shear,64,0.126767,123.156
green3-2.xls,green,sirloin tender steak,3,48,2.0,2,shear,shear,65,0.126767,123.156
green3-2.xls,green,sirloin tender steak,3,48,2.0,2,shear,shear,66,0.126767,123.156
green3-2.xls,green,sirloin tender steak,3,48,2.0,2,shear,shear,67,0.134853,124.781
green3-2.xls,green,sirloin tender steak,3,48,2.0,2,shear,shear,68,0.134853,124.781
green3-2.xls,green,sirloin tender steak,3,48,2.0,2,shear,shear,69,0.134852,124.781
green3-2.xls,green,sirloin tender steak,3,48,2.0,2,shear,shear,70,0.134852,124.781
green3-2.xls,green,sirloin tender steak,3,48,2.0,2,shear,shear,71,0.134853,124.781
green3-2.xls,green,sirloin tender steak,3,48,2.0,2,shear,shear,72,0.14299699999999999,125.929
green3-2.xls,green,sirloin tender steak,3,48,2.0,2,shear,shear,73,0.14299699999999999,125.929
green3-2.xls,green,sirloin tender steak,3,48,2.0,2,shear,shear,74,0.14299699999999999,125.929
green3-2.xls,green,sirloin tender steak,3,48,2.0,2,shear,shear,75,0.14299699999999999,125.929
green3-2.xls,green,sirloin tender steak,3,48,2.0,2,shear,shear,76,0.151026,125.391
green3-2.xls,green,sirloin tender steak,3,48,2.0,2,shear,shear,77,0.151026,125.391
green3-2.xls,green,sirloin tender steak,3,48,2.0,2,shear,shear,78,0.151026,125.391
green3-2.xls,green,sirloin tender steak,3,48,2.0,2,shear,shear,79,0.151025,125.391
green3-2.xls,green,sirloin tender steak,3,48,2.0,2,shear,shear,80,0.159088,128.849
green3-2.xls,green,sirloin tender steak,3,48,2.0,2,shear,shear,81,0.159088,128.849
green3-2.xls,green,sirloin tender steak,3,48,2.0,2,shear,shear,82,0.159088,128.849
green3-2.xls,green,sirloin tender steak,3,48,2.0,2,shear,shear,83,0.159088,128.849
green3-2.xls,green,sirloin tender steak,3,48,2.0,2,shear,shear,84,0.1672,129.417
green3-2.xls,green,sirloin tender steak,3,48,2.0,2,shear,shear,85,0.1672,129.417
green3-2.xls,green,sirloin tender steak,3,48,2.0,2,shear,shear,86,0.1672,129.417
green3-2.xls,green,sirloin tender steak,3,48,2.0,2,shear,shear,87,0.1672,129.417
green3-2.xls,green,sirloin tender steak,3,48,2.0,2,shear,shear,88,0.175248,132.444
green3-2.xls,green,sirloin tender steak,3,48,2.0,2,shear,shear,89,0.17525,132.444
green3-2.xls,green,sirloin tender steak,3,48,2.0,2,shear,shear,90,0.17525,132.444
green3-2.xls,green,sirloin tender steak,3,48,2.0,2,shear,shear,91,0.17525,132.444
green3-2.xls,green,sirloin tender steak,3,48,2.0,2,shear,shear,92,0.183328,135.378
green3-2.xls,green,sirloin tender steak,3,48,2.0,2,shear,shear,93,0.183328,135.378
green3-2.xls,green,sirloin tender steak,3,48,2.0,2,shear,shear,94,0.183328,135.378
green3-2.xls,green,sirloin tender steak,3,48,2.0,2,shear,shear,95,0.183327,135.378
green3-2.xls,green,sirloin tender steak,3,48,2.0,2,shear,shear,96,0.191388,136.341
green3-2.xls,green,sirloin tender steak,3,48,2.0,2,shear,shear,97,0.191388,136.341
green3-2.xls,green,sirloin tender steak,3,48,2.0,2,shear,shear,98,0.191388,136.341
green3-2.xls,green,sirloin tender steak,3,48,2.0,2,shear,shear,99,0.191388,136.341
green3-3.xls,green,sirloin tender steak,3,48,2.0,3,uniaxial,compression,0,0.9787923,622.252
green3-3.xls,green,sirloin tender steak,3,48,2.0,3,uniaxial,compression,1,0.9582692,835.74
green3-3.xls,green,sirloin tender steak,3,48,2.0,3,uniaxial,compression,2,0.9383462,971.436
green3-3.xls,green,sirloin tender steak,3,48,2.0,3,uniaxial,compression,3,0.9184154,1160.82
green3-3.xls,green,sirloin tender steak,3,48,2.0,3,uniaxial,compression,4,0.897869,1265.15
green3-3.xls,green,sirloin tender steak,3,48,2.0,3,uniaxial,compression,5,0.877954,1416.46
green3-3.xls,green,sirloin tender steak,3,48,2.0,3,uniaxial,compression,6,0.857523,1528.28
green3-3.xls,green,sirloin tender steak,3,48,2.0,3,uniaxial,compression,7,0.837508,1723.22
green3-3.xls,green,sirloin tender steak,3,48,2.0,3,uniaxial,compression,8,0.817592,1861.16
green3-3.xls,green,sirloin tender steak,3,48,2.0,3,uniaxial,tension,0,1.0267037,737.594
green3-3.xls,green,sirloin tender steak,3,48,2.0,3,uniaxial,tension,1,1.0515612,314.253
green3-3.xls,green,sirloin tender steak,3,48,2.0,3,uniaxial,tension,2,1.0766206,8.08998
green3-3.xls,green,sirloin tender steak,3,48,2.0,3,uniaxial,tension,3,1.102209,-121.077
green3-3.xls,green,sirloin tender steak,3,48,2.0,3,shear,shear,0,-0.000697768,23.061
green3-3.xls,green,sirloin tender steak,3,48,2.0,3,shear,shear,1,0.00128604,45.981
green3-3.xls,green,sirloin tender steak,3,48,2.0,3,shear,shear,2,0.00128604,45.981
green3-3.xls,green,sirloin tender steak,3,48,2.0,3,shear,shear,3,0.00128604,45.981
green3-3.xls,green,sirloin tender steak,3,48,2.0,3,shear,shear,4,0.00128604,45.981
green3-3.xls,green,sirloin tender steak,3,48,2.0,3,shear,shear,5,0.0105527,77.0685
green3-3.xls,green,sirloin tender steak,3,48,2.0,3,shear,shear,6,0.0105527,77.0685
green3-3.xls,green,sirloin tender steak,3,48,2.0,3,shear,shear,7,0.0105526,77.0685
green3-3.xls,green,sirloin tender steak,3,48,2.0,3,shear,shear,8,0.0105526,77.0685
green3-3.xls,green,sirloin tender steak,3,48,2.0,3,shear,shear,9,0.0105526,77.0685
green3-3.xls,green,sirloin tender steak,3,48,2.0,3,shear,shear,10,0.018950599999999998,163.188
green3-3.xls,green,sirloin tender steak,3,48,2.0,3,shear,shear,11,0.018950599999999998,163.188
green3-3.xls,green,sirloin tender steak,3,48,2.0,3,shear,shear,12,0.018950599999999998,163.188
green3-3.xls,green,sirloin tender steak,3,48,2.0,3,shear,shear,13,0.018950599999999998,163.188
green3-3.xls,green,sirloin tender steak,3,48,2.0,3,shear,shear,14,0.0273017,208.153
green3-3.xls,green,sirloin tender steak,3,48,2.0,3,shear,shear,15,0.0273017,208.153
green3-3.xls,green,sirloin tender steak,3,48,2.0,3,shear,shear,16,0.0273017,208.153
green3-3.xls,green,sirloin tender steak,3,48,2.0,3,shear,shear,17,0.0273017,208.153
green3-3.xls,green,sirloin tender steak,3,48,2.0,3,shear,shear,18,0.0357089,244.077
green3-3.xls,green,sirloin tender steak,3,48,2.0,3,shear,shear,19,0.0357089,244.077
green3-3.xls,green,sirloin tender steak,3,48,2.0,3,shear,shear,20,0.0357089,244.077
green3-3.xls,green,sirloin tender steak,3,48,2.0,3,shear,shear,21,0.0357089,244.077
green3-3.xls,green,sirloin tender steak,3,48,2.0,3,shear,shear,22,0.04410650000000001,273.655
green3-3.xls,green,sirloin tender steak,3,48,2.0,3,shear,shear,23,0.04410650000000001,273.655
green3-3.xls,green,sirloin tender steak,3,48,2.0,3,shear,shear,24,0.04410650000000001,273.655
green3-3.xls,green,sirloin tender steak,3,48,2.0,3,shear,shear,25,0.04410650000000001,273.655
green3-3.xls,green,sirloin tender steak,3,48,2.0,3,shear,shear,26,0.0525149,300.567
green3-3.xls,green,sirloin tender steak,3,48,2.0,3,shear,shear,27,0.0525149,300.567
green3-3.xls,green,sirloin tender steak,3,48,2.0,3,shear,shear,28,0.0525149,300.567
green3-3.xls,green,sirloin tender steak,3,48,2.0,3,shear,shear,29,0.0525149,300.567
green3-3.xls,green,sirloin tender steak,3,48,2.0,3,shear,shear,30,0.0525149,300.567
green3-3.xls,green,sirloin tender steak,3,48,2.0,3,shear,shear,31,0.060953099999999996,323.009
green3-3.xls,green,sirloin tender steak,3,48,2.0,3,shear,shear,32,0.060953099999999996,323.009
green3-3.xls,green,sirloin tender steak,3,48,2.0,3,shear,shear,33,0.060953099999999996,323.009
green3-3.xls,green,sirloin tender steak,3,48,2.0,3,shear,shear,34,0.060953099999999996,323.009
green3-3.xls,green,sirloin tender steak,3,48,2.0,3,shear,shear,35,0.0693076,341.826
green3-3.xls,green,sirloin tender steak,3,48,2.0,3,shear,shear,36,0.0693076,341.826
green3-3.xls,green,sirloin tender steak,3,48,2.0,3,shear,shear,37,0.069307,341.826
green3-3.xls,green,sirloin tender steak,3,48,2.0,3,shear,shear,38,0.069307,341.826
green3-3.xls,green,sirloin tender steak,3,48,2.0,3,shear,shear,39,0.0777041,358.734
green3-3.xls,green,sirloin tender steak,3,48,2.0,3,shear,shear,40,0.0777041,358.734
green3-3.xls,green,sirloin tender steak,3,48,2.0,3,shear,shear,41,0.0777048,358.734
green3-3.xls,green,sirloin tender steak,3,48,2.0,3,shear,shear,42,0.0777048,358.734
green3-3.xls,green,sirloin tender steak,3,48,2.0,3,shear,shear,43,0.0860804,373.522
green3-3.xls,green,sirloin tender steak,3,48,2.0,3,shear,shear,44,0.0860804,373.522
green3-3.xls,green,sirloin tender steak,3,48,2.0,3,shear,shear,45,0.0860797,373.522
green3-3.xls,green,sirloin tender steak,3,48,2.0,3,shear,shear,46,0.0860797,373.522
green3-3.xls,green,sirloin tender steak,3,48,2.0,3,shear,shear,47,0.0945051,387.223
green3-3.xls,green,sirloin tender steak,3,48,2.0,3,shear,shear,48,0.0945051,387.223
green3-3.xls,green,sirloin tender steak,3,48,2.0,3,shear,shear,49,0.0945051,387.223
green3-3.xls,green,sirloin tender steak,3,48,2.0,3,shear,shear,50,0.0945051,387.223
green3-3.xls,green,sirloin tender steak,3,48,2.0,3,shear,shear,51,0.0945051,387.223
green3-3.xls,green,sirloin tender steak,3,48,2.0,3,shear,shear,52,0.10289899999999999,399.582
green3-3.xls,green,sirloin tender steak,3,48,2.0,3,shear,shear,53,0.10289899999999999,399.582
green3-3.xls,green,sirloin tender steak,3,48,2.0,3,shear,shear,54,0.10289899999999999,399.582
green3-3.xls,green,sirloin tender steak,3,48,2.0,3,shear,shear,55,0.10289899999999999,399.582
green3-3.xls,green,sirloin tender steak,3,48,2.0,3,shear,shear,56,0.11124700000000001,410.306
green3-3.xls,green,sirloin tender steak,3,48,2.0,3,shear,shear,57,0.11124700000000001,410.306
green3-3.xls,green,sirloin tender steak,3,48,2.0,3,shear,shear,58,0.11124700000000001,410.306
green3-3.xls,green,sirloin tender steak,3,48,2.0,3,shear,shear,59,0.11124700000000001,410.306
green3-3.xls,green,sirloin tender steak,3,48,2.0,3,shear,shear,60,0.11962500000000001,420.534
green3-3.xls,green,sirloin tender steak,3,48,2.0,3,shear,shear,61,0.11962500000000001,420.534
green3-3.xls,green,sirloin tender steak,3,48,2.0,3,shear,shear,62,0.11962500000000001,420.534
green3-3.xls,green,sirloin tender steak,3,48,2.0,3,shear,shear,63,0.11962500000000001,420.534
green3-3.xls,green,sirloin tender steak,3,48,2.0,3,shear,shear,64,0.128018,429.878
green3-3.xls,green,sirloin tender steak,3,48,2.0,3,shear,shear,65,0.128018,429.878
green3-3.xls,green,sirloin tender steak,3,48,2.0,3,shear,shear,66,0.128018,429.878
green3-3.xls,green,sirloin tender steak,3,48,2.0,3,shear,shear,67,0.128018,429.878
green3-3.xls,green,sirloin tender steak,3,48,2.0,3,shear,shear,68,0.136437,438.106
green3-3.xls,green,sirloin tender steak,3,48,2.0,3,shear,shear,69,0.136437,438.106
green3-3.xls,green,sirloin tender steak,3,48,2.0,3,shear,shear,70,0.136437,438.106
green3-3.xls,green,sirloin tender steak,3,48,2.0,3,shear,shear,71,0.136437,438.106
green3-3.xls,green,sirloin tender steak,3,48,2.0,3,shear,shear,72,0.136437,438.106
green3-3.xls,green,sirloin tender steak,3,48,2.0,3,shear,shear,73,0.144902,445.655
green3-3.xls,green,sirloin tender steak,3,48,2.0,3,shear,shear,74,0.144902,445.655
green3-3.xls,green,sirloin tender steak,3,48,2.0,3,shear,shear,75,0.144902,445.655
green3-3.xls,green,sirloin tender steak,3,48,2.0,3,shear,shear,76,0.144902,445.655
green3-3.xls,green,sirloin tender steak,3,48,2.0,3,shear,shear,77,0.153225,450.43
green3-3.xls,green,sirloin tender steak,3,48,2.0,3,shear,shear,78,0.153225,450.43
green3-3.xls,green,sirloin tender steak,3,48,2.0,3,shear,shear,79,0.153225,450.43
green3-3.xls,green,sirloin tender steak,3,48,2.0,3,shear,shear,80,0.153225,450.43
green3-3.xls,green,sirloin tender steak,3,48,2.0,3,shear,shear,81,0.161583,458.488
green3-3.xls,green,sirloin tender steak,3,48,2.0,3,shear,shear,82,0.161583,458.488
green3-3.xls,green,sirloin tender steak,3,48,2.0,3,shear,shear,83,0.161583,458.488
green3-3.xls,green,sirloin tender steak,3,48,2.0,3,shear,shear,84,0.161583,458.488
green3-3.xls,green,sirloin tender steak,3,48,2.0,3,shear,shear,85,0.17001100000000002,467.958
green3-3.xls,green,sirloin tender steak,3,48,2.0,3,shear,shear,86,0.17001100000000002,467.958
green3-3.xls,green,sirloin tender steak,3,48,2.0,3,shear,shear,87,0.17000900000000002,467.958
green3-3.xls,green,sirloin tender steak,3,48,2.0,3,shear,shear,88,0.17000900000000002,467.958
green3-3.xls,green,sirloin tender steak,3,48,2.0,3,shear,shear,89,0.178386,474.615
green3-3.xls,green,sirloin tender steak,3,48,2.0,3,shear,shear,90,0.178386,474.615
green3-3.xls,green,sirloin tender steak,3,48,2.0,3,shear,shear,91,0.178386,474.615
green3-3.xls,green,sirloin tender steak,3,48,2.0,3,shear,shear,92,0.178386,474.615
green3-3.xls,green,sirloin tender steak,3,48,2.0,3,shear,shear,93,0.178386,474.615
green3-3.xls,green,sirloin tender steak,3,48,2.0,3,shear,shear,94,0.18679300000000001,479.858
green3-3.xls,green,sirloin tender steak,3,48,2.0,3,shear,shear,95,0.18679300000000001,479.858
green3-3.xls,green,sirloin tender steak,3,48,2.0,3,shear,shear,96,0.18679300000000001,479.858
green3-3.xls,green,sirloin tender steak,3,48,2.0,3,shear,shear,97,0.18679300000000001,479.858
green3-3.xls,green,sirloin tender steak,3,48,2.0,3,shear,shear,98,0.19514199999999998,479.22
green3-3.xls,green,sirloin tender steak,3,48,2.0,3,shear,shear,99,0.19514199999999998,479.22
green3-4.xls,green,sirloin tender steak,3,48,2.0,4,uniaxial,compression,0,0.9782081,456.44
green3-4.xls,green,sirloin tender steak,3,48,2.0,4,uniaxial,compression,1,0.9578247,600.257
green3-4.xls,green,sirloin tender steak,3,48,2.0,4,uniaxial,compression,2,0.9374328000000001,626.476
green3-4.xls,green,sirloin tender steak,3,48,2.0,4,uniaxial,compression,3,0.9174325999999999,706.455
green3-4.xls,green,sirloin tender steak,3,48,2.0,4,uniaxial,compression,4,0.897432,752.741
green3-4.xls,green,sirloin tender steak,3,48,2.0,4,uniaxial,compression,5,0.877441,803.41
green3-4.xls,green,sirloin tender steak,3,48,2.0,4,uniaxial,compression,6,0.857074,862.138
green3-4.xls,green,sirloin tender steak,3,48,2.0,4,uniaxial,compression,7,0.837074,957.607
green3-4.xls,green,sirloin tender steak,3,48,2.0,4,uniaxial,compression,8,0.817069,999.065
green3-4.xls,green,sirloin tender steak,3,48,2.0,4,uniaxial,tension,0,1.0261812,401.297
green3-4.xls,green,sirloin tender steak,3,48,2.0,4,uniaxial,tension,1,1.0516447,159.721
green3-4.xls,green,sirloin tender steak,3,48,2.0,4,uniaxial,tension,2,1.0766466,-11.8898
green3-4.xls,green,sirloin tender steak,3,48,2.0,4,uniaxial,tension,3,1.101638,-70.5705
green3-4.xls,green,sirloin tender steak,3,48,2.0,4,shear,shear,0,0.00037099100000000004,17.1408
green3-4.xls,green,sirloin tender steak,3,48,2.0,4,shear,shear,1,0.00037099100000000004,17.1408
green3-4.xls,green,sirloin tender steak,3,48,2.0,4,shear,shear,2,0.00037099100000000004,17.1408
green3-4.xls,green,sirloin tender steak,3,48,2.0,4,shear,shear,3,0.00037099100000000004,17.1408
green3-4.xls,green,sirloin tender steak,3,48,2.0,4,shear,shear,4,0.000370988,17.1408
green3-4.xls,green,sirloin tender steak,3,48,2.0,4,shear,shear,5,0.010822499999999999,16.0932
green3-4.xls,green,sirloin tender steak,3,48,2.0,4,shear,shear,6,0.010822499999999999,16.0932
green3-4.xls,green,sirloin tender steak,3,48,2.0,4,shear,shear,7,0.010822499999999999,16.0932
green3-4.xls,green,sirloin tender steak,3,48,2.0,4,shear,shear,8,0.010822499999999999,16.0932
green3-4.xls,green,sirloin tender steak,3,48,2.0,4,shear,shear,9,0.010822499999999999,16.0932
green3-4.xls,green,sirloin tender steak,3,48,2.0,4,shear,shear,10,0.020009299999999997,55.3539
green3-4.xls,green,sirloin tender steak,3,48,2.0,4,shear,shear,11,0.020009299999999997,55.3539
green3-4.xls,green,sirloin tender steak,3,48,2.0,4,shear,shear,12,0.020009299999999997,55.3539
green3-4.xls,green,sirloin tender steak,3,48,2.0,4,shear,shear,13,0.020009299999999997,55.3539
green3-4.xls,green,sirloin tender steak,3,48,2.0,4,shear,shear,14,0.020009299999999997,55.3539
green3-4.xls,green,sirloin tender steak,3,48,2.0,4,shear,shear,15,0.029065599999999997,71.1737
green3-4.xls,green,sirloin tender steak,3,48,2.0,4,shear,shear,16,0.029065599999999997,71.1737
green3-4.xls,green,sirloin tender steak,3,48,2.0,4,shear,shear,17,0.029065599999999997,71.1737
green3-4.xls,green,sirloin tender steak,3,48,2.0,4,shear,shear,18,0.029065599999999997,71.1737
green3-4.xls,green,sirloin tender steak,3,48,2.0,4,shear,shear,19,0.038186,79.7022
green3-4.xls,green,sirloin tender steak,3,48,2.0,4,shear,shear,20,0.038186,79.7022
green3-4.xls,green,sirloin tender steak,3,48,2.0,4,shear,shear,21,0.038186,79.7022
green3-4.xls,green,sirloin tender steak,3,48,2.0,4,shear,shear,22,0.038186,79.7022
green3-4.xls,green,sirloin tender steak,3,48,2.0,4,shear,shear,23,0.0473379,85.4724
green3-4.xls,green,sirloin tender steak,3,48,2.0,4,shear,shear,24,0.0473379,85.4724
green3-4.xls,green,sirloin tender steak,3,48,2.0,4,shear,shear,25,0.0473379,85.4724
green3-4.xls,green,sirloin tender steak,3,48,2.0,4,shear,shear,26,0.0473379,85.4724
green3-4.xls,green,sirloin tender steak,3,48,2.0,4,shear,shear,27,0.0473379,85.4724
green3-4.xls,green,sirloin tender steak,3,48,2.0,4,shear,shear,28,0.0563551,89.1534
green3-4.xls,green,sirloin tender steak,3,48,2.0,4,shear,shear,29,0.0563551,89.1534
green3-4.xls,green,sirloin tender steak,3,48,2.0,4,shear,shear,30,0.0563551,89.1534
green3-4.xls,green,sirloin tender steak,3,48,2.0,4,shear,shear,31,0.0563551,89.1534
green3-4.xls,green,sirloin tender steak,3,48,2.0,4,shear,shear,32,0.0563551,89.1534
green3-4.xls,green,sirloin tender steak,3,48,2.0,4,shear,shear,33,0.0654845,92.606
green3-4.xls,green,sirloin tender steak,3,48,2.0,4,shear,shear,34,0.0654845,92.606
green3-4.xls,green,sirloin tender steak,3,48,2.0,4,shear,shear,35,0.0654845,92.606
green3-4.xls,green,sirloin tender steak,3,48,2.0,4,shear,shear,36,0.0654845,92.606
green3-4.xls,green,sirloin tender steak,3,48,2.0,4,shear,shear,37,0.074602,94.7956
green3-4.xls,green,sirloin tender steak,3,48,2.0,4,shear,shear,38,0.074602,94.7956
green3-4.xls,green,sirloin tender steak,3,48,2.0,4,shear,shear,39,0.074602,94.7956
green3-4.xls,green,sirloin tender steak,3,48,2.0,4,shear,shear,40,0.074602,94.7956
green3-4.xls,green,sirloin tender steak,3,48,2.0,4,shear,shear,41,0.074602,94.7956
green3-4.xls,green,sirloin tender steak,3,48,2.0,4,shear,shear,42,0.0836355,99.4997
green3-4.xls,green,sirloin tender steak,3,48,2.0,4,shear,shear,43,0.0836355,99.4997
green3-4.xls,green,sirloin tender steak,3,48,2.0,4,shear,shear,44,0.0836355,99.4997
green3-4.xls,green,sirloin tender steak,3,48,2.0,4,shear,shear,45,0.0836355,99.4997
green3-4.xls,green,sirloin tender steak,3,48,2.0,4,shear,shear,46,0.0927674,100.263
green3-4.xls,green,sirloin tender steak,3,48,2.0,4,shear,shear,47,0.0927674,100.263
green3-4.xls,green,sirloin tender steak,3,48,2.0,4,shear,shear,48,0.0927674,100.263
green3-4.xls,green,sirloin tender steak,3,48,2.0,4,shear,shear,49,0.0927674,100.263
green3-4.xls,green,sirloin tender steak,3,48,2.0,4,shear,shear,50,0.0927674,100.263
green3-4.xls,green,sirloin tender steak,3,48,2.0,4,shear,shear,51,0.101829,103.636
green3-4.xls,green,sirloin tender steak,3,48,2.0,4,shear,shear,52,0.101829,103.636
green3-4.xls,green,sirloin tender steak,3,48,2.0,4,shear,shear,53,0.101829,103.636
green3-4.xls,green,sirloin tender steak,3,48,2.0,4,shear,shear,54,0.101829,103.636
green3-4.xls,green,sirloin tender steak,3,48,2.0,4,shear,shear,55,0.101829,103.636
green3-4.xls,green,sirloin tender steak,3,48,2.0,4,shear,shear,56,0.110968,104.792
green3-4.xls,green,sirloin tender steak,3,48,2.0,4,shear,shear,57,0.110968,104.792
green3-4.xls,green,sirloin tender steak,3,48,2.0,4,shear,shear,58,0.110968,104.792
green3-4.xls,green,sirloin tender steak,3,48,2.0,4,shear,shear,59,0.110968,104.792
green3-4.xls,green,sirloin tender steak,3,48,2.0,4,shear,shear,60,0.12003899999999999,106.354
green3-4.xls,green,sirloin tender steak,3,48,2.0,4,shear,shear,61,0.12003899999999999,106.354
green3-4.xls,green,sirloin tender steak,3,48,2.0,4,shear,shear,62,0.12003899999999999,106.354
green3-4.xls,green,sirloin tender steak,3,48,2.0,4,shear,shear,63,0.12003899999999999,106.354
green3-4.xls,green,sirloin tender steak,3,48,2.0,4,shear,shear,64,0.12003899999999999,106.354
green3-4.xls,green,sirloin tender steak,3,48,2.0,4,shear,shear,65,0.12908899999999998,107.875
green3-4.xls,green,sirloin tender steak,3,48,2.0,4,shear,shear,66,0.12908899999999998,107.875
green3-4.xls,green,sirloin tender steak,3,48,2.0,4,shear,shear,67,0.12908899999999998,107.875
green3-4.xls,green,sirloin tender steak,3,48,2.0,4,shear,shear,68,0.12908899999999998,107.875
green3-4.xls,green,sirloin tender steak,3,48,2.0,4,shear,shear,69,0.138213,109.092
green3-4.xls,green,sirloin tender steak,3,48,2.0,4,shear,shear,70,0.138213,109.092
green3-4.xls,green,sirloin tender steak,3,48,2.0,4,shear,shear,71,0.138213,109.092
green3-4.xls,green,sirloin tender steak,3,48,2.0,4,shear,shear,72,0.138213,109.092
green3-4.xls,green,sirloin tender steak,3,48,2.0,4,shear,shear,73,0.138213,109.092
green3-4.xls,green,sirloin tender steak,3,48,2.0,4,shear,shear,74,0.14730600000000002,108.917
green3-4.xls,green,sirloin tender steak,3,48,2.0,4,shear,shear,75,0.14730600000000002,108.917
green3-4.xls,green,sirloin tender steak,3,48,2.0,4,shear,shear,76,0.14730600000000002,108.917
green3-4.xls,green,sirloin tender steak,3,48,2.0,4,shear,shear,77,0.14730600000000002,108.917
green3-4.xls,green,sirloin tender steak,3,48,2.0,4,shear,shear,78,0.156422,111.633
green3-4.xls,green,sirloin tender steak,3,48,2.0,4,shear,shear,79,0.156422,111.633
green3-4.xls,green,sirloin tender steak,3,48,2.0,4,shear,shear,80,0.156422,111.633
green3-4.xls,green,sirloin tender steak,3,48,2.0,4,shear,shear,81,0.156422,111.633
green3-4.xls,green,sirloin tender steak,3,48,2.0,4,shear,shear,82,0.156422,111.633
green3-4.xls,green,sirloin tender steak,3,48,2.0,4,shear,shear,83,0.165441,112.739
green3-4.xls,green,sirloin tender steak,3,48,2.0,4,shear,shear,84,0.165441,112.739
green3-4.xls,green,sirloin tender steak,3,48,2.0,4,shear,shear,85,0.165441,112.739
green3-4.xls,green,sirloin tender steak,3,48,2.0,4,shear,shear,86,0.165441,112.739
green3-4.xls,green,sirloin tender steak,3,48,2.0,4,shear,shear,87,0.17454799999999998,113.611
green3-4.xls,green,sirloin tender steak,3,48,2.0,4,shear,shear,88,0.17454799999999998,113.611
green3-4.xls,green,sirloin tender steak,3,48,2.0,4,shear,shear,89,0.17454799999999998,113.611
green3-4.xls,green,sirloin tender steak,3,48,2.0,4,shear,shear,90,0.17454799999999998,113.611
green3-4.xls,green,sirloin tender steak,3,48,2.0,4,shear,shear,91,0.17454699999999998,113.611
green3-4.xls,green,sirloin tender steak,3,48,2.0,4,shear,shear,92,0.183621,112.97
green3-4.xls,green,sirloin tender steak,3,48,2.0,4,shear,shear,93,0.183622,112.97
green3-4.xls,green,sirloin tender steak,3,48,2.0,4,shear,shear,94,0.183622,112.97
green3-4.xls,green,sirloin tender steak,3,48,2.0,4,shear,shear,95,0.183622,112.97
green3-4.xls,green,sirloin tender steak,3,48,2.0,4,shear,shear,96,0.19278199999999998,115.689
green3-4.xls,green,sirloin tender steak,3,48,2.0,4,shear,shear,97,0.19278199999999998,115.689
green3-4.xls,green,sirloin tender steak,3,48,2.0,4,shear,shear,98,0.19278199999999998,115.689
green3-4.xls,green,sirloin tender steak,3,48,2.0,4,shear,shear,99,0.19278199999999998,115.689
green3-5.xls,green,sirloin tender steak,3,48,2.0,5,uniaxial,compression,0,0.9780571,1248.61
green3-5.xls,green,sirloin tender steak,3,48,2.0,5,uniaxial,compression,1,0.9578952,1578.77
green3-5.xls,green,sirloin tender steak,3,48,2.0,5,uniaxial,compression,2,0.9380277,1716.25
green3-5.xls,green,sirloin tender steak,3,48,2.0,5,uniaxial,compression,3,0.9178885999999999,1870.74
green3-5.xls,green,sirloin tender steak,3,48,2.0,5,uniaxial,compression,4,0.8976729999999999,1992.0
green3-5.xls,green,sirloin tender steak,3,48,2.0,5,uniaxial,compression,5,0.877506,2168.78
green3-5.xls,green,sirloin tender steak,3,48,2.0,5,uniaxial,compression,6,0.857649,2273.43
green3-5.xls,green,sirloin tender steak,3,48,2.0,5,uniaxial,compression,7,0.83711,2479.46
green3-5.xls,green,sirloin tender steak,3,48,2.0,5,uniaxial,compression,8,0.817266,2615.09
green3-5.xls,green,sirloin tender steak,3,48,2.0,5,uniaxial,tension,0,1.0266553,1091.37
green3-5.xls,green,sirloin tender steak,3,48,2.0,5,uniaxial,tension,1,1.0516505,491.54
green3-5.xls,green,sirloin tender steak,3,48,2.0,5,uniaxial,tension,2,1.076698,105.17
green3-5.xls,green,sirloin tender steak,3,48,2.0,5,uniaxial,tension,3,1.101679,-51.1797
green3-5.xls,green,sirloin tender steak,3,48,2.0,5,shear,shear,0,0.00100193,31.3759
green3-5.xls,green,sirloin tender steak,3,48,2.0,5,shear,shear,1,0.00100135,31.3759
green3-5.xls,green,sirloin tender steak,3,48,2.0,5,shear,shear,2,0.00100135,31.3759
green3-5.xls,green,sirloin tender steak,3,48,2.0,5,shear,shear,3,0.00100134,31.3759
green3-5.xls,green,sirloin tender steak,3,48,2.0,5,shear,shear,4,0.00100134,31.3759
green3-5.xls,green,sirloin tender steak,3,48,2.0,5,shear,shear,5,0.00986764,93.7551
green3-5.xls,green,sirloin tender steak,3,48,2.0,5,shear,shear,6,0.00986764,93.7551
green3-5.xls,green,sirloin tender steak,3,48,2.0,5,shear,shear,7,0.00986762,93.7551
green3-5.xls,green,sirloin tender steak,3,48,2.0,5,shear,shear,8,0.00986762,93.7551
green3-5.xls,green,sirloin tender steak,3,48,2.0,5,shear,shear,9,0.009867599999999999,93.7551
green3-5.xls,green,sirloin tender steak,3,48,2.0,5,shear,shear,10,0.0203132,197.2
green3-5.xls,green,sirloin tender steak,3,48,2.0,5,shear,shear,11,0.0203132,197.2
green3-5.xls,green,sirloin tender steak,3,48,2.0,5,shear,shear,12,0.0203132,197.2
green3-5.xls,green,sirloin tender steak,3,48,2.0,5,shear,shear,13,0.0203132,197.2
green3-5.xls,green,sirloin tender steak,3,48,2.0,5,shear,shear,14,0.0203132,197.2
green3-5.xls,green,sirloin tender steak,3,48,2.0,5,shear,shear,15,0.0203131,197.2
green3-5.xls,green,sirloin tender steak,3,48,2.0,5,shear,shear,16,0.0307081,247.536
green3-5.xls,green,sirloin tender steak,3,48,2.0,5,shear,shear,17,0.0307081,247.536
green3-5.xls,green,sirloin tender steak,3,48,2.0,5,shear,shear,18,0.0307081,247.536
green3-5.xls,green,sirloin tender steak,3,48,2.0,5,shear,shear,19,0.0307081,247.536
green3-5.xls,green,sirloin tender steak,3,48,2.0,5,shear,shear,20,0.0307081,247.536
green3-5.xls,green,sirloin tender steak,3,48,2.0,5,shear,shear,21,0.0412055,276.228
green3-5.xls,green,sirloin tender steak,3,48,2.0,5,shear,shear,22,0.0412055,276.228
green3-5.xls,green,sirloin tender steak,3,48,2.0,5,shear,shear,23,0.0412055,276.228
green3-5.xls,green,sirloin tender steak,3,48,2.0,5,shear,shear,24,0.0412055,276.228
green3-5.xls,green,sirloin tender steak,3,48,2.0,5,shear,shear,25,0.0412055,276.228
green3-5.xls,green,sirloin tender steak,3,48,2.0,5,shear,shear,26,0.0515718,299.947
green3-5.xls,green,sirloin tender steak,3,48,2.0,5,shear,shear,27,0.0515716,299.947
green3-5.xls,green,sirloin tender steak,3,48,2.0,5,shear,shear,28,0.0515716,299.947
green3-5.xls,green,sirloin tender steak,3,48,2.0,5,shear,shear,29,0.0515717,299.947
green3-5.xls,green,sirloin tender steak,3,48,2.0,5,shear,shear,30,0.0515717,299.947
green3-5.xls,green,sirloin tender steak,3,48,2.0,5,shear,shear,31,0.061958599999999996,317.891
green3-5.xls,green,sirloin tender steak,3,48,2.0,5,shear,shear,32,0.061958599999999996,317.891
green3-5.xls,green,sirloin tender steak,3,48,2.0,5,shear,shear,33,0.061958599999999996,317.891
green3-5.xls,green,sirloin tender steak,3,48,2.0,5,shear,shear,34,0.061958599999999996,317.891
green3-5.xls,green,sirloin tender steak,3,48,2.0,5,shear,shear,35,0.061958599999999996,317.891
green3-5.xls,green,sirloin tender steak,3,48,2.0,5,shear,shear,36,0.0723489,335.816
green3-5.xls,green,sirloin tender steak,3,48,2.0,5,shear,shear,37,0.0723488,335.816
green3-5.xls,green,sirloin tender steak,3,48,2.0,5,shear,shear,38,0.0723488,335.816
green3-5.xls,green,sirloin tender steak,3,48,2.0,5,shear,shear,39,0.0723489,335.816
green3-5.xls,green,sirloin tender steak,3,48,2.0,5,shear,shear,40,0.0723489,335.816
green3-5.xls,green,sirloin tender steak,3,48,2.0,5,shear,shear,41,0.0723488,335.816
green3-5.xls,green,sirloin tender steak,3,48,2.0,5,shear,shear,42,0.0827802,344.031
green3-5.xls,green,sirloin tender steak,3,48,2.0,5,shear,shear,43,0.0827801,344.031
green3-5.xls,green,sirloin tender steak,3,48,2.0,5,shear,shear,44,0.0827801,344.031
green3-5.xls,green,sirloin tender steak,3,48,2.0,5,shear,shear,45,0.0827799,344.031
green3-5.xls,green,sirloin tender steak,3,48,2.0,5,shear,shear,46,0.0827799,344.031
green3-5.xls,green,sirloin tender steak,3,48,2.0,5,shear,shear,47,0.09314059999999999,353.303
green3-5.xls,green,sirloin tender steak,3,48,2.0,5,shear,shear,48,0.09314059999999999,353.303
green3-5.xls,green,sirloin tender steak,3,48,2.0,5,shear,shear,49,0.09314059999999999,353.303
green3-5.xls,green,sirloin tender steak,3,48,2.0,5,shear,shear,50,0.09314059999999999,353.303
green3-5.xls,green,sirloin tender steak,3,48,2.0,5,shear,shear,51,0.09314059999999999,353.303
green3-5.xls,green,sirloin tender steak,3,48,2.0,5,shear,shear,52,0.10353300000000001,358.482
green3-5.xls,green,sirloin tender steak,3,48,2.0,5,shear,shear,53,0.10353300000000001,358.482
green3-5.xls,green,sirloin tender steak,3,48,2.0,5,shear,shear,54,0.10353300000000001,358.482
green3-5.xls,green,sirloin tender steak,3,48,2.0,5,shear,shear,55,0.103532,358.482
green3-5.xls,green,sirloin tender steak,3,48,2.0,5,shear,shear,56,0.103532,358.482
green3-5.xls,green,sirloin tender steak,3,48,2.0,5,shear,shear,57,0.11392300000000001,362.919
green3-5.xls,green,sirloin tender steak,3,48,2.0,5,shear,shear,58,0.113924,362.919
green3-5.xls,green,sirloin tender steak,3,48,2.0,5,shear,shear,59,0.11392300000000001,362.919
green3-5.xls,green,sirloin tender steak,3,48,2.0,5,shear,shear,60,0.11392300000000001,362.919
green3-5.xls,green,sirloin tender steak,3,48,2.0,5,shear,shear,61,0.11392300000000001,362.919
green3-5.xls,green,sirloin tender steak,3,48,2.0,5,shear,shear,62,0.124313,368.881
green3-5.xls,green,sirloin tender steak,3,48,2.0,5,shear,shear,63,0.124313,368.881
green3-5.xls,green,sirloin tender steak,3,48,2.0,5,shear,shear,64,0.124313,368.881
green3-5.xls,green,sirloin tender steak,3,48,2.0,5,shear,shear,65,0.124313,368.881
green3-5.xls,green,sirloin tender steak,3,48,2.0,5,shear,shear,66,0.124313,368.881
green3-5.xls,green,sirloin tender steak,3,48,2.0,5,shear,shear,67,0.134699,376.344
green3-5.xls,green,sirloin tender steak,3,48,2.0,5,shear,shear,68,0.134699,376.344
green3-5.xls,green,sirloin tender steak,3,48,2.0,5,shear,shear,69,0.134699,376.344
green3-5.xls,green,sirloin tender steak,3,48,2.0,5,shear,shear,70,0.134699,376.344
green3-5.xls,green,sirloin tender steak,3,48,2.0,5,shear,shear,71,0.134699,376.344
green3-5.xls,green,sirloin tender steak,3,48,2.0,5,shear,shear,72,0.134699,376.344
green3-5.xls,green,sirloin tender steak,3,48,2.0,5,shear,shear,73,0.145125,379.665
green3-5.xls,green,sirloin tender steak,3,48,2.0,5,shear,shear,74,0.145125,379.665
green3-5.xls,green,sirloin tender steak,3,48,2.0,5,shear,shear,75,0.145125,379.665
green3-5.xls,green,sirloin tender steak,3,48,2.0,5,shear,shear,76,0.145125,379.665
green3-5.xls,green,sirloin tender steak,3,48,2.0,5,shear,shear,77,0.145125,379.665
green3-5.xls,green,sirloin tender steak,3,48,2.0,5,shear,shear,78,0.155493,385.276
green3-5.xls,green,sirloin tender steak,3,48,2.0,5,shear,shear,79,0.155493,385.276
green3-5.xls,green,sirloin tender steak,3,48,2.0,5,shear,shear,80,0.155493,385.276
green3-5.xls,green,sirloin tender steak,3,48,2.0,5,shear,shear,81,0.155493,385.276
green3-5.xls,green,sirloin tender steak,3,48,2.0,5,shear,shear,82,0.155493,385.276
green3-5.xls,green,sirloin tender steak,3,48,2.0,5,shear,shear,83,0.16589099999999998,389.249
green3-5.xls,green,sirloin tender steak,3,48,2.0,5,shear,shear,84,0.16589099999999998,389.249
green3-5.xls,green,sirloin tender steak,3,48,2.0,5,shear,shear,85,0.16589099999999998,389.249
green3-5.xls,green,sirloin tender steak,3,48,2.0,5,shear,shear,86,0.16589099999999998,389.249
green3-5.xls,green,sirloin tender steak,3,48,2.0,5,shear,shear,87,0.16589099999999998,389.249
green3-5.xls,green,sirloin tender steak,3,48,2.0,5,shear,shear,88,0.176333,391.83
green3-5.xls,green,sirloin tender steak,3,48,2.0,5,shear,shear,89,0.176333,391.83
green3-5.xls,green,sirloin tender steak,3,48,2.0,5,shear,shear,90,0.176333,391.83
green3-5.xls,green,sirloin tender steak,3,48,2.0,5,shear,shear,91,0.176333,391.83
green3-5.xls,green,sirloin tender steak,3,48,2.0,5,shear,shear,92,0.176333,391.83
green3-5.xls,green,sirloin tender steak,3,48,2.0,5,shear,shear,93,0.176333,391.83
green3-5.xls,green,sirloin tender steak,3,48,2.0,5,shear,shear,94,0.186738,398.067
green3-5.xls,green,sirloin tender steak,3,48,2.0,5,shear,shear,95,0.186738,398.067
green3-5.xls,green,sirloin tender steak,3,48,2.0,5,shear,shear,96,0.186738,398.067
green3-5.xls,green,sirloin tender steak,3,48,2.0,5,shear,shear,97,0.186738,398.067
green3-5.xls,green,sirloin tender steak,3,48,2.0,5,shear,shear,98,0.186738,398.067
green3-5.xls,green,sirloin tender steak,3,48,2.0,5,shear,shear,99,0.197054,398.504
red1-1.xls,red,new york strip steak,1,0,0.0,1,uniaxial,compression,0,0.9782455,973.143
red1-1.xls,red,new york strip steak,1,0,0.0,1,uniaxial,compression,1,0.9578364,1120.56
red1-1.xls,red,new york strip steak,1,0,0.0,1,uniaxial,compression,2,0.9383182,1234.08
red1-1.xls,red,new york strip steak,1,0,0.0,1,uniaxial,compression,3,0.9178545,1316.69
red1-1.xls,red,new york strip steak,1,0,0.0,1,uniaxial,compression,4,0.897824,1450.62
red1-1.xls,red,new york strip steak,1,0,0.0,1,uniaxial,compression,5,0.87753,1548.62
red1-1.xls,red,new york strip steak,1,0,0.0,1,uniaxial,compression,6,0.857486,1723.52
red1-1.xls,red,new york strip steak,1,0,0.0,1,uniaxial,compression,7,0.837435,1858.71
red1-1.xls,red,new york strip steak,1,0,0.0,1,uniaxial,compression,8,0.817503,2112.38
red1-1.xls,red,new york strip steak,1,0,0.0,1,uniaxial,tension,0,1.0264786,1037.08
red1-1.xls,red,new york strip steak,1,0,0.0,1,uniaxial,tension,1,1.0519206,227.126
red1-1.xls,red,new york strip steak,1,0,0.0,1,uniaxial,tension,2,1.0765692,41.2528
red1-1.xls,red,new york strip steak,1,0,0.0,1,uniaxial,tension,3,1.102009,-138.758
red1-1.xls,red,new york strip steak,1,0,0.0,1,shear,shear,0,-0.00445599,5.78178
red1-1.xls,red,new york strip steak,1,0,0.0,1,shear,shear,1,-0.0044535799999999995,5.78178
red1-1.xls,red,new york strip steak,1,0,0.0,1,shear,shear,2,0.00411022,35.6817
red1-1.xls,red,new york strip steak,1,0,0.0,1,shear,shear,3,0.0041102,35.6817
red1-1.xls,red,new york strip steak,1,0,0.0,1,shear,shear,4,0.0041102,35.6817
red1-1.xls,red,new york strip steak,1,0,0.0,1,shear,shear,5,0.00411018,35.6817
red1-1.xls,red,new york strip steak,1,0,0.0,1,shear,shear,6,0.00411017,35.6817
red1-1.xls,red,new york strip steak,1,0,0.0,1,shear,shear,7,0.0138864,96.0799
red1-1.xls,red,new york strip steak,1,0,0.0,1,shear,shear,8,0.0138864,96.0799
red1-1.xls,red,new york strip steak,1,0,0.0,1,shear,shear,9,0.0138864,96.0799
red1-1.xls,red,new york strip steak,1,0,0.0,1,shear,shear,10,0.0138864,96.0799
red1-1.xls,red,new york strip steak,1,0,0.0,1,shear,shear,11,0.0138864,96.0799
red1-1.xls,red,new york strip steak,1,0,0.0,1,shear,shear,12,0.023806400000000002,171.322
red1-1.xls,red,new york strip steak,1,0,0.0,1,shear,shear,13,0.023806400000000002,171.322
red1-1.xls,red,new york strip steak,1,0,0.0,1,shear,shear,14,0.023806400000000002,171.322
red1-1.xls,red,new york strip steak,1,0,0.0,1,shear,shear,15,0.023806400000000002,171.322
red1-1.xls,red,new york strip steak,1,0,0.0,1,shear,shear,16,0.023806400000000002,171.322
red1-1.xls,red,new york strip steak,1,0,0.0,1,shear,shear,17,0.0337716,219.266
red1-1.xls,red,new york strip steak,1,0,0.0,1,shear,shear,18,0.0337716,219.266
red1-1.xls,red,new york strip steak,1,0,0.0,1,shear,shear,19,0.033771499999999996,219.266
red1-1.xls,red,new york strip steak,1,0,0.0,1,shear,shear,20,0.033771499999999996,219.266
red1-1.xls,red,new york strip steak,1,0,0.0,1,shear,shear,21,0.033771499999999996,219.266
red1-1.xls,red,new york strip steak,1,0,0.0,1,shear,shear,22,0.0437002,255.93
red1-1.xls,red,new york strip steak,1,0,0.0,1,shear,shear,23,0.0437001,255.93
red1-1.xls,red,new york strip steak,1,0,0.0,1,shear,shear,24,0.0437001,255.93
red1-1.xls,red,new york strip steak,1,0,0.0,1,shear,shear,25,0.0437001,255.93
red1-1.xls,red,new york strip steak,1,0,0.0,1,shear,shear,26,0.0437001,255.93
red1-1.xls,red,new york strip steak,1,0,0.0,1,shear,shear,27,0.0536386,285.027
red1-1.xls,red,new york strip steak,1,0,0.0,1,shear,shear,28,0.0536386,285.027
red1-1.xls,red,new york strip steak,1,0,0.0,1,shear,shear,29,0.0536386,285.027
red1-1.xls,red,new york strip steak,1,0,0.0,1,shear,shear,30,0.0536386,285.027
red1-1.xls,red,new york strip steak,1,0,0.0,1,shear,shear,31,0.0536386,285.027
red1-1.xls,red,new york strip steak,1,0,0.0,1,shear,shear,32,0.0636034,307.582
red1-1.xls,red,new york strip steak,1,0,0.0,1,shear,shear,33,0.0636034,307.582
red1-1.xls,red,new york strip steak,1,0,0.0,1,shear,shear,34,0.0636034,307.582
red1-1.xls,red,new york strip steak,1,0,0.0,1,shear,shear,35,0.0636034,307.582
red1-1.xls,red,new york strip steak,1,0,0.0,1,shear,shear,36,0.0636034,307.582
red1-1.xls,red,new york strip steak,1,0,0.0,1,shear,shear,37,0.0735519,324.946
red1-1.xls,red,new york strip steak,1,0,0.0,1,shear,shear,38,0.0735519,324.946
red1-1.xls,red,new york strip steak,1,0,0.0,1,shear,shear,39,0.0735519,324.946
red1-1.xls,red,new york strip steak,1,0,0.0,1,shear,shear,40,0.0735519,324.946
red1-1.xls,red,new york strip steak,1,0,0.0,1,shear,shear,41,0.0735518,324.946
red1-1.xls,red,new york strip steak,1,0,0.0,1,shear,shear,42,0.0834277,340.554
red1-1.xls,red,new york strip steak,1,0,0.0,1,shear,shear,43,0.0834277,340.554
red1-1.xls,red,new york strip steak,1,0,0.0,1,shear,shear,44,0.0834277,340.554
red1-1.xls,red,new york strip steak,1,0,0.0,1,shear,shear,45,0.0834277,340.554
red1-1.xls,red,new york strip steak,1,0,0.0,1,shear,shear,46,0.0834277,340.554
red1-1.xls,red,new york strip steak,1,0,0.0,1,shear,shear,47,0.0934333,353.728
red1-1.xls,red,new york strip steak,1,0,0.0,1,shear,shear,48,0.0934333,353.728
red1-1.xls,red,new york strip steak,1,0,0.0,1,shear,shear,49,0.0934334,353.728
red1-1.xls,red,new york strip steak,1,0,0.0,1,shear,shear,50,0.0934334,353.728
red1-1.xls,red,new york strip steak,1,0,0.0,1,shear,shear,51,0.09343320000000001,353.728
red1-1.xls,red,new york strip steak,1,0,0.0,1,shear,shear,52,0.103276,363.122
red1-1.xls,red,new york strip steak,1,0,0.0,1,shear,shear,53,0.103276,363.122
red1-1.xls,red,new york strip steak,1,0,0.0,1,shear,shear,54,0.103276,363.122
red1-1.xls,red,new york strip steak,1,0,0.0,1,shear,shear,55,0.103276,363.122
red1-1.xls,red,new york strip steak,1,0,0.0,1,shear,shear,56,0.103276,363.122
red1-1.xls,red,new york strip steak,1,0,0.0,1,shear,shear,57,0.113236,371.581
red1-1.xls,red,new york strip steak,1,0,0.0,1,shear,shear,58,0.113236,371.581
red1-1.xls,red,new york strip steak,1,0,0.0,1,shear,shear,59,0.113236,371.581
red1-1.xls,red,new york strip steak,1,0,0.0,1,shear,shear,60,0.113236,371.581
red1-1.xls,red,new york strip steak,1,0,0.0,1,shear,shear,61,0.113236,371.581
red1-1.xls,red,new york strip steak,1,0,0.0,1,shear,shear,62,0.123116,377.335
red1-1.xls,red,new york strip steak,1,0,0.0,1,shear,shear,63,0.123116,377.335
red1-1.xls,red,new york strip steak,1,0,0.0,1,shear,shear,64,0.123116,377.335
red1-1.xls,red,new york strip steak,1,0,0.0,1,shear,shear,65,0.123116,377.335
red1-1.xls,red,new york strip steak,1,0,0.0,1,shear,shear,66,0.123116,377.335
red1-1.xls,red,new york strip steak,1,0,0.0,1,shear,shear,67,0.133036,383.095
red1-1.xls,red,new york strip steak,1,0,0.0,1,shear,shear,68,0.133036,383.095
red1-1.xls,red,new york strip steak,1,0,0.0,1,shear,shear,69,0.133036,383.095
red1-1.xls,red,new york strip steak,1,0,0.0,1,shear,shear,70,0.133036,383.095
red1-1.xls,red,new york strip steak,1,0,0.0,1,shear,shear,71,0.133036,383.095
red1-1.xls,red,new york strip steak,1,0,0.0,1,shear,shear,72,0.142944,387.255
red1-1.xls,red,new york strip steak,1,0,0.0,1,shear,shear,73,0.142944,387.255
red1-1.xls,red,new york strip steak,1,0,0.0,1,shear,shear,74,0.142944,387.255
red1-1.xls,red,new york strip steak,1,0,0.0,1,shear,shear,75,0.142944,387.255
red1-1.xls,red,new york strip steak,1,0,0.0,1,shear,shear,76,0.142944,387.255
red1-1.xls,red,new york strip steak,1,0,0.0,1,shear,shear,77,0.152867,392.964
red1-1.xls,red,new york strip steak,1,0,0.0,1,shear,shear,78,0.152867,392.964
red1-1.xls,red,new york strip steak,1,0,0.0,1,shear,shear,79,0.152867,392.964
red1-1.xls,red,new york strip steak,1,0,0.0,1,shear,shear,80,0.152867,392.964
red1-1.xls,red,new york strip steak,1,0,0.0,1,shear,shear,81,0.152868,392.964
red1-1.xls,red,new york strip steak,1,0,0.0,1,shear,shear,82,0.162791,397.462
red1-1.xls,red,new york strip steak,1,0,0.0,1,shear,shear,83,0.162792,397.462
red1-1.xls,red,new york strip steak,1,0,0.0,1,shear,shear,84,0.162792,397.462
red1-1.xls,red,new york strip steak,1,0,0.0,1,shear,shear,85,0.162792,397.462
red1-1.xls,red,new york strip steak,1,0,0.0,1,shear,shear,86,0.162792,397.462
red1-1.xls,red,new york strip steak,1,0,0.0,1,shear,shear,87,0.17272500000000002,403.191
red1-1.xls,red,new york strip steak,1,0,0.0,1,shear,shear,88,0.17272500000000002,403.191
red1-1.xls,red,new york strip steak,1,0,0.0,1,shear,shear,89,0.17272500000000002,403.191
red1-1.xls,red,new york strip steak,1,0,0.0,1,shear,shear,90,0.17272500000000002,403.191
red1-1.xls,red,new york strip steak,1,0,0.0,1,shear,shear,91,0.17272500000000002,403.191
red1-1.xls,red,new york strip steak,1,0,0.0,1,shear,shear,92,0.18263300000000002,407.063
red1-1.xls,red,new york strip steak,1,0,0.0,1,shear,shear,93,0.18263300000000002,407.063
red1-1.xls,red,new york strip steak,1,0,0.0,1,shear,shear,94,0.18263300000000002,407.063
red1-1.xls,red,new york strip steak,1,0,0.0,1,shear,shear,95,0.18263200000000002,407.063
red1-1.xls,red,new york strip steak,1,0,0.0,1,shear,shear,96,0.192584,411.764
red1-1.xls,red,new york strip steak,1,0,0.0,1,shear,shear,97,0.192585,411.764
red1-1.xls,red,new york strip steak,1,0,0.0,1,shear,shear,98,0.192585,411.764
red1-1.xls,red,new york strip steak,1,0,0.0,1,shear,shear,99,0.192584,411.764
red1-2.xls,red,new york strip steak,1,0,0.0,2,uniaxial,compression,0,0.9784637,421.269
red1-2.xls,red,new york strip steak,1,0,0.0,2,uniaxial,compression,1,0.9580454,517.415
red1-2.xls,red,new york strip steak,1,0,0.0,2,uniaxial,compression,2,0.9381454,583.557
red1-2.xls,red,new york strip steak,1,0,0.0,2,uniaxial,compression,3,0.9180727,649.686
red1-2.xls,red,new york strip steak,1,0,0.0,2,uniaxial,compression,4,0.898031,705.944
red1-2.xls,red,new york strip steak,1,0,0.0,2,uniaxial,compression,5,0.87776,824.037
red1-2.xls,red,new york strip steak,1,0,0.0,2,uniaxial,compression,6,0.857706,890.989
red1-2.xls,red,new york strip steak,1,0,0.0,2,uniaxial,compression,7,0.837643,1024.32
red1-2.xls,red,new york strip steak,1,0,0.0,2,uniaxial,compression,8,0.817735,1225.39
red1-2.xls,red,new york strip steak,1,0,0.0,2,uniaxial,tension,0,1.0262007,498.869
red1-2.xls,red,new york strip steak,1,0,0.0,2,uniaxial,tension,1,1.0512714,183.268
red1-2.xls,red,new york strip steak,1,0,0.0,2,uniaxial,tension,2,1.0768515,-6.3611
red1-2.xls,red,new york strip steak,1,0,0.0,2,uniaxial,tension,3,1.101758,-49.2085
red1-2.xls,red,new york strip steak,1,0,0.0,2,shear,shear,0,0.00018854699999999998,18.2259
red1-2.xls,red,new york strip steak,1,0,0.0,2,shear,shear,1,0.00018854699999999998,18.2259
red1-2.xls,red,new york strip steak,1,0,0.0,2,shear,shear,2,0.000188546,18.2259
red1-2.xls,red,new york strip steak,1,0,0.0,2,shear,shear,3,0.000188546,18.2259
red1-2.xls,red,new york strip steak,1,0,0.0,2,shear,shear,4,0.000188545,18.2259
red1-2.xls,red,new york strip steak,1,0,0.0,2,shear,shear,5,0.009769710000000001,33.7443
red1-2.xls,red,new york strip steak,1,0,0.0,2,shear,shear,6,0.00976969,33.7443
red1-2.xls,red,new york strip steak,1,0,0.0,2,shear,shear,7,0.00976969,33.7443
red1-2.xls,red,new york strip steak,1,0,0.0,2,shear,shear,8,0.00976968,33.7443
red1-2.xls,red,new york strip steak,1,0,0.0,2,shear,shear,9,0.00976968,33.7443
red1-2.xls,red,new york strip steak,1,0,0.0,2,shear,shear,10,0.0197698,92.1884
red1-2.xls,red,new york strip steak,1,0,0.0,2,shear,shear,11,0.0197698,92.1884
red1-2.xls,red,new york strip steak,1,0,0.0,2,shear,shear,12,0.0197698,92.1884
red1-2.xls,red,new york strip steak,1,0,0.0,2,shear,shear,13,0.0197698,92.1884
red1-2.xls,red,new york strip steak,1,0,0.0,2,shear,shear,14,0.0197698,92.1884
red1-2.xls,red,new york strip steak,1,0,0.0,2,shear,shear,15,0.0296493,124.636
red1-2.xls,red,new york strip steak,1,0,0.0,2,shear,shear,16,0.0296493,124.636
red1-2.xls,red,new york strip steak,1,0,0.0,2,shear,shear,17,0.0296492,124.636
red1-2.xls,red,new york strip steak,1,0,0.0,2,shear,shear,18,0.0296492,124.636
red1-2.xls,red,new york strip steak,1,0,0.0,2,shear,shear,19,0.0296492,124.636
red1-2.xls,red,new york strip steak,1,0,0.0,2,shear,shear,20,0.0396463,147.659
red1-2.xls,red,new york strip steak,1,0,0.0,2,shear,shear,21,0.0396463,147.659
red1-2.xls,red,new york strip steak,1,0,0.0,2,shear,shear,22,0.0396463,147.659
red1-2.xls,red,new york strip steak,1,0,0.0,2,shear,shear,23,0.0396463,147.659
red1-2.xls,red,new york strip steak,1,0,0.0,2,shear,shear,24,0.0396463,147.659
red1-2.xls,red,new york strip steak,1,0,0.0,2,shear,shear,25,0.0495442,165.288
red1-2.xls,red,new york strip steak,1,0,0.0,2,shear,shear,26,0.0495442,165.288
red1-2.xls,red,new york strip steak,1,0,0.0,2,shear,shear,27,0.0495442,165.288
red1-2.xls,red,new york strip steak,1,0,0.0,2,shear,shear,28,0.0495442,165.288
red1-2.xls,red,new york strip steak,1,0,0.0,2,shear,shear,29,0.049544,165.288
red1-2.xls,red,new york strip steak,1,0,0.0,2,shear,shear,30,0.059487899999999996,178.611
red1-2.xls,red,new york strip steak,1,0,0.0,2,shear,shear,31,0.059487899999999996,178.611
red1-2.xls,red,new york strip steak,1,0,0.0,2,shear,shear,32,0.059487899999999996,178.611
red1-2.xls,red,new york strip steak,1,0,0.0,2,shear,shear,33,0.059487899999999996,178.611
red1-2.xls,red,new york strip steak,1,0,0.0,2,shear,shear,34,0.059487899999999996,178.611
red1-2.xls,red,new york strip steak,1,0,0.0,2,shear,shear,35,0.0694183,185.961
red1-2.xls,red,new york strip steak,1,0,0.0,2,shear,shear,36,0.0694183,185.961
red1-2.xls,red,new york strip steak,1,0,0.0,2,shear,shear,37,0.0694183,185.961
red1-2.xls,red,new york strip steak,1,0,0.0,2,shear,shear,38,0.0694183,185.961
red1-2.xls,red,new york strip steak,1,0,0.0,2,shear,shear,39,0.0694183,185.961
red1-2.xls,red,new york strip steak,1,0,0.0,2,shear,shear,40,0.0793451,194.479
red1-2.xls,red,new york strip steak,1,0,0.0,2,shear,shear,41,0.0793451,194.479
red1-2.xls,red,new york strip steak,1,0,0.0,2,shear,shear,42,0.0793451,194.479
red1-2.xls,red,new york strip steak,1,0,0.0,2,shear,shear,43,0.0793451,194.479
red1-2.xls,red,new york strip steak,1,0,0.0,2,shear,shear,44,0.0793451,194.479
red1-2.xls,red,new york strip steak,1,0,0.0,2,shear,shear,45,0.0893159,201.037
red1-2.xls,red,new york strip steak,1,0,0.0,2,shear,shear,46,0.0893159,201.037
red1-2.xls,red,new york strip steak,1,0,0.0,2,shear,shear,47,0.0893158,201.037
red1-2.xls,red,new york strip steak,1,0,0.0,2,shear,shear,48,0.0893158,201.037
red1-2.xls,red,new york strip steak,1,0,0.0,2,shear,shear,49,0.0893158,201.037
red1-2.xls,red,new york strip steak,1,0,0.0,2,shear,shear,50,0.09916140000000001,206.091
red1-2.xls,red,new york strip steak,1,0,0.0,2,shear,shear,51,0.09916140000000001,206.091
red1-2.xls,red,new york strip steak,1,0,0.0,2,shear,shear,52,0.09916140000000001,206.091
red1-2.xls,red,new york strip steak,1,0,0.0,2,shear,shear,53,0.09916140000000001,206.091
red1-2.xls,red,new york strip steak,1,0,0.0,2,shear,shear,54,0.09916140000000001,206.091
red1-2.xls,red,new york strip steak,1,0,0.0,2,shear,shear,55,0.109153,212.835
red1-2.xls,red,new york strip steak,1,0,0.0,2,shear,shear,56,0.109153,212.835
red1-2.xls,red,new york strip steak,1,0,0.0,2,shear,shear,57,0.109153,212.835
red1-2.xls,red,new york strip steak,1,0,0.0,2,shear,shear,58,0.109153,212.835
red1-2.xls,red,new york strip steak,1,0,0.0,2,shear,shear,59,0.109153,212.835
red1-2.xls,red,new york strip steak,1,0,0.0,2,shear,shear,60,0.119042,217.254
red1-2.xls,red,new york strip steak,1,0,0.0,2,shear,shear,61,0.119042,217.254
red1-2.xls,red,new york strip steak,1,0,0.0,2,shear,shear,62,0.119042,217.254
red1-2.xls,red,new york strip steak,1,0,0.0,2,shear,shear,63,0.119042,217.254
red1-2.xls,red,new york strip steak,1,0,0.0,2,shear,shear,64,0.119042,217.254
red1-2.xls,red,new york strip steak,1,0,0.0,2,shear,shear,65,0.12893100000000002,218.505
red1-2.xls,red,new york strip steak,1,0,0.0,2,shear,shear,66,0.12893100000000002,218.505
red1-2.xls,red,new york strip steak,1,0,0.0,2,shear,shear,67,0.12893000000000002,218.505
red1-2.xls,red,new york strip steak,1,0,0.0,2,shear,shear,68,0.12893000000000002,218.505
red1-2.xls,red,new york strip steak,1,0,0.0,2,shear,shear,69,0.138868,222.303
red1-2.xls,red,new york strip steak,1,0,0.0,2,shear,shear,70,0.138868,222.303
red1-2.xls,red,new york strip steak,1,0,0.0,2,shear,shear,71,0.138868,222.303
red1-2.xls,red,new york strip steak,1,0,0.0,2,shear,shear,72,0.138868,222.303
red1-2.xls,red,new york strip steak,1,0,0.0,2,shear,shear,73,0.138868,222.303
red1-2.xls,red,new york strip steak,1,0,0.0,2,shear,shear,74,0.14876,225.884
red1-2.xls,red,new york strip steak,1,0,0.0,2,shear,shear,75,0.14876,225.884
red1-2.xls,red,new york strip steak,1,0,0.0,2,shear,shear,76,0.14876,225.884
red1-2.xls,red,new york strip steak,1,0,0.0,2,shear,shear,77,0.14876,225.884
red1-2.xls,red,new york strip steak,1,0,0.0,2,shear,shear,78,0.14876,225.884
red1-2.xls,red,new york strip steak,1,0,0.0,2,shear,shear,79,0.158702,227.621
red1-2.xls,red,new york strip steak,1,0,0.0,2,shear,shear,80,0.158702,227.621
red1-2.xls,red,new york strip steak,1,0,0.0,2,shear,shear,81,0.158702,227.621
red1-2.xls,red,new york strip steak,1,0,0.0,2,shear,shear,82,0.158702,227.621
red1-2.xls,red,new york strip steak,1,0,0.0,2,shear,shear,83,0.158702,227.621
red1-2.xls,red,new york strip steak,1,0,0.0,2,shear,shear,84,0.168613,229.721
red1-2.xls,red,new york strip steak,1,0,0.0,2,shear,shear,85,0.168613,229.721
red1-2.xls,red,new york strip steak,1,0,0.0,2,shear,shear,86,0.168613,229.721
red1-2.xls,red,new york strip steak,1,0,0.0,2,shear,shear,87,0.168613,229.721
red1-2.xls,red,new york strip steak,1,0,0.0,2,shear,shear,88,0.168613,229.721
red1-2.xls,red,new york strip steak,1,0,0.0,2,shear,shear,89,0.17854,230.161
red1-2.xls,red,new york strip steak,1,0,0.0,2,shear,shear,90,0.17854,230.161
red1-2.xls,red,new york strip steak,1,0,0.0,2,shear,shear,91,0.17854,230.161
red1-2.xls,red,new york strip steak,1,0,0.0,2,shear,shear,92,0.17854,230.161
red1-2.xls,red,new york strip steak,1,0,0.0,2,shear,shear,93,0.17854,230.161
red1-2.xls,red,new york strip steak,1,0,0.0,2,shear,shear,94,0.188467,232.542
red1-2.xls,red,new york strip steak,1,0,0.0,2,shear,shear,95,0.188467,232.542
red1-2.xls,red,new york strip steak,1,0,0.0,2,shear,shear,96,0.188467,232.542
red1-2.xls,red,new york strip steak,1,0,0.0,2,shear,shear,97,0.188467,232.542
red1-2.xls,red,new york strip steak,1,0,0.0,2,shear,shear,98,0.188467,232.542
red1-2.xls,red,new york strip steak,1,0,0.0,2,shear,shear,99,0.19837,231.513
red1-3.xls,red,new york strip steak,1,0,0.0,3,uniaxial,compression,0,0.9782,460.145
red1-3.xls,red,new york strip steak,1,0,0.0,3,uniaxial,compression,1,0.9581652,721.04
red1-3.xls,red,new york strip steak,1,0,0.0,3,uniaxial,compression,2,0.9373652,838.629
red1-3.xls,red,new york strip steak,1,0,0.0,3,uniaxial,compression,3,0.9174348,993.948
red1-3.xls,red,new york strip steak,1,0,0.0,3,uniaxial,compression,4,0.897078,1090.5
red1-3.xls,red,new york strip steak,1,0,0.0,3,uniaxial,compression,5,0.877087,1269.43
red1-3.xls,red,new york strip steak,1,0,0.0,3,uniaxial,compression,6,0.857037,1376.51
red1-3.xls,red,new york strip steak,1,0,0.0,3,uniaxial,compression,7,0.836631,1592.02
red1-3.xls,red,new york strip steak,1,0,0.0,3,uniaxial,compression,8,0.816577,1743.94
red1-3.xls,red,new york strip steak,1,0,0.0,3,uniaxial,tension,0,1.0265202,661.703
red1-3.xls,red,new york strip steak,1,0,0.0,3,uniaxial,tension,1,1.0515477,220.07
red1-3.xls,red,new york strip steak,1,0,0.0,3,uniaxial,tension,2,1.0771134,-88.1684
red1-3.xls,red,new york strip steak,1,0,0.0,3,uniaxial,tension,3,1.102228,-179.159
red1-3.xls,red,new york strip steak,1,0,0.0,3,shear,shear,0,0.000752092,54.5413
red1-3.xls,red,new york strip steak,1,0,0.0,3,shear,shear,1,0.0007517359999999999,54.5413
red1-3.xls,red,new york strip steak,1,0,0.0,3,shear,shear,2,0.0007517359999999999,54.5413
red1-3.xls,red,new york strip steak,1,0,0.0,3,shear,shear,3,0.000751729,54.5413
red1-3.xls,red,new york strip steak,1,0,0.0,3,shear,shear,4,0.000751729,54.5413
red1-3.xls,red,new york strip steak,1,0,0.0,3,shear,shear,5,0.00967931,69.981
red1-3.xls,red,new york strip steak,1,0,0.0,3,shear,shear,6,0.00967931,69.981
red1-3.xls,red,new york strip steak,1,0,0.0,3,shear,shear,7,0.00967931,69.981
red1-3.xls,red,new york strip steak,1,0,0.0,3,shear,shear,8,0.00967931,69.981
red1-3.xls,red,new york strip steak,1,0,0.0,3,shear,shear,9,0.00967931,69.981
red1-3.xls,red,new york strip steak,1,0,0.0,3,shear,shear,10,0.019153299999999998,146.678
red1-3.xls,red,new york strip steak,1,0,0.0,3,shear,shear,11,0.019153299999999998,146.678
red1-3.xls,red,new york strip steak,1,0,0.0,3,shear,shear,12,0.019153299999999998,146.678
red1-3.xls,red,new york strip steak,1,0,0.0,3,shear,shear,13,0.0191532,146.678
red1-3.xls,red,new york strip steak,1,0,0.0,3,shear,shear,14,0.0285953,188.26
red1-3.xls,red,new york strip steak,1,0,0.0,3,shear,shear,15,0.0285953,188.26
red1-3.xls,red,new york strip steak,1,0,0.0,3,shear,shear,16,0.0285953,188.26
red1-3.xls,red,new york strip steak,1,0,0.0,3,shear,shear,17,0.0285953,188.26
red1-3.xls,red,new york strip steak,1,0,0.0,3,shear,shear,18,0.0285953,188.26
red1-3.xls,red,new york strip steak,1,0,0.0,3,shear,shear,19,0.0381034,217.66
red1-3.xls,red,new york strip steak,1,0,0.0,3,shear,shear,20,0.0381034,217.66
red1-3.xls,red,new york strip steak,1,0,0.0,3,shear,shear,21,0.0381034,217.66
red1-3.xls,red,new york strip steak,1,0,0.0,3,shear,shear,22,0.0381034,217.66
red1-3.xls,red,new york strip steak,1,0,0.0,3,shear,shear,23,0.0475902,239.725
red1-3.xls,red,new york strip steak,1,0,0.0,3,shear,shear,24,0.0475902,239.725
red1-3.xls,red,new york strip steak,1,0,0.0,3,shear,shear,25,0.0475902,239.725
red1-3.xls,red,new york strip steak,1,0,0.0,3,shear,shear,26,0.0475902,239.725
red1-3.xls,red,new york strip steak,1,0,0.0,3,shear,shear,27,0.0475902,239.725
red1-3.xls,red,new york strip steak,1,0,0.0,3,shear,shear,28,0.0475902,239.725
red1-3.xls,red,new york strip steak,1,0,0.0,3,shear,shear,29,0.0571254,257.858
red1-3.xls,red,new york strip steak,1,0,0.0,3,shear,shear,30,0.0571254,257.858
red1-3.xls,red,new york strip steak,1,0,0.0,3,shear,shear,31,0.0571254,257.858
red1-3.xls,red,new york strip steak,1,0,0.0,3,shear,shear,32,0.0571254,257.858
red1-3.xls,red,new york strip steak,1,0,0.0,3,shear,shear,33,0.0665849,271.812
red1-3.xls,red,new york strip steak,1,0,0.0,3,shear,shear,34,0.0665849,271.812
red1-3.xls,red,new york strip steak,1,0,0.0,3,shear,shear,35,0.0665849,271.812
red1-3.xls,red,new york strip steak,1,0,0.0,3,shear,shear,36,0.0665849,271.812
red1-3.xls,red,new york strip steak,1,0,0.0,3,shear,shear,37,0.0665849,271.812
red1-3.xls,red,new york strip steak,1,0,0.0,3,shear,shear,38,0.07613260000000001,284.506
red1-3.xls,red,new york strip steak,1,0,0.0,3,shear,shear,39,0.07613260000000001,284.506
red1-3.xls,red,new york strip steak,1,0,0.0,3,shear,shear,40,0.07613260000000001,284.506
red1-3.xls,red,new york strip steak,1,0,0.0,3,shear,shear,41,0.07613260000000001,284.506
red1-3.xls,red,new york strip steak,1,0,0.0,3,shear,shear,42,0.07613260000000001,284.506
red1-3.xls,red,new york strip steak,1,0,0.0,3,shear,shear,43,0.0855892,294.95
red1-3.xls,red,new york strip steak,1,0,0.0,3,shear,shear,44,0.0855892,294.95
red1-3.xls,red,new york strip steak,1,0,0.0,3,shear,shear,45,0.0855892,294.95
red1-3.xls,red,new york strip steak,1,0,0.0,3,shear,shear,46,0.0855892,294.95
red1-3.xls,red,new york strip steak,1,0,0.0,3,shear,shear,47,0.0855892,294.95
red1-3.xls,red,new york strip steak,1,0,0.0,3,shear,shear,48,0.0950574,304.246
red1-3.xls,red,new york strip steak,1,0,0.0,3,shear,shear,49,0.0950574,304.246
red1-3.xls,red,new york strip steak,1,0,0.0,3,shear,shear,50,0.0950574,304.246
red1-3.xls,red,new york strip steak,1,0,0.0,3,shear,shear,51,0.0950574,304.246
red1-3.xls,red,new york strip steak,1,0,0.0,3,shear,shear,52,0.10454599999999999,311.404
red1-3.xls,red,new york strip steak,1,0,0.0,3,shear,shear,53,0.10454599999999999,311.404
red1-3.xls,red,new york strip steak,1,0,0.0,3,shear,shear,54,0.10454599999999999,311.404
red1-3.xls,red,new york strip steak,1,0,0.0,3,shear,shear,55,0.10454599999999999,311.404
red1-3.xls,red,new york strip steak,1,0,0.0,3,shear,shear,56,0.10454599999999999,311.404
red1-3.xls,red,new york strip steak,1,0,0.0,3,shear,shear,57,0.114093,317.539
red1-3.xls,red,new york strip steak,1,0,0.0,3,shear,shear,58,0.114093,317.539
red1-3.xls,red,new york strip steak,1,0,0.0,3,shear,shear,59,0.114093,317.539
red1-3.xls,red,new york strip steak,1,0,0.0,3,shear,shear,60,0.114093,317.539
red1-3.xls,red,new york strip steak,1,0,0.0,3,shear,shear,61,0.114093,317.539
red1-3.xls,red,new york strip steak,1,0,0.0,3,shear,shear,62,0.12353,320.07
red1-3.xls,red,new york strip steak,1,0,0.0,3,shear,shear,63,0.12353,320.07
red1-3.xls,red,new york strip steak,1,0,0.0,3,shear,shear,64,0.12353,320.07
red1-3.xls,red,new york strip steak,1,0,0.0,3,shear,shear,65,0.12353,320.07
red1-3.xls,red,new york strip steak,1,0,0.0,3,shear,shear,66,0.12353,320.07
red1-3.xls,red,new york strip steak,1,0,0.0,3,shear,shear,67,0.133022,324.39
red1-3.xls,red,new york strip steak,1,0,0.0,3,shear,shear,68,0.133022,324.39
red1-3.xls,red,new york strip steak,1,0,0.0,3,shear,shear,69,0.133022,324.39
red1-3.xls,red,new york strip steak,1,0,0.0,3,shear,shear,70,0.133022,324.39
red1-3.xls,red,new york strip steak,1,0,0.0,3,shear,shear,71,0.142477,328.82
red1-3.xls,red,new york strip steak,1,0,0.0,3,shear,shear,72,0.142477,328.82
red1-3.xls,red,new york strip steak,1,0,0.0,3,shear,shear,73,0.142477,328.82
red1-3.xls,red,new york strip steak,1,0,0.0,3,shear,shear,74,0.142477,328.82
red1-3.xls,red,new york strip steak,1,0,0.0,3,shear,shear,75,0.142477,328.82
red1-3.xls,red,new york strip steak,1,0,0.0,3,shear,shear,76,0.151982,330.472
red1-3.xls,red,new york strip steak,1,0,0.0,3,shear,shear,77,0.151982,330.472
red1-3.xls,red,new york strip steak,1,0,0.0,3,shear,shear,78,0.151982,330.472
red1-3.xls,red,new york strip steak,1,0,0.0,3,shear,shear,79,0.151982,330.472
red1-3.xls,red,new york strip steak,1,0,0.0,3,shear,shear,80,0.151982,330.472
red1-3.xls,red,new york strip steak,1,0,0.0,3,shear,shear,81,0.161464,329.745
red1-3.xls,red,new york strip steak,1,0,0.0,3,shear,shear,82,0.161464,329.745
red1-3.xls,red,new york strip steak,1,0,0.0,3,shear,shear,83,0.161464,329.745
red1-3.xls,red,new york strip steak,1,0,0.0,3,shear,shear,84,0.161464,329.745
red1-3.xls,red,new york strip steak,1,0,0.0,3,shear,shear,85,0.161464,329.745
red1-3.xls,red,new york strip steak,1,0,0.0,3,shear,shear,86,0.170982,331.217
red1-3.xls,red,new york strip steak,1,0,0.0,3,shear,shear,87,0.170982,331.217
red1-3.xls,red,new york strip steak,1,0,0.0,3,shear,shear,88,0.170982,331.217
red1-3.xls,red,new york strip steak,1,0,0.0,3,shear,shear,89,0.170982,331.217
red1-3.xls,red,new york strip steak,1,0,0.0,3,shear,shear,90,0.180453,333.04
red1-3.xls,red,new york strip steak,1,0,0.0,3,shear,shear,91,0.180453,333.04
red1-3.xls,red,new york strip steak,1,0,0.0,3,shear,shear,92,0.180453,333.04
red1-3.xls,red,new york strip steak,1,0,0.0,3,shear,shear,93,0.180453,333.04
red1-3.xls,red,new york strip steak,1,0,0.0,3,shear,shear,94,0.180453,333.04
red1-3.xls,red,new york strip steak,1,0,0.0,3,shear,shear,95,0.18996500000000002,336.768
red1-3.xls,red,new york strip steak,1,0,0.0,3,shear,shear,96,0.18996500000000002,336.768
red1-3.xls,red,new york strip steak,1,0,0.0,3,shear,shear,97,0.18996500000000002,336.768
red1-3.xls,red,new york strip steak,1,0,0.0,3,shear,shear,98,0.18996500000000002,336.768
red1-3.xls,red,new york strip steak,1,0,0.0,3,shear,shear,99,0.18996500000000002,336.768
red1-4.xls,red,new york strip steak,1,0,0.0,4,uniaxial,compression,0,0.9783143,581.204
red1-4.xls,red,new york strip steak,1,0,0.0,4,uniaxial,compression,1,0.9577714,804.007
red1-4.xls,red,new york strip steak,1,0,0.0,4,uniaxial,compression,2,0.9379153,892.143
red1-4.xls,red,new york strip steak,1,0,0.0,4,uniaxial,compression,3,0.9173781,1020.2
red1-4.xls,red,new york strip steak,1,0,0.0,4,uniaxial,compression,4,0.897553,1127.9
red1-4.xls,red,new york strip steak,1,0,0.0,4,uniaxial,compression,5,0.8773839999999999,1300.31
red1-4.xls,red,new york strip steak,1,0,0.0,4,uniaxial,compression,6,0.857111,1448.58
red1-4.xls,red,new york strip steak,1,0,0.0,4,uniaxial,compression,7,0.837376,1700.05
red1-4.xls,red,new york strip steak,1,0,0.0,4,uniaxial,compression,8,0.817138,1920.86
red1-4.xls,red,new york strip steak,1,0,0.0,4,uniaxial,tension,0,1.0264493,826.788
red1-4.xls,red,new york strip steak,1,0,0.0,4,uniaxial,tension,1,1.0518901,375.823
red1-4.xls,red,new york strip steak,1,0,0.0,4,uniaxial,tension,2,1.0770167,50.054
red1-4.xls,red,new york strip steak,1,0,0.0,4,uniaxial,tension,3,1.101896,-66.4311
red1-4.xls,red,new york strip steak,1,0,0.0,4,shear,shear,0,0.00137044,35.751
red1-4.xls,red,new york strip steak,1,0,0.0,4,shear,shear,1,0.00197358,55.6651
red1-4.xls,red,new york strip steak,1,0,0.0,4,shear,shear,2,0.00197357,55.6651
red1-4.xls,red,new york strip steak,1,0,0.0,4,shear,shear,3,0.00197357,55.6651
red1-4.xls,red,new york strip steak,1,0,0.0,4,shear,shear,4,0.00197357,55.6651
red1-4.xls,red,new york strip steak,1,0,0.0,4,shear,shear,5,0.010029300000000001,108.023
red1-4.xls,red,new york strip steak,1,0,0.0,4,shear,shear,6,0.010029300000000001,108.023
red1-4.xls,red,new york strip steak,1,0,0.0,4,shear,shear,7,0.010029300000000001,108.023
red1-4.xls,red,new york strip steak,1,0,0.0,4,shear,shear,8,0.010029300000000001,108.023
red1-4.xls,red,new york strip steak,1,0,0.0,4,shear,shear,9,0.010029300000000001,108.023
red1-4.xls,red,new york strip steak,1,0,0.0,4,shear,shear,10,0.0204499,205.142
red1-4.xls,red,new york strip steak,1,0,0.0,4,shear,shear,11,0.0204499,205.142
red1-4.xls,red,new york strip steak,1,0,0.0,4,shear,shear,12,0.020449799999999997,205.142
red1-4.xls,red,new york strip steak,1,0,0.0,4,shear,shear,13,0.020449799999999997,205.142
red1-4.xls,red,new york strip steak,1,0,0.0,4,shear,shear,14,0.020449799999999997,205.142
red1-4.xls,red,new york strip steak,1,0,0.0,4,shear,shear,15,0.020449799999999997,205.142
red1-4.xls,red,new york strip steak,1,0,0.0,4,shear,shear,16,0.030852400000000002,267.278
red1-4.xls,red,new york strip steak,1,0,0.0,4,shear,shear,17,0.030852400000000002,267.278
red1-4.xls,red,new york strip steak,1,0,0.0,4,shear,shear,18,0.030852400000000002,267.278
red1-4.xls,red,new york strip steak,1,0,0.0,4,shear,shear,19,0.030852300000000003,267.278
red1-4.xls,red,new york strip steak,1,0,0.0,4,shear,shear,20,0.030852300000000003,267.278
red1-4.xls,red,new york strip steak,1,0,0.0,4,shear,shear,21,0.041228,315.816
red1-4.xls,red,new york strip steak,1,0,0.0,4,shear,shear,22,0.041228,315.816
red1-4.xls,red,new york strip steak,1,0,0.0,4,shear,shear,23,0.041227900000000005,315.816
red1-4.xls,red,new york strip steak,1,0,0.0,4,shear,shear,24,0.041227900000000005,315.816
red1-4.xls,red,new york strip steak,1,0,0.0,4,shear,shear,25,0.041227900000000005,315.816
red1-4.xls,red,new york strip steak,1,0,0.0,4,shear,shear,26,0.0516786,354.986
red1-4.xls,red,new york strip steak,1,0,0.0,4,shear,shear,27,0.0516786,354.986
red1-4.xls,red,new york strip steak,1,0,0.0,4,shear,shear,28,0.0516786,354.986
red1-4.xls,red,new york strip steak,1,0,0.0,4,shear,shear,29,0.0516784,354.986
red1-4.xls,red,new york strip steak,1,0,0.0,4,shear,shear,30,0.0516784,354.986
red1-4.xls,red,new york strip steak,1,0,0.0,4,shear,shear,31,0.0620313,388.048
red1-4.xls,red,new york strip steak,1,0,0.0,4,shear,shear,32,0.0620313,388.048
red1-4.xls,red,new york strip steak,1,0,0.0,4,shear,shear,33,0.0620313,388.048
red1-4.xls,red,new york strip steak,1,0,0.0,4,shear,shear,34,0.0620313,388.048
red1-4.xls,red,new york strip steak,1,0,0.0,4,shear,shear,35,0.0620311,388.048
red1-4.xls,red,new york strip steak,1,0,0.0,4,shear,shear,36,0.0724322,416.06
red1-4.xls,red,new york strip steak,1,0,0.0,4,shear,shear,37,0.0724322,416.06
red1-4.xls,red,new york strip steak,1,0,0.0,4,shear,shear,38,0.0724322,416.06
red1-4.xls,red,new york strip steak,1,0,0.0,4,shear,shear,39,0.0724322,416.06
red1-4.xls,red,new york strip steak,1,0,0.0,4,shear,shear,40,0.0724322,416.06
red1-4.xls,red,new york strip steak,1,0,0.0,4,shear,shear,41,0.08283979999999999,439.211
red1-4.xls,red,new york strip steak,1,0,0.0,4,shear,shear,42,0.08283979999999999,439.211
red1-4.xls,red,new york strip steak,1,0,0.0,4,shear,shear,43,0.08283979999999999,439.211
red1-4.xls,red,new york strip steak,1,0,0.0,4,shear,shear,44,0.08283979999999999,439.211
red1-4.xls,red,new york strip steak,1,0,0.0,4,shear,shear,45,0.0828397,439.211
red1-4.xls,red,new york strip steak,1,0,0.0,4,shear,shear,46,0.0828397,439.211
red1-4.xls,red,new york strip steak,1,0,0.0,4,shear,shear,47,0.0932373,459.402
red1-4.xls,red,new york strip steak,1,0,0.0,4,shear,shear,48,0.0932373,459.402
red1-4.xls,red,new york strip steak,1,0,0.0,4,shear,shear,49,0.0932373,459.402
red1-4.xls,red,new york strip steak,1,0,0.0,4,shear,shear,50,0.0932373,459.402
red1-4.xls,red,new york strip steak,1,0,0.0,4,shear,shear,51,0.0932371,459.402
red1-4.xls,red,new york strip steak,1,0,0.0,4,shear,shear,52,0.103629,476.237
red1-4.xls,red,new york strip steak,1,0,0.0,4,shear,shear,53,0.103629,476.237
red1-4.xls,red,new york strip steak,1,0,0.0,4,shear,shear,54,0.103629,476.237
red1-4.xls,red,new york strip steak,1,0,0.0,4,shear,shear,55,0.103629,476.237
red1-4.xls,red,new york strip steak,1,0,0.0,4,shear,shear,56,0.103629,476.237
red1-4.xls,red,new york strip steak,1,0,0.0,4,shear,shear,57,0.114024,490.078
red1-4.xls,red,new york strip steak,1,0,0.0,4,shear,shear,58,0.114024,490.078
red1-4.xls,red,new york strip steak,1,0,0.0,4,shear,shear,59,0.114024,490.078
red1-4.xls,red,new york strip steak,1,0,0.0,4,shear,shear,60,0.114024,490.078
red1-4.xls,red,new york strip steak,1,0,0.0,4,shear,shear,61,0.114024,490.078
red1-4.xls,red,new york strip steak,1,0,0.0,4,shear,shear,62,0.124421,500.229
red1-4.xls,red,new york strip steak,1,0,0.0,4,shear,shear,63,0.124421,500.229
red1-4.xls,red,new york strip steak,1,0,0.0,4,shear,shear,64,0.124421,500.229
red1-4.xls,red,new york strip steak,1,0,0.0,4,shear,shear,65,0.124421,500.229
red1-4.xls,red,new york strip steak,1,0,0.0,4,shear,shear,66,0.124421,500.229
red1-4.xls,red,new york strip steak,1,0,0.0,4,shear,shear,67,0.124421,500.229
red1-4.xls,red,new york strip steak,1,0,0.0,4,shear,shear,68,0.134829,506.746
red1-4.xls,red,new york strip steak,1,0,0.0,4,shear,shear,69,0.134829,506.746
red1-4.xls,red,new york strip steak,1,0,0.0,4,shear,shear,70,0.134829,506.746
red1-4.xls,red,new york strip steak,1,0,0.0,4,shear,shear,71,0.134829,506.746
red1-4.xls,red,new york strip steak,1,0,0.0,4,shear,shear,72,0.134829,506.746
red1-4.xls,red,new york strip steak,1,0,0.0,4,shear,shear,73,0.145221,509.863
red1-4.xls,red,new york strip steak,1,0,0.0,4,shear,shear,74,0.145221,509.863
red1-4.xls,red,new york strip steak,1,0,0.0,4,shear,shear,75,0.145221,509.863
red1-4.xls,red,new york strip steak,1,0,0.0,4,shear,shear,76,0.145221,509.863
red1-4.xls,red,new york strip steak,1,0,0.0,4,shear,shear,77,0.145221,509.863
red1-4.xls,red,new york strip steak,1,0,0.0,4,shear,shear,78,0.15561,511.074
red1-4.xls,red,new york strip steak,1,0,0.0,4,shear,shear,79,0.15561,511.074
red1-4.xls,red,new york strip steak,1,0,0.0,4,shear,shear,80,0.15561,511.074
red1-4.xls,red,new york strip steak,1,0,0.0,4,shear,shear,81,0.15561,511.074
red1-4.xls,red,new york strip steak,1,0,0.0,4,shear,shear,82,0.15561,511.074
red1-4.xls,red,new york strip steak,1,0,0.0,4,shear,shear,83,0.165973,510.843
red1-4.xls,red,new york strip steak,1,0,0.0,4,shear,shear,84,0.165973,510.843
red1-4.xls,red,new york strip steak,1,0,0.0,4,shear,shear,85,0.165973,510.843
red1-4.xls,red,new york strip steak,1,0,0.0,4,shear,shear,86,0.165973,510.843
red1-4.xls,red,new york strip steak,1,0,0.0,4,shear,shear,87,0.165973,510.843
red1-4.xls,red,new york strip steak,1,0,0.0,4,shear,shear,88,0.176373,507.657
red1-4.xls,red,new york strip steak,1,0,0.0,4,shear,shear,89,0.176373,507.657
red1-4.xls,red,new york strip steak,1,0,0.0,4,shear,shear,90,0.176373,507.657
red1-4.xls,red,new york strip steak,1,0,0.0,4,shear,shear,91,0.176373,507.657
red1-4.xls,red,new york strip steak,1,0,0.0,4,shear,shear,92,0.176373,507.657
red1-4.xls,red,new york strip steak,1,0,0.0,4,shear,shear,93,0.176373,507.657
red1-4.xls,red,new york strip steak,1,0,0.0,4,shear,shear,94,0.186785,502.113
red1-4.xls,red,new york strip steak,1,0,0.0,4,shear,shear,95,0.186785,502.113
red1-4.xls,red,new york strip steak,1,0,0.0,4,shear,shear,96,0.186785,502.113
red1-4.xls,red,new york strip steak,1,0,0.0,4,shear,shear,97,0.186785,502.113
red1-4.xls,red,new york strip steak,1,0,0.0,4,shear,shear,98,0.186785,502.113
red1-4.xls,red,new york strip steak,1,0,0.0,4,shear,shear,99,0.197156,498.06
red1-5.xls,red,new york strip steak,1,0,0.0,5,uniaxial,compression,0,0.9781364,453.94
red1-5.xls,red,new york strip steak,1,0,0.0,5,uniaxial,compression,1,0.9581091,612.613
red1-5.xls,red,new york strip steak,1,0,0.0,5,uniaxial,compression,2,0.9382091,667.39
red1-5.xls,red,new york strip steak,1,0,0.0,5,uniaxial,compression,3,0.9177364,754.231
red1-5.xls,red,new york strip steak,1,0,0.0,5,uniaxial,compression,4,0.897695,831.696
red1-5.xls,red,new york strip steak,1,0,0.0,5,uniaxial,compression,5,0.877391,943.238
red1-5.xls,red,new york strip steak,1,0,0.0,5,uniaxial,compression,6,0.857369,1034.4
red1-5.xls,red,new york strip steak,1,0,0.0,5,uniaxial,compression,7,0.836917,1178.68
red1-5.xls,red,new york strip steak,1,0,0.0,5,uniaxial,compression,8,0.817373,1298.76
red1-5.xls,red,new york strip steak,1,0,0.0,5,uniaxial,tension,0,1.0264784,604.604
red1-5.xls,red,new york strip steak,1,0,0.0,5,uniaxial,tension,1,1.0514789,270.641
red1-5.xls,red,new york strip steak,1,0,0.0,5,uniaxial,tension,2,1.0771047,33.9334
red1-5.xls,red,new york strip steak,1,0,0.0,5,uniaxial,tension,3,1.102019,-47.083
red1-5.xls,red,new york strip steak,1,0,0.0,5,shear,shear,0,8.49255e-05,9.70022
red1-5.xls,red,new york strip steak,1,0,0.0,5,shear,shear,1,8.49255e-05,9.70022
red1-5.xls,red,new york strip steak,1,0,0.0,5,shear,shear,2,8.49252e-05,9.70022
red1-5.xls,red,new york strip steak,1,0,0.0,5,shear,shear,3,8.49252e-05,9.70022
red1-5.xls,red,new york strip steak,1,0,0.0,5,shear,shear,4,8.49248e-05,9.70022
red1-5.xls,red,new york strip steak,1,0,0.0,5,shear,shear,5,8.49248e-05,9.70022
red1-5.xls,red,new york strip steak,1,0,0.0,5,shear,shear,6,8.49246e-05,9.70022
red1-5.xls,red,new york strip steak,1,0,0.0,5,shear,shear,7,0.0130751,24.3278
red1-5.xls,red,new york strip steak,1,0,0.0,5,shear,shear,8,0.0130751,24.3278
red1-5.xls,red,new york strip steak,1,0,0.0,5,shear,shear,9,0.0130751,24.3278
red1-5.xls,red,new york strip steak,1,0,0.0,5,shear,shear,10,0.0130751,24.3278
red1-5.xls,red,new york strip steak,1,0,0.0,5,shear,shear,11,0.0130751,24.3278
red1-5.xls,red,new york strip steak,1,0,0.0,5,shear,shear,12,0.0230069,66.987
red1-5.xls,red,new york strip steak,1,0,0.0,5,shear,shear,13,0.0230069,66.987
red1-5.xls,red,new york strip steak,1,0,0.0,5,shear,shear,14,0.023006799999999997,66.987
red1-5.xls,red,new york strip steak,1,0,0.0,5,shear,shear,15,0.023006799999999997,66.987
red1-5.xls,red,new york strip steak,1,0,0.0,5,shear,shear,16,0.023006799999999997,66.987
red1-5.xls,red,new york strip steak,1,0,0.0,5,shear,shear,17,0.0329599,84.5135
red1-5.xls,red,new york strip steak,1,0,0.0,5,shear,shear,18,0.0329599,84.5135
red1-5.xls,red,new york strip steak,1,0,0.0,5,shear,shear,19,0.0329599,84.5135
red1-5.xls,red,new york strip steak,1,0,0.0,5,shear,shear,20,0.0329599,84.5135
red1-5.xls,red,new york strip steak,1,0,0.0,5,shear,shear,21,0.0329599,84.5135
red1-5.xls,red,new york strip steak,1,0,0.0,5,shear,shear,22,0.0429064,94.0514
red1-5.xls,red,new york strip steak,1,0,0.0,5,shear,shear,23,0.0429063,94.0514
red1-5.xls,red,new york strip steak,1,0,0.0,5,shear,shear,24,0.0429063,94.0514
red1-5.xls,red,new york strip steak,1,0,0.0,5,shear,shear,25,0.0429063,94.0514
red1-5.xls,red,new york strip steak,1,0,0.0,5,shear,shear,26,0.0429063,94.0514
red1-5.xls,red,new york strip steak,1,0,0.0,5,shear,shear,27,0.0528622,100.248
red1-5.xls,red,new york strip steak,1,0,0.0,5,shear,shear,28,0.0528622,100.248
red1-5.xls,red,new york strip steak,1,0,0.0,5,shear,shear,29,0.0528622,100.248
red1-5.xls,red,new york strip steak,1,0,0.0,5,shear,shear,30,0.0528622,100.248
red1-5.xls,red,new york strip steak,1,0,0.0,5,shear,shear,31,0.052862099999999995,100.248
red1-5.xls,red,new york strip steak,1,0,0.0,5,shear,shear,32,0.0627852,103.948
red1-5.xls,red,new york strip steak,1,0,0.0,5,shear,shear,33,0.0627852,103.948
red1-5.xls,red,new york strip steak,1,0,0.0,5,shear,shear,34,0.0627852,103.948
red1-5.xls,red,new york strip steak,1,0,0.0,5,shear,shear,35,0.0627853,103.948
red1-5.xls,red,new york strip steak,1,0,0.0,5,shear,shear,36,0.0726782,108.031
red1-5.xls,red,new york strip steak,1,0,0.0,5,shear,shear,37,0.072678,108.031
red1-5.xls,red,new york strip steak,1,0,0.0,5,shear,shear,38,0.072678,108.031
red1-5.xls,red,new york strip steak,1,0,0.0,5,shear,shear,39,0.072678,108.031
red1-5.xls,red,new york strip steak,1,0,0.0,5,shear,shear,40,0.072678,108.031
red1-5.xls,red,new york strip steak,1,0,0.0,5,shear,shear,41,0.0825937,109.792
red1-5.xls,red,new york strip steak,1,0,0.0,5,shear,shear,42,0.0825937,109.792
red1-5.xls,red,new york strip steak,1,0,0.0,5,shear,shear,43,0.0825937,109.792
red1-5.xls,red,new york strip steak,1,0,0.0,5,shear,shear,44,0.0825937,109.792
red1-5.xls,red,new york strip steak,1,0,0.0,5,shear,shear,45,0.0825937,109.792
red1-5.xls,red,new york strip steak,1,0,0.0,5,shear,shear,46,0.0925407,111.699
red1-5.xls,red,new york strip steak,1,0,0.0,5,shear,shear,47,0.0925409,111.699
red1-5.xls,red,new york strip steak,1,0,0.0,5,shear,shear,48,0.0925409,111.699
red1-5.xls,red,new york strip steak,1,0,0.0,5,shear,shear,49,0.0925407,111.699
red1-5.xls,red,new york strip steak,1,0,0.0,5,shear,shear,50,0.0925407,111.699
red1-5.xls,red,new york strip steak,1,0,0.0,5,shear,shear,51,0.10242699999999999,114.143
red1-5.xls,red,new york strip steak,1,0,0.0,5,shear,shear,52,0.10242699999999999,114.143
red1-5.xls,red,new york strip steak,1,0,0.0,5,shear,shear,53,0.10242699999999999,114.143
red1-5.xls,red,new york strip steak,1,0,0.0,5,shear,shear,54,0.10242699999999999,114.143
red1-5.xls,red,new york strip steak,1,0,0.0,5,shear,shear,55,0.10242699999999999,114.143
red1-5.xls,red,new york strip steak,1,0,0.0,5,shear,shear,56,0.11239800000000001,114.464
red1-5.xls,red,new york strip steak,1,0,0.0,5,shear,shear,57,0.11239800000000001,114.464
red1-5.xls,red,new york strip steak,1,0,0.0,5,shear,shear,58,0.11239800000000001,114.464
red1-5.xls,red,new york strip steak,1,0,0.0,5,shear,shear,59,0.11239800000000001,114.464
red1-5.xls,red,new york strip steak,1,0,0.0,5,shear,shear,60,0.11239800000000001,114.464
red1-5.xls,red,new york strip steak,1,0,0.0,5,shear,shear,61,0.122305,113.916
red1-5.xls,red,new york strip steak,1,0,0.0,5,shear,shear,62,0.122305,113.916
red1-5.xls,red,new york strip steak,1,0,0.0,5,shear,shear,63,0.122304,113.916
red1-5.xls,red,new york strip steak,1,0,0.0,5,shear,shear,64,0.122304,113.916
red1-5.xls,red,new york strip steak,1,0,0.0,5,shear,shear,65,0.122304,113.916
red1-5.xls,red,new york strip steak,1,0,0.0,5,shear,shear,66,0.132185,114.643
red1-5.xls,red,new york strip steak,1,0,0.0,5,shear,shear,67,0.132185,114.643
red1-5.xls,red,new york strip steak,1,0,0.0,5,shear,shear,68,0.132185,114.643
red1-5.xls,red,new york strip steak,1,0,0.0,5,shear,shear,69,0.132185,114.643
red1-5.xls,red,new york strip steak,1,0,0.0,5,shear,shear,70,0.132185,114.643
red1-5.xls,red,new york strip steak,1,0,0.0,5,shear,shear,71,0.142118,115.214
red1-5.xls,red,new york strip steak,1,0,0.0,5,shear,shear,72,0.142118,115.214
red1-5.xls,red,new york strip steak,1,0,0.0,5,shear,shear,73,0.142118,115.214
red1-5.xls,red,new york strip steak,1,0,0.0,5,shear,shear,74,0.142118,115.214
red1-5.xls,red,new york strip steak,1,0,0.0,5,shear,shear,75,0.142118,115.214
red1-5.xls,red,new york strip steak,1,0,0.0,5,shear,shear,76,0.152038,118.031
red1-5.xls,red,new york strip steak,1,0,0.0,5,shear,shear,77,0.152038,118.031
red1-5.xls,red,new york strip steak,1,0,0.0,5,shear,shear,78,0.152038,118.031
red1-5.xls,red,new york strip steak,1,0,0.0,5,shear,shear,79,0.152038,118.031
red1-5.xls,red,new york strip steak,1,0,0.0,5,shear,shear,80,0.152038,118.031
red1-5.xls,red,new york strip steak,1,0,0.0,5,shear,shear,81,0.161945,118.068
red1-5.xls,red,new york strip steak,1,0,0.0,5,shear,shear,82,0.161945,118.068
red1-5.xls,red,new york strip steak,1,0,0.0,5,shear,shear,83,0.161945,118.068
red1-5.xls,red,new york strip steak,1,0,0.0,5,shear,shear,84,0.161945,118.068
red1-5.xls,red,new york strip steak,1,0,0.0,5,shear,shear,85,0.161945,118.068
red1-5.xls,red,new york strip steak,1,0,0.0,5,shear,shear,86,0.171936,117.815
red1-5.xls,red,new york strip steak,1,0,0.0,5,shear,shear,87,0.171936,117.815
red1-5.xls,red,new york strip steak,1,0,0.0,5,shear,shear,88,0.171936,117.815
red1-5.xls,red,new york strip steak,1,0,0.0,5,shear,shear,89,0.171936,117.815
red1-5.xls,red,new york strip steak,1,0,0.0,5,shear,shear,90,0.171936,117.815
red1-5.xls,red,new york strip steak,1,0,0.0,5,shear,shear,91,0.181812,118.644
red1-5.xls,red,new york strip steak,1,0,0.0,5,shear,shear,92,0.181812,118.644
red1-5.xls,red,new york strip steak,1,0,0.0,5,shear,shear,93,0.181813,118.644
red1-5.xls,red,new york strip steak,1,0,0.0,5,shear,shear,94,0.181813,118.644
red1-5.xls,red,new york strip steak,1,0,0.0,5,shear,shear,95,0.181813,118.644
red1-5.xls,red,new york strip steak,1,0,0.0,5,shear,shear,96,0.19171700000000003,120.01
red1-5.xls,red,new york strip steak,1,0,0.0,5,shear,shear,97,0.19171600000000003,120.01
red1-5.xls,red,new york strip steak,1,0,0.0,5,shear,shear,98,0.19171600000000003,120.01
red1-5.xls,red,new york strip steak,1,0,0.0,5,shear,shear,99,0.19171600000000003,120.01
red2-1.xls,red,new york strip steak,2,24,1.0,1,uniaxial,compression,0,0.9782566,636.331
red2-1.xls,red,new york strip steak,2,24,1.0,1,uniaxial,compression,1,0.95823,775.934
red2-1.xls,red,new york strip steak,2,24,1.0,1,uniaxial,compression,2,0.9382389,946.849
red2-1.xls,red,new york strip steak,2,24,1.0,1,uniaxial,compression,3,0.9179115,1073.69
red2-1.xls,red,new york strip steak,2,24,1.0,1,uniaxial,compression,4,0.897938,1273.17
red2-1.xls,red,new york strip steak,2,24,1.0,1,uniaxial,compression,5,0.877865,1443.25
red2-1.xls,red,new york strip steak,2,24,1.0,1,uniaxial,compression,6,0.857827,1742.0
red2-1.xls,red,new york strip steak,2,24,1.0,1,uniaxial,compression,7,0.837446,1987.29
red2-1.xls,red,new york strip steak,2,24,1.0,1,uniaxial,compression,8,0.817533,2416.61
red2-1.xls,red,new york strip steak,2,24,1.0,1,uniaxial,tension,0,1.0263402,1404.96
red2-1.xls,red,new york strip steak,2,24,1.0,1,uniaxial,tension,1,1.051784,330.821
red2-1.xls,red,new york strip steak,2,24,1.0,1,uniaxial,tension,2,1.077259,34.6838
red2-1.xls,red,new york strip steak,2,24,1.0,1,uniaxial,tension,3,1.102382,-210.833
red2-1.xls,red,new york strip steak,2,24,1.0,1,shear,shear,0,-2.41094e-05,13.5404
red2-1.xls,red,new york strip steak,2,24,1.0,1,shear,shear,1,-2.40954e-05,13.5404
red2-1.xls,red,new york strip steak,2,24,1.0,1,shear,shear,2,-2.40954e-05,13.5404
red2-1.xls,red,new york strip steak,2,24,1.0,1,shear,shear,3,0.00521855,49.9611
red2-1.xls,red,new york strip steak,2,24,1.0,1,shear,shear,4,0.00521855,49.9611
red2-1.xls,red,new york strip steak,2,24,1.0,1,shear,shear,5,0.00521855,49.9611
red2-1.xls,red,new york strip steak,2,24,1.0,1,shear,shear,6,0.00521855,49.9611
red2-1.xls,red,new york strip steak,2,24,1.0,1,shear,shear,7,0.014713,108.082
red2-1.xls,red,new york strip steak,2,24,1.0,1,shear,shear,8,0.014713,108.082
red2-1.xls,red,new york strip steak,2,24,1.0,1,shear,shear,9,0.014713,108.082
red2-1.xls,red,new york strip steak,2,24,1.0,1,shear,shear,10,0.014713,108.082
red2-1.xls,red,new york strip steak,2,24,1.0,1,shear,shear,11,0.0147128,108.082
red2-1.xls,red,new york strip steak,2,24,1.0,1,shear,shear,12,0.0244273,174.397
red2-1.xls,red,new york strip steak,2,24,1.0,1,shear,shear,13,0.0244273,174.397
red2-1.xls,red,new york strip steak,2,24,1.0,1,shear,shear,14,0.0244273,174.397
red2-1.xls,red,new york strip steak,2,24,1.0,1,shear,shear,15,0.0244273,174.397
red2-1.xls,red,new york strip steak,2,24,1.0,1,shear,shear,16,0.0244273,174.397
red2-1.xls,red,new york strip steak,2,24,1.0,1,shear,shear,17,0.0340055,218.198
red2-1.xls,red,new york strip steak,2,24,1.0,1,shear,shear,18,0.0340055,218.198
red2-1.xls,red,new york strip steak,2,24,1.0,1,shear,shear,19,0.0340055,218.198
red2-1.xls,red,new york strip steak,2,24,1.0,1,shear,shear,20,0.0340055,218.198
red2-1.xls,red,new york strip steak,2,24,1.0,1,shear,shear,21,0.0340055,218.198
red2-1.xls,red,new york strip steak,2,24,1.0,1,shear,shear,22,0.043644600000000006,256.748
red2-1.xls,red,new york strip steak,2,24,1.0,1,shear,shear,23,0.043644600000000006,256.748
red2-1.xls,red,new york strip steak,2,24,1.0,1,shear,shear,24,0.043644600000000006,256.748
red2-1.xls,red,new york strip steak,2,24,1.0,1,shear,shear,25,0.043644600000000006,256.748
red2-1.xls,red,new york strip steak,2,24,1.0,1,shear,shear,26,0.043644600000000006,256.748
red2-1.xls,red,new york strip steak,2,24,1.0,1,shear,shear,27,0.053389,278.456
red2-1.xls,red,new york strip steak,2,24,1.0,1,shear,shear,28,0.053389,278.456
red2-1.xls,red,new york strip steak,2,24,1.0,1,shear,shear,29,0.053389,278.456
red2-1.xls,red,new york strip steak,2,24,1.0,1,shear,shear,30,0.053389,278.456
red2-1.xls,red,new york strip steak,2,24,1.0,1,shear,shear,31,0.053389,278.456
red2-1.xls,red,new york strip steak,2,24,1.0,1,shear,shear,32,0.0630038,307.064
red2-1.xls,red,new york strip steak,2,24,1.0,1,shear,shear,33,0.0630038,307.064
red2-1.xls,red,new york strip steak,2,24,1.0,1,shear,shear,34,0.0630038,307.064
red2-1.xls,red,new york strip steak,2,24,1.0,1,shear,shear,35,0.0630038,307.064
red2-1.xls,red,new york strip steak,2,24,1.0,1,shear,shear,36,0.0727262,329.189
red2-1.xls,red,new york strip steak,2,24,1.0,1,shear,shear,37,0.0727262,329.189
red2-1.xls,red,new york strip steak,2,24,1.0,1,shear,shear,38,0.0727262,329.189
red2-1.xls,red,new york strip steak,2,24,1.0,1,shear,shear,39,0.0727262,329.189
red2-1.xls,red,new york strip steak,2,24,1.0,1,shear,shear,40,0.0727262,329.189
red2-1.xls,red,new york strip steak,2,24,1.0,1,shear,shear,41,0.0823311,349.211
red2-1.xls,red,new york strip steak,2,24,1.0,1,shear,shear,42,0.0823311,349.211
red2-1.xls,red,new york strip steak,2,24,1.0,1,shear,shear,43,0.0823311,349.211
red2-1.xls,red,new york strip steak,2,24,1.0,1,shear,shear,44,0.0823311,349.211
red2-1.xls,red,new york strip steak,2,24,1.0,1,shear,shear,45,0.0823311,349.211
red2-1.xls,red,new york strip steak,2,24,1.0,1,shear,shear,46,0.0919919,367.159
red2-1.xls,red,new york strip steak,2,24,1.0,1,shear,shear,47,0.0919919,367.159
red2-1.xls,red,new york strip steak,2,24,1.0,1,shear,shear,48,0.0919919,367.159
red2-1.xls,red,new york strip steak,2,24,1.0,1,shear,shear,49,0.0919919,367.159
red2-1.xls,red,new york strip steak,2,24,1.0,1,shear,shear,50,0.0919919,367.159
red2-1.xls,red,new york strip steak,2,24,1.0,1,shear,shear,51,0.10162900000000001,383.418
red2-1.xls,red,new york strip steak,2,24,1.0,1,shear,shear,52,0.10162900000000001,383.418
red2-1.xls,red,new york strip steak,2,24,1.0,1,shear,shear,53,0.10162900000000001,383.418
red2-1.xls,red,new york strip steak,2,24,1.0,1,shear,shear,54,0.10162900000000001,383.418
red2-1.xls,red,new york strip steak,2,24,1.0,1,shear,shear,55,0.10162900000000001,383.418
red2-1.xls,red,new york strip steak,2,24,1.0,1,shear,shear,56,0.11134000000000001,399.609
red2-1.xls,red,new york strip steak,2,24,1.0,1,shear,shear,57,0.11134000000000001,399.609
red2-1.xls,red,new york strip steak,2,24,1.0,1,shear,shear,58,0.11134000000000001,399.609
red2-1.xls,red,new york strip steak,2,24,1.0,1,shear,shear,59,0.11134000000000001,399.609
red2-1.xls,red,new york strip steak,2,24,1.0,1,shear,shear,60,0.11134000000000001,399.609
red2-1.xls,red,new york strip steak,2,24,1.0,1,shear,shear,61,0.12096,413.403
red2-1.xls,red,new york strip steak,2,24,1.0,1,shear,shear,62,0.12096,413.403
red2-1.xls,red,new york strip steak,2,24,1.0,1,shear,shear,63,0.12096,413.403
red2-1.xls,red,new york strip steak,2,24,1.0,1,shear,shear,64,0.12096,413.403
red2-1.xls,red,new york strip steak,2,24,1.0,1,shear,shear,65,0.130647,426.195
red2-1.xls,red,new york strip steak,2,24,1.0,1,shear,shear,66,0.130647,426.195
red2-1.xls,red,new york strip steak,2,24,1.0,1,shear,shear,67,0.130647,426.195
red2-1.xls,red,new york strip steak,2,24,1.0,1,shear,shear,68,0.130647,426.195
red2-1.xls,red,new york strip steak,2,24,1.0,1,shear,shear,69,0.130647,426.195
red2-1.xls,red,new york strip steak,2,24,1.0,1,shear,shear,70,0.140259,440.281
red2-1.xls,red,new york strip steak,2,24,1.0,1,shear,shear,71,0.140259,440.281
red2-1.xls,red,new york strip steak,2,24,1.0,1,shear,shear,72,0.140259,440.281
red2-1.xls,red,new york strip steak,2,24,1.0,1,shear,shear,73,0.14026,440.281
red2-1.xls,red,new york strip steak,2,24,1.0,1,shear,shear,74,0.14026,440.281
red2-1.xls,red,new york strip steak,2,24,1.0,1,shear,shear,75,0.149955,452.054
red2-1.xls,red,new york strip steak,2,24,1.0,1,shear,shear,76,0.149955,452.054
red2-1.xls,red,new york strip steak,2,24,1.0,1,shear,shear,77,0.149954,452.054
red2-1.xls,red,new york strip steak,2,24,1.0,1,shear,shear,78,0.149954,452.054
red2-1.xls,red,new york strip steak,2,24,1.0,1,shear,shear,79,0.149955,452.054
red2-1.xls,red,new york strip steak,2,24,1.0,1,shear,shear,80,0.159578,463.317
red2-1.xls,red,new york strip steak,2,24,1.0,1,shear,shear,81,0.159578,463.317
red2-1.xls,red,new york strip steak,2,24,1.0,1,shear,shear,82,0.159578,463.317
red2-1.xls,red,new york strip steak,2,24,1.0,1,shear,shear,83,0.159578,463.317
red2-1.xls,red,new york strip steak,2,24,1.0,1,shear,shear,84,0.159578,463.317
red2-1.xls,red,new york strip steak,2,24,1.0,1,shear,shear,85,0.169229,474.926
red2-1.xls,red,new york strip steak,2,24,1.0,1,shear,shear,86,0.169229,474.926
red2-1.xls,red,new york strip steak,2,24,1.0,1,shear,shear,87,0.169229,474.926
red2-1.xls,red,new york strip steak,2,24,1.0,1,shear,shear,88,0.169229,474.926
red2-1.xls,red,new york strip steak,2,24,1.0,1,shear,shear,89,0.169229,474.926
red2-1.xls,red,new york strip steak,2,24,1.0,1,shear,shear,90,0.17890799999999998,485.673
red2-1.xls,red,new york strip steak,2,24,1.0,1,shear,shear,91,0.17890799999999998,485.673
red2-1.xls,red,new york strip steak,2,24,1.0,1,shear,shear,92,0.17890799999999998,485.673
red2-1.xls,red,new york strip steak,2,24,1.0,1,shear,shear,93,0.17890799999999998,485.673
red2-1.xls,red,new york strip steak,2,24,1.0,1,shear,shear,94,0.18853799999999998,497.286
red2-1.xls,red,new york strip steak,2,24,1.0,1,shear,shear,95,0.18853799999999998,497.286
red2-1.xls,red,new york strip steak,2,24,1.0,1,shear,shear,96,0.18853799999999998,497.286
red2-1.xls,red,new york strip steak,2,24,1.0,1,shear,shear,97,0.18853799999999998,497.286
red2-1.xls,red,new york strip steak,2,24,1.0,1,shear,shear,98,0.18853799999999998,497.286
red2-1.xls,red,new york strip steak,2,24,1.0,1,shear,shear,99,0.198196,506.516
red2-2.xls,red,new york strip steak,2,24,1.0,2,uniaxial,compression,0,0.9783478,1016.59
red2-2.xls,red,new york strip steak,2,24,1.0,2,uniaxial,compression,1,0.9583304,1365.03
red2-2.xls,red,new york strip steak,2,24,1.0,2,uniaxial,compression,2,0.9379565,1515.07
red2-2.xls,red,new york strip steak,2,24,1.0,2,uniaxial,compression,3,0.9180522,1688.05
red2-2.xls,red,new york strip steak,2,24,1.0,2,uniaxial,compression,4,0.898052,1797.45
red2-2.xls,red,new york strip steak,2,24,1.0,2,uniaxial,compression,5,0.878,1949.56
red2-2.xls,red,new york strip steak,2,24,1.0,2,uniaxial,compression,6,0.857584,2063.44
red2-2.xls,red,new york strip steak,2,24,1.0,2,uniaxial,compression,7,0.837539,2217.27
red2-2.xls,red,new york strip steak,2,24,1.0,2,uniaxial,compression,8,0.81753,2374.37
red2-2.xls,red,new york strip steak,2,24,1.0,2,uniaxial,tension,0,1.0264539,1016.4
red2-2.xls,red,new york strip steak,2,24,1.0,2,uniaxial,tension,1,1.0515113,234.986
red2-2.xls,red,new york strip steak,2,24,1.0,2,uniaxial,tension,2,1.0766603,-8.70034
red2-2.xls,red,new york strip steak,2,24,1.0,2,uniaxial,tension,3,1.102174,-218.287
red2-2.xls,red,new york strip steak,2,24,1.0,2,shear,shear,0,1.12871e-05,43.266
red2-2.xls,red,new york strip steak,2,24,1.0,2,shear,shear,1,1.12871e-05,43.266
red2-2.xls,red,new york strip steak,2,24,1.0,2,shear,shear,2,1.12867e-05,43.266
red2-2.xls,red,new york strip steak,2,24,1.0,2,shear,shear,3,1.12867e-05,43.266
red2-2.xls,red,new york strip steak,2,24,1.0,2,shear,shear,4,0.0068359499999999995,104.057
red2-2.xls,red,new york strip steak,2,24,1.0,2,shear,shear,5,0.0068359499999999995,104.057
red2-2.xls,red,new york strip steak,2,24,1.0,2,shear,shear,6,0.0068359499999999995,104.057
red2-2.xls,red,new york strip steak,2,24,1.0,2,shear,shear,7,0.0068359499999999995,104.057
red2-2.xls,red,new york strip steak,2,24,1.0,2,shear,shear,8,0.0163187,206.276
red2-2.xls,red,new york strip steak,2,24,1.0,2,shear,shear,9,0.0163187,206.276
red2-2.xls,red,new york strip steak,2,24,1.0,2,shear,shear,10,0.0163187,206.276
red2-2.xls,red,new york strip steak,2,24,1.0,2,shear,shear,11,0.0163187,206.276
red2-2.xls,red,new york strip steak,2,24,1.0,2,shear,shear,12,0.0163187,206.276
red2-2.xls,red,new york strip steak,2,24,1.0,2,shear,shear,13,0.0257696,277.564
red2-2.xls,red,new york strip steak,2,24,1.0,2,shear,shear,14,0.0257696,277.564
red2-2.xls,red,new york strip steak,2,24,1.0,2,shear,shear,15,0.0257696,277.564
red2-2.xls,red,new york strip steak,2,24,1.0,2,shear,shear,16,0.0257696,277.564
red2-2.xls,red,new york strip steak,2,24,1.0,2,shear,shear,17,0.0257696,277.564
red2-2.xls,red,new york strip steak,2,24,1.0,2,shear,shear,18,0.0352838,324.413
red2-2.xls,red,new york strip steak,2,24,1.0,2,shear,shear,19,0.0352838,324.413
red2-2.xls,red,new york strip steak,2,24,1.0,2,shear,shear,20,0.0352838,324.413
red2-2.xls,red,new york strip steak,2,24,1.0,2,shear,shear,21,0.0352838,324.413
red2-2.xls,red,new york strip steak,2,24,1.0,2,shear,shear,22,0.0352838,324.413
red2-2.xls,red,new york strip steak,2,24,1.0,2,shear,shear,23,0.0448767,357.597
red2-2.xls,red,new york strip steak,2,24,1.0,2,shear,shear,24,0.0448767,357.597
red2-2.xls,red,new york strip steak,2,24,1.0,2,shear,shear,25,0.0448767,357.597
red2-2.xls,red,new york strip steak,2,24,1.0,2,shear,shear,26,0.0448767,357.597
red2-2.xls,red,new york strip steak,2,24,1.0,2,shear,shear,27,0.054356,381.846
red2-2.xls,red,new york strip steak,2,24,1.0,2,shear,shear,28,0.054356,381.846
red2-2.xls,red,new york strip steak,2,24,1.0,2,shear,shear,29,0.054356,381.846
red2-2.xls,red,new york strip steak,2,24,1.0,2,shear,shear,30,0.054356,381.846
red2-2.xls,red,new york strip steak,2,24,1.0,2,shear,shear,31,0.054356,381.846
red2-2.xls,red,new york strip steak,2,24,1.0,2,shear,shear,32,0.0637963,400.117
red2-2.xls,red,new york strip steak,2,24,1.0,2,shear,shear,33,0.0637963,400.117
red2-2.xls,red,new york strip steak,2,24,1.0,2,shear,shear,34,0.0637963,400.117
red2-2.xls,red,new york strip steak,2,24,1.0,2,shear,shear,35,0.0637963,400.117
red2-2.xls,red,new york strip steak,2,24,1.0,2,shear,shear,36,0.0637963,400.117
red2-2.xls,red,new york strip steak,2,24,1.0,2,shear,shear,37,0.0732907,415.261
red2-2.xls,red,new york strip steak,2,24,1.0,2,shear,shear,38,0.0732907,415.261
red2-2.xls,red,new york strip steak,2,24,1.0,2,shear,shear,39,0.07329,415.261
red2-2.xls,red,new york strip steak,2,24,1.0,2,shear,shear,40,0.07329,415.261
red2-2.xls,red,new york strip steak,2,24,1.0,2,shear,shear,41,0.0827774,427.334
red2-2.xls,red,new york strip steak,2,24,1.0,2,shear,shear,42,0.0827774,427.334
red2-2.xls,red,new york strip steak,2,24,1.0,2,shear,shear,43,0.0827782,427.334
red2-2.xls,red,new york strip steak,2,24,1.0,2,shear,shear,44,0.0827782,427.334
red2-2.xls,red,new york strip steak,2,24,1.0,2,shear,shear,45,0.0827782,427.334
red2-2.xls,red,new york strip steak,2,24,1.0,2,shear,shear,46,0.0922517,435.889
red2-2.xls,red,new york strip steak,2,24,1.0,2,shear,shear,47,0.09225080000000001,435.889
red2-2.xls,red,new york strip steak,2,24,1.0,2,shear,shear,48,0.09225080000000001,435.889
red2-2.xls,red,new york strip steak,2,24,1.0,2,shear,shear,49,0.09225080000000001,435.889
red2-2.xls,red,new york strip steak,2,24,1.0,2,shear,shear,50,0.09225080000000001,435.889
red2-2.xls,red,new york strip steak,2,24,1.0,2,shear,shear,51,0.101744,444.154
red2-2.xls,red,new york strip steak,2,24,1.0,2,shear,shear,52,0.101744,444.154
red2-2.xls,red,new york strip steak,2,24,1.0,2,shear,shear,53,0.101744,444.154
red2-2.xls,red,new york strip steak,2,24,1.0,2,shear,shear,54,0.101744,444.154
red2-2.xls,red,new york strip steak,2,24,1.0,2,shear,shear,55,0.101744,444.154
red2-2.xls,red,new york strip steak,2,24,1.0,2,shear,shear,56,0.11128199999999999,449.921
red2-2.xls,red,new york strip steak,2,24,1.0,2,shear,shear,57,0.11128199999999999,449.921
red2-2.xls,red,new york strip steak,2,24,1.0,2,shear,shear,58,0.11128199999999999,449.921
red2-2.xls,red,new york strip steak,2,24,1.0,2,shear,shear,59,0.11128199999999999,449.921
red2-2.xls,red,new york strip steak,2,24,1.0,2,shear,shear,60,0.120726,453.036
red2-2.xls,red,new york strip steak,2,24,1.0,2,shear,shear,61,0.120726,453.036
red2-2.xls,red,new york strip steak,2,24,1.0,2,shear,shear,62,0.120726,453.036
red2-2.xls,red,new york strip steak,2,24,1.0,2,shear,shear,63,0.120726,453.036
red2-2.xls,red,new york strip steak,2,24,1.0,2,shear,shear,64,0.120726,453.036
red2-2.xls,red,new york strip steak,2,24,1.0,2,shear,shear,65,0.130232,451.82
red2-2.xls,red,new york strip steak,2,24,1.0,2,shear,shear,66,0.130232,451.82
red2-2.xls,red,new york strip steak,2,24,1.0,2,shear,shear,67,0.130232,451.82
red2-2.xls,red,new york strip steak,2,24,1.0,2,shear,shear,68,0.130232,451.82
red2-2.xls,red,new york strip steak,2,24,1.0,2,shear,shear,69,0.130232,451.82
red2-2.xls,red,new york strip steak,2,24,1.0,2,shear,shear,70,0.139731,452.013
red2-2.xls,red,new york strip steak,2,24,1.0,2,shear,shear,71,0.13973000000000002,452.013
red2-2.xls,red,new york strip steak,2,24,1.0,2,shear,shear,72,0.13973000000000002,452.013
red2-2.xls,red,new york strip steak,2,24,1.0,2,shear,shear,73,0.13973000000000002,452.013
red2-2.xls,red,new york strip steak,2,24,1.0,2,shear,shear,74,0.13973000000000002,452.013
red2-2.xls,red,new york strip steak,2,24,1.0,2,shear,shear,75,0.149194,454.932
red2-2.xls,red,new york strip steak,2,24,1.0,2,shear,shear,76,0.149194,454.932
red2-2.xls,red,new york strip steak,2,24,1.0,2,shear,shear,77,0.149194,454.932
red2-2.xls,red,new york strip steak,2,24,1.0,2,shear,shear,78,0.149194,454.932
red2-2.xls,red,new york strip steak,2,24,1.0,2,shear,shear,79,0.158686,455.878
red2-2.xls,red,new york strip steak,2,24,1.0,2,shear,shear,80,0.158686,455.878
red2-2.xls,red,new york strip steak,2,24,1.0,2,shear,shear,81,0.158686,455.878
red2-2.xls,red,new york strip steak,2,24,1.0,2,shear,shear,82,0.158686,455.878
red2-2.xls,red,new york strip steak,2,24,1.0,2,shear,shear,83,0.158686,455.878
red2-2.xls,red,new york strip steak,2,24,1.0,2,shear,shear,84,0.16819299999999998,456.027
red2-2.xls,red,new york strip steak,2,24,1.0,2,shear,shear,85,0.16819299999999998,456.027
red2-2.xls,red,new york strip steak,2,24,1.0,2,shear,shear,86,0.16819299999999998,456.027
red2-2.xls,red,new york strip steak,2,24,1.0,2,shear,shear,87,0.16819299999999998,456.027
red2-2.xls,red,new york strip steak,2,24,1.0,2,shear,shear,88,0.16819299999999998,456.027
red2-2.xls,red,new york strip steak,2,24,1.0,2,shear,shear,89,0.17768,458.554
red2-2.xls,red,new york strip steak,2,24,1.0,2,shear,shear,90,0.17768,458.554
red2-2.xls,red,new york strip steak,2,24,1.0,2,shear,shear,91,0.17768,458.554
red2-2.xls,red,new york strip steak,2,24,1.0,2,shear,shear,92,0.17768,458.554
red2-2.xls,red,new york strip steak,2,24,1.0,2,shear,shear,93,0.187144,459.607
red2-2.xls,red,new york strip steak,2,24,1.0,2,shear,shear,94,0.187144,459.607
red2-2.xls,red,new york strip steak,2,24,1.0,2,shear,shear,95,0.187144,459.607
red2-2.xls,red,new york strip steak,2,24,1.0,2,shear,shear,96,0.187144,459.607
red2-2.xls,red,new york strip steak,2,24,1.0,2,shear,shear,97,0.187144,459.607
red2-2.xls,red,new york strip steak,2,24,1.0,2,shear,shear,98,0.196706,462.209
red2-2.xls,red,new york strip steak,2,24,1.0,2,shear,shear,99,0.196706,462.209
red2-3.xls,red,new york strip steak,2,24,1.0,3,uniaxial,compression,0,0.9781181,1589.88
red2-3.xls,red,new york strip steak,2,24,1.0,3,uniaxial,compression,1,0.9576909,1954.21
red2-3.xls,red,new york strip steak,2,24,1.0,3,uniaxial,compression,2,0.9377727,2238.55
red2-3.xls,red,new york strip steak,2,24,1.0,3,uniaxial,compression,3,0.9177181,2391.24
red2-3.xls,red,new york strip steak,2,24,1.0,3,uniaxial,compression,4,0.897274,2625.86
red2-3.xls,red,new york strip steak,2,24,1.0,3,uniaxial,compression,5,0.876926,2770.03
red2-3.xls,red,new york strip steak,2,24,1.0,3,uniaxial,compression,6,0.857359,2971.84
red2-3.xls,red,new york strip steak,2,24,1.0,3,uniaxial,compression,7,0.83728,3202.81
red2-3.xls,red,new york strip steak,2,24,1.0,3,uniaxial,compression,8,0.816909,3355.8
red2-3.xls,red,new york strip steak,2,24,1.0,3,uniaxial,tension,0,1.0265551,1589.76
red2-3.xls,red,new york strip steak,2,24,1.0,3,uniaxial,tension,1,1.0520211,433.836
red2-3.xls,red,new york strip steak,2,24,1.0,3,uniaxial,tension,2,1.0771678,74.3703
red2-3.xls,red,new york strip steak,2,24,1.0,3,uniaxial,tension,3,1.102101,-223.105
red2-3.xls,red,new york strip steak,2,24,1.0,3,shear,shear,0,0.015583800000000002,89.1552
red2-3.xls,red,new york strip steak,2,24,1.0,3,shear,shear,1,0.015583800000000002,89.1552
red2-3.xls,red,new york strip steak,2,24,1.0,3,shear,shear,2,0.015583800000000002,89.1552
red2-3.xls,red,new york strip steak,2,24,1.0,3,shear,shear,3,0.00517281,106.329
red2-3.xls,red,new york strip steak,2,24,1.0,3,shear,shear,4,0.00517281,106.329
red2-3.xls,red,new york strip steak,2,24,1.0,3,shear,shear,5,0.00517279,106.329
red2-3.xls,red,new york strip steak,2,24,1.0,3,shear,shear,6,0.00517279,106.329
red2-3.xls,red,new york strip steak,2,24,1.0,3,shear,shear,7,0.00517278,106.329
red2-3.xls,red,new york strip steak,2,24,1.0,3,shear,shear,8,0.015034400000000002,185.259
red2-3.xls,red,new york strip steak,2,24,1.0,3,shear,shear,9,0.015034400000000002,185.259
red2-3.xls,red,new york strip steak,2,24,1.0,3,shear,shear,10,0.015034400000000002,185.259
red2-3.xls,red,new york strip steak,2,24,1.0,3,shear,shear,11,0.015034400000000002,185.259
red2-3.xls,red,new york strip steak,2,24,1.0,3,shear,shear,12,0.015034400000000002,185.259
red2-3.xls,red,new york strip steak,2,24,1.0,3,shear,shear,13,0.0249191,261.847
red2-3.xls,red,new york strip steak,2,24,1.0,3,shear,shear,14,0.0249191,261.847
red2-3.xls,red,new york strip steak,2,24,1.0,3,shear,shear,15,0.024918999999999997,261.847
red2-3.xls,red,new york strip steak,2,24,1.0,3,shear,shear,16,0.024918999999999997,261.847
red2-3.xls,red,new york strip steak,2,24,1.0,3,shear,shear,17,0.024918999999999997,261.847
red2-3.xls,red,new york strip steak,2,24,1.0,3,shear,shear,18,0.034842,313.322
red2-3.xls,red,new york strip steak,2,24,1.0,3,shear,shear,19,0.034842,313.322
red2-3.xls,red,new york strip steak,2,24,1.0,3,shear,shear,20,0.034842,313.322
red2-3.xls,red,new york strip steak,2,24,1.0,3,shear,shear,21,0.0348421,313.322
red2-3.xls,red,new york strip steak,2,24,1.0,3,shear,shear,22,0.0447745,351.458
red2-3.xls,red,new york strip steak,2,24,1.0,3,shear,shear,23,0.0447744,351.458
red2-3.xls,red,new york strip steak,2,24,1.0,3,shear,shear,24,0.0447744,351.458
red2-3.xls,red,new york strip steak,2,24,1.0,3,shear,shear,25,0.0447744,351.458
red2-3.xls,red,new york strip steak,2,24,1.0,3,shear,shear,26,0.0447744,351.458
red2-3.xls,red,new york strip steak,2,24,1.0,3,shear,shear,27,0.0447744,351.458
red2-3.xls,red,new york strip steak,2,24,1.0,3,shear,shear,28,0.0547248,381.583
red2-3.xls,red,new york strip steak,2,24,1.0,3,shear,shear,29,0.0547248,381.583
red2-3.xls,red,new york strip steak,2,24,1.0,3,shear,shear,30,0.0547248,381.583
red2-3.xls,red,new york strip steak,2,24,1.0,3,shear,shear,31,0.0547248,381.583
red2-3.xls,red,new york strip steak,2,24,1.0,3,shear,shear,32,0.0547248,381.583
red2-3.xls,red,new york strip steak,2,24,1.0,3,shear,shear,33,0.064657,408.597
red2-3.xls,red,new york strip steak,2,24,1.0,3,shear,shear,34,0.064657,408.597
red2-3.xls,red,new york strip steak,2,24,1.0,3,shear,shear,35,0.064657,408.597
red2-3.xls,red,new york strip steak,2,24,1.0,3,shear,shear,36,0.064657,408.597
red2-3.xls,red,new york strip steak,2,24,1.0,3,shear,shear,37,0.0745796,431.067
red2-3.xls,red,new york strip steak,2,24,1.0,3,shear,shear,38,0.0745796,431.067
red2-3.xls,red,new york strip steak,2,24,1.0,3,shear,shear,39,0.0745796,431.067
red2-3.xls,red,new york strip steak,2,24,1.0,3,shear,shear,40,0.0745796,431.067
red2-3.xls,red,new york strip steak,2,24,1.0,3,shear,shear,41,0.0745797,431.067
red2-3.xls,red,new york strip steak,2,24,1.0,3,shear,shear,42,0.08446669999999999,446.874
red2-3.xls,red,new york strip steak,2,24,1.0,3,shear,shear,43,0.0844665,446.874
red2-3.xls,red,new york strip steak,2,24,1.0,3,shear,shear,44,0.0844665,446.874
red2-3.xls,red,new york strip steak,2,24,1.0,3,shear,shear,45,0.0844665,446.874
red2-3.xls,red,new york strip steak,2,24,1.0,3,shear,shear,46,0.0844665,446.874
red2-3.xls,red,new york strip steak,2,24,1.0,3,shear,shear,47,0.09437820000000001,460.879
red2-3.xls,red,new york strip steak,2,24,1.0,3,shear,shear,48,0.09437820000000001,460.879
red2-3.xls,red,new york strip steak,2,24,1.0,3,shear,shear,49,0.09437820000000001,460.879
red2-3.xls,red,new york strip steak,2,24,1.0,3,shear,shear,50,0.09437820000000001,460.879
red2-3.xls,red,new york strip steak,2,24,1.0,3,shear,shear,51,0.0943781,460.879
red2-3.xls,red,new york strip steak,2,24,1.0,3,shear,shear,52,0.10429000000000001,472.137
red2-3.xls,red,new york strip steak,2,24,1.0,3,shear,shear,53,0.10429000000000001,472.137
red2-3.xls,red,new york strip steak,2,24,1.0,3,shear,shear,54,0.10429000000000001,472.137
red2-3.xls,red,new york strip steak,2,24,1.0,3,shear,shear,55,0.10429000000000001,472.137
red2-3.xls,red,new york strip steak,2,24,1.0,3,shear,shear,56,0.10429000000000001,472.137
red2-3.xls,red,new york strip steak,2,24,1.0,3,shear,shear,57,0.11429299999999999,480.966
red2-3.xls,red,new york strip steak,2,24,1.0,3,shear,shear,58,0.11429299999999999,480.966
red2-3.xls,red,new york strip steak,2,24,1.0,3,shear,shear,59,0.11429299999999999,480.966
red2-3.xls,red,new york strip steak,2,24,1.0,3,shear,shear,60,0.11429299999999999,480.966
red2-3.xls,red,new york strip steak,2,24,1.0,3,shear,shear,61,0.11429299999999999,480.966
red2-3.xls,red,new york strip steak,2,24,1.0,3,shear,shear,62,0.12414199999999999,488.634
red2-3.xls,red,new york strip steak,2,24,1.0,3,shear,shear,63,0.12414199999999999,488.634
red2-3.xls,red,new york strip steak,2,24,1.0,3,shear,shear,64,0.12414199999999999,488.634
red2-3.xls,red,new york strip steak,2,24,1.0,3,shear,shear,65,0.12414199999999999,488.634
red2-3.xls,red,new york strip steak,2,24,1.0,3,shear,shear,66,0.12414199999999999,488.634
red2-3.xls,red,new york strip steak,2,24,1.0,3,shear,shear,67,0.13406700000000002,496.079
red2-3.xls,red,new york strip steak,2,24,1.0,3,shear,shear,68,0.13406700000000002,496.079
red2-3.xls,red,new york strip steak,2,24,1.0,3,shear,shear,69,0.13406700000000002,496.079
red2-3.xls,red,new york strip steak,2,24,1.0,3,shear,shear,70,0.13406700000000002,496.079
red2-3.xls,red,new york strip steak,2,24,1.0,3,shear,shear,71,0.13406700000000002,496.079
red2-3.xls,red,new york strip steak,2,24,1.0,3,shear,shear,72,0.143994,499.549
red2-3.xls,red,new york strip steak,2,24,1.0,3,shear,shear,73,0.143994,499.549
red2-3.xls,red,new york strip steak,2,24,1.0,3,shear,shear,74,0.143994,499.549
red2-3.xls,red,new york strip steak,2,24,1.0,3,shear,shear,75,0.143993,499.549
red2-3.xls,red,new york strip steak,2,24,1.0,3,shear,shear,76,0.143993,499.549
red2-3.xls,red,new york strip steak,2,24,1.0,3,shear,shear,77,0.153909,504.605
red2-3.xls,red,new york strip steak,2,24,1.0,3,shear,shear,78,0.153909,504.605
red2-3.xls,red,new york strip steak,2,24,1.0,3,shear,shear,79,0.153909,504.605
red2-3.xls,red,new york strip steak,2,24,1.0,3,shear,shear,80,0.153909,504.605
red2-3.xls,red,new york strip steak,2,24,1.0,3,shear,shear,81,0.153909,504.605
red2-3.xls,red,new york strip steak,2,24,1.0,3,shear,shear,82,0.163846,504.606
red2-3.xls,red,new york strip steak,2,24,1.0,3,shear,shear,83,0.163846,504.606
red2-3.xls,red,new york strip steak,2,24,1.0,3,shear,shear,84,0.163846,504.606
red2-3.xls,red,new york strip steak,2,24,1.0,3,shear,shear,85,0.163846,504.606
red2-3.xls,red,new york strip steak,2,24,1.0,3,shear,shear,86,0.163846,504.606
red2-3.xls,red,new york strip steak,2,24,1.0,3,shear,shear,87,0.173765,507.037
red2-3.xls,red,new york strip steak,2,24,1.0,3,shear,shear,88,0.173765,507.037
red2-3.xls,red,new york strip steak,2,24,1.0,3,shear,shear,89,0.173765,507.037
red2-3.xls,red,new york strip steak,2,24,1.0,3,shear,shear,90,0.173765,507.037
red2-3.xls,red,new york strip steak,2,24,1.0,3,shear,shear,91,0.173765,507.037
red2-3.xls,red,new york strip steak,2,24,1.0,3,shear,shear,92,0.183676,506.762
red2-3.xls,red,new york strip steak,2,24,1.0,3,shear,shear,93,0.183676,506.762
red2-3.xls,red,new york strip steak,2,24,1.0,3,shear,shear,94,0.183676,506.762
red2-3.xls,red,new york strip steak,2,24,1.0,3,shear,shear,95,0.183676,506.762
red2-3.xls,red,new york strip steak,2,24,1.0,3,shear,shear,96,0.183676,506.762
red2-3.xls,red,new york strip steak,2,24,1.0,3,shear,shear,97,0.193584,501.467
red2-3.xls,red,new york strip steak,2,24,1.0,3,shear,shear,98,0.193584,501.467
red2-3.xls,red,new york strip steak,2,24,1.0,3,shear,shear,99,0.193583,501.467
red2-4.xls,red,new york strip steak,2,24,1.0,4,uniaxial,compression,0,0.977766,513.535
red2-4.xls,red,new york strip steak,2,24,1.0,4,uniaxial,compression,1,0.958014,678.058
red2-4.xls,red,new york strip steak,2,24,1.0,4,uniaxial,compression,2,0.937706,727.927
red2-4.xls,red,new york strip steak,2,24,1.0,4,uniaxial,compression,3,0.917756,846.706
red2-4.xls,red,new york strip steak,2,24,1.0,4,uniaxial,compression,4,0.897234,916.788
red2-4.xls,red,new york strip steak,2,24,1.0,4,uniaxial,compression,5,0.87732,1038.92
red2-4.xls,red,new york strip steak,2,24,1.0,4,uniaxial,compression,6,0.857328,1138.5
red2-4.xls,red,new york strip steak,2,24,1.0,4,uniaxial,compression,7,0.83723,1278.05
red2-4.xls,red,new york strip steak,2,24,1.0,4,uniaxial,compression,8,0.816944,1358.46
red2-4.xls,red,new york strip steak,2,24,1.0,4,uniaxial,tension,0,1.0265304,551.518
red2-4.xls,red,new york strip steak,2,24,1.0,4,uniaxial,tension,1,1.0519018,217.599
red2-4.xls,red,new york strip steak,2,24,1.0,4,uniaxial,tension,2,1.0769129,-45.9337
red2-4.xls,red,new york strip steak,2,24,1.0,4,uniaxial,tension,3,1.102092,-117.156
red2-4.xls,red,new york strip steak,2,24,1.0,4,shear,shear,0,0.00124467,9.91565
red2-4.xls,red,new york strip steak,2,24,1.0,4,shear,shear,1,0.00124467,9.91565
red2-4.xls,red,new york strip steak,2,24,1.0,4,shear,shear,2,0.00124467,9.91565
red2-4.xls,red,new york strip steak,2,24,1.0,4,shear,shear,3,0.0012446599999999999,9.91565
red2-4.xls,red,new york strip steak,2,24,1.0,4,shear,shear,4,0.0012446599999999999,9.91565
red2-4.xls,red,new york strip steak,2,24,1.0,4,shear,shear,5,0.0101484,40.7073
red2-4.xls,red,new york strip steak,2,24,1.0,4,shear,shear,6,0.0101484,40.7073
red2-4.xls,red,new york strip steak,2,24,1.0,4,shear,shear,7,0.010148299999999999,40.7073
red2-4.xls,red,new york strip steak,2,24,1.0,4,shear,shear,8,0.010148299999999999,40.7073
red2-4.xls,red,new york strip steak,2,24,1.0,4,shear,shear,9,0.0182911,116.558
red2-4.xls,red,new york strip steak,2,24,1.0,4,shear,shear,10,0.0182911,116.558
red2-4.xls,red,new york strip steak,2,24,1.0,4,shear,shear,11,0.018290999999999998,116.558
red2-4.xls,red,new york strip steak,2,24,1.0,4,shear,shear,12,0.018290999999999998,116.558
red2-4.xls,red,new york strip steak,2,24,1.0,4,shear,shear,13,0.026476299999999998,160.04
red2-4.xls,red,new york strip steak,2,24,1.0,4,shear,shear,14,0.026476299999999998,160.04
red2-4.xls,red,new york strip steak,2,24,1.0,4,shear,shear,15,0.026476299999999998,160.04
red2-4.xls,red,new york strip steak,2,24,1.0,4,shear,shear,16,0.026476299999999998,160.04
red2-4.xls,red,new york strip steak,2,24,1.0,4,shear,shear,17,0.034704399999999996,195.031
red2-4.xls,red,new york strip steak,2,24,1.0,4,shear,shear,18,0.034704399999999996,195.031
red2-4.xls,red,new york strip steak,2,24,1.0,4,shear,shear,19,0.034704399999999996,195.031
red2-4.xls,red,new york strip steak,2,24,1.0,4,shear,shear,20,0.034704399999999996,195.031
red2-4.xls,red,new york strip steak,2,24,1.0,4,shear,shear,21,0.0430069,224.318
red2-4.xls,red,new york strip steak,2,24,1.0,4,shear,shear,22,0.0430069,224.318
red2-4.xls,red,new york strip steak,2,24,1.0,4,shear,shear,23,0.0430069,224.318
red2-4.xls,red,new york strip steak,2,24,1.0,4,shear,shear,24,0.0430069,224.318
red2-4.xls,red,new york strip steak,2,24,1.0,4,shear,shear,25,0.0430069,224.318
red2-4.xls,red,new york strip steak,2,24,1.0,4,shear,shear,26,0.0510979,250.216
red2-4.xls,red,new york strip steak,2,24,1.0,4,shear,shear,27,0.0510978,250.216
red2-4.xls,red,new york strip steak,2,24,1.0,4,shear,shear,28,0.0510978,250.216
red2-4.xls,red,new york strip steak,2,24,1.0,4,shear,shear,29,0.0510978,250.216
red2-4.xls,red,new york strip steak,2,24,1.0,4,shear,shear,30,0.0592851,272.632
red2-4.xls,red,new york strip steak,2,24,1.0,4,shear,shear,31,0.059285,272.632
red2-4.xls,red,new york strip steak,2,24,1.0,4,shear,shear,32,0.059285,272.632
red2-4.xls,red,new york strip steak,2,24,1.0,4,shear,shear,33,0.059285,272.632
red2-4.xls,red,new york strip steak,2,24,1.0,4,shear,shear,34,0.0675189,292.774
red2-4.xls,red,new york strip steak,2,24,1.0,4,shear,shear,35,0.0675191,292.774
red2-4.xls,red,new york strip steak,2,24,1.0,4,shear,shear,36,0.0675191,292.774
red2-4.xls,red,new york strip steak,2,24,1.0,4,shear,shear,37,0.067519,292.774
red2-4.xls,red,new york strip steak,2,24,1.0,4,shear,shear,38,0.0756658,310.67
red2-4.xls,red,new york strip steak,2,24,1.0,4,shear,shear,39,0.0756658,310.67
red2-4.xls,red,new york strip steak,2,24,1.0,4,shear,shear,40,0.0756658,310.67
red2-4.xls,red,new york strip steak,2,24,1.0,4,shear,shear,41,0.0756658,310.67
red2-4.xls,red,new york strip steak,2,24,1.0,4,shear,shear,42,0.0838424,327.267
red2-4.xls,red,new york strip steak,2,24,1.0,4,shear,shear,43,0.0838425,327.267
red2-4.xls,red,new york strip steak,2,24,1.0,4,shear,shear,44,0.0838425,327.267
red2-4.xls,red,new york strip steak,2,24,1.0,4,shear,shear,45,0.0838425,327.267
red2-4.xls,red,new york strip steak,2,24,1.0,4,shear,shear,46,0.09203070000000001,341.895
red2-4.xls,red,new york strip steak,2,24,1.0,4,shear,shear,47,0.0920308,341.895
red2-4.xls,red,new york strip steak,2,24,1.0,4,shear,shear,48,0.0920308,341.895
red2-4.xls,red,new york strip steak,2,24,1.0,4,shear,shear,49,0.0920306,341.895
red2-4.xls,red,new york strip steak,2,24,1.0,4,shear,shear,50,0.100205,355.715
red2-4.xls,red,new york strip steak,2,24,1.0,4,shear,shear,51,0.100205,355.715
red2-4.xls,red,new york strip steak,2,24,1.0,4,shear,shear,52,0.100205,355.715
red2-4.xls,red,new york strip steak,2,24,1.0,4,shear,shear,53,0.100205,355.715
red2-4.xls,red,new york strip steak,2,24,1.0,4,shear,shear,54,0.10842,368.295
red2-4.xls,red,new york strip steak,2,24,1.0,4,shear,shear,55,0.10842,368.295
red2-4.xls,red,new york strip steak,2,24,1.0,4,shear,shear,56,0.10842,368.295
red2-4.xls,red,new york strip steak,2,24,1.0,4,shear,shear,57,0.10842,368.295
red2-4.xls,red,new york strip steak,2,24,1.0,4,shear,shear,58,0.11655900000000001,379.887
red2-4.xls,red,new york strip steak,2,24,1.0,4,shear,shear,59,0.11655900000000001,379.887
red2-4.xls,red,new york strip steak,2,24,1.0,4,shear,shear,60,0.11655900000000001,379.887
red2-4.xls,red,new york strip steak,2,24,1.0,4,shear,shear,61,0.11655900000000001,379.887
red2-4.xls,red,new york strip steak,2,24,1.0,4,shear,shear,62,0.12479599999999999,390.688
red2-4.xls,red,new york strip steak,2,24,1.0,4,shear,shear,63,0.12479599999999999,390.688
red2-4.xls,red,new york strip steak,2,24,1.0,4,shear,shear,64,0.12479599999999999,390.688
red2-4.xls,red,new york strip steak,2,24,1.0,4,shear,shear,65,0.12479599999999999,390.688
red2-4.xls,red,new york strip steak,2,24,1.0,4,shear,shear,66,0.12479599999999999,390.688
red2-4.xls,red,new york strip steak,2,24,1.0,4,shear,shear,67,0.13298400000000002,401.356
red2-4.xls,red,new york strip steak,2,24,1.0,4,shear,shear,68,0.13298400000000002,401.356
red2-4.xls,red,new york strip steak,2,24,1.0,4,shear,shear,69,0.13298500000000002,401.356
red2-4.xls,red,new york strip steak,2,24,1.0,4,shear,shear,70,0.13298500000000002,401.356
red2-4.xls,red,new york strip steak,2,24,1.0,4,shear,shear,71,0.14110799999999998,410.913
red2-4.xls,red,new york strip steak,2,24,1.0,4,shear,shear,72,0.14110799999999998,410.913
red2-4.xls,red,new york strip steak,2,24,1.0,4,shear,shear,73,0.141109,410.913
red2-4.xls,red,new york strip steak,2,24,1.0,4,shear,shear,74,0.141109,410.913
red2-4.xls,red,new york strip steak,2,24,1.0,4,shear,shear,75,0.149306,420.055
red2-4.xls,red,new york strip steak,2,24,1.0,4,shear,shear,76,0.149306,420.055
red2-4.xls,red,new york strip steak,2,24,1.0,4,shear,shear,77,0.149305,420.055
red2-4.xls,red,new york strip steak,2,24,1.0,4,shear,shear,78,0.149305,420.055
red2-4.xls,red,new york strip steak,2,24,1.0,4,shear,shear,79,0.157469,428.699
red2-4.xls,red,new york strip steak,2,24,1.0,4,shear,shear,80,0.157469,428.699
red2-4.xls,red,new york strip steak,2,24,1.0,4,shear,shear,81,0.157469,428.699
red2-4.xls,red,new york strip steak,2,24,1.0,4,shear,shear,82,0.157469,428.699
red2-4.xls,red,new york strip steak,2,24,1.0,4,shear,shear,83,0.16567900000000002,435.883
red2-4.xls,red,new york strip steak,2,24,1.0,4,shear,shear,84,0.16567900000000002,435.883
red2-4.xls,red,new york strip steak,2,24,1.0,4,shear,shear,85,0.165678,435.883
red2-4.xls,red,new york strip steak,2,24,1.0,4,shear,shear,86,0.165678,435.883
red2-4.xls,red,new york strip steak,2,24,1.0,4,shear,shear,87,0.17384,442.807
red2-4.xls,red,new york strip steak,2,24,1.0,4,shear,shear,88,0.17384,442.807
red2-4.xls,red,new york strip steak,2,24,1.0,4,shear,shear,89,0.17384,442.807
red2-4.xls,red,new york strip steak,2,24,1.0,4,shear,shear,90,0.17384,442.807
red2-4.xls,red,new york strip steak,2,24,1.0,4,shear,shear,91,0.18201699999999998,449.164
red2-4.xls,red,new york strip steak,2,24,1.0,4,shear,shear,92,0.18201699999999998,449.164
red2-4.xls,red,new york strip steak,2,24,1.0,4,shear,shear,93,0.18201799999999999,449.164
red2-4.xls,red,new york strip steak,2,24,1.0,4,shear,shear,94,0.18201799999999999,449.164
red2-4.xls,red,new york strip steak,2,24,1.0,4,shear,shear,95,0.190164,455.468
red2-4.xls,red,new york strip steak,2,24,1.0,4,shear,shear,96,0.190164,455.468
red2-4.xls,red,new york strip steak,2,24,1.0,4,shear,shear,97,0.190164,455.468
red2-4.xls,red,new york strip steak,2,24,1.0,4,shear,shear,98,0.190164,455.468
red2-4.xls,red,new york strip steak,2,24,1.0,4,shear,shear,99,0.198363,461.741
red2-5.xls,red,new york strip steak,2,24,1.0,5,uniaxial,compression,0,0.9783609,715.014
red2-5.xls,red,new york strip steak,2,24,1.0,5,uniaxial,compression,1,0.9579458,833.614
red2-5.xls,red,new york strip steak,2,24,1.0,5,uniaxial,compression,2,0.9378936,950.129
red2-5.xls,red,new york strip steak,2,24,1.0,5,uniaxial,compression,3,0.9174394,1011.61
red2-5.xls,red,new york strip steak,2,24,1.0,5,uniaxial,compression,4,0.897033,1098.87
red2-5.xls,red,new york strip steak,2,24,1.0,5,uniaxial,compression,5,0.8770290000000001,1160.91
red2-5.xls,red,new york strip steak,2,24,1.0,5,uniaxial,compression,6,0.856677,1275.53
red2-5.xls,red,new york strip steak,2,24,1.0,5,uniaxial,compression,7,0.836679,1344.25
red2-5.xls,red,new york strip steak,2,24,1.0,5,uniaxial,compression,8,0.816707,1475.37
red2-5.xls,red,new york strip steak,2,24,1.0,5,uniaxial,tension,0,1.026326,716.014
red2-5.xls,red,new york strip steak,2,24,1.0,5,uniaxial,tension,1,1.0518585,220.656
red2-5.xls,red,new york strip steak,2,24,1.0,5,uniaxial,tension,2,1.0767902,78.7568
red2-5.xls,red,new york strip steak,2,24,1.0,5,uniaxial,tension,3,1.101738,-62.7359
red2-5.xls,red,new york strip steak,2,24,1.0,5,shear,shear,0,-0.0012962499999999999,-16.0094
red2-5.xls,red,new york strip steak,2,24,1.0,5,shear,shear,1,-0.0012962499999999999,-16.0094
red2-5.xls,red,new york strip steak,2,24,1.0,5,shear,shear,2,0.00361278,10.1271
red2-5.xls,red,new york strip steak,2,24,1.0,5,shear,shear,3,0.00361278,10.1271
red2-5.xls,red,new york strip steak,2,24,1.0,5,shear,shear,4,0.00361276,10.1271
red2-5.xls,red,new york strip steak,2,24,1.0,5,shear,shear,5,0.00361276,10.1271
red2-5.xls,red,new york strip steak,2,24,1.0,5,shear,shear,6,0.0123539,48.1008
red2-5.xls,red,new york strip steak,2,24,1.0,5,shear,shear,7,0.0123539,48.1008
red2-5.xls,red,new york strip steak,2,24,1.0,5,shear,shear,8,0.0123539,48.1008
red2-5.xls,red,new york strip steak,2,24,1.0,5,shear,shear,9,0.0123539,48.1008
red2-5.xls,red,new york strip steak,2,24,1.0,5,shear,shear,10,0.0123539,48.1008
red2-5.xls,red,new york strip steak,2,24,1.0,5,shear,shear,11,0.0212568,103.943
red2-5.xls,red,new york strip steak,2,24,1.0,5,shear,shear,12,0.0212567,103.943
red2-5.xls,red,new york strip steak,2,24,1.0,5,shear,shear,13,0.0212567,103.943
red2-5.xls,red,new york strip steak,2,24,1.0,5,shear,shear,14,0.0212567,103.943
red2-5.xls,red,new york strip steak,2,24,1.0,5,shear,shear,15,0.0301575,136.509
red2-5.xls,red,new york strip steak,2,24,1.0,5,shear,shear,16,0.0301574,136.509
red2-5.xls,red,new york strip steak,2,24,1.0,5,shear,shear,17,0.0301574,136.509
red2-5.xls,red,new york strip steak,2,24,1.0,5,shear,shear,18,0.0301573,136.509
red2-5.xls,red,new york strip steak,2,24,1.0,5,shear,shear,19,0.0301573,136.509
red2-5.xls,red,new york strip steak,2,24,1.0,5,shear,shear,20,0.0390449,161.735
red2-5.xls,red,new york strip steak,2,24,1.0,5,shear,shear,21,0.0390449,161.735
red2-5.xls,red,new york strip steak,2,24,1.0,5,shear,shear,22,0.0390449,161.735
red2-5.xls,red,new york strip steak,2,24,1.0,5,shear,shear,23,0.0390449,161.735
red2-5.xls,red,new york strip steak,2,24,1.0,5,shear,shear,24,0.047973999999999996,180.832
red2-5.xls,red,new york strip steak,2,24,1.0,5,shear,shear,25,0.047973800000000004,180.832
red2-5.xls,red,new york strip steak,2,24,1.0,5,shear,shear,26,0.047973800000000004,180.832
red2-5.xls,red,new york strip steak,2,24,1.0,5,shear,shear,27,0.047973800000000004,180.832
red2-5.xls,red,new york strip steak,2,24,1.0,5,shear,shear,28,0.047973800000000004,180.832
red2-5.xls,red,new york strip steak,2,24,1.0,5,shear,shear,29,0.056935900000000005,197.826
red2-5.xls,red,new york strip steak,2,24,1.0,5,shear,shear,30,0.056935900000000005,197.826
red2-5.xls,red,new york strip steak,2,24,1.0,5,shear,shear,31,0.056936,197.826
red2-5.xls,red,new york strip steak,2,24,1.0,5,shear,shear,32,0.056936,197.826
red2-5.xls,red,new york strip steak,2,24,1.0,5,shear,shear,33,0.0657879,209.708
red2-5.xls,red,new york strip steak,2,24,1.0,5,shear,shear,34,0.0657879,209.708
red2-5.xls,red,new york strip steak,2,24,1.0,5,shear,shear,35,0.06578780000000001,209.708
red2-5.xls,red,new york strip steak,2,24,1.0,5,shear,shear,36,0.06578780000000001,209.708
red2-5.xls,red,new york strip steak,2,24,1.0,5,shear,shear,37,0.06578769999999999,209.708
red2-5.xls,red,new york strip steak,2,24,1.0,5,shear,shear,38,0.0747024,220.175
red2-5.xls,red,new york strip steak,2,24,1.0,5,shear,shear,39,0.0747023,220.175
red2-5.xls,red,new york strip steak,2,24,1.0,5,shear,shear,40,0.0747023,220.175
red2-5.xls,red,new york strip steak,2,24,1.0,5,shear,shear,41,0.0747025,220.175
red2-5.xls,red,new york strip steak,2,24,1.0,5,shear,shear,42,0.08358779999999999,227.766
red2-5.xls,red,new york strip steak,2,24,1.0,5,shear,shear,43,0.0835877,227.766
red2-5.xls,red,new york strip steak,2,24,1.0,5,shear,shear,44,0.0835877,227.766
red2-5.xls,red,new york strip steak,2,24,1.0,5,shear,shear,45,0.08358750000000001,227.766
red2-5.xls,red,new york strip steak,2,24,1.0,5,shear,shear,46,0.09250080000000001,231.651
red2-5.xls,red,new york strip steak,2,24,1.0,5,shear,shear,47,0.09250069999999999,231.651
red2-5.xls,red,new york strip steak,2,24,1.0,5,shear,shear,48,0.09250069999999999,231.651
red2-5.xls,red,new york strip steak,2,24,1.0,5,shear,shear,49,0.09250059999999999,231.651
red2-5.xls,red,new york strip steak,2,24,1.0,5,shear,shear,50,0.09250059999999999,231.651
red2-5.xls,red,new york strip steak,2,24,1.0,5,shear,shear,51,0.10138899999999999,236.281
red2-5.xls,red,new york strip steak,2,24,1.0,5,shear,shear,52,0.10138899999999999,236.281
red2-5.xls,red,new york strip steak,2,24,1.0,5,shear,shear,53,0.10138899999999999,236.281
red2-5.xls,red,new york strip steak,2,24,1.0,5,shear,shear,54,0.10138899999999999,236.281
red2-5.xls,red,new york strip steak,2,24,1.0,5,shear,shear,55,0.11028600000000001,234.73
red2-5.xls,red,new york strip steak,2,24,1.0,5,shear,shear,56,0.11028600000000001,234.73
red2-5.xls,red,new york strip steak,2,24,1.0,5,shear,shear,57,0.11028600000000001,234.73
red2-5.xls,red,new york strip steak,2,24,1.0,5,shear,shear,58,0.11028600000000001,234.73
red2-5.xls,red,new york strip steak,2,24,1.0,5,shear,shear,59,0.11028600000000001,234.73
red2-5.xls,red,new york strip steak,2,24,1.0,5,shear,shear,60,0.119161,235.308
red2-5.xls,red,new york strip steak,2,24,1.0,5,shear,shear,61,0.119161,235.308
red2-5.xls,red,new york strip steak,2,24,1.0,5,shear,shear,62,0.119161,235.308
red2-5.xls,red,new york strip steak,2,24,1.0,5,shear,shear,63,0.119161,235.308
red2-5.xls,red,new york strip steak,2,24,1.0,5,shear,shear,64,0.128058,233.366
red2-5.xls,red,new york strip steak,2,24,1.0,5,shear,shear,65,0.128058,233.366
red2-5.xls,red,new york strip steak,2,24,1.0,5,shear,shear,66,0.128058,233.366
red2-5.xls,red,new york strip steak,2,24,1.0,5,shear,shear,67,0.128058,233.366
red2-5.xls,red,new york strip steak,2,24,1.0,5,shear,shear,68,0.128058,233.366
red2-5.xls,red,new york strip steak,2,24,1.0,5,shear,shear,69,0.13697900000000002,230.93
red2-5.xls,red,new york strip steak,2,24,1.0,5,shear,shear,70,0.13697900000000002,230.93
red2-5.xls,red,new york strip steak,2,24,1.0,5,shear,shear,71,0.13697900000000002,230.93
red2-5.xls,red,new york strip steak,2,24,1.0,5,shear,shear,72,0.13697900000000002,230.93
red2-5.xls,red,new york strip steak,2,24,1.0,5,shear,shear,73,0.14583500000000002,223.873
red2-5.xls,red,new york strip steak,2,24,1.0,5,shear,shear,74,0.14583500000000002,223.873
red2-5.xls,red,new york strip steak,2,24,1.0,5,shear,shear,75,0.14583500000000002,223.873
red2-5.xls,red,new york strip steak,2,24,1.0,5,shear,shear,76,0.14583500000000002,223.873
red2-5.xls,red,new york strip steak,2,24,1.0,5,shear,shear,77,0.14583500000000002,223.873
red2-5.xls,red,new york strip steak,2,24,1.0,5,shear,shear,78,0.15481299999999998,221.675
red2-5.xls,red,new york strip steak,2,24,1.0,5,shear,shear,79,0.15481299999999998,221.675
red2-5.xls,red,new york strip steak,2,24,1.0,5,shear,shear,80,0.15481299999999998,221.675
red2-5.xls,red,new york strip steak,2,24,1.0,5,shear,shear,81,0.15481299999999998,221.675
red2-5.xls,red,new york strip steak,2,24,1.0,5,shear,shear,82,0.163619,222.027
red2-5.xls,red,new york strip steak,2,24,1.0,5,shear,shear,83,0.163619,222.027
red2-5.xls,red,new york strip steak,2,24,1.0,5,shear,shear,84,0.163619,222.027
red2-5.xls,red,new york strip steak,2,24,1.0,5,shear,shear,85,0.163619,222.027
red2-5.xls,red,new york strip steak,2,24,1.0,5,shear,shear,86,0.172513,216.939
red2-5.xls,red,new york strip steak,2,24,1.0,5,shear,shear,87,0.172513,216.939
red2-5.xls,red,new york strip steak,2,24,1.0,5,shear,shear,88,0.172513,216.939
red2-5.xls,red,new york strip steak,2,24,1.0,5,shear,shear,89,0.172513,216.939
red2-5.xls,red,new york strip steak,2,24,1.0,5,shear,shear,90,0.172513,216.939
red2-5.xls,red,new york strip steak,2,24,1.0,5,shear,shear,91,0.181398,215.877
red2-5.xls,red,new york strip steak,2,24,1.0,5,shear,shear,92,0.181398,215.877
red2-5.xls,red,new york strip steak,2,24,1.0,5,shear,shear,93,0.181398,215.877
red2-5.xls,red,new york strip steak,2,24,1.0,5,shear,shear,94,0.181398,215.877
red2-5.xls,red,new york strip steak,2,24,1.0,5,shear,shear,95,0.19034800000000002,218.868
red2-5.xls,red,new york strip steak,2,24,1.0,5,shear,shear,96,0.19034800000000002,218.868
red2-5.xls,red,new york strip steak,2,24,1.0,5,shear,shear,97,0.19034800000000002,218.868
red2-5.xls,red,new york strip steak,2,24,1.0,5,shear,shear,98,0.19034800000000002,218.868
red2-5.xls,red,new york strip steak,2,24,1.0,5,shear,shear,99,0.19034800000000002,218.868
red3-1.xls,red,new york strip steak,3,48,2.0,1,uniaxial,compression,0,0.978594,494.602
red3-1.xls,red,new york strip steak,3,48,2.0,1,uniaxial,compression,1,0.9584963,577.082
red3-1.xls,red,new york strip steak,3,48,2.0,1,uniaxial,compression,2,0.938188,684.905
red3-1.xls,red,new york strip steak,3,48,2.0,1,uniaxial,compression,3,0.9180827,748.329
red3-1.xls,red,new york strip steak,3,48,2.0,1,uniaxial,compression,4,0.898218,846.997
red3-1.xls,red,new york strip steak,3,48,2.0,1,uniaxial,compression,5,0.877677,896.291
red3-1.xls,red,new york strip steak,3,48,2.0,1,uniaxial,compression,6,0.857391,987.439
red3-1.xls,red,new york strip steak,3,48,2.0,1,uniaxial,compression,7,0.837278,1052.23
red3-1.xls,red,new york strip steak,3,48,2.0,1,uniaxial,compression,8,0.817376,1187.27
red3-1.xls,red,new york strip steak,3,48,2.0,1,uniaxial,tension,0,1.0267562,485.793
red3-1.xls,red,new york strip steak,3,48,2.0,1,uniaxial,tension,1,1.0516321,68.3596
red3-1.xls,red,new york strip steak,3,48,2.0,1,uniaxial,tension,2,1.07679,-63.7451
red3-1.xls,red,new york strip steak,3,48,2.0,1,uniaxial,tension,3,1.101647,-181.026
red3-1.xls,red,new york strip steak,3,48,2.0,1,shear,shear,0,-0.00139521,-36.5404
red3-1.xls,red,new york strip steak,3,48,2.0,1,shear,shear,1,-0.00139521,-36.5404
red3-1.xls,red,new york strip steak,3,48,2.0,1,shear,shear,2,0.00385021,2.41676
red3-1.xls,red,new york strip steak,3,48,2.0,1,shear,shear,3,0.00385017,2.41676
red3-1.xls,red,new york strip steak,3,48,2.0,1,shear,shear,4,0.00385017,2.41676
red3-1.xls,red,new york strip steak,3,48,2.0,1,shear,shear,5,0.00385017,2.41676
red3-1.xls,red,new york strip steak,3,48,2.0,1,shear,shear,6,0.0120208,36.3352
red3-1.xls,red,new york strip steak,3,48,2.0,1,shear,shear,7,0.0120208,36.3352
red3-1.xls,red,new york strip steak,3,48,2.0,1,shear,shear,8,0.0120208,36.3352
red3-1.xls,red,new york strip steak,3,48,2.0,1,shear,shear,9,0.0120207,36.3352
red3-1.xls,red,new york strip steak,3,48,2.0,1,shear,shear,10,0.0201824,95.7667
red3-1.xls,red,new york strip steak,3,48,2.0,1,shear,shear,11,0.0201824,95.7667
red3-1.xls,red,new york strip steak,3,48,2.0,1,shear,shear,12,0.0201824,95.7667
red3-1.xls,red,new york strip steak,3,48,2.0,1,shear,shear,13,0.0201824,95.7667
red3-1.xls,red,new york strip steak,3,48,2.0,1,shear,shear,14,0.028344499999999998,132.316
red3-1.xls,red,new york strip steak,3,48,2.0,1,shear,shear,15,0.028344499999999998,132.316
red3-1.xls,red,new york strip steak,3,48,2.0,1,shear,shear,16,0.028344499999999998,132.316
red3-1.xls,red,new york strip steak,3,48,2.0,1,shear,shear,17,0.028344499999999998,132.316
red3-1.xls,red,new york strip steak,3,48,2.0,1,shear,shear,18,0.028344499999999998,132.316
red3-1.xls,red,new york strip steak,3,48,2.0,1,shear,shear,19,0.0365841,157.239
red3-1.xls,red,new york strip steak,3,48,2.0,1,shear,shear,20,0.0365841,157.239
red3-1.xls,red,new york strip steak,3,48,2.0,1,shear,shear,21,0.0365841,157.239
red3-1.xls,red,new york strip steak,3,48,2.0,1,shear,shear,22,0.0447728,180.908
red3-1.xls,red,new york strip steak,3,48,2.0,1,shear,shear,23,0.0447728,180.908
red3-1.xls,red,new york strip steak,3,48,2.0,1,shear,shear,24,0.0447728,180.908
red3-1.xls,red,new york strip steak,3,48,2.0,1,shear,shear,25,0.0447728,180.908
red3-1.xls,red,new york strip steak,3,48,2.0,1,shear,shear,26,0.0447728,180.908
red3-1.xls,red,new york strip steak,3,48,2.0,1,shear,shear,27,0.0530156,198.348
red3-1.xls,red,new york strip steak,3,48,2.0,1,shear,shear,28,0.0530156,198.348
red3-1.xls,red,new york strip steak,3,48,2.0,1,shear,shear,29,0.0530156,198.348
red3-1.xls,red,new york strip steak,3,48,2.0,1,shear,shear,30,0.0530156,198.348
red3-1.xls,red,new york strip steak,3,48,2.0,1,shear,shear,31,0.0611632,213.688
red3-1.xls,red,new york strip steak,3,48,2.0,1,shear,shear,32,0.0611632,213.688
red3-1.xls,red,new york strip steak,3,48,2.0,1,shear,shear,33,0.0611632,213.688
red3-1.xls,red,new york strip steak,3,48,2.0,1,shear,shear,34,0.0611632,213.688
red3-1.xls,red,new york strip steak,3,48,2.0,1,shear,shear,35,0.06939530000000001,225.959
red3-1.xls,red,new york strip steak,3,48,2.0,1,shear,shear,36,0.06939530000000001,225.959
red3-1.xls,red,new york strip steak,3,48,2.0,1,shear,shear,37,0.06939479999999999,225.959
red3-1.xls,red,new york strip steak,3,48,2.0,1,shear,shear,38,0.06939479999999999,225.959
red3-1.xls,red,new york strip steak,3,48,2.0,1,shear,shear,39,0.07759339999999999,236.18
red3-1.xls,red,new york strip steak,3,48,2.0,1,shear,shear,40,0.07759339999999999,236.18
red3-1.xls,red,new york strip steak,3,48,2.0,1,shear,shear,41,0.07759339999999999,236.18
red3-1.xls,red,new york strip steak,3,48,2.0,1,shear,shear,42,0.07759339999999999,236.18
red3-1.xls,red,new york strip steak,3,48,2.0,1,shear,shear,43,0.0858228,244.335
red3-1.xls,red,new york strip steak,3,48,2.0,1,shear,shear,44,0.0858228,244.335
red3-1.xls,red,new york strip steak,3,48,2.0,1,shear,shear,45,0.0858228,244.335
red3-1.xls,red,new york strip steak,3,48,2.0,1,shear,shear,46,0.0858228,244.335
red3-1.xls,red,new york strip steak,3,48,2.0,1,shear,shear,47,0.09400510000000001,250.037
red3-1.xls,red,new york strip steak,3,48,2.0,1,shear,shear,48,0.09400510000000001,250.037
red3-1.xls,red,new york strip steak,3,48,2.0,1,shear,shear,49,0.09400510000000001,250.037
red3-1.xls,red,new york strip steak,3,48,2.0,1,shear,shear,50,0.09400510000000001,250.037
red3-1.xls,red,new york strip steak,3,48,2.0,1,shear,shear,51,0.102231,254.887
red3-1.xls,red,new york strip steak,3,48,2.0,1,shear,shear,52,0.102231,254.887
red3-1.xls,red,new york strip steak,3,48,2.0,1,shear,shear,53,0.102231,254.887
red3-1.xls,red,new york strip steak,3,48,2.0,1,shear,shear,54,0.102231,254.887
red3-1.xls,red,new york strip steak,3,48,2.0,1,shear,shear,55,0.110492,258.574
red3-1.xls,red,new york strip steak,3,48,2.0,1,shear,shear,56,0.110492,258.574
red3-1.xls,red,new york strip steak,3,48,2.0,1,shear,shear,57,0.110492,258.574
red3-1.xls,red,new york strip steak,3,48,2.0,1,shear,shear,58,0.110492,258.574
red3-1.xls,red,new york strip steak,3,48,2.0,1,shear,shear,59,0.118621,261.895
red3-1.xls,red,new york strip steak,3,48,2.0,1,shear,shear,60,0.118621,261.895
red3-1.xls,red,new york strip steak,3,48,2.0,1,shear,shear,61,0.118621,261.895
red3-1.xls,red,new york strip steak,3,48,2.0,1,shear,shear,62,0.118621,261.895
red3-1.xls,red,new york strip steak,3,48,2.0,1,shear,shear,63,0.118621,261.895
red3-1.xls,red,new york strip steak,3,48,2.0,1,shear,shear,64,0.126886,263.395
red3-1.xls,red,new york strip steak,3,48,2.0,1,shear,shear,65,0.126886,263.395
red3-1.xls,red,new york strip steak,3,48,2.0,1,shear,shear,66,0.126886,263.395
red3-1.xls,red,new york strip steak,3,48,2.0,1,shear,shear,67,0.126886,263.395
red3-1.xls,red,new york strip steak,3,48,2.0,1,shear,shear,68,0.135058,267.399
red3-1.xls,red,new york strip steak,3,48,2.0,1,shear,shear,69,0.135058,267.399
red3-1.xls,red,new york strip steak,3,48,2.0,1,shear,shear,70,0.135058,267.399
red3-1.xls,red,new york strip steak,3,48,2.0,1,shear,shear,71,0.135058,267.399
red3-1.xls,red,new york strip steak,3,48,2.0,1,shear,shear,72,0.14321899999999999,267.969
red3-1.xls,red,new york strip steak,3,48,2.0,1,shear,shear,73,0.14321899999999999,267.969
red3-1.xls,red,new york strip steak,3,48,2.0,1,shear,shear,74,0.14321899999999999,267.969
red3-1.xls,red,new york strip steak,3,48,2.0,1,shear,shear,75,0.14321799999999998,267.969
red3-1.xls,red,new york strip steak,3,48,2.0,1,shear,shear,76,0.151503,270.123
red3-1.xls,red,new york strip steak,3,48,2.0,1,shear,shear,77,0.151503,270.123
red3-1.xls,red,new york strip steak,3,48,2.0,1,shear,shear,78,0.151503,270.123
red3-1.xls,red,new york strip steak,3,48,2.0,1,shear,shear,79,0.151503,270.123
red3-1.xls,red,new york strip steak,3,48,2.0,1,shear,shear,80,0.15966,273.433
red3-1.xls,red,new york strip steak,3,48,2.0,1,shear,shear,81,0.15966,273.433
red3-1.xls,red,new york strip steak,3,48,2.0,1,shear,shear,82,0.15966,273.433
red3-1.xls,red,new york strip steak,3,48,2.0,1,shear,shear,83,0.15966,273.433
red3-1.xls,red,new york strip steak,3,48,2.0,1,shear,shear,84,0.167867,275.43
red3-1.xls,red,new york strip steak,3,48,2.0,1,shear,shear,85,0.167867,275.43
red3-1.xls,red,new york strip steak,3,48,2.0,1,shear,shear,86,0.167867,275.43
red3-1.xls,red,new york strip steak,3,48,2.0,1,shear,shear,87,0.167867,275.43
red3-1.xls,red,new york strip steak,3,48,2.0,1,shear,shear,88,0.176088,278.806
red3-1.xls,red,new york strip steak,3,48,2.0,1,shear,shear,89,0.176088,278.806
red3-1.xls,red,new york strip steak,3,48,2.0,1,shear,shear,90,0.176088,278.806
red3-1.xls,red,new york strip steak,3,48,2.0,1,shear,shear,91,0.176088,278.806
red3-1.xls,red,new york strip steak,3,48,2.0,1,shear,shear,92,0.18425,280.761
red3-1.xls,red,new york strip steak,3,48,2.0,1,shear,shear,93,0.18425,280.761
red3-1.xls,red,new york strip steak,3,48,2.0,1,shear,shear,94,0.18425,280.761
red3-1.xls,red,new york strip steak,3,48,2.0,1,shear,shear,95,0.18425,280.761
red3-1.xls,red,new york strip steak,3,48,2.0,1,shear,shear,96,0.192447,284.254
red3-1.xls,red,new york strip steak,3,48,2.0,1,shear,shear,97,0.192447,284.254
red3-1.xls,red,new york strip steak,3,48,2.0,1,shear,shear,98,0.192447,284.254
red3-1.xls,red,new york strip steak,3,48,2.0,1,shear,shear,99,0.192447,284.254
red3-2.xls,red,new york strip steak,3,48,2.0,2,uniaxial,compression,0,0.9775985,724.736
red3-2.xls,red,new york strip steak,3,48,2.0,2,uniaxial,compression,1,0.9578636,1038.55
red3-2.xls,red,new york strip steak,3,48,2.0,2,uniaxial,compression,2,0.9375303,1170.23
red3-2.xls,red,new york strip steak,3,48,2.0,2,uniaxial,compression,3,0.9175227,1354.71
red3-2.xls,red,new york strip steak,3,48,2.0,2,uniaxial,compression,4,0.897485,1469.1
red3-2.xls,red,new york strip steak,3,48,2.0,2,uniaxial,compression,5,0.877189,1651.52
red3-2.xls,red,new york strip steak,3,48,2.0,2,uniaxial,compression,6,0.857053,1805.67
red3-2.xls,red,new york strip steak,3,48,2.0,2,uniaxial,compression,7,0.837144,2050.49
red3-2.xls,red,new york strip steak,3,48,2.0,2,uniaxial,compression,8,0.817076,2229.52
red3-2.xls,red,new york strip steak,3,48,2.0,2,uniaxial,tension,0,1.0267339,898.085
red3-2.xls,red,new york strip steak,3,48,2.0,2,uniaxial,tension,1,1.0517633,355.371
red3-2.xls,red,new york strip steak,3,48,2.0,2,uniaxial,tension,2,1.0766696,-19.6224
red3-2.xls,red,new york strip steak,3,48,2.0,2,uniaxial,tension,3,1.102305,-163.184
red3-2.xls,red,new york strip steak,3,48,2.0,2,shear,shear,0,-0.00311724,-11.6218
red3-2.xls,red,new york strip steak,3,48,2.0,2,shear,shear,1,0.0027106200000000004,18.5292
red3-2.xls,red,new york strip steak,3,48,2.0,2,shear,shear,2,0.0027106200000000004,18.5292
red3-2.xls,red,new york strip steak,3,48,2.0,2,shear,shear,3,0.0027106200000000004,18.5292
red3-2.xls,red,new york strip steak,3,48,2.0,2,shear,shear,4,0.0027106,18.5292
red3-2.xls,red,new york strip steak,3,48,2.0,2,shear,shear,5,0.0027106,18.5292
red3-2.xls,red,new york strip steak,3,48,2.0,2,shear,shear,6,0.010886199999999999,74.0592
red3-2.xls,red,new york strip steak,3,48,2.0,2,shear,shear,7,0.010886199999999999,74.0592
red3-2.xls,red,new york strip steak,3,48,2.0,2,shear,shear,8,0.010886199999999999,74.0592
red3-2.xls,red,new york strip steak,3,48,2.0,2,shear,shear,9,0.010886199999999999,74.0592
red3-2.xls,red,new york strip steak,3,48,2.0,2,shear,shear,10,0.0192004,170.097
red3-2.xls,red,new york strip steak,3,48,2.0,2,shear,shear,11,0.0192004,170.097
red3-2.xls,red,new york strip steak,3,48,2.0,2,shear,shear,12,0.0192004,170.097
red3-2.xls,red,new york strip steak,3,48,2.0,2,shear,shear,13,0.0192004,170.097
red3-2.xls,red,new york strip steak,3,48,2.0,2,shear,shear,14,0.0274859,229.142
red3-2.xls,red,new york strip steak,3,48,2.0,2,shear,shear,15,0.0274859,229.142
red3-2.xls,red,new york strip steak,3,48,2.0,2,shear,shear,16,0.0274857,229.142
red3-2.xls,red,new york strip steak,3,48,2.0,2,shear,shear,17,0.0274857,229.142
red3-2.xls,red,new york strip steak,3,48,2.0,2,shear,shear,18,0.0357406,275.921
red3-2.xls,red,new york strip steak,3,48,2.0,2,shear,shear,19,0.0357406,275.921
red3-2.xls,red,new york strip steak,3,48,2.0,2,shear,shear,20,0.0357403,275.921
red3-2.xls,red,new york strip steak,3,48,2.0,2,shear,shear,21,0.0357403,275.921
red3-2.xls,red,new york strip steak,3,48,2.0,2,shear,shear,22,0.044053699999999994,314.262
red3-2.xls,red,new york strip steak,3,48,2.0,2,shear,shear,23,0.044053699999999994,314.262
red3-2.xls,red,new york strip steak,3,48,2.0,2,shear,shear,24,0.044053699999999994,314.262
red3-2.xls,red,new york strip steak,3,48,2.0,2,shear,shear,25,0.044053699999999994,314.262
red3-2.xls,red,new york strip steak,3,48,2.0,2,shear,shear,26,0.05229110000000001,344.329
red3-2.xls,red,new york strip steak,3,48,2.0,2,shear,shear,27,0.05229110000000001,344.329
red3-2.xls,red,new york strip steak,3,48,2.0,2,shear,shear,28,0.05229110000000001,344.329
red3-2.xls,red,new york strip steak,3,48,2.0,2,shear,shear,29,0.05229110000000001,344.329
red3-2.xls,red,new york strip steak,3,48,2.0,2,shear,shear,30,0.060546300000000004,367.721
red3-2.xls,red,new york strip steak,3,48,2.0,2,shear,shear,31,0.060546300000000004,367.721
red3-2.xls,red,new york strip steak,3,48,2.0,2,shear,shear,32,0.060546300000000004,367.721
red3-2.xls,red,new york strip steak,3,48,2.0,2,shear,shear,33,0.060546300000000004,367.721
red3-2.xls,red,new york strip steak,3,48,2.0,2,shear,shear,34,0.0688311,386.837
red3-2.xls,red,new york strip steak,3,48,2.0,2,shear,shear,35,0.0688311,386.837
red3-2.xls,red,new york strip steak,3,48,2.0,2,shear,shear,36,0.0688311,386.837
red3-2.xls,red,new york strip steak,3,48,2.0,2,shear,shear,37,0.0688311,386.837
red3-2.xls,red,new york strip steak,3,48,2.0,2,shear,shear,38,0.0688311,386.837
red3-2.xls,red,new york strip steak,3,48,2.0,2,shear,shear,39,0.0771624,399.157
red3-2.xls,red,new york strip steak,3,48,2.0,2,shear,shear,40,0.0771624,399.157
red3-2.xls,red,new york strip steak,3,48,2.0,2,shear,shear,41,0.0771624,399.157
red3-2.xls,red,new york strip steak,3,48,2.0,2,shear,shear,42,0.0771624,399.157
red3-2.xls,red,new york strip steak,3,48,2.0,2,shear,shear,43,0.08534660000000001,411.716
red3-2.xls,red,new york strip steak,3,48,2.0,2,shear,shear,44,0.08534660000000001,411.716
red3-2.xls,red,new york strip steak,3,48,2.0,2,shear,shear,45,0.08534660000000001,411.716
red3-2.xls,red,new york strip steak,3,48,2.0,2,shear,shear,46,0.08534660000000001,411.716
red3-2.xls,red,new york strip steak,3,48,2.0,2,shear,shear,47,0.0936715,416.76
red3-2.xls,red,new york strip steak,3,48,2.0,2,shear,shear,48,0.0936715,416.76
red3-2.xls,red,new york strip steak,3,48,2.0,2,shear,shear,49,0.0936715,416.76
red3-2.xls,red,new york strip steak,3,48,2.0,2,shear,shear,50,0.0936715,416.76
red3-2.xls,red,new york strip steak,3,48,2.0,2,shear,shear,51,0.101926,421.183
red3-2.xls,red,new york strip steak,3,48,2.0,2,shear,shear,52,0.101926,421.183
red3-2.xls,red,new york strip steak,3,48,2.0,2,shear,shear,53,0.101926,421.183
red3-2.xls,red,new york strip steak,3,48,2.0,2,shear,shear,54,0.101926,421.183
red3-2.xls,red,new york strip steak,3,48,2.0,2,shear,shear,55,0.110154,425.722
red3-2.xls,red,new york strip steak,3,48,2.0,2,shear,shear,56,0.110154,425.722
red3-2.xls,red,new york strip steak,3,48,2.0,2,shear,shear,57,0.110154,425.722
red3-2.xls,red,new york strip steak,3,48,2.0,2,shear,shear,58,0.110154,425.722
red3-2.xls,red,new york strip steak,3,48,2.0,2,shear,shear,59,0.11843500000000001,422.848
red3-2.xls,red,new york strip steak,3,48,2.0,2,shear,shear,60,0.11843500000000001,422.848
red3-2.xls,red,new york strip steak,3,48,2.0,2,shear,shear,61,0.11843500000000001,422.848
red3-2.xls,red,new york strip steak,3,48,2.0,2,shear,shear,62,0.11843500000000001,422.848
red3-2.xls,red,new york strip steak,3,48,2.0,2,shear,shear,63,0.11843500000000001,422.848
red3-2.xls,red,new york strip steak,3,48,2.0,2,shear,shear,64,0.126758,415.414
red3-2.xls,red,new york strip steak,3,48,2.0,2,shear,shear,65,0.126758,415.414
red3-2.xls,red,new york strip steak,3,48,2.0,2,shear,shear,66,0.126758,415.414
red3-2.xls,red,new york strip steak,3,48,2.0,2,shear,shear,67,0.126758,415.414
red3-2.xls,red,new york strip steak,3,48,2.0,2,shear,shear,68,0.135055,410.105
red3-2.xls,red,new york strip steak,3,48,2.0,2,shear,shear,69,0.135055,410.105
red3-2.xls,red,new york strip steak,3,48,2.0,2,shear,shear,70,0.135055,410.105
red3-2.xls,red,new york strip steak,3,48,2.0,2,shear,shear,71,0.135055,410.105
red3-2.xls,red,new york strip steak,3,48,2.0,2,shear,shear,72,0.143227,405.527
red3-2.xls,red,new york strip steak,3,48,2.0,2,shear,shear,73,0.143227,405.527
red3-2.xls,red,new york strip steak,3,48,2.0,2,shear,shear,74,0.143227,405.527
red3-2.xls,red,new york strip steak,3,48,2.0,2,shear,shear,75,0.143227,405.527
red3-2.xls,red,new york strip steak,3,48,2.0,2,shear,shear,76,0.15154299999999998,404.305
red3-2.xls,red,new york strip steak,3,48,2.0,2,shear,shear,77,0.15154299999999998,404.305
red3-2.xls,red,new york strip steak,3,48,2.0,2,shear,shear,78,0.15154299999999998,404.305
red3-2.xls,red,new york strip steak,3,48,2.0,2,shear,shear,79,0.15154299999999998,404.305
red3-2.xls,red,new york strip steak,3,48,2.0,2,shear,shear,80,0.159746,401.335
red3-2.xls,red,new york strip steak,3,48,2.0,2,shear,shear,81,0.159746,401.335
red3-2.xls,red,new york strip steak,3,48,2.0,2,shear,shear,82,0.159746,401.335
red3-2.xls,red,new york strip steak,3,48,2.0,2,shear,shear,83,0.159746,401.335
red3-2.xls,red,new york strip steak,3,48,2.0,2,shear,shear,84,0.168017,398.421
red3-2.xls,red,new york strip steak,3,48,2.0,2,shear,shear,85,0.168016,398.421
red3-2.xls,red,new york strip steak,3,48,2.0,2,shear,shear,86,0.168016,398.421
red3-2.xls,red,new york strip steak,3,48,2.0,2,shear,shear,87,0.168016,398.421
red3-2.xls,red,new york strip steak,3,48,2.0,2,shear,shear,88,0.176291,392.933
red3-2.xls,red,new york strip steak,3,48,2.0,2,shear,shear,89,0.176292,392.933
red3-2.xls,red,new york strip steak,3,48,2.0,2,shear,shear,90,0.176292,392.933
red3-2.xls,red,new york strip steak,3,48,2.0,2,shear,shear,91,0.176291,392.933
red3-2.xls,red,new york strip steak,3,48,2.0,2,shear,shear,92,0.18453,392.328
red3-2.xls,red,new york strip steak,3,48,2.0,2,shear,shear,93,0.18453,392.328
red3-2.xls,red,new york strip steak,3,48,2.0,2,shear,shear,94,0.18453,392.328
red3-2.xls,red,new york strip steak,3,48,2.0,2,shear,shear,95,0.18453,392.328
red3-2.xls,red,new york strip steak,3,48,2.0,2,shear,shear,96,0.18453,392.328
red3-2.xls,red,new york strip steak,3,48,2.0,2,shear,shear,97,0.19283999999999998,390.038
red3-2.xls,red,new york strip steak,3,48,2.0,2,shear,shear,98,0.19283999999999998,390.038
red3-2.xls,red,new york strip steak,3,48,2.0,2,shear,shear,99,0.19283999999999998,390.038
red3-3.xls,red,new york strip steak,3,48,2.0,3,uniaxial,compression,0,0.9781626,1213.32
red3-3.xls,red,new york strip steak,3,48,2.0,3,uniaxial,compression,1,0.9578048,1542.51
red3-3.xls,red,new york strip steak,3,48,2.0,3,uniaxial,compression,2,0.9378212,1836.15
red3-3.xls,red,new york strip steak,3,48,2.0,3,uniaxial,compression,3,0.9174715,2033.6
red3-3.xls,red,new york strip steak,3,48,2.0,3,uniaxial,compression,4,0.897472,2281.94
red3-3.xls,red,new york strip steak,3,48,2.0,3,uniaxial,compression,5,0.877439,2468.79
red3-3.xls,red,new york strip steak,3,48,2.0,3,uniaxial,compression,6,0.856959,2780.44
red3-3.xls,red,new york strip steak,3,48,2.0,3,uniaxial,compression,7,0.836967,2980.26
red3-3.xls,red,new york strip steak,3,48,2.0,3,uniaxial,compression,8,0.816976,3352.18
red3-3.xls,red,new york strip steak,3,48,2.0,3,uniaxial,tension,0,1.0260458,841.623
red3-3.xls,red,new york strip steak,3,48,2.0,3,uniaxial,tension,1,1.0515579,220.648
red3-3.xls,red,new york strip steak,3,48,2.0,3,uniaxial,tension,2,1.0765822,-137.141
red3-3.xls,red,new york strip steak,3,48,2.0,3,uniaxial,tension,3,1.101637,-245.779
red3-3.xls,red,new york strip steak,3,48,2.0,3,shear,shear,0,0.00584913,25.2888
red3-3.xls,red,new york strip steak,3,48,2.0,3,shear,shear,1,0.00260104,53.9812
red3-3.xls,red,new york strip steak,3,48,2.0,3,shear,shear,2,0.00260104,53.9812
red3-3.xls,red,new york strip steak,3,48,2.0,3,shear,shear,3,0.00260104,53.9812
red3-3.xls,red,new york strip steak,3,48,2.0,3,shear,shear,4,0.00260104,53.9812
red3-3.xls,red,new york strip steak,3,48,2.0,3,shear,shear,5,0.00260102,53.9812
red3-3.xls,red,new york strip steak,3,48,2.0,3,shear,shear,6,0.0115572,158.122
red3-3.xls,red,new york strip steak,3,48,2.0,3,shear,shear,7,0.0115572,158.122
red3-3.xls,red,new york strip steak,3,48,2.0,3,shear,shear,8,0.0115572,158.122
red3-3.xls,red,new york strip steak,3,48,2.0,3,shear,shear,9,0.0115572,158.122
red3-3.xls,red,new york strip steak,3,48,2.0,3,shear,shear,10,0.0115572,158.122
red3-3.xls,red,new york strip steak,3,48,2.0,3,shear,shear,11,0.020572499999999997,276.092
red3-3.xls,red,new york strip steak,3,48,2.0,3,shear,shear,12,0.020572499999999997,276.092
red3-3.xls,red,new york strip steak,3,48,2.0,3,shear,shear,13,0.020572499999999997,276.092
red3-3.xls,red,new york strip steak,3,48,2.0,3,shear,shear,14,0.020572499999999997,276.092
red3-3.xls,red,new york strip steak,3,48,2.0,3,shear,shear,15,0.029358399999999996,348.633
red3-3.xls,red,new york strip steak,3,48,2.0,3,shear,shear,16,0.029358399999999996,348.633
red3-3.xls,red,new york strip steak,3,48,2.0,3,shear,shear,17,0.029358399999999996,348.633
red3-3.xls,red,new york strip steak,3,48,2.0,3,shear,shear,18,0.029358399999999996,348.633
red3-3.xls,red,new york strip steak,3,48,2.0,3,shear,shear,19,0.0382496,406.659
red3-3.xls,red,new york strip steak,3,48,2.0,3,shear,shear,20,0.0382496,406.659
red3-3.xls,red,new york strip steak,3,48,2.0,3,shear,shear,21,0.0382496,406.659
red3-3.xls,red,new york strip steak,3,48,2.0,3,shear,shear,22,0.0382496,406.659
red3-3.xls,red,new york strip steak,3,48,2.0,3,shear,shear,23,0.0382496,406.659
red3-3.xls,red,new york strip steak,3,48,2.0,3,shear,shear,24,0.04715,456.069
red3-3.xls,red,new york strip steak,3,48,2.0,3,shear,shear,25,0.04715,456.069
red3-3.xls,red,new york strip steak,3,48,2.0,3,shear,shear,26,0.04715,456.069
red3-3.xls,red,new york strip steak,3,48,2.0,3,shear,shear,27,0.04715,456.069
red3-3.xls,red,new york strip steak,3,48,2.0,3,shear,shear,28,0.056023699999999996,498.692
red3-3.xls,red,new york strip steak,3,48,2.0,3,shear,shear,29,0.056023699999999996,498.692
red3-3.xls,red,new york strip steak,3,48,2.0,3,shear,shear,30,0.056023699999999996,498.692
red3-3.xls,red,new york strip steak,3,48,2.0,3,shear,shear,31,0.056023699999999996,498.692
red3-3.xls,red,new york strip steak,3,48,2.0,3,shear,shear,32,0.056023699999999996,498.692
red3-3.xls,red,new york strip steak,3,48,2.0,3,shear,shear,33,0.0649028,537.237
red3-3.xls,red,new york strip steak,3,48,2.0,3,shear,shear,34,0.0649028,537.237
red3-3.xls,red,new york strip steak,3,48,2.0,3,shear,shear,35,0.0649028,537.237
red3-3.xls,red,new york strip steak,3,48,2.0,3,shear,shear,36,0.0649028,537.237
red3-3.xls,red,new york strip steak,3,48,2.0,3,shear,shear,37,0.0738075,569.857
red3-3.xls,red,new york strip steak,3,48,2.0,3,shear,shear,38,0.0738075,569.857
red3-3.xls,red,new york strip steak,3,48,2.0,3,shear,shear,39,0.0738075,569.857
red3-3.xls,red,new york strip steak,3,48,2.0,3,shear,shear,40,0.0738075,569.857
red3-3.xls,red,new york strip steak,3,48,2.0,3,shear,shear,41,0.0738075,569.857
red3-3.xls,red,new york strip steak,3,48,2.0,3,shear,shear,42,0.082652,601.741
red3-3.xls,red,new york strip steak,3,48,2.0,3,shear,shear,43,0.0826512,601.741
red3-3.xls,red,new york strip steak,3,48,2.0,3,shear,shear,44,0.0826512,601.741
red3-3.xls,red,new york strip steak,3,48,2.0,3,shear,shear,45,0.0826512,601.741
red3-3.xls,red,new york strip steak,3,48,2.0,3,shear,shear,46,0.091579,630.76
red3-3.xls,red,new york strip steak,3,48,2.0,3,shear,shear,47,0.091579,630.76
red3-3.xls,red,new york strip steak,3,48,2.0,3,shear,shear,48,0.091579,630.76
red3-3.xls,red,new york strip steak,3,48,2.0,3,shear,shear,49,0.091579,630.76
red3-3.xls,red,new york strip steak,3,48,2.0,3,shear,shear,50,0.10040900000000001,657.853
red3-3.xls,red,new york strip steak,3,48,2.0,3,shear,shear,51,0.10040900000000001,657.853
red3-3.xls,red,new york strip steak,3,48,2.0,3,shear,shear,52,0.10040900000000001,657.853
red3-3.xls,red,new york strip steak,3,48,2.0,3,shear,shear,53,0.10040900000000001,657.853
red3-3.xls,red,new york strip steak,3,48,2.0,3,shear,shear,54,0.10040900000000001,657.853
red3-3.xls,red,new york strip steak,3,48,2.0,3,shear,shear,55,0.109268,682.186
red3-3.xls,red,new york strip steak,3,48,2.0,3,shear,shear,56,0.109268,682.186
red3-3.xls,red,new york strip steak,3,48,2.0,3,shear,shear,57,0.109268,682.186
red3-3.xls,red,new york strip steak,3,48,2.0,3,shear,shear,58,0.109268,682.186
red3-3.xls,red,new york strip steak,3,48,2.0,3,shear,shear,59,0.118124,707.057
red3-3.xls,red,new york strip steak,3,48,2.0,3,shear,shear,60,0.118124,707.057
red3-3.xls,red,new york strip steak,3,48,2.0,3,shear,shear,61,0.118124,707.057
red3-3.xls,red,new york strip steak,3,48,2.0,3,shear,shear,62,0.118124,707.057
red3-3.xls,red,new york strip steak,3,48,2.0,3,shear,shear,63,0.118124,707.057
red3-3.xls,red,new york strip steak,3,48,2.0,3,shear,shear,64,0.127013,724.974
red3-3.xls,red,new york strip steak,3,48,2.0,3,shear,shear,65,0.127013,724.974
red3-3.xls,red,new york strip steak,3,48,2.0,3,shear,shear,66,0.127013,724.974
red3-3.xls,red,new york strip steak,3,48,2.0,3,shear,shear,67,0.127013,724.974
red3-3.xls,red,new york strip steak,3,48,2.0,3,shear,shear,68,0.135862,745.183
red3-3.xls,red,new york strip steak,3,48,2.0,3,shear,shear,69,0.135862,745.183
red3-3.xls,red,new york strip steak,3,48,2.0,3,shear,shear,70,0.135862,745.183
red3-3.xls,red,new york strip steak,3,48,2.0,3,shear,shear,71,0.135862,745.183
red3-3.xls,red,new york strip steak,3,48,2.0,3,shear,shear,72,0.135862,745.183
red3-3.xls,red,new york strip steak,3,48,2.0,3,shear,shear,73,0.14475300000000002,757.097
red3-3.xls,red,new york strip steak,3,48,2.0,3,shear,shear,74,0.14475300000000002,757.097
red3-3.xls,red,new york strip steak,3,48,2.0,3,shear,shear,75,0.14475300000000002,757.097
red3-3.xls,red,new york strip steak,3,48,2.0,3,shear,shear,76,0.14475300000000002,757.097
red3-3.xls,red,new york strip steak,3,48,2.0,3,shear,shear,77,0.153675,764.466
red3-3.xls,red,new york strip steak,3,48,2.0,3,shear,shear,78,0.153675,764.466
red3-3.xls,red,new york strip steak,3,48,2.0,3,shear,shear,79,0.153675,764.466
red3-3.xls,red,new york strip steak,3,48,2.0,3,shear,shear,80,0.153675,764.466
red3-3.xls,red,new york strip steak,3,48,2.0,3,shear,shear,81,0.162484,776.153
red3-3.xls,red,new york strip steak,3,48,2.0,3,shear,shear,82,0.162484,776.153
red3-3.xls,red,new york strip steak,3,48,2.0,3,shear,shear,83,0.162484,776.153
red3-3.xls,red,new york strip steak,3,48,2.0,3,shear,shear,84,0.162484,776.153
red3-3.xls,red,new york strip steak,3,48,2.0,3,shear,shear,85,0.162484,776.153
red3-3.xls,red,new york strip steak,3,48,2.0,3,shear,shear,86,0.171417,797.654
red3-3.xls,red,new york strip steak,3,48,2.0,3,shear,shear,87,0.171417,797.654
red3-3.xls,red,new york strip steak,3,48,2.0,3,shear,shear,88,0.171417,797.654
red3-3.xls,red,new york strip steak,3,48,2.0,3,shear,shear,89,0.171417,797.654
red3-3.xls,red,new york strip steak,3,48,2.0,3,shear,shear,90,0.18022300000000002,793.711
red3-3.xls,red,new york strip steak,3,48,2.0,3,shear,shear,91,0.18022300000000002,793.711
red3-3.xls,red,new york strip steak,3,48,2.0,3,shear,shear,92,0.18022300000000002,793.711
red3-3.xls,red,new york strip steak,3,48,2.0,3,shear,shear,93,0.18022300000000002,793.711
red3-3.xls,red,new york strip steak,3,48,2.0,3,shear,shear,94,0.18022300000000002,793.711
red3-3.xls,red,new york strip steak,3,48,2.0,3,shear,shear,95,0.18909099999999998,799.226
red3-3.xls,red,new york strip steak,3,48,2.0,3,shear,shear,96,0.18909099999999998,799.226
red3-3.xls,red,new york strip steak,3,48,2.0,3,shear,shear,97,0.18909099999999998,799.226
red3-3.xls,red,new york strip steak,3,48,2.0,3,shear,shear,98,0.18909099999999998,799.226
red3-3.xls,red,new york strip steak,3,48,2.0,3,shear,shear,99,0.19797,817.619
red3-4.xls,red,new york strip steak,3,48,2.0,4,uniaxial,compression,0,0.9784334,866.016
red3-4.xls,red,new york strip steak,3,48,2.0,4,uniaxial,compression,1,0.9584333,1032.26
red3-4.xls,red,new york strip steak,3,48,2.0,4,uniaxial,compression,2,0.9380333,1194.15
red3-4.xls,red,new york strip steak,3,48,2.0,4,uniaxial,compression,3,0.9180333,1326.47
red3-4.xls,red,new york strip steak,3,48,2.0,4,uniaxial,compression,4,0.898033,1489.27
red3-4.xls,red,new york strip steak,3,48,2.0,4,uniaxial,compression,5,0.877642,1632.5
red3-4.xls,red,new york strip steak,3,48,2.0,4,uniaxial,compression,6,0.85765,1816.55
red3-4.xls,red,new york strip steak,3,48,2.0,4,uniaxial,compression,7,0.83765,1959.86
red3-4.xls,red,new york strip steak,3,48,2.0,4,uniaxial,compression,8,0.817652,2174.39
red3-4.xls,red,new york strip steak,3,48,2.0,4,uniaxial,tension,0,1.026237,1175.58
red3-4.xls,red,new york strip steak,3,48,2.0,4,uniaxial,tension,1,1.0517103,315.781
red3-4.xls,red,new york strip steak,3,48,2.0,4,uniaxial,tension,2,1.0772074,73.7055
red3-4.xls,red,new york strip steak,3,48,2.0,4,uniaxial,tension,3,1.102205,-118.346
red3-4.xls,red,new york strip steak,3,48,2.0,4,shear,shear,0,-0.00038375,17.8353
red3-4.xls,red,new york strip steak,3,48,2.0,4,shear,shear,1,-0.00038375,17.8353
red3-4.xls,red,new york strip steak,3,48,2.0,4,shear,shear,2,0.00404474,61.2423
red3-4.xls,red,new york strip steak,3,48,2.0,4,shear,shear,3,0.00404474,61.2423
red3-4.xls,red,new york strip steak,3,48,2.0,4,shear,shear,4,0.00404474,61.2423
red3-4.xls,red,new york strip steak,3,48,2.0,4,shear,shear,5,0.00404474,61.2423
red3-4.xls,red,new york strip steak,3,48,2.0,4,shear,shear,6,0.00404474,61.2423
red3-4.xls,red,new york strip steak,3,48,2.0,4,shear,shear,7,0.013106199999999998,129.803
red3-4.xls,red,new york strip steak,3,48,2.0,4,shear,shear,8,0.0131061,129.803
red3-4.xls,red,new york strip steak,3,48,2.0,4,shear,shear,9,0.0131061,129.803
red3-4.xls,red,new york strip steak,3,48,2.0,4,shear,shear,10,0.0131061,129.803
red3-4.xls,red,new york strip steak,3,48,2.0,4,shear,shear,11,0.022172499999999998,204.988
red3-4.xls,red,new york strip steak,3,48,2.0,4,shear,shear,12,0.022172499999999998,204.988
red3-4.xls,red,new york strip steak,3,48,2.0,4,shear,shear,13,0.022172499999999998,204.988
red3-4.xls,red,new york strip steak,3,48,2.0,4,shear,shear,14,0.022172499999999998,204.988
red3-4.xls,red,new york strip steak,3,48,2.0,4,shear,shear,15,0.022172499999999998,204.988
red3-4.xls,red,new york strip steak,3,48,2.0,4,shear,shear,16,0.0312819,241.665
red3-4.xls,red,new york strip steak,3,48,2.0,4,shear,shear,17,0.0312819,241.665
red3-4.xls,red,new york strip steak,3,48,2.0,4,shear,shear,18,0.0312819,241.665
red3-4.xls,red,new york strip steak,3,48,2.0,4,shear,shear,19,0.0312819,241.665
red3-4.xls,red,new york strip steak,3,48,2.0,4,shear,shear,20,0.0404411,268.503
red3-4.xls,red,new york strip steak,3,48,2.0,4,shear,shear,21,0.0404411,268.503
red3-4.xls,red,new york strip steak,3,48,2.0,4,shear,shear,22,0.0404411,268.503
red3-4.xls,red,new york strip steak,3,48,2.0,4,shear,shear,23,0.0404411,268.503
red3-4.xls,red,new york strip steak,3,48,2.0,4,shear,shear,24,0.0404411,268.503
red3-4.xls,red,new york strip steak,3,48,2.0,4,shear,shear,25,0.0494907,283.609
red3-4.xls,red,new york strip steak,3,48,2.0,4,shear,shear,26,0.0494907,283.609
red3-4.xls,red,new york strip steak,3,48,2.0,4,shear,shear,27,0.049490299999999994,283.609
red3-4.xls,red,new york strip steak,3,48,2.0,4,shear,shear,28,0.049490299999999994,283.609
red3-4.xls,red,new york strip steak,3,48,2.0,4,shear,shear,29,0.0586024,284.678
red3-4.xls,red,new york strip steak,3,48,2.0,4,shear,shear,30,0.0586024,284.678
red3-4.xls,red,new york strip steak,3,48,2.0,4,shear,shear,31,0.0586024,284.678
red3-4.xls,red,new york strip steak,3,48,2.0,4,shear,shear,32,0.0586024,284.678
red3-4.xls,red,new york strip steak,3,48,2.0,4,shear,shear,33,0.0586024,284.678
red3-4.xls,red,new york strip steak,3,48,2.0,4,shear,shear,34,0.067709,284.954
red3-4.xls,red,new york strip steak,3,48,2.0,4,shear,shear,35,0.067709,284.954
red3-4.xls,red,new york strip steak,3,48,2.0,4,shear,shear,36,0.067709,284.954
red3-4.xls,red,new york strip steak,3,48,2.0,4,shear,shear,37,0.067709,284.954
red3-4.xls,red,new york strip steak,3,48,2.0,4,shear,shear,38,0.067709,284.954
red3-4.xls,red,new york strip steak,3,48,2.0,4,shear,shear,39,0.0769304,288.662
red3-4.xls,red,new york strip steak,3,48,2.0,4,shear,shear,40,0.0769304,288.662
red3-4.xls,red,new york strip steak,3,48,2.0,4,shear,shear,41,0.0769304,288.662
red3-4.xls,red,new york strip steak,3,48,2.0,4,shear,shear,42,0.0769304,288.662
red3-4.xls,red,new york strip steak,3,48,2.0,4,shear,shear,43,0.08588520000000001,285.046
red3-4.xls,red,new york strip steak,3,48,2.0,4,shear,shear,44,0.08588520000000001,285.046
red3-4.xls,red,new york strip steak,3,48,2.0,4,shear,shear,45,0.0858844,285.046
red3-4.xls,red,new york strip steak,3,48,2.0,4,shear,shear,46,0.0858844,285.046
red3-4.xls,red,new york strip steak,3,48,2.0,4,shear,shear,47,0.0858844,285.046
red3-4.xls,red,new york strip steak,3,48,2.0,4,shear,shear,48,0.094999,289.353
red3-4.xls,red,new york strip steak,3,48,2.0,4,shear,shear,49,0.094999,289.353
red3-4.xls,red,new york strip steak,3,48,2.0,4,shear,shear,50,0.094999,289.353
red3-4.xls,red,new york strip steak,3,48,2.0,4,shear,shear,51,0.094999,289.353
red3-4.xls,red,new york strip steak,3,48,2.0,4,shear,shear,52,0.104067,296.419
red3-4.xls,red,new york strip steak,3,48,2.0,4,shear,shear,53,0.104067,296.419
red3-4.xls,red,new york strip steak,3,48,2.0,4,shear,shear,54,0.104067,296.419
red3-4.xls,red,new york strip steak,3,48,2.0,4,shear,shear,55,0.104067,296.419
red3-4.xls,red,new york strip steak,3,48,2.0,4,shear,shear,56,0.104067,296.419
red3-4.xls,red,new york strip steak,3,48,2.0,4,shear,shear,57,0.113172,302.475
red3-4.xls,red,new york strip steak,3,48,2.0,4,shear,shear,58,0.113172,302.475
red3-4.xls,red,new york strip steak,3,48,2.0,4,shear,shear,59,0.113172,302.475
red3-4.xls,red,new york strip steak,3,48,2.0,4,shear,shear,60,0.113172,302.475
red3-4.xls,red,new york strip steak,3,48,2.0,4,shear,shear,61,0.12224299999999999,306.936
red3-4.xls,red,new york strip steak,3,48,2.0,4,shear,shear,62,0.12224299999999999,306.936
red3-4.xls,red,new york strip steak,3,48,2.0,4,shear,shear,63,0.12224299999999999,306.936
red3-4.xls,red,new york strip steak,3,48,2.0,4,shear,shear,64,0.12224299999999999,306.936
red3-4.xls,red,new york strip steak,3,48,2.0,4,shear,shear,65,0.12224299999999999,306.936
red3-4.xls,red,new york strip steak,3,48,2.0,4,shear,shear,66,0.131386,306.846
red3-4.xls,red,new york strip steak,3,48,2.0,4,shear,shear,67,0.131386,306.846
red3-4.xls,red,new york strip steak,3,48,2.0,4,shear,shear,68,0.131386,306.846
red3-4.xls,red,new york strip steak,3,48,2.0,4,shear,shear,69,0.131385,306.846
red3-4.xls,red,new york strip steak,3,48,2.0,4,shear,shear,70,0.14044700000000002,306.788
red3-4.xls,red,new york strip steak,3,48,2.0,4,shear,shear,71,0.14044700000000002,306.788
red3-4.xls,red,new york strip steak,3,48,2.0,4,shear,shear,72,0.14044700000000002,306.788
red3-4.xls,red,new york strip steak,3,48,2.0,4,shear,shear,73,0.14044700000000002,306.788
red3-4.xls,red,new york strip steak,3,48,2.0,4,shear,shear,74,0.14044700000000002,306.788
red3-4.xls,red,new york strip steak,3,48,2.0,4,shear,shear,75,0.149507,308.529
red3-4.xls,red,new york strip steak,3,48,2.0,4,shear,shear,76,0.149507,308.529
red3-4.xls,red,new york strip steak,3,48,2.0,4,shear,shear,77,0.149507,308.529
red3-4.xls,red,new york strip steak,3,48,2.0,4,shear,shear,78,0.149507,308.529
red3-4.xls,red,new york strip steak,3,48,2.0,4,shear,shear,79,0.158627,309.281
red3-4.xls,red,new york strip steak,3,48,2.0,4,shear,shear,80,0.158627,309.281
red3-4.xls,red,new york strip steak,3,48,2.0,4,shear,shear,81,0.158627,309.281
red3-4.xls,red,new york strip steak,3,48,2.0,4,shear,shear,82,0.158627,309.281
red3-4.xls,red,new york strip steak,3,48,2.0,4,shear,shear,83,0.158627,309.281
red3-4.xls,red,new york strip steak,3,48,2.0,4,shear,shear,84,0.167697,312.889
red3-4.xls,red,new york strip steak,3,48,2.0,4,shear,shear,85,0.167697,312.889
red3-4.xls,red,new york strip steak,3,48,2.0,4,shear,shear,86,0.167697,312.889
red3-4.xls,red,new york strip steak,3,48,2.0,4,shear,shear,87,0.167697,312.889
red3-4.xls,red,new york strip steak,3,48,2.0,4,shear,shear,88,0.176815,309.675
red3-4.xls,red,new york strip steak,3,48,2.0,4,shear,shear,89,0.176815,309.675
red3-4.xls,red,new york strip steak,3,48,2.0,4,shear,shear,90,0.176815,309.675
red3-4.xls,red,new york strip steak,3,48,2.0,4,shear,shear,91,0.176815,309.675
red3-4.xls,red,new york strip steak,3,48,2.0,4,shear,shear,92,0.176815,309.675
red3-4.xls,red,new york strip steak,3,48,2.0,4,shear,shear,93,0.185884,314.402
red3-4.xls,red,new york strip steak,3,48,2.0,4,shear,shear,94,0.185884,314.402
red3-4.xls,red,new york strip steak,3,48,2.0,4,shear,shear,95,0.185884,314.402
red3-4.xls,red,new york strip steak,3,48,2.0,4,shear,shear,96,0.185884,314.402
red3-4.xls,red,new york strip steak,3,48,2.0,4,shear,shear,97,0.185882,314.402
red3-4.xls,red,new york strip steak,3,48,2.0,4,shear,shear,98,0.195,313.165
red3-4.xls,red,new york strip steak,3,48,2.0,4,shear,shear,99,0.195,313.165
red3-5.xls,red,new york strip steak,3,48,2.0,5,uniaxial,compression,0,0.977808,717.638
red3-5.xls,red,new york strip steak,3,48,2.0,5,uniaxial,compression,1,0.957792,1061.32
red3-5.xls,red,new york strip steak,3,48,2.0,5,uniaxial,compression,2,0.937824,1240.02
red3-5.xls,red,new york strip steak,3,48,2.0,5,uniaxial,compression,3,0.91784,1509.61
red3-5.xls,red,new york strip steak,3,48,2.0,5,uniaxial,compression,4,0.897896,1700.43
red3-5.xls,red,new york strip steak,3,48,2.0,5,uniaxial,compression,5,0.877448,1971.07
red3-5.xls,red,new york strip steak,3,48,2.0,5,uniaxial,compression,6,0.857384,2150.96
red3-5.xls,red,new york strip steak,3,48,2.0,5,uniaxial,compression,7,0.837008,2423.17
red3-5.xls,red,new york strip steak,3,48,2.0,5,uniaxial,compression,8,0.817032,2597.43
red3-5.xls,red,new york strip steak,3,48,2.0,5,uniaxial,tension,0,1.0265141,896.54
red3-5.xls,red,new york strip steak,3,48,2.0,5,uniaxial,tension,1,1.0514007,336.523
red3-5.xls,red,new york strip steak,3,48,2.0,5,uniaxial,tension,2,1.0769176,-38.714
red3-5.xls,red,new york strip steak,3,48,2.0,5,uniaxial,tension,3,1.101964,-165.739
red3-5.xls,red,new york strip steak,3,48,2.0,5,shear,shear,0,0.00030741899999999996,26.9277
red3-5.xls,red,new york strip steak,3,48,2.0,5,shear,shear,1,0.000307269,26.9277
red3-5.xls,red,new york strip steak,3,48,2.0,5,shear,shear,2,0.000307269,26.9277
red3-5.xls,red,new york strip steak,3,48,2.0,5,shear,shear,3,0.000307266,26.9277
red3-5.xls,red,new york strip steak,3,48,2.0,5,shear,shear,4,0.000307266,26.9277
red3-5.xls,red,new york strip steak,3,48,2.0,5,shear,shear,5,0.000307266,26.9277
red3-5.xls,red,new york strip steak,3,48,2.0,5,shear,shear,6,0.0109909,60.4692
red3-5.xls,red,new york strip steak,3,48,2.0,5,shear,shear,7,0.0109909,60.4692
red3-5.xls,red,new york strip steak,3,48,2.0,5,shear,shear,8,0.0109909,60.4692
red3-5.xls,red,new york strip steak,3,48,2.0,5,shear,shear,9,0.0109909,60.4692
red3-5.xls,red,new york strip steak,3,48,2.0,5,shear,shear,10,0.0197387,138.441
red3-5.xls,red,new york strip steak,3,48,2.0,5,shear,shear,11,0.019738500000000003,138.441
red3-5.xls,red,new york strip steak,3,48,2.0,5,shear,shear,12,0.019738500000000003,138.441
red3-5.xls,red,new york strip steak,3,48,2.0,5,shear,shear,13,0.019738500000000003,138.441
red3-5.xls,red,new york strip steak,3,48,2.0,5,shear,shear,14,0.0284334,178.942
red3-5.xls,red,new york strip steak,3,48,2.0,5,shear,shear,15,0.0284334,178.942
red3-5.xls,red,new york strip steak,3,48,2.0,5,shear,shear,16,0.0284334,178.942
red3-5.xls,red,new york strip steak,3,48,2.0,5,shear,shear,17,0.0284334,178.942
red3-5.xls,red,new york strip steak,3,48,2.0,5,shear,shear,18,0.0284334,178.942
red3-5.xls,red,new york strip steak,3,48,2.0,5,shear,shear,19,0.037174200000000004,212.436
red3-5.xls,red,new york strip steak,3,48,2.0,5,shear,shear,20,0.037174200000000004,212.436
red3-5.xls,red,new york strip steak,3,48,2.0,5,shear,shear,21,0.037174200000000004,212.436
red3-5.xls,red,new york strip steak,3,48,2.0,5,shear,shear,22,0.037174200000000004,212.436
red3-5.xls,red,new york strip steak,3,48,2.0,5,shear,shear,23,0.0459182,238.866
red3-5.xls,red,new york strip steak,3,48,2.0,5,shear,shear,24,0.0459182,238.866
red3-5.xls,red,new york strip steak,3,48,2.0,5,shear,shear,25,0.0459182,238.866
red3-5.xls,red,new york strip steak,3,48,2.0,5,shear,shear,26,0.0459182,238.866
red3-5.xls,red,new york strip steak,3,48,2.0,5,shear,shear,27,0.0546754,261.907
red3-5.xls,red,new york strip steak,3,48,2.0,5,shear,shear,28,0.0546754,261.907
red3-5.xls,red,new york strip steak,3,48,2.0,5,shear,shear,29,0.0546754,261.907
red3-5.xls,red,new york strip steak,3,48,2.0,5,shear,shear,30,0.0546754,261.907
red3-5.xls,red,new york strip steak,3,48,2.0,5,shear,shear,31,0.0546754,261.907
red3-5.xls,red,new york strip steak,3,48,2.0,5,shear,shear,32,0.0633843,280.803
red3-5.xls,red,new york strip steak,3,48,2.0,5,shear,shear,33,0.0633843,280.803
red3-5.xls,red,new york strip steak,3,48,2.0,5,shear,shear,34,0.0633843,280.803
red3-5.xls,red,new york strip steak,3,48,2.0,5,shear,shear,35,0.0633843,280.803
red3-5.xls,red,new york strip steak,3,48,2.0,5,shear,shear,36,0.0721365,297.254
red3-5.xls,red,new york strip steak,3,48,2.0,5,shear,shear,37,0.0721365,297.254
red3-5.xls,red,new york strip steak,3,48,2.0,5,shear,shear,38,0.0721365,297.254
red3-5.xls,red,new york strip steak,3,48,2.0,5,shear,shear,39,0.0721365,297.254
red3-5.xls,red,new york strip steak,3,48,2.0,5,shear,shear,40,0.0721365,297.254
red3-5.xls,red,new york strip steak,3,48,2.0,5,shear,shear,41,0.080872,311.624
red3-5.xls,red,new york strip steak,3,48,2.0,5,shear,shear,42,0.080872,311.624
red3-5.xls,red,new york strip steak,3,48,2.0,5,shear,shear,43,0.080872,311.624
red3-5.xls,red,new york strip steak,3,48,2.0,5,shear,shear,44,0.080872,311.624
red3-5.xls,red,new york strip steak,3,48,2.0,5,shear,shear,45,0.0896644,320.545
red3-5.xls,red,new york strip steak,3,48,2.0,5,shear,shear,46,0.0896644,320.545
red3-5.xls,red,new york strip steak,3,48,2.0,5,shear,shear,47,0.0896644,320.545
red3-5.xls,red,new york strip steak,3,48,2.0,5,shear,shear,48,0.0896644,320.545
red3-5.xls,red,new york strip steak,3,48,2.0,5,shear,shear,49,0.09836690000000001,321.513
red3-5.xls,red,new york strip steak,3,48,2.0,5,shear,shear,50,0.09836690000000001,321.513
red3-5.xls,red,new york strip steak,3,48,2.0,5,shear,shear,51,0.09836690000000001,321.513
red3-5.xls,red,new york strip steak,3,48,2.0,5,shear,shear,52,0.09836690000000001,321.513
red3-5.xls,red,new york strip steak,3,48,2.0,5,shear,shear,53,0.09836690000000001,321.513
red3-5.xls,red,new york strip steak,3,48,2.0,5,shear,shear,54,0.107069,320.241
red3-5.xls,red,new york strip steak,3,48,2.0,5,shear,shear,55,0.107069,320.241
red3-5.xls,red,new york strip steak,3,48,2.0,5,shear,shear,56,0.107069,320.241
red3-5.xls,red,new york strip steak,3,48,2.0,5,shear,shear,57,0.107069,320.241
red3-5.xls,red,new york strip steak,3,48,2.0,5,shear,shear,58,0.115775,311.614
red3-5.xls,red,new york strip steak,3,48,2.0,5,shear,shear,59,0.115775,311.614
red3-5.xls,red,new york strip steak,3,48,2.0,5,shear,shear,60,0.115775,311.614
red3-5.xls,red,new york strip steak,3,48,2.0,5,shear,shear,61,0.115775,311.614
red3-5.xls,red,new york strip steak,3,48,2.0,5,shear,shear,62,0.124523,304.438
red3-5.xls,red,new york strip steak,3,48,2.0,5,shear,shear,63,0.124523,304.438
red3-5.xls,red,new york strip steak,3,48,2.0,5,shear,shear,64,0.124523,304.438
red3-5.xls,red,new york strip steak,3,48,2.0,5,shear,shear,65,0.124523,304.438
red3-5.xls,red,new york strip steak,3,48,2.0,5,shear,shear,66,0.124523,304.438
red3-5.xls,red,new york strip steak,3,48,2.0,5,shear,shear,67,0.133267,301.879
red3-5.xls,red,new york strip steak,3,48,2.0,5,shear,shear,68,0.133267,301.879
red3-5.xls,red,new york strip steak,3,48,2.0,5,shear,shear,69,0.133267,301.879
red3-5.xls,red,new york strip steak,3,48,2.0,5,shear,shear,70,0.133267,301.879
red3-5.xls,red,new york strip steak,3,48,2.0,5,shear,shear,71,0.141956,292.703
red3-5.xls,red,new york strip steak,3,48,2.0,5,shear,shear,72,0.141956,292.703
red3-5.xls,red,new york strip steak,3,48,2.0,5,shear,shear,73,0.141956,292.703
red3-5.xls,red,new york strip steak,3,48,2.0,5,shear,shear,74,0.141956,292.703
red3-5.xls,red,new york strip steak,3,48,2.0,5,shear,shear,75,0.141956,292.703
red3-5.xls,red,new york strip steak,3,48,2.0,5,shear,shear,76,0.150738,288.705
red3-5.xls,red,new york strip steak,3,48,2.0,5,shear,shear,77,0.150738,288.705
red3-5.xls,red,new york strip steak,3,48,2.0,5,shear,shear,78,0.150738,288.705
red3-5.xls,red,new york strip steak,3,48,2.0,5,shear,shear,79,0.150738,288.705
red3-5.xls,red,new york strip steak,3,48,2.0,5,shear,shear,80,0.159413,277.451
red3-5.xls,red,new york strip steak,3,48,2.0,5,shear,shear,81,0.159413,277.451
red3-5.xls,red,new york strip steak,3,48,2.0,5,shear,shear,82,0.159413,277.451
red3-5.xls,red,new york strip steak,3,48,2.0,5,shear,shear,83,0.159413,277.451
red3-5.xls,red,new york strip steak,3,48,2.0,5,shear,shear,84,0.16814900000000002,272.312
red3-5.xls,red,new york strip steak,3,48,2.0,5,shear,shear,85,0.16814900000000002,272.312
red3-5.xls,red,new york strip steak,3,48,2.0,5,shear,shear,86,0.16814900000000002,272.312
red3-5.xls,red,new york strip steak,3,48,2.0,5,shear,shear,87,0.16814900000000002,272.312
red3-5.xls,red,new york strip steak,3,48,2.0,5,shear,shear,88,0.16814900000000002,272.312
red3-5.xls,red,new york strip steak,3,48,2.0,5,shear,shear,89,0.176921,265.029
red3-5.xls,red,new york strip steak,3,48,2.0,5,shear,shear,90,0.176921,265.029
red3-5.xls,red,new york strip steak,3,48,2.0,5,shear,shear,91,0.176921,265.029
red3-5.xls,red,new york strip steak,3,48,2.0,5,shear,shear,92,0.176921,265.029
red3-5.xls,red,new york strip steak,3,48,2.0,5,shear,shear,93,0.185619,258.837
red3-5.xls,red,new york strip steak,3,48,2.0,5,shear,shear,94,0.185619,258.837
red3-5.xls,red,new york strip steak,3,48,2.0,5,shear,shear,95,0.185619,258.837
red3-5.xls,red,new york strip steak,3,48,2.0,5,shear,shear,96,0.185619,258.837
red3-5.xls,red,new york strip steak,3,48,2.0,5,shear,shear,97,0.194332,255.132
red3-5.xls,red,new york strip steak,3,48,2.0,5,shear,shear,98,0.194332,255.132
red3-5.xls,red,new york strip steak,3,48,2.0,5,shear,shear,99,0.194332,255.132
