file_name,color,cut_name,freshness_index,time_hours,time_days,sample_num,mode,loading,point_index,deformation,stress_pa,modified_z,is_outlier,predicted_stress_pa,split,train_variant
green1-1.xls,green,sirloin tender steak,1,0,0.0,1,uniaxial,compression,0,0.979075,682.293,-0.36585051763632565,False,-5.440345764160156,train,shear_only
green1-2.xls,green,sirloin tender steak,1,0,0.0,2,uniaxial,compression,0,0.9788,791.688,0.0,False,-5.514617919921875,train,shear_only
green1-3.xls,green,sirloin tender steak,1,0,0.0,3,uniaxial,compression,0,0.9781833,1084.91,0.9806245302103271,False,-5.6814422607421875,train,shear_only
green1-4.xls,green,sirloin tender steak,1,0,0.0,4,uniaxial,compression,0,0.9784692,573.919,-0.7282864973275288,False,-5.604057312011719,train,shear_only
green1-5.xls,green,sirloin tender steak,1,0,0.0,5,uniaxial,compression,0,0.9783778,993.374,0.6745,False,-5.628776550292969,test,shear_only
green1-1.xls,green,sirloin tender steak,1,0,0.0,1,uniaxial,tension,0,1.0197477,1531.53,2.1025275863321977,False,4.819007873535156,train,shear_only
green1-2.xls,green,sirloin tender steak,1,0,0.0,2,uniaxial,tension,0,1.0265403,851.712,-0.6745,False,6.421295166015625,train,shear_only
green1-3.xls,green,sirloin tender steak,1,0,0.0,3,uniaxial,tension,0,1.026377,1016.83,0.0,False,6.383049011230469,train,shear_only
green1-4.xls,green,sirloin tender steak,1,0,0.0,4,uniaxial,tension,0,1.026733,993.63,-0.09477101224578802,False,6.466423034667969,train,shear_only
green1-5.xls,green,sirloin tender steak,1,0,0.0,5,uniaxial,tension,0,1.0263521,1382.96,1.495625461790961,False,6.377235412597656,test,shear_only
green1-1.xls,green,sirloin tender steak,1,0,0.0,1,uniaxial,compression,1,0.9590834,939.213,0.0,False,-11.064193725585938,train,shear_only
green1-2.xls,green,sirloin tender steak,1,0,0.0,2,uniaxial,compression,1,0.9583111,928.434,-0.049737545835157625,False,-11.29144287109375,train,shear_only
green1-3.xls,green,sirloin tender steak,1,0,0.0,3,uniaxial,compression,1,0.9582137,1388.38,2.0725915437554745,False,-11.320152282714844,train,shear_only
green1-4.xls,green,sirloin tender steak,1,0,0.0,4,uniaxial,compression,1,0.9583539,793.037,-0.6745,False,-11.278831481933594,train,shear_only
green1-5.xls,green,sirloin tender steak,1,0,0.0,5,uniaxial,compression,1,0.9578815,1187.21,1.1443326982541602,False,-11.418197631835938,test,shear_only
green1-1.xls,green,sirloin tender steak,1,0,0.0,1,uniaxial,tension,1,1.0445715,450.647,0.4744081382086544,False,10.568504333496094,train,shear_only
green1-2.xls,green,sirloin tender steak,1,0,0.0,2,uniaxial,tension,1,1.051515,231.726,-1.5069701174102643,False,12.132041931152344,train,shear_only
green1-3.xls,green,sirloin tender steak,1,0,0.0,3,uniaxial,tension,1,1.051581,486.019,0.7945478765514923,False,12.146842956542969,train,shear_only
green1-4.xls,green,sirloin tender steak,1,0,0.0,4,uniaxial,tension,1,1.0516382,323.705,-0.6745,False,12.159660339355469,train,shear_only
green1-5.xls,green,sirloin tender steak,1,0,0.0,5,uniaxial,tension,1,1.0517505,398.23,0.0,False,12.184822082519531,test,shear_only
green1-1.xls,green,sirloin tender steak,1,0,0.0,1,uniaxial,compression,2,0.9390834,1184.89,0.0,False,-17.23223876953125,train,shear_only
green1-2.xls,green,sirloin tender steak,1,0,0.0,2,uniaxial,compression,2,0.9384371,1043.12,-0.6745,False,-17.442214965820312,train,shear_only
green1-3.xls,green,sirloin tender steak,1,0,0.0,3,uniaxial,compression,2,0.9377489999999999,1586.52,1.9108375185159028,False,-17.66655731201172,train,shear_only
green1-4.xls,green,sirloin tender steak,1,0,0.0,4,uniaxial,compression,2,0.9380385,942.514,-1.1531537842985102,False,-17.572067260742188,train,shear_only
green1-5.xls,green,sirloin tender steak,1,0,0.0,5,uniaxial,compression,2,0.9380222,1267.12,0.3912261762008872,False,-17.57740020751953,test,shear_only
green1-1.xls,green,sirloin tender steak,1,0,0.0,1,uniaxial,tension,2,1.069895,130.496,0.7316879048426901,False,16.206199645996094,train,shear_only
green1-2.xls,green,sirloin tender steak,1,0,0.0,2,uniaxial,tension,2,1.0765361,92.8136,-0.2482927706662557,False,17.661148071289062,train,shear_only
green1-3.xls,green,sirloin tender steak,1,0,0.0,3,uniaxial,tension,2,1.0763534,102.361,0.0,False,17.621231079101562,train,shear_only
green1-4.xls,green,sirloin tender steak,1,0,0.0,4,uniaxial,tension,2,1.0766685,128.297,0.6745,False,17.690093994140625,train,shear_only
green1-5.xls,green,sirloin tender steak,1,0,0.0,5,uniaxial,tension,2,1.0768803,22.4058,-2.079340777297965,False,17.73638916015625,test,shear_only
green1-1.xls,green,sirloin tender steak,1,0,0.0,1,uniaxial,compression,3,0.9190834,1341.83,0.0,False,-24.092681884765625,train,shear_only
green1-2.xls,green,sirloin tender steak,1,0,0.0,2,uniaxial,compression,3,0.9183111,1123.44,-0.6745,False,-24.373855590820312,train,shear_only
green1-3.xls,green,sirloin tender steak,1,0,0.0,3,uniaxial,compression,3,0.917849,1725.33,1.1844441137414723,False,-24.542739868164062,train,shear_only
green1-4.xls,green,sirloin tender steak,1,0,0.0,4,uniaxial,compression,3,0.9176154,1035.29,-0.9467522780347091,False,-24.628280639648438,train,shear_only
green1-5.xls,green,sirloin tender steak,1,0,0.0,5,uniaxial,compression,3,0.9178815,1414.79,0.22533779019185884,False,-24.530845642089844,test,shear_only
green1-1.xls,green,sirloin tender steak,1,0,0.0,1,uniaxial,tension,3,1.0947219,10.4245,1.433097952394749,False,21.618667602539062,train,shear_only
green1-2.xls,green,sirloin tender steak,1,0,0.0,2,uniaxial,tension,3,1.101993,-79.0917,-0.6745,False,23.19544219970703,train,shear_only
green1-3.xls,green,sirloin tender steak,1,0,0.0,3,uniaxial,tension,3,1.101472,-34.577,0.3735682889964781,False,23.082504272460938,train,shear_only
green1-4.xls,green,sirloin tender steak,1,0,0.0,4,uniaxial,tension,3,1.101785,-50.4436,0.0,False,23.15033721923828,train,shear_only
green1-5.xls,green,sirloin tender steak,1,0,0.0,5,uniaxial,tension,3,1.101769,-107.488,-1.3430715405210116,False,23.146865844726562,test,shear_only
green1-1.xls,green,sirloin tender steak,1,0,0.0,1,uniaxial,compression,4,0.8986419999999999,1609.72,0.19205538199868097,False,-32.01226806640625,train,shear_only
green1-2.xls,green,sirloin tender steak,1,0,0.0,2,uniaxial,compression,4,0.898422,1215.87,-0.7300586275122364,False,-32.10333251953125,train,shear_only
green1-3.xls,green,sirloin tender steak,1,0,0.0,3,uniaxial,compression,4,0.897678,1815.78,0.6745,False,-32.412261962890625,train,shear_only
green1-4.xls,green,sirloin tender steak,1,0,0.0,4,uniaxial,compression,4,0.8975690000000001,1159.17,-0.862809330417578,False,-32.457672119140625,train,shear_only
green1-5.xls,green,sirloin tender steak,1,0,0.0,5,uniaxial,compression,4,0.898,1527.69,0.0,False,-32.27838134765625,test,shear_only
green1-1.xls,green,sirloin tender steak,1,0,0.0,1,uniaxial,compression,5,0.878633,1785.76,0.17211106346483698,False,-40.88615417480469,train,shear_only
green1-2.xls,green,sirloin tender steak,1,0,0.0,2,uniaxial,compression,5,0.877926,1281.61,-1.3628224699828477,False,-41.223411560058594,train,shear_only
green1-3.xls,green,sirloin tender steak,1,0,0.0,3,uniaxial,compression,5,0.877435,1950.77,0.6745,False,-41.4586181640625,train,shear_only
green1-4.xls,green,sirloin tender steak,1,0,0.0,4,uniaxial,compression,5,0.877646,1261.29,-1.4246886792452833,False,-41.35742950439453,train,shear_only
green1-5.xls,green,sirloin tender steak,1,0,0.0,5,uniaxial,compression,5,0.8775040000000001,1729.23,0.0,False,-41.42552185058594,test,shear_only
green1-1.xls,green,sirloin tender steak,1,0,0.0,1,uniaxial,compression,6,0.858633,2109.2,0.6744999999999999,False,-51.15314483642578,train,shear_only
green1-2.xls,green,sirloin tender steak,1,0,0.0,2,uniaxial,compression,6,0.858052,1399.64,-1.4855316829895762,False,-51.47569274902344,train,shear_only
green1-3.xls,green,sirloin tender steak,1,0,0.0,3,uniaxial,compression,6,0.85731,2072.0,0.5612563298280457,False,-51.88983154296875,train,shear_only
green1-4.xls,green,sirloin tender steak,1,0,0.0,4,uniaxial,compression,6,0.857177,1411.54,-1.4493058852732794,False,-51.96430969238281,train,shear_only
green1-5.xls,green,sirloin tender steak,1,0,0.0,5,uniaxial,compression,6,0.8576,1887.63,0.0,False,-51.72772216796875,test,shear_only
green1-1.xls,green,sirloin tender steak,1,0,0.0,1,uniaxial,compression,7,0.838642,2365.96,0.6744999999999999,False,-63.17254638671875,train,shear_only
green1-2.xls,green,sirloin tender steak,1,0,0.0,2,uniaxial,compression,7,0.837911,1506.22,-1.8384772490899612,False,-63.650909423828125,train,shear_only
green1-3.xls,green,sirloin tender steak,1,0,0.0,3,uniaxial,compression,7,0.837365,2250.53,0.33710385248743363,False,-64.01017761230469,train,shear_only
green1-4.xls,green,sirloin tender steak,1,0,0.0,4,uniaxial,compression,7,0.837208,1507.54,-1.8346189547581881,False,-64.11380767822266,train,shear_only
green1-5.xls,green,sirloin tender steak,1,0,0.0,5,uniaxial,compression,7,0.837133,2135.2,0.0,False,-64.16331481933594,test,shear_only
green1-1.xls,green,sirloin tender steak,1,0,0.0,1,uniaxial,compression,8,0.818221,2782.53,0.6745,False,-77.74630737304688,train,shear_only
green1-2.xls,green,sirloin tender steak,1,0,0.0,2,uniaxial,compression,8,0.8176300000000001,1689.28,-0.8690436857639254,False,-78.2086181640625,train,shear_only
green1-3.xls,green,sirloin tender steak,1,0,0.0,3,uniaxial,compression,8,0.81746,2415.93,0.1569028216775161,False,-78.342041015625,train,shear_only
green1-4.xls,green,sirloin tender steak,1,0,0.0,4,uniaxial,compression,8,0.817292,1664.19,-0.9044678898122371,False,-78.47413635253906,train,shear_only
green1-5.xls,green,sirloin tender steak,1,0,0.0,5,uniaxial,compression,8,0.817148,2304.8,0.0,False,-78.58753967285156,test,shear_only
green2-1.xls,green,sirloin tender steak,2,24,1.0,1,uniaxial,compression,0,0.9782461,501.356,-1.8120437242335001,False,-3.002788543701172,train,shear_only
green2-2.xls,green,sirloin tender steak,2,24,1.0,2,uniaxial,compression,0,0.9782727,1033.41,0.6745,False,-2.9989700317382812,train,shear_only
green2-3.xls,green,sirloin tender steak,2,24,1.0,3,uniaxial,compression,0,0.9784923,975.071,0.40185385068421947,False,-2.9674606323242188,train,shear_only
green2-4.xls,green,sirloin tender steak,2,24,1.0,4,uniaxial,compression,0,0.9780093,550.392,-1.5828749592932612,False,-3.0367965698242188,train,shear_only
green2-5.xls,green,sirloin tender steak,2,24,1.0,5,uniaxial,compression,0,0.9778393,889.085,0.0,False,-3.061229705810547,test,shear_only
green2-1.xls,green,sirloin tender steak,2,24,1.0,1,uniaxial,tension,0,1.0265159,848.157,0.1768322255271778,False,3.400970458984375,train,shear_only
green2-2.xls,green,sirloin tender steak,2,24,1.0,2,uniaxial,tension,0,1.0263709,832.38,0.0,False,3.3829803466796875,train,shear_only
green2-3.xls,green,sirloin tender steak,2,24,1.0,3,uniaxial,tension,0,1.0263768,549.23,-3.173609980225661,False,3.3837203979492188,train,shear_only
green2-4.xls,green,sirloin tender steak,2,24,1.0,4,uniaxial,tension,0,1.0263638,600.929,-2.594155760315062,False,3.3821067810058594,train,shear_only
green2-5.xls,green,sirloin tender steak,2,24,1.0,5,uniaxial,tension,0,1.0263821,892.559,0.6745,False,3.3843727111816406,test,shear_only
green2-1.xls,green,sirloin tender steak,2,24,1.0,1,uniaxial,compression,1,0.9582774000000001,699.12,-1.6617764238680337,False,-5.990985870361328,train,shear_only
green2-2.xls,green,sirloin tender steak,2,24,1.0,2,uniaxial,compression,1,0.9582546,1209.36,0.6745,False,-5.9945526123046875,train,shear_only
green2-3.xls,green,sirloin tender steak,2,24,1.0,3,uniaxial,compression,1,0.957977,1062.05,0.0,False,-6.037971496582031,train,shear_only
green2-4.xls,green,sirloin tender steak,2,24,1.0,4,uniaxial,compression,1,0.9576542,700.902,-1.653617038897563,False,-6.088527679443359,train,shear_only
green2-5.xls,green,sirloin tender steak,2,24,1.0,5,uniaxial,compression,1,0.9583571,1096.26,0.1566400448034759,False,-5.978534698486328,test,shear_only
green2-1.xls,green,sirloin tender steak,2,24,1.0,1,uniaxial,tension,1,1.0521199,237.75,0.0,False,6.503150939941406,train,shear_only
green2-2.xls,green,sirloin tender steak,2,24,1.0,2,uniaxial,tension,1,1.0518076,146.889,-2.4578201122919587,False,6.466087341308594,train,shear_only
green2-4.xls,green,sirloin tender steak,2,24,1.0,4,uniaxial,tension,1,1.0519971,248.906,0.3017734910767998,False,6.488578796386719,train,shear_only
green2-5.xls,green,sirloin tender steak,2,24,1.0,5,uniaxial,tension,1,1.0520008,262.685,0.6745,False,6.489017486572266,test,shear_only
green2-1.xls,green,sirloin tender steak,2,24,1.0,1,uniaxial,compression,2,0.9378039,813.63,-1.0215555319058371,False,-9.355751037597656,train,shear_only
green2-2.xls,green,sirloin tender steak,2,24,1.0,2,uniaxial,compression,2,0.9379455,1404.32,0.6745,False,-9.331260681152344,train,shear_only
green2-3.xls,green,sirloin tender steak,2,24,1.0,3,uniaxial,compression,2,0.9376846,1169.41,0.0,False,-9.376419067382812,train,shear_only
green2-4.xls,green,sirloin tender steak,2,24,1.0,4,uniaxial,compression,2,0.9380374,777.432,-1.1254912987952843,False,-9.315361022949219,train,shear_only
green2-5.xls,green,sirloin tender steak,2,24,1.0,5,uniaxial,compression,2,0.9379911,1302.68,0.38265980588310433,False,-9.323368072509766,test,shear_only
green2-1.xls,green,sirloin tender steak,2,24,1.0,1,uniaxial,tension,2,1.0769787,69.9721,0.4389483708085643,False,9.41366195678711,train,shear_only
green2-2.xls,green,sirloin tender steak,2,24,1.0,2,uniaxial,tension,2,1.0769646,-49.7357,-1.0212909504234613,False,9.412033081054688,train,shear_only
green2-3.xls,green,sirloin tender steak,2,24,1.0,3,uniaxial,tension,2,1.0768313,-72.7983,-1.3026169406249832,False,9.396591186523438,train,shear_only
green2-4.xls,green,sirloin tender steak,2,24,1.0,4,uniaxial,tension,2,1.0769303,33.9879,0.0,False,9.408058166503906,train,shear_only
green2-5.xls,green,sirloin tender steak,2,24,1.0,5,uniaxial,tension,2,1.0770458,89.2822,0.6745,False,9.421436309814453,test,shear_only
green2-1.xls,green,sirloin tender steak,2,24,1.0,1,uniaxial,compression,3,0.9179136999999999,946.642,-0.9135915685131192,False,-12.997848510742188,train,shear_only
green2-2.xls,green,sirloin tender steak,2,24,1.0,2,uniaxial,compression,3,0.9178727,1552.33,0.6745,False,-13.005794525146484,train,shear_only
green2-3.xls,green,sirloin tender steak,2,24,1.0,3,uniaxial,compression,3,0.9176384,1295.08,0.0,False,-13.051273345947266,train,shear_only
green2-4.xls,green,sirloin tender steak,2,24,1.0,4,uniaxial,compression,3,0.9176103,907.844,-1.0153184917395526,False,-13.056739807128906,train,shear_only
green2-5.xls,green,sirloin tender steak,2,24,1.0,5,uniaxial,compression,3,0.9179197,1402.48,0.2815988338192422,False,-12.996681213378906,test,shear_only
green2-1.xls,green,sirloin tender steak,2,24,1.0,1,uniaxial,tension,3,1.102146,-67.2269,0.0,False,12.313766479492188,train,shear_only
green2-2.xls,green,sirloin tender steak,2,24,1.0,2,uniaxial,tension,3,1.102413,-198.797,-3.0011915091851087,False,12.344459533691406,train,shear_only
green2-3.xls,green,sirloin tender steak,2,24,1.0,3,uniaxial,tension,3,1.102458,-199.895,-3.0262375361858123,False,12.349624633789062,train,shear_only
green2-4.xls,green,sirloin tender steak,2,24,1.0,4,uniaxial,tension,3,1.102394,-37.6573,0.6745,False,12.342262268066406,train,shear_only
green2-5.xls,green,sirloin tender steak,2,24,1.0,5,uniaxial,tension,3,1.10195,-64.9231,0.05255103552296943,False,12.291240692138672,test,shear_only
green2-1.xls,green,sirloin tender steak,2,24,1.0,1,uniaxial,compression,4,0.897739,1051.72,-0.7463873424835827,False,-17.16866683959961,train,shear_only
green2-2.xls,green,sirloin tender steak,2,24,1.0,2,uniaxial,compression,4,0.897439,1763.87,0.6745,False,-17.234912872314453,train,shear_only
green2-3.xls,green,sirloin tender steak,2,24,1.0,3,uniaxial,compression,4,0.897585,1425.81,0.0,False,-17.202667236328125,train,shear_only
green2-4.xls,green,sirloin tender steak,2,24,1.0,4,uniaxial,compression,4,0.897696,1013.57,-0.8225045258238183,False,-17.17815399169922,train,shear_only
green2-5.xls,green,sirloin tender steak,2,24,1.0,5,uniaxial,compression,4,0.897857,1527.52,0.20293260072176547,False,-17.142650604248047,test,shear_only
green2-1.xls,green,sirloin tender steak,2,24,1.0,1,uniaxial,compression,5,0.8774919999999999,1231.08,-0.6745,False,-21.963218688964844,train,shear_only
green2-2.xls,green,sirloin tender steak,2,24,1.0,2,uniaxial,compression,5,0.877557,1904.46,1.1021969566577996,False,-21.946693420410156,train,shear_only
green2-3.xls,green,sirloin tender steak,2,24,1.0,3,uniaxial,compression,5,0.8776619999999999,1486.72,0.0,False,-21.92000961303711,train,shear_only
green2-4.xls,green,sirloin tender steak,2,24,1.0,4,uniaxial,compression,5,0.877586,1183.68,-0.7995637615396647,False,-21.939315795898438,train,shear_only
green2-5.xls,green,sirloin tender steak,2,24,1.0,5,uniaxial,compression,5,0.877488,1582.09,0.2516314543889841,False,-21.9642333984375,test,shear_only
green2-1.xls,green,sirloin tender steak,2,24,1.0,1,uniaxial,compression,6,0.857369,1430.28,-0.6745,False,-27.489898681640625,train,shear_only
green2-2.xls,green,sirloin tender steak,2,24,1.0,2,uniaxial,compression,6,0.857506,2087.04,2.5193328767123275,False,-27.449295043945312,train,shear_only
green2-3.xls,green,sirloin tender steak,2,24,1.0,3,uniaxial,compression,6,0.857638,1568.98,0.0,False,-27.41020965576172,train,shear_only
green2-4.xls,green,sirloin tender steak,2,24,1.0,4,uniaxial,compression,6,0.857307,1313.27,-1.243521232876712,False,-27.508296966552734,train,shear_only
green2-5.xls,green,sirloin tender steak,2,24,1.0,5,uniaxial,compression,6,0.857571,1705.07,0.6618075342465747,False,-27.43004608154297,test,shear_only
green2-1.xls,green,sirloin tender steak,2,24,1.0,1,uniaxial,compression,7,0.83742,1562.08,-0.3324321428571439,False,-33.91331481933594,train,shear_only
green2-3.xls,green,sirloin tender steak,2,24,1.0,3,uniaxial,compression,7,0.837231,1595.89,0.0,False,-33.97943115234375,train,shear_only
green2-4.xls,green,sirloin tender steak,2,24,1.0,4,uniaxial,compression,7,0.8372459999999999,1527.29,-0.6745,False,-33.974178314208984,train,shear_only
green2-5.xls,green,sirloin tender steak,2,24,1.0,5,uniaxial,compression,7,0.837508,1771.36,1.7252844752186536,False,-33.8825798034668,test,shear_only
green2-1.xls,green,sirloin tender steak,2,24,1.0,1,uniaxial,compression,8,0.8170729999999999,1805.61,0.0,False,-41.691505432128906,train,shear_only
green2-2.xls,green,sirloin tender steak,2,24,1.0,2,uniaxial,compression,8,0.8175250000000001,2425.8,3.2001082848837217,False,-41.50298309326172,train,shear_only
green2-3.xls,green,sirloin tender steak,2,24,1.0,3,uniaxial,compression,8,0.817315,1633.64,-0.8873452034883709,False,-41.590484619140625,train,shear_only
green2-4.xls,green,sirloin tender steak,2,24,1.0,4,uniaxial,compression,8,0.8172200000000001,1698.42,-0.5530879360465106,False,-41.6301155090332,train,shear_only
green2-5.xls,green,sirloin tender steak,2,24,1.0,5,uniaxial,compression,8,0.817051,1936.33,0.6745,False,-41.7006950378418,test,shear_only
green3-1.xls,green,sirloin tender steak,3,48,2.0,1,uniaxial,compression,0,0.9783178,795.876,0.7062781222106967,False,-2.2995529174804688,train,shear_only
green3-2.xls,green,sirloin tender steak,3,48,2.0,2,uniaxial,compression,0,0.9783704,465.773,-0.6365346627505849,False,-2.2937545776367188,train,shear_only
green3-3.xls,green,sirloin tender steak,3,48,2.0,3,uniaxial,compression,0,0.9787923,622.252,0.0,False,-2.2472763061523438,train,shear_only
green3-4.xls,green,sirloin tender steak,3,48,2.0,4,uniaxial,compression,0,0.9782081,456.44,-0.6745,False,-2.3116493225097656,train,shear_only
green3-5.xls,green,sirloin tender steak,3,48,2.0,5,uniaxial,compression,0,0.9780571,1248.61,2.547936645116156,False,-2.328319549560547,test,shear_only
green3-1.xls,green,sirloin tender steak,3,48,2.0,1,uniaxial,tension,0,1.0263576,638.249,0.0,False,2.598358154296875,train,shear_only
green3-2.xls,green,sirloin tender steak,3,48,2.0,2,uniaxial,tension,0,1.026825,560.484,-0.5279832150586338,False,2.642911911010742,train,shear_only
green3-3.xls,green,sirloin tender steak,3,48,2.0,3,uniaxial,tension,0,1.0267037,737.594,0.6745000000000001,False,2.6313610076904297,train,shear_only
green3-4.xls,green,sirloin tender steak,3,48,2.0,4,uniaxial,tension,0,1.0261812,401.297,-1.6087787407519245,False,2.5815277099609375,train,shear_only
green3-5.xls,green,sirloin tender steak,3,48,2.0,5,uniaxial,tension,0,1.0266553,1091.37,3.0764519049776013,False,2.6267471313476562,test,shear_only
green3-1.xls,green,sirloin tender steak,3,48,2.0,1,uniaxial,compression,1,0.957969,919.74,0.24060335565624688,False,-4.640785217285156,train,shear_only
green3-2.xls,green,sirloin tender steak,3,48,2.0,2,uniaxial,compression,1,0.9578593,535.753,-0.8592604625386967,False,-4.653980255126953,train,shear_only
green3-3.xls,green,sirloin tender steak,3,48,2.0,3,uniaxial,compression,1,0.9582692,835.74,0.0,False,-4.604705810546875,train,shear_only
green3-4.xls,green,sirloin tender steak,3,48,2.0,4,uniaxial,compression,1,0.9578247,600.257,-0.6745,False,-4.658145904541016,train,shear_only
green3-5.xls,green,sirloin tender steak,3,48,2.0,5,uniaxial,compression,1,0.9578952,1578.77,2.128279897062632,False,-4.649658203125,test,shear_only
green3-1.xls,green,sirloin tender steak,3,48,2.0,1,uniaxial,tension,1,1.0520175,299.018,0.0,False,4.987947463989258,train,shear_only
green3-2.xls,green,sirloin tender steak,3,48,2.0,2,uniaxial,tension,1,1.0516871,18.8862,-1.3564462917363622,False,4.95781135559082,train,shear_only
green3-3.xls,green,sirloin tender steak,3,48,2.0,3,uniaxial,tension,1,1.0515612,314.253,0.07377048680158231,False,4.946327209472656,train,shear_only
green3-4.xls,green,sirloin tender steak,3,48,2.0,4,uniaxial,tension,1,1.0516447,159.721,-0.6745,False,4.953939437866211,train,shear_only
green3-5.xls,green,sirloin tender steak,3,48,2.0,5,uniaxial,tension,1,1.0516505,491.54,0.9322245920586951,False,4.954473495483398,test,shear_only
green3-1.xls,green,sirloin tender steak,3,48,2.0,1,uniaxial,compression,2,0.9378449,1050.69,0.1771372149432372,False,-7.183895111083984,train,shear_only
green3-2.xls,green,sirloin tender steak,3,48,2.0,2,uniaxial,compression,2,0.938,669.654,-0.6745,False,-7.163265228271484,train,shear_only
green3-3.xls,green,sirloin tender steak,3,48,2.0,3,uniaxial,compression,2,0.9383462,971.436,0.0,False,-7.117305755615234,train,shear_only
green3-4.xls,green,sirloin tender steak,3,48,2.0,4,uniaxial,compression,2,0.9374328000000001,626.476,-0.7710052952131009,False,-7.2387542724609375,train,shear_only
green3-5.xls,green,sirloin tender steak,3,48,2.0,5,uniaxial,compression,2,0.9380277,1716.25,1.664701814554877,False,-7.159595489501953,test,shear_only
green3-1.xls,green,sirloin tender steak,3,48,2.0,1,uniaxial,tension,2,1.0768634,54.6494,0.6745,False,7.223579406738281,train,shear_only
green3-2.xls,green,sirloin tender steak,3,48,2.0,2,uniaxial,tension,2,1.0773362,-108.433,-1.688052600526381,False,7.265661239624023,train,shear_only
green3-3.xls,green,sirloin tender steak,3,48,2.0,3,uniaxial,tension,2,1.0766206,8.08998,0.0,False,7.201961517333984,train,shear_only
green3-4.xls,green,sirloin tender steak,3,48,2.0,4,uniaxial,tension,2,1.0766466,-11.8898,-0.2894443618498683,False,7.204277038574219,train,shear_only
green3-5.xls,green,sirloin tender steak,3,48,2.0,5,uniaxial,tension,2,1.076698,105.17,1.4063850771766488,False,7.20884895324707,test,shear_only
green3-1.xls,green,sirloin tender steak,3,48,2.0,1,uniaxial,compression,3,0.9179225,1121.16,0.0,False,-9.986770629882812,train,shear_only
green3-2.xls,green,sirloin tender steak,3,48,2.0,2,uniaxial,compression,3,0.9174815000000001,795.027,-0.6745,False,-10.052570343017578,train,shear_only
green3-3.xls,green,sirloin tender steak,3,48,2.0,3,uniaxial,compression,3,0.9184154,1160.82,0.0820238062385588,False,-9.91341781616211,train,shear_only
green3-4.xls,green,sirloin tender steak,3,48,2.0,4,uniaxial,compression,3,0.9174325999999999,706.455,-0.8576823642501678,False,-10.05987548828125,train,shear_only
green3-5.xls,green,sirloin tender steak,3,48,2.0,5,uniaxial,compression,3,0.9178885999999999,1870.74,1.5502623469566092,False,-9.991817474365234,test,shear_only
green3-1.xls,green,sirloin tender steak,3,48,2.0,1,uniaxial,tension,3,1.101845,-50.738,0.6745,False,9.435813903808594,train,shear_only
green3-3.xls,green,sirloin tender steak,3,48,2.0,3,uniaxial,tension,3,1.102209,-121.077,-1.7177175973780414,False,9.467960357666016,train,shear_only
green3-4.xls,green,sirloin tender steak,3,48,2.0,4,uniaxial,tension,3,1.101638,-70.5705,0.0,False,9.417530059814453,train,shear_only
green3-5.xls,green,sirloin tender steak,3,48,2.0,5,uniaxial,tension,3,1.101679,-51.1797,0.6594778570528175,False,9.421154022216797,test,shear_only
green3-1.xls,green,sirloin tender steak,3,48,2.0,1,uniaxial,compression,4,0.897992,1262.01,0.0,False,-13.150253295898438,train,shear_only
green3-2.xls,green,sirloin tender steak,3,48,2.0,2,uniaxial,compression,4,0.897985,1004.22,-0.6745,False,-13.151447296142578,train,shear_only
green3-3.xls,green,sirloin tender steak,3,48,2.0,3,uniaxial,compression,4,0.897869,1265.15,0.008215718220257061,False,-13.17108154296875,train,shear_only
green3-4.xls,green,sirloin tender steak,3,48,2.0,4,uniaxial,compression,4,0.897432,752.741,-1.3324874529655923,False,-13.245193481445312,train,shear_only
green3-5.xls,green,sirloin tender steak,3,48,2.0,5,uniaxial,compression,4,0.8976729999999999,1992.0,1.909997497963459,False,-13.204292297363281,test,shear_only
green3-1.xls,green,sirloin tender steak,3,48,2.0,1,uniaxial,compression,5,0.877442,1346.59,0.0,False,-16.88719940185547,train,shear_only
green3-2.xls,green,sirloin tender steak,3,48,2.0,2,uniaxial,compression,5,0.877489,1135.18,-0.6745,False,-16.87801742553711,train,shear_only
green3-3.xls,green,sirloin tender steak,3,48,2.0,3,uniaxial,compression,5,0.877954,1416.46,0.22291904356463796,False,-16.78729248046875,train,shear_only
green3-4.xls,green,sirloin tender steak,3,48,2.0,4,uniaxial,compression,5,0.877441,803.41,-1.7330065276003983,False,-16.88739776611328,train,shear_only
green3-5.xls,green,sirloin tender steak,3,48,2.0,5,uniaxial,compression,5,0.877506,2168.78,2.6231831748734713,False,-16.87469482421875,test,shear_only
green3-1.xls,green,sirloin tender steak,3,48,2.0,1,uniaxial,compression,6,0.857124,1469.56,0.0,False,-21.180259704589844,train,shear_only
green3-2.xls,green,sirloin tender steak,3,48,2.0,2,uniaxial,compression,6,0.857585,1323.21,-0.6745,False,-21.075172424316406,train,shear_only
green3-3.xls,green,sirloin tender steak,3,48,2.0,3,uniaxial,compression,6,0.857523,1528.28,0.2706295866074482,False,-21.089279174804688,train,shear_only
green3-4.xls,green,sirloin tender steak,3,48,2.0,4,uniaxial,compression,6,0.857074,862.138,-2.799495312606766,False,-21.191673278808594,train,shear_only
green3-1.xls,green,sirloin tender steak,3,48,2.0,1,uniaxial,compression,7,0.837574,1608.88,0.0,False,-26.01905059814453,train,shear_only
green3-2.xls,green,sirloin tender steak,3,48,2.0,2,uniaxial,compression,7,0.8371109999999999,1460.9,-0.6745,False,-26.143455505371094,train,shear_only
green3-3.xls,green,sirloin tender steak,3,48,2.0,3,uniaxial,compression,7,0.837508,1723.22,0.5211672523313957,False,-26.036758422851562,train,shear_only
green3-4.xls,green,sirloin tender steak,3,48,2.0,4,uniaxial,compression,7,0.837074,957.607,-2.968533845789972,False,-26.153430938720703,train,shear_only
green3-1.xls,green,sirloin tender steak,3,48,2.0,1,uniaxial,compression,8,0.817054,1714.51,0.0,False,-32.04355239868164,train,shear_only
green3-2.xls,green,sirloin tender steak,3,48,2.0,2,uniaxial,compression,8,0.817563,1658.8,-0.25623181043300375,False,-31.880443572998047,train,shear_only
green3-3.xls,green,sirloin tender steak,3,48,2.0,3,uniaxial,compression,8,0.817592,1861.16,0.6745,False,-31.871158599853516,train,shear_only
green3-4.xls,green,sirloin tender steak,3,48,2.0,4,uniaxial,compression,8,0.817069,999.065,-3.290607927037161,False,-32.038726806640625,train,shear_only
green1-1.xls,green,sirloin tender steak,1,0,0.0,1,shear,shear,0,0.00035980900000000005,22.4502,1.0495859413907251,False,0.03010236844420433,train,shear_only
green1-2.xls,green,sirloin tender steak,1,0,0.0,2,shear,shear,0,0.00309664,-23.2756,-0.45627069438612594,False,0.25907549262046814,train,shear_only
green1-3.xls,green,sirloin tender steak,1,0,0.0,3,shear,shear,0,0.000406582,-29.9022,-0.6745,False,0.03401549533009529,train,shear_only
green1-4.xls,green,sirloin tender steak,1,0,0.0,4,shear,shear,0,-0.000857054,-9.4208,0.0,False,-0.0717029720544815,train,shear_only
green1-5.xls,green,sirloin tender steak,1,0,0.0,5,shear,shear,0,0.00132634,77.3552,2.8577349204644213,False,0.11096462607383728,test,shear_only
green1-1.xls,green,sirloin tender steak,1,0,0.0,1,shear,shear,1,0.00035980900000000005,22.4502,0.7827360896131115,False,0.03010236844420433,train,shear_only
green1-2.xls,green,sirloin tender steak,1,0,0.0,2,shear,shear,1,0.0030966500000000003,-23.2756,-0.6745,False,0.259076327085495,train,shear_only
green1-3.xls,green,sirloin tender steak,1,0,0.0,3,shear,shear,1,0.0030194799999999997,-2.11084,0.0,False,0.25261980295181274,train,shear_only
green1-4.xls,green,sirloin tender steak,1,0,0.0,4,shear,shear,1,-0.0008565780000000001,-9.4208,-0.23296120626928912,False,-0.07166314870119095,train,shear_only
green1-5.xls,green,sirloin tender steak,1,0,0.0,5,shear,shear,1,0.00132634,77.3552,2.5325042183327375,False,0.11096462607383728,test,shear_only
green1-1.xls,green,sirloin tender steak,1,0,0.0,1,shear,shear,2,0.0031739800000000003,51.2647,0.6745,False,0.2655462324619293,train,shear_only
green1-2.xls,green,sirloin tender steak,1,0,0.0,2,shear,shear,2,0.00442329,8.79832,-0.46367633611749104,False,0.37007400393486023,train,shear_only
green1-3.xls,green,sirloin tender steak,1,0,0.0,3,shear,shear,2,0.0030194700000000002,-2.11084,-0.756061695051299,False,0.2526189684867859,train,shear_only
green1-4.xls,green,sirloin tender steak,1,0,0.0,4,shear,shear,2,0.00419762,26.0985,0.0,False,0.3511921763420105,train,shear_only
green1-5.xls,green,sirloin tender steak,1,0,0.0,5,shear,shear,2,0.0034090599999999998,94.8963,1.843906354554919,False,0.28521469235420227,test,shear_only
green1-1.xls,green,sirloin tender steak,1,0,0.0,1,shear,shear,3,0.0031739800000000003,51.2647,0.6745,False,0.2655462324619293,train,shear_only
green1-2.xls,green,sirloin tender steak,1,0,0.0,2,shear,shear,3,0.00442329,8.79832,-0.46367633611749104,False,0.37007400393486023,train,shear_only
green1-3.xls,green,sirloin tender steak,1,0,0.0,3,shear,shear,3,0.0030194700000000002,-2.11084,-0.756061695051299,False,0.2526189684867859,train,shear_only
green1-4.xls,green,sirloin tender steak,1,0,0.0,4,shear,shear,3,0.00419758,26.0985,0.0,False,0.3511888086795807,train,shear_only
green1-5.xls,green,sirloin tender steak,1,0,0.0,5,shear,shear,3,0.00340903,94.8963,1.843906354554919,False,0.2852121591567993,test,shear_only
green1-1.xls,green,sirloin tender steak,1,0,0.0,1,shear,shear,4,0.00317395,51.2647,0.6745,False,0.26554372906684875,train,shear_only
green1-2.xls,green,sirloin tender steak,1,0,0.0,2,shear,shear,4,0.00442326,8.79832,-0.46367633611749104,False,0.37007150053977966,train,shear_only
green1-3.xls,green,sirloin tender steak,1,0,0.0,3,shear,shear,4,0.00301946,-2.11084,-0.756061695051299,False,0.25261813402175903,train,shear_only
green1-4.xls,green,sirloin tender steak,1,0,0.0,4,shear,shear,4,0.00419758,26.0985,0.0,False,0.3511888086795807,train,shear_only
green1-5.xls,green,sirloin tender steak,1,0,0.0,5,shear,shear,4,0.00340903,94.8963,1.843906354554919,False,0.2852121591567993,test,shear_only
green1-1.xls,green,sirloin tender steak,1,0,0.0,1,shear,shear,5,0.00317395,51.2647,0.6745,False,0.26554372906684875,train,shear_only
green1-2.xls,green,sirloin tender steak,1,0,0.0,2,shear,shear,5,0.00442326,8.79832,-0.46367633611749104,False,0.37007150053977966,train,shear_only
green1-3.xls,green,sirloin tender steak,1,0,0.0,3,shear,shear,5,0.00301946,-2.11084,-0.756061695051299,False,0.25261813402175903,train,shear_only
green1-4.xls,green,sirloin tender steak,1,0,0.0,4,shear,shear,5,0.00419758,26.0985,0.0,False,0.3511888086795807,train,shear_only
green1-5.xls,green,sirloin tender steak,1,0,0.0,5,shear,shear,5,0.00340903,94.8963,1.843906354554919,False,0.2852121591567993,test,shear_only
green1-1.xls,green,sirloin tender steak,1,0,0.0,1,shear,shear,6,0.012257,107.08,0.6745,False,1.0257117748260498,train,shear_only
green1-2.xls,green,sirloin tender steak,1,0,0.0,2,shear,shear,6,0.012438,48.0047,-0.6474085641774209,False,1.040866732597351,train,shear_only
green1-3.xls,green,sirloin tender steak,1,0,0.0,3,shear,shear,6,0.0110082,46.4003,-0.6833096954516802,False,0.9211612343788147,train,shear_only
green1-4.xls,green,sirloin tender steak,1,0,0.0,4,shear,shear,6,0.0125101,76.937,0.0,False,1.0469034910202026,train,shear_only
green1-5.xls,green,sirloin tender steak,1,0,0.0,5,shear,shear,6,0.011548099999999999,131.74,1.2263087118070533,False,0.9663600921630859,test,shear_only
green1-1.xls,green,sirloin tender steak,1,0,0.0,1,shear,shear,7,0.012257,107.08,0.6745,False,1.0257117748260498,train,shear_only
green1-2.xls,green,sirloin tender steak,1,0,0.0,2,shear,shear,7,0.012438,48.0047,-0.6474085641774209,False,1.040866732597351,train,shear_only
green1-3.xls,green,sirloin tender steak,1,0,0.0,3,shear,shear,7,0.0110081,46.4003,-0.6833096954516802,False,0.9211528301239014,train,shear_only
green1-4.xls,green,sirloin tender steak,1,0,0.0,4,shear,shear,7,0.0125101,76.937,0.0,False,1.0469034910202026,train,shear_only
green1-5.xls,green,sirloin tender steak,1,0,0.0,5,shear,shear,7,0.011548099999999999,131.74,1.2263087118070533,False,0.9663600921630859,test,shear_only
green1-1.xls,green,sirloin tender steak,1,0,0.0,1,shear,shear,8,0.012257,107.08,0.6745,False,1.0257117748260498,train,shear_only
green1-2.xls,green,sirloin tender steak,1,0,0.0,2,shear,shear,8,0.012438,48.0047,-0.6474085641774209,False,1.040866732597351,train,shear_only
green1-3.xls,green,sirloin tender steak,1,0,0.0,3,shear,shear,8,0.0110081,46.4003,-0.6833096954516802,False,0.9211528301239014,train,shear_only
green1-4.xls,green,sirloin tender steak,1,0,0.0,4,shear,shear,8,0.0125101,76.937,0.0,False,1.0469034910202026,train,shear_only
green1-5.xls,green,sirloin tender steak,1,0,0.0,5,shear,shear,8,0.011548099999999999,131.74,1.2263087118070533,False,0.9663600921630859,test,shear_only
green1-1.xls,green,sirloin tender steak,1,0,0.0,1,shear,shear,9,0.012257,107.08,0.6745,False,1.0257117748260498,train,shear_only
green1-2.xls,green,sirloin tender steak,1,0,0.0,2,shear,shear,9,0.012438,48.0047,-0.6474085641774209,False,1.040866732597351,train,shear_only
green1-3.xls,green,sirloin tender steak,1,0,0.0,3,shear,shear,9,0.0110081,46.4003,-0.6833096954516802,False,0.9211528301239014,train,shear_only
green1-4.xls,green,sirloin tender steak,1,0,0.0,4,shear,shear,9,0.0125101,76.937,0.0,False,1.0469034910202026,train,shear_only
green1-5.xls,green,sirloin tender steak,1,0,0.0,5,shear,shear,9,0.011548099999999999,131.74,1.2263087118070533,False,0.9663600921630859,test,shear_only
green1-1.xls,green,sirloin tender steak,1,0,0.0,1,shear,shear,10,0.012257,107.08,-0.030330424058438728,False,1.0257117748260498,train,shear_only
green1-2.xls,green,sirloin tender steak,1,0,0.0,2,shear,shear,10,0.0204463,107.554,0.0,False,1.711814522743225,train,shear_only
green1-3.xls,green,sirloin tender steak,1,0,0.0,3,shear,shear,10,0.0190104,118.095,0.6745,False,1.5914422273635864,train,shear_only
green1-4.xls,green,sirloin tender steak,1,0,0.0,4,shear,shear,10,0.0125101,76.937,-1.9591278341713319,False,1.0469034910202026,train,shear_only
green1-1.xls,green,sirloin tender steak,1,0,0.0,1,shear,shear,11,0.0213936,184.115,0.8475134545668898,False,1.7912482023239136,train,shear_only
green1-2.xls,green,sirloin tender steak,1,0,0.0,2,shear,shear,11,0.0204462,107.554,-0.6745,False,1.711806058883667,train,shear_only
green1-3.xls,green,sirloin tender steak,1,0,0.0,3,shear,shear,11,0.0190104,118.095,-0.46494756697810136,False,1.5914422273635864,train,shear_only
green1-4.xls,green,sirloin tender steak,1,0,0.0,4,shear,shear,11,0.020879099999999998,141.483,0.0,False,1.7481036186218262,train,shear_only
green1-5.xls,green,sirloin tender steak,1,0,0.0,5,shear,shear,11,0.01959,201.465,1.1924270977629756,False,1.640026569366455,test,shear_only
green1-1.xls,green,sirloin tender steak,1,0,0.0,1,shear,shear,12,0.0213936,184.115,0.8475134545668898,False,1.7912482023239136,train,shear_only
green1-2.xls,green,sirloin tender steak,1,0,0.0,2,shear,shear,12,0.0204462,107.554,-0.6745,False,1.711806058883667,train,shear_only
green1-3.xls,green,sirloin tender steak,1,0,0.0,3,shear,shear,12,0.0190104,118.095,-0.46494756697810136,False,1.5914422273635864,train,shear_only
green1-4.xls,green,sirloin tender steak,1,0,0.0,4,shear,shear,12,0.020879099999999998,141.483,0.0,False,1.7481036186218262,train,shear_only
green1-5.xls,green,sirloin tender steak,1,0,0.0,5,shear,shear,12,0.01959,201.465,1.1924270977629756,False,1.640026569366455,test,shear_only
green1-1.xls,green,sirloin tender steak,1,0,0.0,1,shear,shear,13,0.0213936,184.115,0.8475134545668898,False,1.7912482023239136,train,shear_only
green1-2.xls,green,sirloin tender steak,1,0,0.0,2,shear,shear,13,0.0204462,107.554,-0.6745,False,1.711806058883667,train,shear_only
green1-3.xls,green,sirloin tender steak,1,0,0.0,3,shear,shear,13,0.0190104,118.095,-0.46494756697810136,False,1.5914422273635864,train,shear_only
green1-4.xls,green,sirloin tender steak,1,0,0.0,4,shear,shear,13,0.020879099999999998,141.483,0.0,False,1.7481036186218262,train,shear_only
green1-5.xls,green,sirloin tender steak,1,0,0.0,5,shear,shear,13,0.0195899,201.465,1.1924270977629756,False,1.640018105506897,test,shear_only
green1-1.xls,green,sirloin tender steak,1,0,0.0,1,shear,shear,14,0.0213936,184.115,0.7894692495672543,False,1.7912482023239136,train,shear_only
green1-2.xls,green,sirloin tender steak,1,0,0.0,2,shear,shear,14,0.028547,142.476,-0.6404006974849813,False,2.3916637897491455,train,shear_only
green1-3.xls,green,sirloin tender steak,1,0,0.0,3,shear,shear,14,0.0269774,161.125,0.0,False,2.2598235607147217,train,shear_only
green1-4.xls,green,sirloin tender steak,1,0,0.0,4,shear,shear,14,0.020879099999999998,141.483,-0.6745,False,1.7481036186218262,train,shear_only
green1-5.xls,green,sirloin tender steak,1,0,0.0,5,shear,shear,14,0.0277112,239.817,2.7022581203543434,False,2.3214523792266846,test,shear_only
green1-1.xls,green,sirloin tender steak,1,0,0.0,1,shear,shear,15,0.0304279,229.797,1.0502361416146886,False,2.5497334003448486,train,shear_only
green1-2.xls,green,sirloin tender steak,1,0,0.0,2,shear,shear,15,0.028547,142.476,-0.6745,False,2.3916637897491455,train,shear_only
green1-3.xls,green,sirloin tender steak,1,0,0.0,3,shear,shear,15,0.0269773,161.125,-0.30615098538756624,False,2.259815216064453,train,shear_only
green1-4.xls,green,sirloin tender steak,1,0,0.0,4,shear,shear,15,0.029308999999999998,176.625,0.0,False,2.45569109916687,train,shear_only
green1-5.xls,green,sirloin tender steak,1,0,0.0,5,shear,shear,15,0.0277112,239.817,1.2481479399103927,False,2.3214523792266846,test,shear_only
green1-1.xls,green,sirloin tender steak,1,0,0.0,1,shear,shear,16,0.0304279,229.797,1.0502361416146886,False,2.5497334003448486,train,shear_only
green1-2.xls,green,sirloin tender steak,1,0,0.0,2,shear,shear,16,0.028547,142.476,-0.6745,False,2.3916637897491455,train,shear_only
green1-3.xls,green,sirloin tender steak,1,0,0.0,3,shear,shear,16,0.0269773,161.125,-0.30615098538756624,False,2.259815216064453,train,shear_only
green1-4.xls,green,sirloin tender steak,1,0,0.0,4,shear,shear,16,0.029308999999999998,176.625,0.0,False,2.45569109916687,train,shear_only
green1-5.xls,green,sirloin tender steak,1,0,0.0,5,shear,shear,16,0.0277112,239.817,1.2481479399103927,False,2.3214523792266846,test,shear_only
green1-1.xls,green,sirloin tender steak,1,0,0.0,1,shear,shear,17,0.0304279,229.797,1.0502361416146886,False,2.5497334003448486,train,shear_only
green1-2.xls,green,sirloin tender steak,1,0,0.0,2,shear,shear,17,0.028547,142.476,-0.6745,False,2.3916637897491455,train,shear_only
green1-3.xls,green,sirloin tender steak,1,0,0.0,3,shear,shear,17,0.0269773,161.125,-0.30615098538756624,False,2.259815216064453,train,shear_only
green1-4.xls,green,sirloin tender steak,1,0,0.0,4,shear,shear,17,0.029308999999999998,176.625,0.0,False,2.45569109916687,train,shear_only
green1-5.xls,green,sirloin tender steak,1,0,0.0,5,shear,shear,17,0.0277112,239.817,1.2481479399103927,False,2.3214523792266846,test,shear_only
green1-1.xls,green,sirloin tender steak,1,0,0.0,1,shear,shear,18,0.0304279,229.797,0.8717577347117841,False,2.5497334003448486,train,shear_only
green1-2.xls,green,sirloin tender steak,1,0,0.0,2,shear,shear,18,0.0366162,169.705,-0.6745,False,3.0704846382141113,train,shear_only
green1-3.xls,green,sirloin tender steak,1,0,0.0,3,shear,shear,18,0.0349964,195.918,0.0,False,2.934068202972412,train,shear_only
green1-4.xls,green,sirloin tender steak,1,0,0.0,4,shear,shear,18,0.029308999999999998,176.625,-0.4964379697096863,False,2.45569109916687,train,shear_only
green1-5.xls,green,sirloin tender steak,1,0,0.0,5,shear,shear,18,0.0357419,270.636,1.9226067600045786,False,2.996842622756958,test,shear_only
green1-1.xls,green,sirloin tender steak,1,0,0.0,1,shear,shear,19,0.0304279,229.797,0.6745,False,2.5497334003448486,train,shear_only
green1-2.xls,green,sirloin tender steak,1,0,0.0,2,shear,shear,19,0.0366162,169.705,-0.8225287719298248,False,3.0704846382141113,train,shear_only
green1-3.xls,green,sirloin tender steak,1,0,0.0,3,shear,shear,19,0.0349964,195.918,-0.16950315789473697,False,2.934068202972412,train,shear_only
green1-4.xls,green,sirloin tender steak,1,0,0.0,4,shear,shear,19,0.0377055,202.722,0.0,False,3.1622707843780518,train,shear_only
green1-5.xls,green,sirloin tender steak,1,0,0.0,5,shear,shear,19,0.0357419,270.636,1.6918926315789484,False,2.996842622756958,test,shear_only
green1-1.xls,green,sirloin tender steak,1,0,0.0,1,shear,shear,20,0.039526900000000004,267.45,1.3223198958112485,False,3.315831184387207,train,shear_only
green1-2.xls,green,sirloin tender steak,1,0,0.0,2,shear,shear,20,0.0366162,169.705,-0.6745,False,3.0704846382141113,train,shear_only
green1-3.xls,green,sirloin tender steak,1,0,0.0,3,shear,shear,20,0.0349964,195.918,-0.1389980313172003,False,2.934068202972412,train,shear_only
green1-4.xls,green,sirloin tender steak,1,0,0.0,4,shear,shear,20,0.0377055,202.722,0.0,False,3.1622707843780518,train,shear_only
green1-5.xls,green,sirloin tender steak,1,0,0.0,5,shear,shear,20,0.0357419,270.636,1.3874062755550176,False,2.996842622756958,test,shear_only
green1-1.xls,green,sirloin tender steak,1,0,0.0,1,shear,shear,21,0.039526900000000004,267.45,1.3223198958112485,False,3.315831184387207,train,shear_only
green1-2.xls,green,sirloin tender steak,1,0,0.0,2,shear,shear,21,0.0366159,169.705,-0.6745,False,3.0704596042633057,train,shear_only
green1-3.xls,green,sirloin tender steak,1,0,0.0,3,shear,shear,21,0.0349965,195.918,-0.1389980313172003,False,2.9340763092041016,train,shear_only
green1-4.xls,green,sirloin tender steak,1,0,0.0,4,shear,shear,21,0.0377055,202.722,0.0,False,3.1622707843780518,train,shear_only
green1-5.xls,green,sirloin tender steak,1,0,0.0,5,shear,shear,21,0.0357419,270.636,1.3874062755550176,False,2.996842622756958,test,shear_only
green1-1.xls,green,sirloin tender steak,1,0,0.0,1,shear,shear,22,0.039526900000000004,267.45,0.8788319193733163,False,3.315831184387207,train,shear_only
green1-2.xls,green,sirloin tender steak,1,0,0.0,2,shear,shear,22,0.0447395,193.072,-0.6745,False,3.755948543548584,train,shear_only
green1-3.xls,green,sirloin tender steak,1,0,0.0,3,shear,shear,22,0.043088800000000003,225.369,0.0,False,3.6164658069610596,train,shear_only
green1-4.xls,green,sirloin tender steak,1,0,0.0,4,shear,shear,22,0.0377055,202.722,-0.4729665758429574,False,3.1622707843780518,train,shear_only
green1-5.xls,green,sirloin tender steak,1,0,0.0,5,shear,shear,22,0.0438112,296.587,1.4873375545716319,False,3.6774959564208984,test,shear_only
green1-1.xls,green,sirloin tender steak,1,0,0.0,1,shear,shear,23,0.0395265,267.45,0.8788319193733163,False,3.315797805786133,train,shear_only
green1-2.xls,green,sirloin tender steak,1,0,0.0,2,shear,shear,23,0.0447395,193.072,-0.6745,False,3.755948543548584,train,shear_only
green1-3.xls,green,sirloin tender steak,1,0,0.0,3,shear,shear,23,0.043088800000000003,225.369,0.0,False,3.6164658069610596,train,shear_only
green1-4.xls,green,sirloin tender steak,1,0,0.0,4,shear,shear,23,0.0460923,225.191,-0.003717404093259379,False,3.8703386783599854,train,shear_only
green1-5.xls,green,sirloin tender steak,1,0,0.0,5,shear,shear,23,0.0438112,296.587,1.4873375545716319,False,3.6774959564208984,test,shear_only
green1-1.xls,green,sirloin tender steak,1,0,0.0,1,shear,shear,24,0.0486549,300.393,1.5668231724308757,False,4.087226867675781,train,shear_only
green1-2.xls,green,sirloin tender steak,1,0,0.0,2,shear,shear,24,0.0447395,193.072,-0.6745,False,3.755948543548584,train,shear_only
green1-3.xls,green,sirloin tender steak,1,0,0.0,3,shear,shear,24,0.043088800000000003,225.369,0.0,False,3.6164658069610596,train,shear_only
green1-4.xls,green,sirloin tender steak,1,0,0.0,4,shear,shear,24,0.0460923,225.191,-0.003717404093259379,False,3.8703386783599854,train,shear_only
green1-5.xls,green,sirloin tender steak,1,0,0.0,5,shear,shear,24,0.0438112,296.587,1.4873375545716319,False,3.6774959564208984,test,shear_only
green1-1.xls,green,sirloin tender steak,1,0,0.0,1,shear,shear,25,0.0486554,300.393,1.5668231724308757,False,4.087268829345703,train,shear_only
green1-2.xls,green,sirloin tender steak,1,0,0.0,2,shear,shear,25,0.0447395,193.072,-0.6745,False,3.755948543548584,train,shear_only
green1-3.xls,green,sirloin tender steak,1,0,0.0,3,shear,shear,25,0.0430887,225.369,0.0,False,3.616457223892212,train,shear_only
green1-4.xls,green,sirloin tender steak,1,0,0.0,4,shear,shear,25,0.0460923,225.191,-0.003717404093259379,False,3.8703386783599854,train,shear_only
green1-5.xls,green,sirloin tender steak,1,0,0.0,5,shear,shear,25,0.0438112,296.587,1.4873375545716319,False,3.6774959564208984,test,shear_only
green1-1.xls,green,sirloin tender steak,1,0,0.0,1,shear,shear,26,0.0486554,300.393,0.8132619730985328,False,4.087268829345703,train,shear_only
green1-2.xls,green,sirloin tender steak,1,0,0.0,2,shear,shear,26,0.0528172,209.709,-0.6745,False,4.4401068687438965,train,shear_only
green1-3.xls,green,sirloin tender steak,1,0,0.0,3,shear,shear,26,0.0510898,250.822,0.0,False,4.293565273284912,train,shear_only
green1-4.xls,green,sirloin tender steak,1,0,0.0,4,shear,shear,26,0.0460923,225.191,-0.42050226205822977,False,3.8703386783599854,train,shear_only
green1-5.xls,green,sirloin tender steak,1,0,0.0,5,shear,shear,26,0.0519299,316.993,1.0856016223578915,False,4.364817142486572,test,shear_only
green1-1.xls,green,sirloin tender steak,1,0,0.0,1,shear,shear,27,0.0486554,300.393,0.8132619730985328,False,4.087268829345703,train,shear_only
green1-2.xls,green,sirloin tender steak,1,0,0.0,2,shear,shear,27,0.0528172,209.709,-0.6745,False,4.4401068687438965,train,shear_only
green1-3.xls,green,sirloin tender steak,1,0,0.0,3,shear,shear,27,0.0510899,250.822,0.0,False,4.29357385635376,train,shear_only
green1-4.xls,green,sirloin tender steak,1,0,0.0,4,shear,shear,27,0.0545231,243.64,-0.11782791331209133,False,4.584959506988525,train,shear_only
green1-5.xls,green,sirloin tender steak,1,0,0.0,5,shear,shear,27,0.0519299,316.993,1.0856016223578915,False,4.364817142486572,test,shear_only
green1-1.xls,green,sirloin tender steak,1,0,0.0,1,shear,shear,28,0.0486554,300.393,0.8132619730985328,False,4.087268829345703,train,shear_only
green1-2.xls,green,sirloin tender steak,1,0,0.0,2,shear,shear,28,0.0528172,209.709,-0.6745,False,4.4401068687438965,train,shear_only
green1-3.xls,green,sirloin tender steak,1,0,0.0,3,shear,shear,28,0.0510899,250.822,0.0,False,4.29357385635376,train,shear_only
green1-4.xls,green,sirloin tender steak,1,0,0.0,4,shear,shear,28,0.0545231,243.64,-0.11782791331209133,False,4.584959506988525,train,shear_only
green1-5.xls,green,sirloin tender steak,1,0,0.0,5,shear,shear,28,0.0519299,316.993,1.0856016223578915,False,4.364817142486572,test,shear_only
green1-1.xls,green,sirloin tender steak,1,0,0.0,1,shear,shear,29,0.0577335,329.835,1.2962875124656432,False,4.857938766479492,train,shear_only
green1-2.xls,green,sirloin tender steak,1,0,0.0,2,shear,shear,29,0.0528172,209.709,-0.6745,False,4.4401068687438965,train,shear_only
green1-3.xls,green,sirloin tender steak,1,0,0.0,3,shear,shear,29,0.0510899,250.822,0.0,False,4.29357385635376,train,shear_only
green1-4.xls,green,sirloin tender steak,1,0,0.0,4,shear,shear,29,0.0545231,243.64,-0.11782791331209133,False,4.584959506988525,train,shear_only
green1-5.xls,green,sirloin tender steak,1,0,0.0,5,shear,shear,29,0.0519299,316.993,1.0856016223578915,False,4.364817142486572,test,shear_only
green1-1.xls,green,sirloin tender steak,1,0,0.0,1,shear,shear,30,0.0577335,329.835,0.6745,False,4.857938766479492,train,shear_only
green1-2.xls,green,sirloin tender steak,1,0,0.0,2,shear,shear,30,0.0528172,209.709,-0.7603324242960869,False,4.4401068687438965,train,shear_only
green1-3.xls,green,sirloin tender steak,1,0,0.0,3,shear,shear,30,0.059111500000000004,273.365,0.0,False,4.975268363952637,train,shear_only
green1-4.xls,green,sirloin tender steak,1,0,0.0,4,shear,shear,30,0.0545231,243.64,-0.35504714892863515,False,4.584959506988525,train,shear_only
green1-5.xls,green,sirloin tender steak,1,0,0.0,5,shear,shear,30,0.0599791,333.678,0.7204023109615727,False,5.049189567565918,test,shear_only
green1-1.xls,green,sirloin tender steak,1,0,0.0,1,shear,shear,31,0.0577335,329.835,0.8109567152103553,False,4.857938766479492,train,shear_only
green1-2.xls,green,sirloin tender steak,1,0,0.0,2,shear,shear,31,0.060951899999999996,226.397,-0.6745,False,5.1321187019348145,train,shear_only
green1-3.xls,green,sirloin tender steak,1,0,0.0,3,shear,shear,31,0.059111500000000004,273.365,0.0,False,4.975268363952637,train,shear_only
green1-4.xls,green,sirloin tender steak,1,0,0.0,4,shear,shear,31,0.0545231,243.64,-0.42687601132686104,False,4.584959506988525,train,shear_only
green1-5.xls,green,sirloin tender steak,1,0,0.0,5,shear,shear,31,0.0599791,333.678,0.8661454288025885,False,5.049189567565918,test,shear_only
green1-1.xls,green,sirloin tender steak,1,0,0.0,1,shear,shear,32,0.0577335,329.835,0.8109567152103553,False,4.857938766479492,train,shear_only
green1-2.xls,green,sirloin tender steak,1,0,0.0,2,shear,shear,32,0.060951899999999996,226.397,-0.6745,False,5.1321187019348145,train,shear_only
green1-3.xls,green,sirloin tender steak,1,0,0.0,3,shear,shear,32,0.059111500000000004,273.365,0.0,False,4.975268363952637,train,shear_only
green1-4.xls,green,sirloin tender steak,1,0,0.0,4,shear,shear,32,0.0629742,260.065,-0.19099919093851142,False,5.30468225479126,train,shear_only
green1-5.xls,green,sirloin tender steak,1,0,0.0,5,shear,shear,32,0.0599791,333.678,0.8661454288025885,False,5.049189567565918,test,shear_only
green1-1.xls,green,sirloin tender steak,1,0,0.0,1,shear,shear,33,0.057733,329.835,0.8109567152103553,False,4.85789680480957,train,shear_only
green1-2.xls,green,sirloin tender steak,1,0,0.0,2,shear,shear,33,0.060951899999999996,226.397,-0.6745,False,5.1321187019348145,train,shear_only
green1-3.xls,green,sirloin tender steak,1,0,0.0,3,shear,shear,33,0.0591116,273.365,0.0,False,4.975276947021484,train,shear_only
green1-4.xls,green,sirloin tender steak,1,0,0.0,4,shear,shear,33,0.0629742,260.065,-0.19099919093851142,False,5.30468225479126,train,shear_only
green1-5.xls,green,sirloin tender steak,1,0,0.0,5,shear,shear,33,0.0599791,333.678,0.8661454288025885,False,5.049189567565918,test,shear_only
green1-1.xls,green,sirloin tender steak,1,0,0.0,1,shear,shear,34,0.06691169999999999,356.175,0.7708378331602636,False,5.641315937042236,train,shear_only
green1-2.xls,green,sirloin tender steak,1,0,0.0,2,shear,shear,34,0.060951899999999996,226.397,-0.8238727933541026,False,5.1321187019348145,train,shear_only
green1-3.xls,green,sirloin tender steak,1,0,0.0,3,shear,shear,34,0.0671045,293.444,0.0,False,5.657821178436279,train,shear_only
green1-4.xls,green,sirloin tender steak,1,0,0.0,4,shear,shear,34,0.0629742,260.065,-0.4101607822776052,False,5.30468225479126,train,shear_only
green1-5.xls,green,sirloin tender steak,1,0,0.0,5,shear,shear,34,0.0680418,348.335,0.6745,False,5.738096237182617,test,shear_only
green1-1.xls,green,sirloin tender steak,1,0,0.0,1,shear,shear,35,0.06691169999999999,356.175,0.7809534791435953,False,5.641315937042236,train,shear_only
green1-2.xls,green,sirloin tender steak,1,0,0.0,2,shear,shear,35,0.0690926,239.264,-0.6745,False,5.82815408706665,train,shear_only
green1-3.xls,green,sirloin tender steak,1,0,0.0,3,shear,shear,35,0.06710429999999999,293.444,0.0,False,5.657804012298584,train,shear_only
green1-4.xls,green,sirloin tender steak,1,0,0.0,4,shear,shear,35,0.0629742,260.065,-0.41554329088224456,False,5.30468225479126,train,shear_only
green1-5.xls,green,sirloin tender steak,1,0,0.0,5,shear,shear,35,0.0680418,348.335,0.6833514119601324,False,5.738096237182617,test,shear_only
green1-1.xls,green,sirloin tender steak,1,0,0.0,1,shear,shear,36,0.06691169999999999,356.175,0.7809534791435953,False,5.641315937042236,train,shear_only
green1-2.xls,green,sirloin tender steak,1,0,0.0,2,shear,shear,36,0.0690926,239.264,-0.6745,False,5.82815408706665,train,shear_only
green1-3.xls,green,sirloin tender steak,1,0,0.0,3,shear,shear,36,0.06710429999999999,293.444,0.0,False,5.657804012298584,train,shear_only
green1-4.xls,green,sirloin tender steak,1,0,0.0,4,shear,shear,36,0.0713281,274.455,-0.23639868032484349,False,6.019967555999756,train,shear_only
green1-5.xls,green,sirloin tender steak,1,0,0.0,5,shear,shear,36,0.0680418,348.335,0.6833514119601324,False,5.738096237182617,test,shear_only
green1-1.xls,green,sirloin tender steak,1,0,0.0,1,shear,shear,37,0.06691169999999999,356.175,0.7809534791435953,False,5.641315937042236,train,shear_only
green1-2.xls,green,sirloin tender steak,1,0,0.0,2,shear,shear,37,0.0690926,239.264,-0.6745,False,5.82815408706665,train,shear_only
green1-3.xls,green,sirloin tender steak,1,0,0.0,3,shear,shear,37,0.06710429999999999,293.444,0.0,False,5.657804012298584,train,shear_only
green1-4.xls,green,sirloin tender steak,1,0,0.0,4,shear,shear,37,0.0713281,274.455,-0.23639868032484349,False,6.019967555999756,train,shear_only
green1-5.xls,green,sirloin tender steak,1,0,0.0,5,shear,shear,37,0.0680418,348.335,0.6833514119601324,False,5.738096237182617,test,shear_only
green1-1.xls,green,sirloin tender steak,1,0,0.0,1,shear,shear,38,0.0759739,380.345,0.9430908385568744,False,6.419597148895264,train,shear_only
green1-2.xls,green,sirloin tender steak,1,0,0.0,2,shear,shear,38,0.0690926,239.264,-0.9998443044694454,False,5.82815408706665,train,shear_only
green1-3.xls,green,sirloin tender steak,1,0,0.0,3,shear,shear,38,0.0751626,311.865,0.0,False,6.349707126617432,train,shear_only
green1-4.xls,green,sirloin tender steak,1,0,0.0,4,shear,shear,38,0.0713281,274.455,-0.5152019315188767,False,6.019967555999756,train,shear_only
green1-5.xls,green,sirloin tender steak,1,0,0.0,5,shear,shear,38,0.076148,360.842,0.6745,False,6.434601783752441,test,shear_only
green1-1.xls,green,sirloin tender steak,1,0,0.0,1,shear,shear,39,0.0759739,380.345,0.9430908385568744,False,6.419597148895264,train,shear_only
green1-2.xls,green,sirloin tender steak,1,0,0.0,2,shear,shear,39,0.0770613,249.901,-0.8533539824815733,False,6.513338088989258,train,shear_only
green1-3.xls,green,sirloin tender steak,1,0,0.0,3,shear,shear,39,0.0751627,311.865,0.0,False,6.3497161865234375,train,shear_only
green1-4.xls,green,sirloin tender steak,1,0,0.0,4,shear,shear,39,0.0713281,274.455,-0.5152019315188767,False,6.019967555999756,train,shear_only
green1-5.xls,green,sirloin tender steak,1,0,0.0,5,shear,shear,39,0.076148,360.842,0.6745,False,6.434601783752441,test,shear_only
green1-1.xls,green,sirloin tender steak,1,0,0.0,1,shear,shear,40,0.0759739,380.345,0.9430908385568744,False,6.419597148895264,train,shear_only
green1-2.xls,green,sirloin tender steak,1,0,0.0,2,shear,shear,40,0.0770613,249.901,-0.8533539824815733,False,6.513338088989258,train,shear_only
green1-3.xls,green,sirloin tender steak,1,0,0.0,3,shear,shear,40,0.0751627,311.865,0.0,False,6.3497161865234375,train,shear_only
green1-4.xls,green,sirloin tender steak,1,0,0.0,4,shear,shear,40,0.079707,286.218,-0.35320459603487353,False,6.741745471954346,train,shear_only
green1-5.xls,green,sirloin tender steak,1,0,0.0,5,shear,shear,40,0.076148,360.842,0.6745,False,6.434601783752441,test,shear_only
green1-1.xls,green,sirloin tender steak,1,0,0.0,1,shear,shear,41,0.0759739,380.345,0.9430908385568744,False,6.419597148895264,train,shear_only
green1-2.xls,green,sirloin tender steak,1,0,0.0,2,shear,shear,41,0.0770613,249.901,-0.8533539824815733,False,6.513338088989258,train,shear_only
green1-3.xls,green,sirloin tender steak,1,0,0.0,3,shear,shear,41,0.0751627,311.865,0.0,False,6.3497161865234375,train,shear_only
green1-4.xls,green,sirloin tender steak,1,0,0.0,4,shear,shear,41,0.079707,286.218,-0.35320459603487353,False,6.741745471954346,train,shear_only
green1-5.xls,green,sirloin tender steak,1,0,0.0,5,shear,shear,41,0.076148,360.842,0.6745,False,6.434601783752441,test,shear_only
green1-1.xls,green,sirloin tender steak,1,0,0.0,1,shear,shear,42,0.0759739,380.345,0.8384315961300164,False,6.419597148895264,train,shear_only
green1-2.xls,green,sirloin tender steak,1,0,0.0,2,shear,shear,42,0.0770613,249.901,-1.2582340696787724,False,6.513338088989258,train,shear_only
green1-3.xls,green,sirloin tender steak,1,0,0.0,3,shear,shear,42,0.0831678,328.182,0.0,False,7.041262149810791,train,shear_only
green1-4.xls,green,sirloin tender steak,1,0,0.0,4,shear,shear,42,0.079707,286.218,-0.6745,False,6.741745471954346,train,shear_only
green1-5.xls,green,sirloin tender steak,1,0,0.0,5,shear,shear,42,0.08423870000000001,369.379,0.6621717781908303,False,7.134115219116211,test,shear_only
green1-1.xls,green,sirloin tender steak,1,0,0.0,1,shear,shear,43,0.08502119999999999,402.474,1.1941176722905342,False,7.202017784118652,train,shear_only
green1-2.xls,green,sirloin tender steak,1,0,0.0,2,shear,shear,43,0.0851571,255.621,-1.1662947883900487,False,7.213814735412598,train,shear_only
green1-3.xls,green,sirloin tender steak,1,0,0.0,3,shear,shear,43,0.0831677,328.182,0.0,False,7.0412516593933105,train,shear_only
green1-4.xls,green,sirloin tender steak,1,0,0.0,4,shear,shear,43,0.079707,286.218,-0.6745,False,6.741745471954346,train,shear_only
green1-5.xls,green,sirloin tender steak,1,0,0.0,5,shear,shear,43,0.084238,369.379,0.6621717781908303,False,7.134056091308594,test,shear_only
green1-1.xls,green,sirloin tender steak,1,0,0.0,1,shear,shear,44,0.08502119999999999,402.474,1.2163495885622735,False,7.202017784118652,train,shear_only
green1-2.xls,green,sirloin tender steak,1,0,0.0,2,shear,shear,44,0.0851571,255.621,-1.1880087020899581,False,7.213814735412598,train,shear_only
green1-3.xls,green,sirloin tender steak,1,0,0.0,3,shear,shear,44,0.0831677,328.182,0.0,False,7.0412516593933105,train,shear_only
green1-4.xls,green,sirloin tender steak,1,0,0.0,4,shear,shear,44,0.08809240000000002,296.695,-0.5155225259120813,False,7.46896505355835,train,shear_only
green1-5.xls,green,sirloin tender steak,1,0,0.0,5,shear,shear,44,0.084238,369.379,0.6745,False,7.134056091308594,test,shear_only
green1-1.xls,green,sirloin tender steak,1,0,0.0,1,shear,shear,45,0.08502119999999999,402.474,1.2163495885622735,False,7.202017784118652,train,shear_only
green1-2.xls,green,sirloin tender steak,1,0,0.0,2,shear,shear,45,0.0851571,255.621,-1.1880087020899581,False,7.213814735412598,train,shear_only
green1-3.xls,green,sirloin tender steak,1,0,0.0,3,shear,shear,45,0.0831677,328.182,0.0,False,7.0412516593933105,train,shear_only
green1-4.xls,green,sirloin tender steak,1,0,0.0,4,shear,shear,45,0.08809240000000002,296.695,-0.5155225259120813,False,7.46896505355835,train,shear_only
green1-5.xls,green,sirloin tender steak,1,0,0.0,5,shear,shear,45,0.084238,369.379,0.6745,False,7.134056091308594,test,shear_only
green1-1.xls,green,sirloin tender steak,1,0,0.0,1,shear,shear,46,0.08502119999999999,402.474,0.8558819201647331,False,7.202017784118652,train,shear_only
green1-2.xls,green,sirloin tender steak,1,0,0.0,2,shear,shear,46,0.0851571,255.621,-1.2687475064884923,False,7.213814735412598,train,shear_only
green1-3.xls,green,sirloin tender steak,1,0,0.0,3,shear,shear,46,0.0912438,343.316,0.0,False,7.743635654449463,train,shear_only
green1-4.xls,green,sirloin tender steak,1,0,0.0,4,shear,shear,46,0.08809240000000002,296.695,-0.6745,False,7.46896505355835,train,shear_only
green1-5.xls,green,sirloin tender steak,1,0,0.0,5,shear,shear,46,0.0923375,379.33,0.5210407970657003,False,7.839145660400391,test,shear_only
green1-1.xls,green,sirloin tender steak,1,0,0.0,1,shear,shear,47,0.0941129,423.693,1.162872664679008,False,7.994389533996582,train,shear_only
green1-2.xls,green,sirloin tender steak,1,0,0.0,2,shear,shear,47,0.09328189999999999,261.502,-1.1836627914459148,False,7.921693801879883,train,shear_only
green1-3.xls,green,sirloin tender steak,1,0,0.0,3,shear,shear,47,0.0912441,343.316,0.0,False,7.743663787841797,train,shear_only
green1-4.xls,green,sirloin tender steak,1,0,0.0,4,shear,shear,47,0.08809240000000002,296.695,-0.6745,False,7.46896505355835,train,shear_only
green1-5.xls,green,sirloin tender steak,1,0,0.0,5,shear,shear,47,0.0923375,379.33,0.5210407970657003,False,7.839145660400391,test,shear_only
green1-1.xls,green,sirloin tender steak,1,0,0.0,1,shear,shear,48,0.0941129,423.693,1.4461770833333336,False,7.994389533996582,train,shear_only
green1-2.xls,green,sirloin tender steak,1,0,0.0,2,shear,shear,48,0.09328189999999999,261.502,-1.4720321969696963,False,7.921693801879883,train,shear_only
green1-3.xls,green,sirloin tender steak,1,0,0.0,3,shear,shear,48,0.0912441,343.316,0.0,False,7.743663787841797,train,shear_only
green1-4.xls,green,sirloin tender steak,1,0,0.0,4,shear,shear,48,0.0964791,305.828,-0.6745,False,8.201695442199707,train,shear_only
green1-5.xls,green,sirloin tender steak,1,0,0.0,5,shear,shear,48,0.0923375,379.33,0.6479791666666668,False,7.839145660400391,test,shear_only
green1-1.xls,green,sirloin tender steak,1,0,0.0,1,shear,shear,49,0.0941129,423.693,1.4461770833333336,False,7.994389533996582,train,shear_only
green1-2.xls,green,sirloin tender steak,1,0,0.0,2,shear,shear,49,0.09328189999999999,261.502,-1.4720321969696963,False,7.921693801879883,train,shear_only
green1-3.xls,green,sirloin tender steak,1,0,0.0,3,shear,shear,49,0.0912439,343.316,0.0,False,7.743643760681152,train,shear_only
green1-4.xls,green,sirloin tender steak,1,0,0.0,4,shear,shear,49,0.0964791,305.828,-0.6745,False,8.201695442199707,train,shear_only
green1-5.xls,green,sirloin tender steak,1,0,0.0,5,shear,shear,49,0.0923383,379.33,0.6479791666666668,False,7.839213848114014,test,shear_only
green1-1.xls,green,sirloin tender steak,1,0,0.0,1,shear,shear,50,0.0941129,423.693,0.8648839071334521,False,7.994389533996582,train,shear_only
green1-2.xls,green,sirloin tender steak,1,0,0.0,2,shear,shear,50,0.09328189999999999,261.502,-1.2534227596623029,False,7.921693801879883,train,shear_only
green1-3.xls,green,sirloin tender steak,1,0,0.0,3,shear,shear,50,0.0992403,357.472,0.0,False,8.444209098815918,train,shear_only
green1-4.xls,green,sirloin tender steak,1,0,0.0,4,shear,shear,50,0.0964791,305.828,-0.6745,False,8.201695442199707,train,shear_only
green1-5.xls,green,sirloin tender steak,1,0,0.0,5,shear,shear,50,0.10037800000000001,389.274,0.4153521996746962,False,8.544322967529297,test,shear_only
green1-1.xls,green,sirloin tender steak,1,0,0.0,1,shear,shear,51,0.0941129,423.693,0.8648839071334521,False,7.994389533996582,train,shear_only
green1-2.xls,green,sirloin tender steak,1,0,0.0,2,shear,shear,51,0.10133900000000001,263.711,-1.2245719638292922,False,8.628975868225098,train,shear_only
green1-3.xls,green,sirloin tender steak,1,0,0.0,3,shear,shear,51,0.0992403,357.472,0.0,False,8.444209098815918,train,shear_only
green1-4.xls,green,sirloin tender steak,1,0,0.0,4,shear,shear,51,0.0964791,305.828,-0.6745,False,8.201695442199707,train,shear_only
green1-5.xls,green,sirloin tender steak,1,0,0.0,5,shear,shear,51,0.100377,389.274,0.4153521996746962,False,8.544235229492188,test,shear_only
green1-1.xls,green,sirloin tender steak,1,0,0.0,1,shear,shear,52,0.1032,443.211,1.1198000832623347,False,8.793139457702637,train,shear_only
green1-2.xls,green,sirloin tender steak,1,0,0.0,2,shear,shear,52,0.10133900000000001,263.711,-1.2245719638292922,False,8.628975868225098,train,shear_only
green1-3.xls,green,sirloin tender steak,1,0,0.0,3,shear,shear,52,0.0992403,357.472,0.0,False,8.444209098815918,train,shear_only
green1-4.xls,green,sirloin tender steak,1,0,0.0,4,shear,shear,52,0.0964791,305.828,-0.6745,False,8.201695442199707,train,shear_only
green1-5.xls,green,sirloin tender steak,1,0,0.0,5,shear,shear,52,0.100377,389.274,0.4153521996746962,False,8.544235229492188,test,shear_only
green1-1.xls,green,sirloin tender steak,1,0,0.0,1,shear,shear,53,0.1032,443.211,1.3448433910050714,False,8.793139457702637,train,shear_only
green1-2.xls,green,sirloin tender steak,1,0,0.0,2,shear,shear,53,0.10133900000000001,263.711,-1.4706710036742487,False,8.628975868225098,train,shear_only
green1-3.xls,green,sirloin tender steak,1,0,0.0,3,shear,shear,53,0.09924039999999999,357.472,0.0,False,8.44421672821045,train,shear_only
green1-4.xls,green,sirloin tender steak,1,0,0.0,4,shear,shear,53,0.104901,314.47,-0.6745,False,8.943465232849121,train,shear_only
green1-5.xls,green,sirloin tender steak,1,0,0.0,5,shear,shear,53,0.100377,389.274,0.49882445002558107,False,8.544235229492188,test,shear_only
green1-1.xls,green,sirloin tender steak,1,0,0.0,1,shear,shear,54,0.1032,443.211,0.8581580034241137,False,8.793139457702637,train,shear_only
green1-2.xls,green,sirloin tender steak,1,0,0.0,2,shear,shear,54,0.10133900000000001,263.711,-1.2787844749986765,False,8.628975868225098,train,shear_only
green1-3.xls,green,sirloin tender steak,1,0,0.0,3,shear,shear,54,0.107264,371.127,0.0,False,9.15273380279541,train,shear_only
green1-4.xls,green,sirloin tender steak,1,0,0.0,4,shear,shear,54,0.104901,314.47,-0.6745,False,8.943465232849121,train,shear_only
green1-5.xls,green,sirloin tender steak,1,0,0.0,5,shear,shear,54,0.108445,398.516,0.3260652787828514,False,9.257518768310547,test,shear_only
green1-1.xls,green,sirloin tender steak,1,0,0.0,1,shear,shear,55,0.1032,443.211,0.8581580034241137,False,8.793139457702637,train,shear_only
green1-2.xls,green,sirloin tender steak,1,0,0.0,2,shear,shear,55,0.109467,266.118,-1.2501292073353696,False,9.348302841186523,train,shear_only
green1-3.xls,green,sirloin tender steak,1,0,0.0,3,shear,shear,55,0.107264,371.127,0.0,False,9.15273380279541,train,shear_only
green1-4.xls,green,sirloin tender steak,1,0,0.0,4,shear,shear,55,0.104901,314.47,-0.6745,False,8.943465232849121,train,shear_only
green1-5.xls,green,sirloin tender steak,1,0,0.0,5,shear,shear,55,0.108445,398.516,0.3260652787828514,False,9.257518768310547,test,shear_only
green1-1.xls,green,sirloin tender steak,1,0,0.0,1,shear,shear,56,0.11232400000000001,461.088,1.0709831883085943,False,9.602624893188477,train,shear_only
green1-2.xls,green,sirloin tender steak,1,0,0.0,2,shear,shear,56,0.109467,266.118,-1.2501292073353696,False,9.348302841186523,train,shear_only
green1-3.xls,green,sirloin tender steak,1,0,0.0,3,shear,shear,56,0.107264,371.127,0.0,False,9.15273380279541,train,shear_only
green1-4.xls,green,sirloin tender steak,1,0,0.0,4,shear,shear,56,0.104901,314.47,-0.6745,False,8.943465232849121,train,shear_only
green1-5.xls,green,sirloin tender steak,1,0,0.0,5,shear,shear,56,0.108445,398.516,0.3260652787828514,False,9.257518768310547,test,shear_only
green1-1.xls,green,sirloin tender steak,1,0,0.0,1,shear,shear,57,0.11232400000000001,461.088,1.2364985735536846,False,9.602624893188477,train,shear_only
green1-2.xls,green,sirloin tender steak,1,0,0.0,2,shear,shear,57,0.109467,266.118,-1.4433307623336653,False,9.348302841186523,train,shear_only
green1-3.xls,green,sirloin tender steak,1,0,0.0,3,shear,shear,57,0.107264,371.127,0.0,False,9.15273380279541,train,shear_only
green1-4.xls,green,sirloin tender steak,1,0,0.0,4,shear,shear,57,0.11330299999999999,322.054,-0.6745,False,9.689958572387695,train,shear_only
green1-5.xls,green,sirloin tender steak,1,0,0.0,5,shear,shear,57,0.108445,398.516,0.37645712509934165,False,9.257518768310547,test,shear_only
green1-1.xls,green,sirloin tender steak,1,0,0.0,1,shear,shear,58,0.11232400000000001,461.088,0.8443758543616988,False,9.602624893188477,train,shear_only
green1-2.xls,green,sirloin tender steak,1,0,0.0,2,shear,shear,58,0.109467,266.118,-1.2855723980434708,False,9.348302841186523,train,shear_only
green1-3.xls,green,sirloin tender steak,1,0,0.0,3,shear,shear,58,0.115259,383.796,0.0,False,9.864727020263672,train,shear_only
green1-4.xls,green,sirloin tender steak,1,0,0.0,4,shear,shear,58,0.11330299999999999,322.054,-0.6745,False,9.689958572387695,train,shear_only
green1-5.xls,green,sirloin tender steak,1,0,0.0,5,shear,shear,58,0.11655900000000001,405.767,0.240022019047002,False,9.981095314025879,test,shear_only
green1-1.xls,green,sirloin tender steak,1,0,0.0,1,shear,shear,59,0.11232400000000001,461.088,0.8443758543616988,False,9.602624893188477,train,shear_only
green1-2.xls,green,sirloin tender steak,1,0,0.0,2,shear,shear,59,0.117508,266.676,-1.2794765313724852,False,10.066150665283203,train,shear_only
green1-3.xls,green,sirloin tender steak,1,0,0.0,3,shear,shear,59,0.115259,383.796,0.0,False,9.864727020263672,train,shear_only
green1-4.xls,green,sirloin tender steak,1,0,0.0,4,shear,shear,59,0.11330399999999999,322.054,-0.6745,False,9.690047264099121,train,shear_only
green1-5.xls,green,sirloin tender steak,1,0,0.0,5,shear,shear,59,0.11655900000000001,405.767,0.240022019047002,False,9.981095314025879,test,shear_only
green1-1.xls,green,sirloin tender steak,1,0,0.0,1,shear,shear,60,0.11232400000000001,461.088,0.8443758543616988,False,9.602624893188477,train,shear_only
green1-2.xls,green,sirloin tender steak,1,0,0.0,2,shear,shear,60,0.117508,266.676,-1.2794765313724852,False,10.066150665283203,train,shear_only
green1-3.xls,green,sirloin tender steak,1,0,0.0,3,shear,shear,60,0.115259,383.796,0.0,False,9.864727020263672,train,shear_only
green1-4.xls,green,sirloin tender steak,1,0,0.0,4,shear,shear,60,0.11330399999999999,322.054,-0.6745,False,9.690047264099121,train,shear_only
green1-5.xls,green,sirloin tender steak,1,0,0.0,5,shear,shear,60,0.11655900000000001,405.767,0.240022019047002,False,9.981095314025879,test,shear_only
green1-1.xls,green,sirloin tender steak,1,0,0.0,1,shear,shear,61,0.121372,478.355,1.162427015746884,False,10.413442611694336,train,shear_only
green1-2.xls,green,sirloin tender steak,1,0,0.0,2,shear,shear,61,0.117508,266.676,-1.4397725450171321,False,10.066150665283203,train,shear_only
green1-3.xls,green,sirloin tender steak,1,0,0.0,3,shear,shear,61,0.115259,383.796,0.0,False,9.864727020263672,train,shear_only
green1-4.xls,green,sirloin tender steak,1,0,0.0,4,shear,shear,61,0.121695,328.928,-0.6745,False,10.442543029785156,train,shear_only
green1-5.xls,green,sirloin tender steak,1,0,0.0,5,shear,shear,61,0.11655900000000001,405.767,0.2700925767296056,False,9.981095314025879,test,shear_only
green1-1.xls,green,sirloin tender steak,1,0,0.0,1,shear,shear,62,0.121372,478.355,0.8417095180070409,False,10.413442611694336,train,shear_only
green1-2.xls,green,sirloin tender steak,1,0,0.0,2,shear,shear,62,0.117508,266.676,-1.3061601077112859,False,10.066150665283203,train,shear_only
green1-3.xls,green,sirloin tender steak,1,0,0.0,3,shear,shear,62,0.123292,395.402,0.0,False,10.58659553527832,train,shear_only
green1-4.xls,green,sirloin tender steak,1,0,0.0,4,shear,shear,62,0.121695,328.928,-0.6745,False,10.442543029785156,train,shear_only
green1-5.xls,green,sirloin tender steak,1,0,0.0,5,shear,shear,62,0.124607,413.418,0.1828051869904025,False,10.705419540405273,test,shear_only
green1-1.xls,green,sirloin tender steak,1,0,0.0,1,shear,shear,63,0.121372,478.355,0.8417095180070409,False,10.413442611694336,train,shear_only
green1-2.xls,green,sirloin tender steak,1,0,0.0,2,shear,shear,63,0.125593,268.782,-1.28479089568854,False,10.794633865356445,train,shear_only
green1-3.xls,green,sirloin tender steak,1,0,0.0,3,shear,shear,63,0.123292,395.402,0.0,False,10.58659553527832,train,shear_only
green1-4.xls,green,sirloin tender steak,1,0,0.0,4,shear,shear,63,0.121694,328.928,-0.6745,False,10.442453384399414,train,shear_only
green1-5.xls,green,sirloin tender steak,1,0,0.0,5,shear,shear,63,0.124607,413.418,0.1828051869904025,False,10.705419540405273,test,shear_only
green1-1.xls,green,sirloin tender steak,1,0,0.0,1,shear,shear,64,0.121372,478.355,0.8417095180070409,False,10.413442611694336,train,shear_only
green1-2.xls,green,sirloin tender steak,1,0,0.0,2,shear,shear,64,0.125593,268.782,-1.28479089568854,False,10.794633865356445,train,shear_only
green1-3.xls,green,sirloin tender steak,1,0,0.0,3,shear,shear,64,0.123292,395.402,0.0,False,10.58659553527832,train,shear_only
green1-4.xls,green,sirloin tender steak,1,0,0.0,4,shear,shear,64,0.121694,328.928,-0.6745,False,10.442453384399414,train,shear_only
green1-5.xls,green,sirloin tender steak,1,0,0.0,5,shear,shear,64,0.124607,413.418,0.1828051869904025,False,10.705419540405273,test,shear_only
green1-1.xls,green,sirloin tender steak,1,0,0.0,1,shear,shear,65,0.130437,494.605,1.117703262285772,False,11.234511375427246,train,shear_only
green1-2.xls,green,sirloin tender steak,1,0,0.0,2,shear,shear,65,0.125593,268.782,-1.4266059198877497,False,10.794633865356445,train,shear_only
green1-3.xls,green,sirloin tender steak,1,0,0.0,3,shear,shear,65,0.123292,395.402,0.0,False,10.58659553527832,train,shear_only
green1-4.xls,green,sirloin tender steak,1,0,0.0,4,shear,shear,65,0.130079,335.536,-0.6745,False,11.201911926269531,train,shear_only
green1-5.xls,green,sirloin tender steak,1,0,0.0,5,shear,shear,65,0.124607,413.418,0.20298319580396246,False,10.705419540405273,test,shear_only
green1-1.xls,green,sirloin tender steak,1,0,0.0,1,shear,shear,66,0.130437,494.605,0.8437334616309844,False,11.234511375427246,train,shear_only
green1-2.xls,green,sirloin tender steak,1,0,0.0,2,shear,shear,66,0.125593,268.782,-1.3116332974854605,False,10.794633865356445,train,shear_only
green1-3.xls,green,sirloin tender steak,1,0,0.0,3,shear,shear,66,0.131415,406.205,0.0,False,11.32364273071289,train,shear_only
green1-4.xls,green,sirloin tender steak,1,0,0.0,4,shear,shear,66,0.130079,335.536,-0.6745,False,11.201911926269531,train,shear_only
green1-5.xls,green,sirloin tender steak,1,0,0.0,5,shear,shear,66,0.13273400000000002,420.09,0.13252532935233266,False,11.444032669067383,test,shear_only
green1-1.xls,green,sirloin tender steak,1,0,0.0,1,shear,shear,67,0.130437,494.605,0.8437334616309844,False,11.234511375427246,train,shear_only
green1-2.xls,green,sirloin tender steak,1,0,0.0,2,shear,shear,67,0.133682,270.764,-1.2927161060719694,False,11.530679702758789,train,shear_only
green1-3.xls,green,sirloin tender steak,1,0,0.0,3,shear,shear,67,0.131415,406.205,0.0,False,11.32364273071289,train,shear_only
green1-4.xls,green,sirloin tender steak,1,0,0.0,4,shear,shear,67,0.130079,335.536,-0.6745,False,11.201911926269531,train,shear_only
green1-5.xls,green,sirloin tender steak,1,0,0.0,5,shear,shear,67,0.13273400000000002,420.09,0.13252532935233266,False,11.444032669067383,test,shear_only
green1-1.xls,green,sirloin tender steak,1,0,0.0,1,shear,shear,68,0.130437,494.605,0.8437334616309844,False,11.234511375427246,train,shear_only
green1-2.xls,green,sirloin tender steak,1,0,0.0,2,shear,shear,68,0.133682,270.764,-1.2927161060719694,False,11.530679702758789,train,shear_only
green1-3.xls,green,sirloin tender steak,1,0,0.0,3,shear,shear,68,0.131415,406.205,0.0,False,11.32364273071289,train,shear_only
green1-4.xls,green,sirloin tender steak,1,0,0.0,4,shear,shear,68,0.130079,335.536,-0.6745,False,11.201911926269531,train,shear_only
green1-5.xls,green,sirloin tender steak,1,0,0.0,5,shear,shear,68,0.13273400000000002,420.09,0.13252532935233266,False,11.444032669067383,test,shear_only
green1-1.xls,green,sirloin tender steak,1,0,0.0,1,shear,shear,69,0.130437,494.605,0.9377337422348044,False,11.234511375427246,train,shear_only
green1-2.xls,green,sirloin tender steak,1,0,0.0,2,shear,shear,69,0.133681,270.764,-1.436737508846426,False,11.530590057373047,train,shear_only
green1-3.xls,green,sirloin tender steak,1,0,0.0,3,shear,shear,69,0.131415,406.205,0.0,False,11.32364273071289,train,shear_only
green1-4.xls,green,sirloin tender steak,1,0,0.0,4,shear,shear,69,0.138464,342.62,-0.6745,False,11.969390869140625,train,shear_only
green1-5.xls,green,sirloin tender steak,1,0,0.0,5,shear,shear,69,0.13273400000000002,420.09,0.14728996618699375,False,11.444032669067383,test,shear_only
green1-1.xls,green,sirloin tender steak,1,0,0.0,1,shear,shear,70,0.139538,509.764,0.8797437961839638,False,12.068304061889648,train,shear_only
green1-2.xls,green,sirloin tender steak,1,0,0.0,2,shear,shear,70,0.133681,270.764,-1.3426767949707732,False,11.530590057373047,train,shear_only
green1-3.xls,green,sirloin tender steak,1,0,0.0,3,shear,shear,70,0.13936,415.156,0.0,False,12.051896095275879,train,shear_only
green1-4.xls,green,sirloin tender steak,1,0,0.0,4,shear,shear,70,0.138464,342.62,-0.6745,False,11.969390869140625,train,shear_only
green1-5.xls,green,sirloin tender steak,1,0,0.0,5,shear,shear,70,0.140792,424.792,0.08960353479651453,False,12.183968544006348,test,shear_only
green1-1.xls,green,sirloin tender steak,1,0,0.0,1,shear,shear,71,0.139538,509.764,0.8797437961839638,False,12.068304061889648,train,shear_only
green1-2.xls,green,sirloin tender steak,1,0,0.0,2,shear,shear,71,0.141763,271.723,-1.333759216113378,False,12.273665428161621,train,shear_only
green1-3.xls,green,sirloin tender steak,1,0,0.0,3,shear,shear,71,0.13936,415.156,0.0,False,12.051896095275879,train,shear_only
green1-4.xls,green,sirloin tender steak,1,0,0.0,4,shear,shear,71,0.138464,342.62,-0.6745,False,11.969390869140625,train,shear_only
green1-5.xls,green,sirloin tender steak,1,0,0.0,5,shear,shear,71,0.140792,424.792,0.08960353479651453,False,12.183968544006348,test,shear_only
green1-1.xls,green,sirloin tender steak,1,0,0.0,1,shear,shear,72,0.139538,509.764,0.8797437961839638,False,12.068304061889648,train,shear_only
green1-2.xls,green,sirloin tender steak,1,0,0.0,2,shear,shear,72,0.141763,271.723,-1.333759216113378,False,12.273665428161621,train,shear_only
green1-3.xls,green,sirloin tender steak,1,0,0.0,3,shear,shear,72,0.13936,415.156,0.0,False,12.051896095275879,train,shear_only
green1-4.xls,green,sirloin tender steak,1,0,0.0,4,shear,shear,72,0.138464,342.62,-0.6745,False,11.969390869140625,train,shear_only
green1-5.xls,green,sirloin tender steak,1,0,0.0,5,shear,shear,72,0.140792,424.792,0.08960353479651453,False,12.183968544006348,test,shear_only
green1-1.xls,green,sirloin tender steak,1,0,0.0,1,shear,shear,73,0.139538,509.764,0.8797437961839638,False,12.068304061889648,train,shear_only
green1-2.xls,green,sirloin tender steak,1,0,0.0,2,shear,shear,73,0.141763,271.723,-1.333759216113378,False,12.273665428161621,train,shear_only
green1-3.xls,green,sirloin tender steak,1,0,0.0,3,shear,shear,73,0.13936,415.156,0.0,False,12.051896095275879,train,shear_only
green1-4.xls,green,sirloin tender steak,1,0,0.0,4,shear,shear,73,0.138464,342.62,-0.6745,False,11.969390869140625,train,shear_only
green1-5.xls,green,sirloin tender steak,1,0,0.0,5,shear,shear,73,0.140792,424.792,0.08960353479651453,False,12.183968544006348,test,shear_only
green1-1.xls,green,sirloin tender steak,1,0,0.0,1,shear,shear,74,0.14860900000000002,524.475,0.9003196410767697,False,12.909454345703125,train,shear_only
green1-2.xls,green,sirloin tender steak,1,0,0.0,2,shear,shear,74,0.141763,271.723,-1.3659644931871047,False,12.273665428161621,train,shear_only
green1-3.xls,green,sirloin tender steak,1,0,0.0,3,shear,shear,74,0.147369,424.065,0.0,False,12.793844223022461,train,shear_only
green1-4.xls,green,sirloin tender steak,1,0,0.0,4,shear,shear,74,0.146871,348.84,-0.6745,False,12.747475624084473,train,shear_only
green1-5.xls,green,sirloin tender steak,1,0,0.0,5,shear,shear,74,0.140792,424.792,0.006518597540710977,False,12.183968544006348,test,shear_only
green1-1.xls,green,sirloin tender steak,1,0,0.0,1,shear,shear,75,0.14860900000000002,524.475,0.9003196410767697,False,12.909454345703125,train,shear_only
green1-2.xls,green,sirloin tender steak,1,0,0.0,2,shear,shear,75,0.149918,272.736,-1.3568814955134592,False,13.031709671020508,train,shear_only
green1-3.xls,green,sirloin tender steak,1,0,0.0,3,shear,shear,75,0.147369,424.065,0.0,False,12.793844223022461,train,shear_only
green1-4.xls,green,sirloin tender steak,1,0,0.0,4,shear,shear,75,0.146871,348.84,-0.6745,False,12.747475624084473,train,shear_only
green1-5.xls,green,sirloin tender steak,1,0,0.0,5,shear,shear,75,0.148888,430.441,0.057169983383183555,False,12.935492515563965,test,shear_only
green1-1.xls,green,sirloin tender steak,1,0,0.0,1,shear,shear,76,0.14860900000000002,524.475,0.9003196410767697,False,12.909454345703125,train,shear_only
green1-2.xls,green,sirloin tender steak,1,0,0.0,2,shear,shear,76,0.149918,272.736,-1.3568814955134592,False,13.031709671020508,train,shear_only
green1-3.xls,green,sirloin tender steak,1,0,0.0,3,shear,shear,76,0.147369,424.065,0.0,False,12.793844223022461,train,shear_only
green1-4.xls,green,sirloin tender steak,1,0,0.0,4,shear,shear,76,0.146871,348.84,-0.6745,False,12.747475624084473,train,shear_only
green1-5.xls,green,sirloin tender steak,1,0,0.0,5,shear,shear,76,0.148888,430.441,0.057169983383183555,False,12.935492515563965,test,shear_only
green1-1.xls,green,sirloin tender steak,1,0,0.0,1,shear,shear,77,0.14860900000000002,524.475,0.9003196410767697,False,12.909454345703125,train,shear_only
green1-2.xls,green,sirloin tender steak,1,0,0.0,2,shear,shear,77,0.149918,272.736,-1.3568814955134592,False,13.031709671020508,train,shear_only
green1-3.xls,green,sirloin tender steak,1,0,0.0,3,shear,shear,77,0.147369,424.065,0.0,False,12.793844223022461,train,shear_only
green1-4.xls,green,sirloin tender steak,1,0,0.0,4,shear,shear,77,0.146871,348.84,-0.6745,False,12.747475624084473,train,shear_only
green1-5.xls,green,sirloin tender steak,1,0,0.0,5,shear,shear,77,0.148888,430.441,0.057169983383183555,False,12.935492515563965,test,shear_only
green1-1.xls,green,sirloin tender steak,1,0,0.0,1,shear,shear,78,0.14860900000000002,524.475,0.8240023514738943,False,12.909454345703125,train,shear_only
green1-2.xls,green,sirloin tender steak,1,0,0.0,2,shear,shear,78,0.149918,272.736,-1.381939413820431,False,13.031709671020508,train,shear_only
green1-3.xls,green,sirloin tender steak,1,0,0.0,3,shear,shear,78,0.15539,432.872,0.021302398243540306,False,13.545246124267578,train,shear_only
green1-4.xls,green,sirloin tender steak,1,0,0.0,4,shear,shear,78,0.155243,353.468,-0.6745,False,13.531394958496094,train,shear_only
green1-5.xls,green,sirloin tender steak,1,0,0.0,5,shear,shear,78,0.148888,430.441,0.0,False,12.935492515563965,test,shear_only
green1-1.xls,green,sirloin tender steak,1,0,0.0,1,shear,shear,79,0.15771000000000002,538.005,0.8930558725001259,False,13.764206886291504,train,shear_only
green1-2.xls,green,sirloin tender steak,1,0,0.0,2,shear,shear,79,0.15789899999999998,273.557,-1.3533067288801572,False,13.78207778930664,train,shear_only
green1-3.xls,green,sirloin tender steak,1,0,0.0,3,shear,shear,79,0.155389,432.872,0.0,False,13.545154571533203,train,shear_only
green1-4.xls,green,sirloin tender steak,1,0,0.0,4,shear,shear,79,0.155243,353.468,-0.6745,False,13.531394958496094,train,shear_only
green1-5.xls,green,sirloin tender steak,1,0,0.0,5,shear,shear,79,0.156935,433.975,0.009369471311269027,False,13.690979957580566,test,shear_only
green1-1.xls,green,sirloin tender steak,1,0,0.0,1,shear,shear,80,0.15771000000000002,538.005,0.8930558725001259,False,13.764206886291504,train,shear_only
green1-2.xls,green,sirloin tender steak,1,0,0.0,2,shear,shear,80,0.15789899999999998,273.557,-1.3533067288801572,False,13.78207778930664,train,shear_only
green1-3.xls,green,sirloin tender steak,1,0,0.0,3,shear,shear,80,0.155389,432.872,0.0,False,13.545154571533203,train,shear_only
green1-4.xls,green,sirloin tender steak,1,0,0.0,4,shear,shear,80,0.155243,353.468,-0.6745,False,13.531394958496094,train,shear_only
green1-5.xls,green,sirloin tender steak,1,0,0.0,5,shear,shear,80,0.156935,433.975,0.009369471311269027,False,13.690979957580566,test,shear_only
green1-1.xls,green,sirloin tender steak,1,0,0.0,1,shear,shear,81,0.15771000000000002,538.005,0.8930558725001259,False,13.764206886291504,train,shear_only
green1-2.xls,green,sirloin tender steak,1,0,0.0,2,shear,shear,81,0.15789899999999998,273.557,-1.3533067288801572,False,13.78207778930664,train,shear_only
green1-3.xls,green,sirloin tender steak,1,0,0.0,3,shear,shear,81,0.15539,432.872,0.0,False,13.545246124267578,train,shear_only
green1-4.xls,green,sirloin tender steak,1,0,0.0,4,shear,shear,81,0.155243,353.468,-0.6745,False,13.531394958496094,train,shear_only
green1-5.xls,green,sirloin tender steak,1,0,0.0,5,shear,shear,81,0.156935,433.975,0.009369471311269027,False,13.690979957580566,test,shear_only
green1-1.xls,green,sirloin tender steak,1,0,0.0,1,shear,shear,82,0.15771000000000002,538.005,0.9434638242372896,False,13.764206886291504,train,shear_only
green1-2.xls,green,sirloin tender steak,1,0,0.0,2,shear,shear,82,0.15789899999999998,273.557,-1.4548551356002841,False,13.78207778930664,train,shear_only
green1-3.xls,green,sirloin tender steak,1,0,0.0,3,shear,shear,82,0.163396,440.672,0.06073610718943701,False,14.304036140441895,train,shear_only
green1-4.xls,green,sirloin tender steak,1,0,0.0,4,shear,shear,82,0.16362100000000002,359.602,-0.6745,False,14.325488090515137,train,shear_only
green1-5.xls,green,sirloin tender steak,1,0,0.0,5,shear,shear,82,0.156935,433.975,0.0,False,13.690979957580566,test,shear_only
green1-1.xls,green,sirloin tender steak,1,0,0.0,1,shear,shear,83,0.166813,551.61,0.9545080249553473,False,14.630678176879883,train,shear_only
green1-2.xls,green,sirloin tender steak,1,0,0.0,2,shear,shear,83,0.166009,269.965,-1.4349859814847425,False,14.553668975830078,train,shear_only
green1-3.xls,green,sirloin tender steak,1,0,0.0,3,shear,shear,83,0.163395,440.672,0.013303011245000466,False,14.303937911987305,train,shear_only
green1-4.xls,green,sirloin tender steak,1,0,0.0,4,shear,shear,83,0.16362100000000002,359.602,-0.6745,False,14.325488090515137,train,shear_only
green1-5.xls,green,sirloin tender steak,1,0,0.0,5,shear,shear,83,0.165059,439.104,0.0,False,14.462796211242676,test,shear_only
green1-1.xls,green,sirloin tender steak,1,0,0.0,1,shear,shear,84,0.166813,551.61,0.9545080249553473,False,14.630678176879883,train,shear_only
green1-2.xls,green,sirloin tender steak,1,0,0.0,2,shear,shear,84,0.166009,269.965,-1.4349859814847425,False,14.553668975830078,train,shear_only
green1-3.xls,green,sirloin tender steak,1,0,0.0,3,shear,shear,84,0.163395,440.672,0.013303011245000466,False,14.303937911987305,train,shear_only
green1-4.xls,green,sirloin tender steak,1,0,0.0,4,shear,shear,84,0.16362100000000002,359.602,-0.6745,False,14.325488090515137,train,shear_only
green1-5.xls,green,sirloin tender steak,1,0,0.0,5,shear,shear,84,0.165059,439.104,0.0,False,14.462796211242676,test,shear_only
green1-1.xls,green,sirloin tender steak,1,0,0.0,1,shear,shear,85,0.166813,551.61,0.9545080249553473,False,14.630678176879883,train,shear_only
green1-2.xls,green,sirloin tender steak,1,0,0.0,2,shear,shear,85,0.166009,269.965,-1.4349859814847425,False,14.553668975830078,train,shear_only
green1-3.xls,green,sirloin tender steak,1,0,0.0,3,shear,shear,85,0.163395,440.672,0.013303011245000466,False,14.303937911987305,train,shear_only
green1-4.xls,green,sirloin tender steak,1,0,0.0,4,shear,shear,85,0.16362100000000002,359.602,-0.6745,False,14.325488090515137,train,shear_only
green1-5.xls,green,sirloin tender steak,1,0,0.0,5,shear,shear,85,0.165057,439.104,0.0,False,14.462603569030762,test,shear_only
green1-1.xls,green,sirloin tender steak,1,0,0.0,1,shear,shear,86,0.166813,551.61,1.0176520672129177,False,14.630678176879883,train,shear_only
green1-2.xls,green,sirloin tender steak,1,0,0.0,2,shear,shear,86,0.166009,269.965,-1.5299153200391593,False,14.553668975830078,train,shear_only
green1-3.xls,green,sirloin tender steak,1,0,0.0,3,shear,shear,86,0.171489,447.691,0.07767210905335992,False,15.080473899841309,train,shear_only
green1-4.xls,green,sirloin tender steak,1,0,0.0,4,shear,shear,86,0.17206700000000003,364.535,-0.6745,False,15.13630199432373,train,shear_only
green1-5.xls,green,sirloin tender steak,1,0,0.0,5,shear,shear,86,0.165057,439.104,0.0,False,14.462603569030762,test,shear_only
green1-1.xls,green,sirloin tender steak,1,0,0.0,1,shear,shear,87,0.166813,551.61,0.9078991108714465,False,14.630678176879883,train,shear_only
green1-2.xls,green,sirloin tender steak,1,0,0.0,2,shear,shear,87,0.174073,262.07,-1.5412140178828964,False,15.330452919006348,train,shear_only
green1-3.xls,green,sirloin tender steak,1,0,0.0,3,shear,shear,87,0.171489,447.691,0.02888623794534776,False,15.080473899841309,train,shear_only
green1-4.xls,green,sirloin tender steak,1,0,0.0,4,shear,shear,87,0.17206700000000003,364.535,-0.6745,False,15.13630199432373,train,shear_only
green1-5.xls,green,sirloin tender steak,1,0,0.0,5,shear,shear,87,0.173064,444.276,0.0,False,15.232718467712402,test,shear_only
green1-1.xls,green,sirloin tender steak,1,0,0.0,1,shear,shear,88,0.175891,564.291,1.0151630591540117,False,15.506948471069336,train,shear_only
green1-2.xls,green,sirloin tender steak,1,0,0.0,2,shear,shear,88,0.174073,262.07,-1.5412140178828964,False,15.330452919006348,train,shear_only
green1-3.xls,green,sirloin tender steak,1,0,0.0,3,shear,shear,88,0.171489,447.691,0.02888623794534776,False,15.080473899841309,train,shear_only
green1-4.xls,green,sirloin tender steak,1,0,0.0,4,shear,shear,88,0.17206700000000003,364.535,-0.6745,False,15.13630199432373,train,shear_only
green1-5.xls,green,sirloin tender steak,1,0,0.0,5,shear,shear,88,0.173064,444.276,0.0,False,15.232718467712402,test,shear_only
green1-1.xls,green,sirloin tender steak,1,0,0.0,1,shear,shear,89,0.175891,564.291,1.0151630591540117,False,15.506948471069336,train,shear_only
green1-2.xls,green,sirloin tender steak,1,0,0.0,2,shear,shear,89,0.174073,262.07,-1.5412140178828964,False,15.330452919006348,train,shear_only
green1-3.xls,green,sirloin tender steak,1,0,0.0,3,shear,shear,89,0.171489,447.691,0.02888623794534776,False,15.080473899841309,train,shear_only
green1-4.xls,green,sirloin tender steak,1,0,0.0,4,shear,shear,89,0.17206700000000003,364.535,-0.6745,False,15.13630199432373,train,shear_only
green1-5.xls,green,sirloin tender steak,1,0,0.0,5,shear,shear,89,0.173064,444.276,0.0,False,15.232718467712402,test,shear_only
green1-1.xls,green,sirloin tender steak,1,0,0.0,1,shear,shear,90,0.175891,564.291,1.0698489063635765,False,15.506948471069336,train,shear_only
green1-2.xls,green,sirloin tender steak,1,0,0.0,2,shear,shear,90,0.174073,262.07,-1.6242377188924864,False,15.330452919006348,train,shear_only
green1-3.xls,green,sirloin tender steak,1,0,0.0,3,shear,shear,90,0.17948,455.589,0.1008473997224607,False,15.856884002685547,train,shear_only
green1-4.xls,green,sirloin tender steak,1,0,0.0,4,shear,shear,90,0.18043299999999998,368.611,-0.6745,False,15.950151443481445,train,shear_only
green1-5.xls,green,sirloin tender steak,1,0,0.0,5,shear,shear,90,0.173064,444.276,0.0,False,15.232718467712402,test,shear_only
green1-1.xls,green,sirloin tender steak,1,0,0.0,1,shear,shear,91,0.175891,564.291,0.9539736394033238,False,15.506948471069336,train,shear_only
green1-2.xls,green,sirloin tender steak,1,0,0.0,2,shear,shear,91,0.18218499999999999,255.684,-1.6142927364927384,False,16.12198829650879,train,shear_only
green1-3.xls,green,sirloin tender steak,1,0,0.0,3,shear,shear,91,0.17948,455.589,0.049341885772803865,False,15.856884002685547,train,shear_only
green1-4.xls,green,sirloin tender steak,1,0,0.0,4,shear,shear,91,0.18043299999999998,368.611,-0.6745,False,15.950151443481445,train,shear_only
green1-5.xls,green,sirloin tender steak,1,0,0.0,5,shear,shear,91,0.181157,449.66,0.0,False,16.021099090576172,test,shear_only
green1-1.xls,green,sirloin tender steak,1,0,0.0,1,shear,shear,92,0.175891,564.291,0.9539736394033238,False,15.506948471069336,train,shear_only
green1-2.xls,green,sirloin tender steak,1,0,0.0,2,shear,shear,92,0.18218499999999999,255.684,-1.6142927364927384,False,16.12198829650879,train,shear_only
green1-3.xls,green,sirloin tender steak,1,0,0.0,3,shear,shear,92,0.17948,455.589,0.049341885772803865,False,15.856884002685547,train,shear_only
green1-4.xls,green,sirloin tender steak,1,0,0.0,4,shear,shear,92,0.18043299999999998,368.611,-0.6745,False,15.950151443481445,train,shear_only
green1-5.xls,green,sirloin tender steak,1,0,0.0,5,shear,shear,92,0.181157,449.66,0.0,False,16.021099090576172,test,shear_only
green1-1.xls,green,sirloin tender steak,1,0,0.0,1,shear,shear,93,0.184974,576.516,1.0557116312354247,False,16.396564483642578,train,shear_only
green1-2.xls,green,sirloin tender steak,1,0,0.0,2,shear,shear,93,0.18218499999999999,255.684,-1.6142927364927384,False,16.12198829650879,train,shear_only
green1-3.xls,green,sirloin tender steak,1,0,0.0,3,shear,shear,93,0.17948,455.589,0.049341885772803865,False,15.856884002685547,train,shear_only
green1-4.xls,green,sirloin tender steak,1,0,0.0,4,shear,shear,93,0.18043299999999998,368.611,-0.6745,False,15.950151443481445,train,shear_only
green1-5.xls,green,sirloin tender steak,1,0,0.0,5,shear,shear,93,0.181157,449.66,0.0,False,16.021099090576172,test,shear_only
green1-1.xls,green,sirloin tender steak,1,0,0.0,1,shear,shear,94,0.184974,576.516,1.0557116312354247,False,16.396564483642578,train,shear_only
green1-2.xls,green,sirloin tender steak,1,0,0.0,2,shear,shear,94,0.18218499999999999,255.684,-1.6142927364927384,False,16.12198829650879,train,shear_only
green1-3.xls,green,sirloin tender steak,1,0,0.0,3,shear,shear,94,0.187496,462.039,0.10301959925477146,False,16.645950317382812,train,shear_only
green1-4.xls,green,sirloin tender steak,1,0,0.0,4,shear,shear,94,0.18043299999999998,368.611,-0.6745,False,15.950151443481445,train,shear_only
green1-5.xls,green,sirloin tender steak,1,0,0.0,5,shear,shear,94,0.181157,449.66,0.0,False,16.021099090576172,test,shear_only
green1-1.xls,green,sirloin tender steak,1,0,0.0,1,shear,shear,95,0.184974,576.516,1.0722514703055932,False,16.396564483642578,train,shear_only
green1-2.xls,green,sirloin tender steak,1,0,0.0,2,shear,shear,95,0.190285,250.207,-1.747857703888783,False,16.922975540161133,train,shear_only
green1-3.xls,green,sirloin tender steak,1,0,0.0,3,shear,shear,95,0.187496,462.039,0.08288973669037106,False,16.645950317382812,train,shear_only
green1-4.xls,green,sirloin tender steak,1,0,0.0,4,shear,shear,95,0.18881900000000001,374.403,-0.6745,False,16.777198791503906,train,shear_only
green1-5.xls,green,sirloin tender steak,1,0,0.0,5,shear,shear,95,0.189248,452.448,0.0,False,16.81981658935547,test,shear_only
green1-1.xls,green,sirloin tender steak,1,0,0.0,1,shear,shear,96,0.184974,576.516,1.0722514703055932,False,16.396564483642578,train,shear_only
green1-2.xls,green,sirloin tender steak,1,0,0.0,2,shear,shear,96,0.190285,250.207,-1.747857703888783,False,16.922975540161133,train,shear_only
green1-3.xls,green,sirloin tender steak,1,0,0.0,3,shear,shear,96,0.187496,462.039,0.08288973669037106,False,16.645950317382812,train,shear_only
green1-4.xls,green,sirloin tender steak,1,0,0.0,4,shear,shear,96,0.18881900000000001,374.403,-0.6745,False,16.777198791503906,train,shear_only
green1-5.xls,green,sirloin tender steak,1,0,0.0,5,shear,shear,96,0.189248,452.448,0.0,False,16.81981658935547,test,shear_only
green1-1.xls,green,sirloin tender steak,1,0,0.0,1,shear,shear,97,0.194052,588.754,1.1780177717983225,False,17.299236297607422,train,shear_only
green1-2.xls,green,sirloin tender steak,1,0,0.0,2,shear,shear,97,0.190285,250.207,-1.747857703888783,False,16.922975540161133,train,shear_only
green1-3.xls,green,sirloin tender steak,1,0,0.0,3,shear,shear,97,0.187496,462.039,0.08288973669037106,False,16.645950317382812,train,shear_only
green1-4.xls,green,sirloin tender steak,1,0,0.0,4,shear,shear,97,0.18881900000000001,374.403,-0.6745,False,16.777198791503906,train,shear_only
green1-5.xls,green,sirloin tender steak,1,0,0.0,5,shear,shear,97,0.189248,452.448,0.0,False,16.81981658935547,test,shear_only
green1-1.xls,green,sirloin tender steak,1,0,0.0,1,shear,shear,98,0.194052,588.754,1.1780177717983225,False,17.299236297607422,train,shear_only
green1-2.xls,green,sirloin tender steak,1,0,0.0,2,shear,shear,98,0.190285,250.207,-1.747857703888783,False,16.922975540161133,train,shear_only
green1-3.xls,green,sirloin tender steak,1,0,0.0,3,shear,shear,98,0.19548200000000002,470.315,0.15441465180344696,False,17.442716598510742,train,shear_only
green1-4.xls,green,sirloin tender steak,1,0,0.0,4,shear,shear,98,0.18881900000000001,374.403,-0.6745,False,16.777198791503906,train,shear_only
green1-5.xls,green,sirloin tender steak,1,0,0.0,5,shear,shear,98,0.189248,452.448,0.0,False,16.81981658935547,test,shear_only
green1-1.xls,green,sirloin tender steak,1,0,0.0,1,shear,shear,99,0.194052,588.754,1.2173010665257284,False,17.299236297607422,train,shear_only
green1-2.xls,green,sirloin tender steak,1,0,0.0,2,shear,shear,99,0.198336,247.194,-1.9047899743871204,False,17.73012924194336,train,shear_only
green1-3.xls,green,sirloin tender steak,1,0,0.0,3,shear,shear,99,0.19548200000000002,470.315,0.13468793619818148,False,17.442716598510742,train,shear_only
green1-4.xls,green,sirloin tender steak,1,0,0.0,4,shear,shear,99,0.197222,381.789,-0.6745,False,17.617774963378906,train,shear_only
green1-5.xls,green,sirloin tender steak,1,0,0.0,5,shear,shear,99,0.19731,455.58,0.0,False,17.626638412475586,test,shear_only
green2-1.xls,green,sirloin tender steak,2,24,1.0,1,shear,shear,0,0.00331255,1.44806,0.0,False,0.14691515266895294,train,shear_only
green2-2.xls,green,sirloin tender steak,2,24,1.0,2,shear,shear,0,0.00079998,-3.34324,-0.6745,False,0.0354793481528759,train,shear_only
green2-3.xls,green,sirloin tender steak,2,24,1.0,3,shear,shear,0,-0.00121594,10.4867,1.272423492580302,False,-0.05392736196517944,train,shear_only
green2-4.xls,green,sirloin tender steak,2,24,1.0,4,shear,shear,0,0.0008195570000000001,-1.53608,-0.42009526224615445,False,0.03634759411215782,train,shear_only
green2-5.xls,green,sirloin tender steak,2,24,1.0,5,shear,shear,0,0.00240499,11.2209,1.3757812243023815,False,0.10666292905807495,test,shear_only
green2-1.xls,green,sirloin tender steak,2,24,1.0,1,shear,shear,1,0.00331255,1.44806,-0.6992192634560908,False,0.14691515266895294,train,shear_only
green2-2.xls,green,sirloin tender steak,2,24,1.0,2,shear,shear,1,0.0007997029999999999,-3.34324,-1.069868969274352,False,0.03546706214547157,train,shear_only
green2-3.xls,green,sirloin tender steak,2,24,1.0,3,shear,shear,1,-0.00121536,10.4867,0.0,False,-0.05390164256095886,train,shear_only
green2-4.xls,green,sirloin tender steak,2,24,1.0,4,shear,shear,1,0.00241815,19.2058,0.6745,False,0.10724662244319916,train,shear_only
green2-5.xls,green,sirloin tender steak,2,24,1.0,5,shear,shear,1,0.00240499,11.2209,0.056796905643931105,False,0.10666292905807495,test,shear_only
green2-1.xls,green,sirloin tender steak,2,24,1.0,1,shear,shear,2,0.00331255,1.44806,-0.6745,False,0.14691515266895294,train,shear_only
green2-2.xls,green,sirloin tender steak,2,24,1.0,2,shear,shear,2,0.0007997029999999999,-3.34324,-1.032046251427206,False,0.03546706214547157,train,shear_only
green2-3.xls,green,sirloin tender steak,2,24,1.0,3,shear,shear,2,-0.00121536,10.4867,0.0,False,-0.05390164256095886,train,shear_only
green2-4.xls,green,sirloin tender steak,2,24,1.0,4,shear,shear,2,0.00241814,19.2058,0.6506546283511677,False,0.10724618285894394,train,shear_only
green2-5.xls,green,sirloin tender steak,2,24,1.0,5,shear,shear,2,0.0045365299999999996,33.7246,1.7341064087075047,False,0.20120330154895782,test,shear_only
green2-1.xls,green,sirloin tender steak,2,24,1.0,1,shear,shear,3,0.00479693,26.7891,-0.6344327485380112,False,0.21275347471237183,train,shear_only
green2-2.xls,green,sirloin tender steak,2,24,1.0,2,shear,shear,3,0.00534007,30.1507,0.0,False,0.23684504628181458,train,shear_only
green2-3.xls,green,sirloin tender steak,2,24,1.0,3,shear,shear,3,0.005758330000000001,44.5188,2.7116828814460376,False,0.2553979158401489,train,shear_only
green2-4.xls,green,sirloin tender steak,2,24,1.0,4,shear,shear,3,0.00241814,19.2058,-2.0656244019138743,False,0.10724618285894394,train,shear_only
green2-5.xls,green,sirloin tender steak,2,24,1.0,5,shear,shear,3,0.0045365299999999996,33.7246,0.6745,False,0.20120330154895782,test,shear_only
green2-1.xls,green,sirloin tender steak,2,24,1.0,1,shear,shear,4,0.00479693,26.7891,-0.6344327485380112,False,0.21275347471237183,train,shear_only
green2-2.xls,green,sirloin tender steak,2,24,1.0,2,shear,shear,4,0.00534007,30.1507,0.0,False,0.23684504628181458,train,shear_only
green2-3.xls,green,sirloin tender steak,2,24,1.0,3,shear,shear,4,0.005758330000000001,44.5188,2.7116828814460376,False,0.2553979158401489,train,shear_only
green2-4.xls,green,sirloin tender steak,2,24,1.0,4,shear,shear,4,0.00241813,19.2058,-2.0656244019138743,False,0.10724573582410812,train,shear_only
green2-5.xls,green,sirloin tender steak,2,24,1.0,5,shear,shear,4,0.0045365299999999996,33.7246,0.6745,False,0.20120330154895782,test,shear_only
green2-1.xls,green,sirloin tender steak,2,24,1.0,1,shear,shear,5,0.00479691,26.7891,-0.6344327485380112,False,0.2127525806427002,train,shear_only
green2-2.xls,green,sirloin tender steak,2,24,1.0,2,shear,shear,5,0.00534006,30.1507,0.0,False,0.23684461414813995,train,shear_only
green2-3.xls,green,sirloin tender steak,2,24,1.0,3,shear,shear,5,0.005758330000000001,44.5188,2.7116828814460376,False,0.2553979158401489,train,shear_only
green2-4.xls,green,sirloin tender steak,2,24,1.0,4,shear,shear,5,0.00241813,19.2058,-2.0656244019138743,False,0.10724573582410812,train,shear_only
green2-5.xls,green,sirloin tender steak,2,24,1.0,5,shear,shear,5,0.0045365299999999996,33.7246,0.6745,False,0.20120330154895782,test,shear_only
green2-1.xls,green,sirloin tender steak,2,24,1.0,1,shear,shear,6,0.0047969,26.7891,-1.6472007047496149,False,0.21275213360786438,train,shear_only
green2-2.xls,green,sirloin tender steak,2,24,1.0,2,shear,shear,6,0.00534006,30.1507,-0.5218847089185569,False,0.23684461414813995,train,shear_only
green2-4.xls,green,sirloin tender steak,2,24,1.0,4,shear,shear,6,0.0128003,31.7097,0.0,False,0.5678569674491882,train,shear_only
green2-5.xls,green,sirloin tender steak,2,24,1.0,5,shear,shear,6,0.004536490000000001,33.7246,0.6745,False,0.20120152831077576,test,shear_only
green2-1.xls,green,sirloin tender steak,2,24,1.0,1,shear,shear,7,0.0127343,59.3944,0.0,False,0.5649274587631226,train,shear_only
green2-2.xls,green,sirloin tender steak,2,24,1.0,2,shear,shear,7,0.005340040000000001,30.1507,-1.8033512511542422,False,0.23684373497962952,train,shear_only
green2-3.xls,green,sirloin tender steak,2,24,1.0,3,shear,shear,7,0.0141014,68.3023,0.549317378107315,False,0.6256152987480164,train,shear_only
green2-4.xls,green,sirloin tender steak,2,24,1.0,4,shear,shear,7,0.0128003,31.7097,-1.7072134641933083,False,0.5678569674491882,train,shear_only
green2-5.xls,green,sirloin tender steak,2,24,1.0,5,shear,shear,7,0.0141886,70.3323,0.6745,False,0.6294865608215332,test,shear_only
green2-1.xls,green,sirloin tender steak,2,24,1.0,1,shear,shear,8,0.0127343,59.3944,-0.6745,False,0.5649274587631226,train,shear_only
green2-2.xls,green,sirloin tender steak,2,24,1.0,2,shear,shear,8,0.0151597,80.3454,0.9118951660885273,False,0.6726033091545105,train,shear_only
green2-3.xls,green,sirloin tender steak,2,24,1.0,3,shear,shear,8,0.0141014,68.3023,0.0,False,0.6256152987480164,train,shear_only
green2-4.xls,green,sirloin tender steak,2,24,1.0,4,shear,shear,8,0.0128003,31.7097,-2.770766252427619,False,0.5678569674491882,train,shear_only
green2-5.xls,green,sirloin tender steak,2,24,1.0,5,shear,shear,8,0.0141886,70.3323,0.15371018983149787,False,0.6294865608215332,test,shear_only
green2-1.xls,green,sirloin tender steak,2,24,1.0,1,shear,shear,9,0.0127343,59.3944,-0.6745,False,0.5649274587631226,train,shear_only
green2-2.xls,green,sirloin tender steak,2,24,1.0,2,shear,shear,9,0.0151597,80.3454,0.9118951660885273,False,0.6726033091545105,train,shear_only
green2-3.xls,green,sirloin tender steak,2,24,1.0,3,shear,shear,9,0.0141013,68.3023,0.0,False,0.625610888004303,train,shear_only
green2-4.xls,green,sirloin tender steak,2,24,1.0,4,shear,shear,9,0.0128003,31.7097,-2.770766252427619,False,0.5678569674491882,train,shear_only
green2-5.xls,green,sirloin tender steak,2,24,1.0,5,shear,shear,9,0.0141886,70.3323,0.15371018983149787,False,0.6294865608215332,test,shear_only
green2-1.xls,green,sirloin tender steak,2,24,1.0,1,shear,shear,10,0.0127343,59.3944,-0.6745,False,0.5649274587631226,train,shear_only
green2-2.xls,green,sirloin tender steak,2,24,1.0,2,shear,shear,10,0.0151597,80.3454,0.9118951660885273,False,0.6726033091545105,train,shear_only
green2-3.xls,green,sirloin tender steak,2,24,1.0,3,shear,shear,10,0.0141013,68.3023,0.0,False,0.625610888004303,train,shear_only
green2-4.xls,green,sirloin tender steak,2,24,1.0,4,shear,shear,10,0.0128003,31.7097,-2.770766252427619,False,0.5678569674491882,train,shear_only
green2-5.xls,green,sirloin tender steak,2,24,1.0,5,shear,shear,10,0.0141886,70.3323,0.15371018983149787,False,0.6294865608215332,test,shear_only
green2-1.xls,green,sirloin tender steak,2,24,1.0,1,shear,shear,11,0.020731299999999998,102.94,1.5220119343659815,False,0.9201211333274841,train,shear_only
green2-2.xls,green,sirloin tender steak,2,24,1.0,2,shear,shear,11,0.0151597,80.3454,0.0,False,0.6726033091545105,train,shear_only
green2-3.xls,green,sirloin tender steak,2,24,1.0,3,shear,shear,11,0.022527,84.6549,0.2902954879108369,False,0.9999537467956543,train,shear_only
green2-4.xls,green,sirloin tender steak,2,24,1.0,4,shear,shear,11,0.0128003,31.7097,-3.276186161128923,False,0.5678569674491882,train,shear_only
green2-5.xls,green,sirloin tender steak,2,24,1.0,5,shear,shear,11,0.0141886,70.3323,-0.6745,False,0.6294865608215332,test,shear_only
green2-1.xls,green,sirloin tender steak,2,24,1.0,1,shear,shear,12,0.020731299999999998,102.94,2.3263354364720112,False,0.9201211333274841,train,shear_only
green2-2.xls,green,sirloin tender steak,2,24,1.0,2,shear,shear,12,0.0151597,80.3454,-0.5482793401991858,False,0.6726033091545105,train,shear_only
green2-3.xls,green,sirloin tender steak,2,24,1.0,3,shear,shear,12,0.022527,84.6549,0.0,False,0.9999537467956543,train,shear_only
green2-4.xls,green,sirloin tender steak,2,24,1.0,4,shear,shear,12,0.022997999999999998,79.3533,-0.6745,False,1.020898699760437,train,shear_only
green2-1.xls,green,sirloin tender steak,2,24,1.0,1,shear,shear,13,0.020731199999999998,102.94,0.0,False,0.920116662979126,train,shear_only
green2-2.xls,green,sirloin tender steak,2,24,1.0,2,shear,shear,13,0.0250889,131.048,1.0368467221945739,False,1.1139090061187744,train,shear_only
green2-3.xls,green,sirloin tender steak,2,24,1.0,3,shear,shear,13,0.022527,84.6549,-0.6745,False,0.9999537467956543,train,shear_only
green2-4.xls,green,sirloin tender steak,2,24,1.0,4,shear,shear,13,0.022997999999999998,79.3533,-0.8700651978933664,False,1.020898699760437,train,shear_only
green2-5.xls,green,sirloin tender steak,2,24,1.0,5,shear,shear,13,0.023923,120.159,0.635173748024348,False,1.062039852142334,test,shear_only
green2-1.xls,green,sirloin tender steak,2,24,1.0,1,shear,shear,14,0.020731199999999998,102.94,0.0,False,0.920116662979126,train,shear_only
green2-2.xls,green,sirloin tender steak,2,24,1.0,2,shear,shear,14,0.0250889,131.048,1.0368467221945739,False,1.1139090061187744,train,shear_only
green2-3.xls,green,sirloin tender steak,2,24,1.0,3,shear,shear,14,0.022527,84.6549,-0.6745,False,0.9999537467956543,train,shear_only
green2-4.xls,green,sirloin tender steak,2,24,1.0,4,shear,shear,14,0.022997999999999998,79.3533,-0.8700651978933664,False,1.020898699760437,train,shear_only
green2-5.xls,green,sirloin tender steak,2,24,1.0,5,shear,shear,14,0.023923,120.159,0.635173748024348,False,1.062039852142334,test,shear_only
green2-1.xls,green,sirloin tender steak,2,24,1.0,1,shear,shear,15,0.0288171,130.723,0.6543684452199474,False,1.2798794507980347,train,shear_only
green2-2.xls,green,sirloin tender steak,2,24,1.0,2,shear,shear,15,0.0250889,131.048,0.6745,False,1.1139090061187744,train,shear_only
green2-3.xls,green,sirloin tender steak,2,24,1.0,3,shear,shear,15,0.030945200000000003,92.4356,-1.7172773716594745,False,1.3746981620788574,train,shear_only
green2-4.xls,green,sirloin tender steak,2,24,1.0,4,shear,shear,15,0.022997999999999998,79.3533,-2.5276374919643687,False,1.020898699760437,train,shear_only
green2-5.xls,green,sirloin tender steak,2,24,1.0,5,shear,shear,15,0.023923,120.159,0.0,False,1.062039852142334,test,shear_only
green2-1.xls,green,sirloin tender steak,2,24,1.0,1,shear,shear,16,0.0288171,130.723,0.6543684452199474,False,1.2798794507980347,train,shear_only
green2-2.xls,green,sirloin tender steak,2,24,1.0,2,shear,shear,16,0.0250889,131.048,0.6745,False,1.1139090061187744,train,shear_only
green2-3.xls,green,sirloin tender steak,2,24,1.0,3,shear,shear,16,0.030945200000000003,92.4356,-1.7172773716594745,False,1.3746981620788574,train,shear_only
green2-4.xls,green,sirloin tender steak,2,24,1.0,4,shear,shear,16,0.022997999999999998,79.3533,-2.5276374919643687,False,1.020898699760437,train,shear_only
green2-5.xls,green,sirloin tender steak,2,24,1.0,5,shear,shear,16,0.023923,120.159,0.0,False,1.062039852142334,test,shear_only
green2-1.xls,green,sirloin tender steak,2,24,1.0,1,shear,shear,17,0.0288171,130.723,0.0,False,1.2798794507980347,train,shear_only
green2-2.xls,green,sirloin tender steak,2,24,1.0,2,shear,shear,17,0.0250889,131.048,0.013168288580524564,False,1.1139090061187744,train,shear_only
green2-3.xls,green,sirloin tender steak,2,24,1.0,3,shear,shear,17,0.030945200000000003,92.4356,-1.5513216375322898,False,1.3746981620788574,train,shear_only
green2-4.xls,green,sirloin tender steak,2,24,1.0,4,shear,shear,17,0.0332092,103.752,-1.0928058809395098,False,1.4756433963775635,train,shear_only
green2-5.xls,green,sirloin tender steak,2,24,1.0,5,shear,shear,17,0.033691900000000004,147.37,0.6745,False,1.4971754550933838,test,shear_only
green2-1.xls,green,sirloin tender steak,2,24,1.0,1,shear,shear,18,0.0288171,130.723,0.0,False,1.2798794507980347,train,shear_only
green2-2.xls,green,sirloin tender steak,2,24,1.0,2,shear,shear,18,0.0350171,162.441,0.7932146008675978,False,1.5563080310821533,train,shear_only
green2-3.xls,green,sirloin tender steak,2,24,1.0,3,shear,shear,18,0.030945200000000003,92.4356,-0.9575044047310072,False,1.3746981620788574,train,shear_only
green2-4.xls,green,sirloin tender steak,2,24,1.0,4,shear,shear,18,0.0332092,103.752,-0.6745,False,1.4756433963775635,train,shear_only
green2-5.xls,green,sirloin tender steak,2,24,1.0,5,shear,shear,18,0.033691900000000004,147.37,0.4163138741611355,False,1.4971754550933838,test,shear_only
green2-1.xls,green,sirloin tender steak,2,24,1.0,1,shear,shear,19,0.0368154,152.715,0.2392145511246765,False,1.6365967988967896,train,shear_only
green2-2.xls,green,sirloin tender steak,2,24,1.0,2,shear,shear,19,0.035017,162.441,0.6745,False,1.5563035011291504,train,shear_only
green2-3.xls,green,sirloin tender steak,2,24,1.0,3,shear,shear,19,0.030945200000000003,92.4356,-2.4585795766704277,False,1.3746981620788574,train,shear_only
green2-4.xls,green,sirloin tender steak,2,24,1.0,4,shear,shear,19,0.0332092,103.752,-1.9521160506933852,False,1.4756433963775635,train,shear_only
green2-5.xls,green,sirloin tender steak,2,24,1.0,5,shear,shear,19,0.033691900000000004,147.37,0.0,False,1.4971754550933838,test,shear_only
green2-1.xls,green,sirloin tender steak,2,24,1.0,1,shear,shear,20,0.0368154,152.715,0.2392145511246765,False,1.6365967988967896,train,shear_only
green2-2.xls,green,sirloin tender steak,2,24,1.0,2,shear,shear,20,0.035017,162.441,0.6745,False,1.5563035011291504,train,shear_only
green2-3.xls,green,sirloin tender steak,2,24,1.0,3,shear,shear,20,0.039398300000000004,100.871,-2.081054707716808,False,1.7520124912261963,train,shear_only
green2-4.xls,green,sirloin tender steak,2,24,1.0,4,shear,shear,20,0.0332092,103.752,-1.9521160506933852,False,1.4756433963775635,train,shear_only
green2-5.xls,green,sirloin tender steak,2,24,1.0,5,shear,shear,20,0.033691900000000004,147.37,0.0,False,1.4971754550933838,test,shear_only
green2-1.xls,green,sirloin tender steak,2,24,1.0,1,shear,shear,21,0.0368154,152.715,0.2392145511246765,False,1.6365967988967896,train,shear_only
green2-2.xls,green,sirloin tender steak,2,24,1.0,2,shear,shear,21,0.035017,162.441,0.6745,False,1.5563035011291504,train,shear_only
green2-3.xls,green,sirloin tender steak,2,24,1.0,3,shear,shear,21,0.039398300000000004,100.871,-2.081054707716808,False,1.7520124912261963,train,shear_only
green2-4.xls,green,sirloin tender steak,2,24,1.0,4,shear,shear,21,0.0332091,103.752,-1.9521160506933852,False,1.47563898563385,train,shear_only
green2-5.xls,green,sirloin tender steak,2,24,1.0,5,shear,shear,21,0.033691900000000004,147.37,0.0,False,1.4971754550933838,test,shear_only
green2-1.xls,green,sirloin tender steak,2,24,1.0,1,shear,shear,22,0.0368154,152.715,0.0,False,1.6365967988967896,train,shear_only
green2-2.xls,green,sirloin tender steak,2,24,1.0,2,shear,shear,22,0.035017,162.441,0.4528639375949195,False,1.5563035011291504,train,shear_only
green2-3.xls,green,sirloin tender steak,2,24,1.0,3,shear,shear,22,0.039398300000000004,100.871,-2.413970592296012,False,1.7520124912261963,train,shear_only
green2-4.xls,green,sirloin tender steak,2,24,1.0,4,shear,shear,22,0.0434113,122.81,-1.3924425307193162,False,1.9315730333328247,train,shear_only
green2-5.xls,green,sirloin tender steak,2,24,1.0,5,shear,shear,22,0.0434255,167.201,0.6745,False,1.9322094917297363,test,shear_only
green2-1.xls,green,sirloin tender steak,2,24,1.0,1,shear,shear,23,0.0449396,170.542,0.12192309148947708,False,2.000040292739868,train,shear_only
green2-2.xls,green,sirloin tender steak,2,24,1.0,2,shear,shear,23,0.0449392,185.684,0.6745,False,2.0000224113464355,train,shear_only
green2-3.xls,green,sirloin tender steak,2,24,1.0,3,shear,shear,23,0.039398300000000004,100.871,-2.4205802629443265,False,1.7520124912261963,train,shear_only
green2-4.xls,green,sirloin tender steak,2,24,1.0,4,shear,shear,23,0.0434114,122.81,-1.6199604771952598,False,1.931577444076538,train,shear_only
green2-5.xls,green,sirloin tender steak,2,24,1.0,5,shear,shear,23,0.0434251,167.201,0.0,False,1.9321911334991455,test,shear_only
green2-1.xls,green,sirloin tender steak,2,24,1.0,1,shear,shear,24,0.0449396,170.542,0.12192309148947708,False,2.000040292739868,train,shear_only
green2-2.xls,green,sirloin tender steak,2,24,1.0,2,shear,shear,24,0.0449392,185.684,0.6745,False,2.0000224113464355,train,shear_only
green2-3.xls,green,sirloin tender steak,2,24,1.0,3,shear,shear,24,0.0477642,108.099,-2.156808905480711,False,2.126708507537842,train,shear_only
green2-4.xls,green,sirloin tender steak,2,24,1.0,4,shear,shear,24,0.0434115,122.81,-1.6199604771952598,False,1.931581974029541,train,shear_only
green2-5.xls,green,sirloin tender steak,2,24,1.0,5,shear,shear,24,0.0434251,167.201,0.0,False,1.9321911334991455,test,shear_only
green2-1.xls,green,sirloin tender steak,2,24,1.0,1,shear,shear,25,0.0449396,170.542,0.12192309148947708,False,2.000040292739868,train,shear_only
green2-2.xls,green,sirloin tender steak,2,24,1.0,2,shear,shear,25,0.0449392,185.684,0.6745,False,2.0000224113464355,train,shear_only
green2-3.xls,green,sirloin tender steak,2,24,1.0,3,shear,shear,25,0.0477642,108.099,-2.156808905480711,False,2.126708507537842,train,shear_only
green2-4.xls,green,sirloin tender steak,2,24,1.0,4,shear,shear,25,0.0434115,122.81,-1.6199604771952598,False,1.931581974029541,train,shear_only
green2-5.xls,green,sirloin tender steak,2,24,1.0,5,shear,shear,25,0.0434255,167.201,0.0,False,1.9322094917297363,test,shear_only
green2-1.xls,green,sirloin tender steak,2,24,1.0,1,shear,shear,26,0.0449396,170.542,0.12192309148947708,False,2.000040292739868,train,shear_only
green2-2.xls,green,sirloin tender steak,2,24,1.0,2,shear,shear,26,0.0449392,185.684,0.6745,False,2.0000224113464355,train,shear_only
green2-3.xls,green,sirloin tender steak,2,24,1.0,3,shear,shear,26,0.0477642,108.099,-2.156808905480711,False,2.126708507537842,train,shear_only
green2-4.xls,green,sirloin tender steak,2,24,1.0,4,shear,shear,26,0.0434115,122.81,-1.6199604771952598,False,1.931581974029541,train,shear_only
green2-5.xls,green,sirloin tender steak,2,24,1.0,5,shear,shear,26,0.0434255,167.201,0.0,False,1.9322094917297363,test,shear_only
green2-1.xls,green,sirloin tender steak,2,24,1.0,1,shear,shear,27,0.0528946,186.816,0.6745,False,2.3572354316711426,train,shear_only
green2-2.xls,green,sirloin tender steak,2,24,1.0,2,shear,shear,27,0.0449392,185.684,0.5140936974789906,False,2.0000224113464355,train,shear_only
green2-5.xls,green,sirloin tender steak,2,24,1.0,5,shear,shear,27,0.053223,182.056,0.0,False,2.3720126152038574,test,shear_only
green2-1.xls,green,sirloin tender steak,2,24,1.0,1,shear,shear,28,0.0528946,186.816,0.14044092559380583,False,2.3572354316711426,train,shear_only
green2-2.xls,green,sirloin tender steak,2,24,1.0,2,shear,shear,28,0.05492,204.917,0.6745,False,2.4484169483184814,train,shear_only
green2-3.xls,green,sirloin tender steak,2,24,1.0,3,shear,shear,28,0.0561083,106.028,-2.2431602292113215,False,2.5019609928131104,train,shear_only
green2-4.xls,green,sirloin tender steak,2,24,1.0,4,shear,shear,28,0.0536683,139.349,-1.2600442456585463,False,2.392055034637451,train,shear_only
green2-5.xls,green,sirloin tender steak,2,24,1.0,5,shear,shear,28,0.053223,182.056,0.0,False,2.3720126152038574,test,shear_only
green2-1.xls,green,sirloin tender steak,2,24,1.0,1,shear,shear,29,0.0528946,186.816,0.14044092559380583,False,2.3572354316711426,train,shear_only
green2-2.xls,green,sirloin tender steak,2,24,1.0,2,shear,shear,29,0.0549199,204.917,0.6745,False,2.4484126567840576,train,shear_only
green2-3.xls,green,sirloin tender steak,2,24,1.0,3,shear,shear,29,0.0561078,106.028,-2.2431602292113215,False,2.501938581466675,train,shear_only
green2-4.xls,green,sirloin tender steak,2,24,1.0,4,shear,shear,29,0.0536685,139.349,-1.2600442456585463,False,2.392063856124878,train,shear_only
green2-5.xls,green,sirloin tender steak,2,24,1.0,5,shear,shear,29,0.053223,182.056,0.0,False,2.3720126152038574,test,shear_only
green2-1.xls,green,sirloin tender steak,2,24,1.0,1,shear,shear,30,0.0528946,186.816,0.14044092559380583,False,2.3572354316711426,train,shear_only
green2-2.xls,green,sirloin tender steak,2,24,1.0,2,shear,shear,30,0.0549199,204.917,0.6745,False,2.4484126567840576,train,shear_only
green2-3.xls,green,sirloin tender steak,2,24,1.0,3,shear,shear,30,0.0561078,106.028,-2.2431602292113215,False,2.501938581466675,train,shear_only
green2-4.xls,green,sirloin tender steak,2,24,1.0,4,shear,shear,30,0.0536685,139.349,-1.2600442456585463,False,2.392063856124878,train,shear_only
green2-5.xls,green,sirloin tender steak,2,24,1.0,5,shear,shear,30,0.053223,182.056,0.0,False,2.3720126152038574,test,shear_only
green2-1.xls,green,sirloin tender steak,2,24,1.0,1,shear,shear,31,0.0609416,201.018,0.5594623594768382,False,2.7201313972473145,train,shear_only
green2-2.xls,green,sirloin tender steak,2,24,1.0,2,shear,shear,31,0.0549199,204.917,0.6745,False,2.4484126567840576,train,shear_only
green2-3.xls,green,sirloin tender steak,2,24,1.0,3,shear,shear,31,0.0561078,106.028,-2.2431602292113215,False,2.501938581466675,train,shear_only
green2-4.xls,green,sirloin tender steak,2,24,1.0,4,shear,shear,31,0.0536685,139.349,-1.2600442456585463,False,2.392063856124878,train,shear_only
green2-5.xls,green,sirloin tender steak,2,24,1.0,5,shear,shear,31,0.053223,182.056,0.0,False,2.3720126152038574,test,shear_only
green2-1.xls,green,sirloin tender steak,2,24,1.0,1,shear,shear,32,0.0609416,201.018,0.41797683378852923,False,2.7201313972473145,train,shear_only
green2-2.xls,green,sirloin tender steak,2,24,1.0,2,shear,shear,32,0.0549199,204.917,0.6745,False,2.4484126567840576,train,shear_only
green2-4.xls,green,sirloin tender steak,2,24,1.0,4,shear,shear,32,0.0638141,153.231,-2.72602740928599,False,2.8501007556915283,train,shear_only
green2-5.xls,green,sirloin tender steak,2,24,1.0,5,shear,shear,32,0.0630011,194.665,0.0,False,2.8132922649383545,test,shear_only
green2-1.xls,green,sirloin tender steak,2,24,1.0,1,shear,shear,33,0.0609416,201.018,0.1662953469419437,False,2.7201313972473145,train,shear_only
green2-2.xls,green,sirloin tender steak,2,24,1.0,2,shear,shear,33,0.0648647,220.433,0.6745,False,2.8976962566375732,train,shear_only
green2-3.xls,green,sirloin tender steak,2,24,1.0,3,shear,shear,33,0.064526,107.722,-2.2758092789506366,False,2.8823482990264893,train,shear_only
green2-4.xls,green,sirloin tender steak,2,24,1.0,4,shear,shear,33,0.063814,153.231,-1.0845712899720583,False,2.8500959873199463,train,shear_only
green2-5.xls,green,sirloin tender steak,2,24,1.0,5,shear,shear,33,0.0630011,194.665,0.0,False,2.8132922649383545,test,shear_only
green2-1.xls,green,sirloin tender steak,2,24,1.0,1,shear,shear,34,0.0609416,201.018,0.1662953469419437,False,2.7201313972473145,train,shear_only
green2-2.xls,green,sirloin tender steak,2,24,1.0,2,shear,shear,34,0.0648647,220.433,0.6745,False,2.8976962566375732,train,shear_only
green2-3.xls,green,sirloin tender steak,2,24,1.0,3,shear,shear,34,0.064526,107.722,-2.2758092789506366,False,2.8823482990264893,train,shear_only
green2-4.xls,green,sirloin tender steak,2,24,1.0,4,shear,shear,34,0.063814,153.231,-1.0845712899720583,False,2.8500959873199463,train,shear_only
green2-5.xls,green,sirloin tender steak,2,24,1.0,5,shear,shear,34,0.0630011,194.665,0.0,False,2.8132922649383545,test,shear_only
green2-1.xls,green,sirloin tender steak,2,24,1.0,1,shear,shear,35,0.0689747,214.663,0.5234651893821799,False,3.084214687347412,train,shear_only
green2-2.xls,green,sirloin tender steak,2,24,1.0,2,shear,shear,35,0.0648646,220.433,0.6745,False,2.897691488265991,train,shear_only
green2-3.xls,green,sirloin tender steak,2,24,1.0,3,shear,shear,35,0.064526,107.722,-2.2758092789506366,False,2.8823482990264893,train,shear_only
green2-4.xls,green,sirloin tender steak,2,24,1.0,4,shear,shear,35,0.0638141,153.231,-1.0845712899720583,False,2.8501007556915283,train,shear_only
green2-5.xls,green,sirloin tender steak,2,24,1.0,5,shear,shear,35,0.0630011,194.665,0.0,False,2.8132922649383545,test,shear_only
green2-1.xls,green,sirloin tender steak,2,24,1.0,1,shear,shear,36,0.0689747,214.663,0.4055018661874488,False,3.084214687347412,train,shear_only
green2-2.xls,green,sirloin tender steak,2,24,1.0,2,shear,shear,36,0.0648646,220.433,0.6745,False,2.897691488265991,train,shear_only
green2-4.xls,green,sirloin tender steak,2,24,1.0,4,shear,shear,36,0.0638141,153.231,-2.4584657865634525,False,2.8501007556915283,train,shear_only
green2-5.xls,green,sirloin tender steak,2,24,1.0,5,shear,shear,36,0.0727149,205.965,0.0,False,3.2544171810150146,test,shear_only
green2-1.xls,green,sirloin tender steak,2,24,1.0,1,shear,shear,37,0.0689745,214.663,0.4055018661874488,False,3.0842056274414062,train,shear_only
green2-2.xls,green,sirloin tender steak,2,24,1.0,2,shear,shear,37,0.0648646,220.433,0.6745,False,2.897691488265991,train,shear_only
green2-4.xls,green,sirloin tender steak,2,24,1.0,4,shear,shear,37,0.0740001,165.81,-1.8720312068012177,False,3.313009023666382,train,shear_only
green2-5.xls,green,sirloin tender steak,2,24,1.0,5,shear,shear,37,0.0727149,205.965,0.0,False,3.2544171810150146,test,shear_only
green2-1.xls,green,sirloin tender steak,2,24,1.0,1,shear,shear,38,0.0689745,214.663,0.2103851753568101,False,3.0842056274414062,train,shear_only
green2-2.xls,green,sirloin tender steak,2,24,1.0,2,shear,shear,38,0.0747314,233.851,0.6745,False,3.3463737964630127,train,shear_only
green2-3.xls,green,sirloin tender steak,2,24,1.0,3,shear,shear,38,0.07293319999999999,112.93,-2.2503086674316863,False,3.2643661499023438,train,shear_only
green2-4.xls,green,sirloin tender steak,2,24,1.0,4,shear,shear,38,0.0740001,165.81,-0.9712596822778456,False,3.313009023666382,train,shear_only
green2-5.xls,green,sirloin tender steak,2,24,1.0,5,shear,shear,38,0.0727149,205.965,0.0,False,3.2544171810150146,test,shear_only
green2-1.xls,green,sirloin tender steak,2,24,1.0,1,shear,shear,39,0.0769907,226.761,0.5030087499103492,False,3.4495694637298584,train,shear_only
green2-2.xls,green,sirloin tender steak,2,24,1.0,2,shear,shear,39,0.0747314,233.851,0.6745,False,3.3463737964630127,train,shear_only
green2-3.xls,green,sirloin tender steak,2,24,1.0,3,shear,shear,39,0.07293319999999999,112.93,-2.2503086674316863,False,3.2643661499023438,train,shear_only
green2-4.xls,green,sirloin tender steak,2,24,1.0,4,shear,shear,39,0.07400000000000001,165.81,-0.9712596822778456,False,3.313004732131958,train,shear_only
green2-5.xls,green,sirloin tender steak,2,24,1.0,5,shear,shear,39,0.0727149,205.965,0.0,False,3.2544171810150146,test,shear_only
green2-1.xls,green,sirloin tender steak,2,24,1.0,1,shear,shear,40,0.0769907,226.761,0.5030087499103492,False,3.4495694637298584,train,shear_only
green2-2.xls,green,sirloin tender steak,2,24,1.0,2,shear,shear,40,0.0747314,233.851,0.6745,False,3.3463737964630127,train,shear_only
green2-3.xls,green,sirloin tender steak,2,24,1.0,3,shear,shear,40,0.07293319999999999,112.93,-2.2503086674316863,False,3.2643661499023438,train,shear_only
green2-4.xls,green,sirloin tender steak,2,24,1.0,4,shear,shear,40,0.07400000000000001,165.81,-0.9712596822778456,False,3.313004732131958,train,shear_only
green2-5.xls,green,sirloin tender steak,2,24,1.0,5,shear,shear,40,0.0727149,205.965,0.0,False,3.2544171810150146,test,shear_only
green2-1.xls,green,sirloin tender steak,2,24,1.0,1,shear,shear,41,0.0769905,226.761,0.43862128834961017,False,3.4495606422424316,train,shear_only
green2-2.xls,green,sirloin tender steak,2,24,1.0,2,shear,shear,41,0.0747314,233.851,0.6745,False,3.3463737964630127,train,shear_only
green2-3.xls,green,sirloin tender steak,2,24,1.0,3,shear,shear,41,0.0812854,114.97,-3.280577167801124,False,3.646238088607788,train,shear_only
green2-4.xls,green,sirloin tender steak,2,24,1.0,4,shear,shear,41,0.07400000000000001,165.81,-1.589170439972378,False,3.313004732131958,train,shear_only
green2-5.xls,green,sirloin tender steak,2,24,1.0,5,shear,shear,41,0.082439,213.577,0.0,False,3.69918155670166,test,shear_only
green2-1.xls,green,sirloin tender steak,2,24,1.0,1,shear,shear,42,0.0769905,226.761,0.29048469604416416,False,3.4495606422424316,train,shear_only
green2-2.xls,green,sirloin tender steak,2,24,1.0,2,shear,shear,42,0.0846609,244.19,0.6745,False,3.8012986183166504,train,shear_only
green2-3.xls,green,sirloin tender steak,2,24,1.0,3,shear,shear,42,0.0812854,114.97,-2.1726201777022833,False,3.646238088607788,train,shear_only
green2-4.xls,green,sirloin tender steak,2,24,1.0,4,shear,shear,42,0.0842067,177.726,-0.7899094992323522,False,3.7804079055786133,train,shear_only
green2-5.xls,green,sirloin tender steak,2,24,1.0,5,shear,shear,42,0.082439,213.577,0.0,False,3.69918155670166,test,shear_only
green2-1.xls,green,sirloin tender steak,2,24,1.0,1,shear,shear,43,0.0850161,238.125,0.5408691078953387,False,3.8176395893096924,train,shear_only
green2-2.xls,green,sirloin tender steak,2,24,1.0,2,shear,shear,43,0.0846609,244.19,0.6745,False,3.8012986183166504,train,shear_only
green2-3.xls,green,sirloin tender steak,2,24,1.0,3,shear,shear,43,0.0812854,114.97,-2.1726201777022833,False,3.646238088607788,train,shear_only
green2-4.xls,green,sirloin tender steak,2,24,1.0,4,shear,shear,43,0.084207,177.726,-0.7899094992323522,False,3.780421257019043,train,shear_only
green2-5.xls,green,sirloin tender steak,2,24,1.0,5,shear,shear,43,0.082439,213.577,0.0,False,3.69918155670166,test,shear_only
green2-1.xls,green,sirloin tender steak,2,24,1.0,1,shear,shear,44,0.0850161,238.125,0.5408691078953387,False,3.8176395893096924,train,shear_only
green2-2.xls,green,sirloin tender steak,2,24,1.0,2,shear,shear,44,0.0846609,244.19,0.6745,False,3.8012986183166504,train,shear_only
green2-3.xls,green,sirloin tender steak,2,24,1.0,3,shear,shear,44,0.0812854,114.97,-2.1726201777022833,False,3.646238088607788,train,shear_only
green2-4.xls,green,sirloin tender steak,2,24,1.0,4,shear,shear,44,0.084207,177.726,-0.7899094992323522,False,3.780421257019043,train,shear_only
green2-5.xls,green,sirloin tender steak,2,24,1.0,5,shear,shear,44,0.082439,213.577,0.0,False,3.69918155670166,test,shear_only
green2-1.xls,green,sirloin tender steak,2,24,1.0,1,shear,shear,45,0.085016,238.125,0.5408691078953387,False,3.8176348209381104,train,shear_only
green2-2.xls,green,sirloin tender steak,2,24,1.0,2,shear,shear,45,0.0846609,244.19,0.6745,False,3.8012986183166504,train,shear_only
green2-3.xls,green,sirloin tender steak,2,24,1.0,3,shear,shear,45,0.0897098,117.984,-2.1062123444288376,False,4.034064769744873,train,shear_only
green2-4.xls,green,sirloin tender steak,2,24,1.0,4,shear,shear,45,0.08420680000000001,177.726,-0.7899094992323522,False,3.780412197113037,train,shear_only
green2-5.xls,green,sirloin tender steak,2,24,1.0,5,shear,shear,45,0.082439,213.577,0.0,False,3.69918155670166,test,shear_only
green2-1.xls,green,sirloin tender steak,2,24,1.0,1,shear,shear,46,0.085016,238.125,0.47137971698113196,False,3.8176348209381104,train,shear_only
green2-2.xls,green,sirloin tender steak,2,24,1.0,2,shear,shear,46,0.0846609,244.19,0.6745,False,3.8012986183166504,train,shear_only
green2-4.xls,green,sirloin tender steak,2,24,1.0,4,shear,shear,46,0.08420680000000001,177.726,-1.5514169811320768,False,3.780412197113037,train,shear_only
green2-5.xls,green,sirloin tender steak,2,24,1.0,5,shear,shear,46,0.0921857,224.05,0.0,False,4.148592948913574,test,shear_only
green2-1.xls,green,sirloin tender steak,2,24,1.0,1,shear,shear,47,0.0930285,248.536,0.5946499243897166,False,4.187638282775879,train,shear_only
green2-2.xls,green,sirloin tender steak,2,24,1.0,2,shear,shear,47,0.0946051,251.824,0.6745,False,4.26076078414917,train,shear_only
green2-3.xls,green,sirloin tender steak,2,24,1.0,3,shear,shear,47,0.0897098,117.984,-2.5758449269100603,False,4.034064769744873,train,shear_only
green2-4.xls,green,sirloin tender steak,2,24,1.0,4,shear,shear,47,0.0944044,187.72,-0.8822850507669046,False,4.251444339752197,train,shear_only
green2-5.xls,green,sirloin tender steak,2,24,1.0,5,shear,shear,47,0.0921857,224.05,0.0,False,4.148592948913574,test,shear_only
green2-1.xls,green,sirloin tender steak,2,24,1.0,1,shear,shear,48,0.0930285,248.536,0.5946499243897166,False,4.187638282775879,train,shear_only
green2-2.xls,green,sirloin tender steak,2,24,1.0,2,shear,shear,48,0.0946051,251.824,0.6745,False,4.26076078414917,train,shear_only
green2-3.xls,green,sirloin tender steak,2,24,1.0,3,shear,shear,48,0.0897098,117.984,-2.5758449269100603,False,4.034064769744873,train,shear_only
green2-4.xls,green,sirloin tender steak,2,24,1.0,4,shear,shear,48,0.0944044,187.72,-0.8822850507669046,False,4.251444339752197,train,shear_only
green2-5.xls,green,sirloin tender steak,2,24,1.0,5,shear,shear,48,0.0921857,224.05,0.0,False,4.148592948913574,test,shear_only
green2-1.xls,green,sirloin tender steak,2,24,1.0,1,shear,shear,49,0.0930285,248.536,0.5946499243897166,False,4.187638282775879,train,shear_only
green2-2.xls,green,sirloin tender steak,2,24,1.0,2,shear,shear,49,0.0946051,251.824,0.6745,False,4.26076078414917,train,shear_only
green2-3.xls,green,sirloin tender steak,2,24,1.0,3,shear,shear,49,0.0980565,120.721,-2.5093760531432276,False,4.42121696472168,train,shear_only
green2-4.xls,green,sirloin tender steak,2,24,1.0,4,shear,shear,49,0.0944045,187.72,-0.8822850507669046,False,4.251451015472412,train,shear_only
green2-5.xls,green,sirloin tender steak,2,24,1.0,5,shear,shear,49,0.0921857,224.05,0.0,False,4.148592948913574,test,shear_only
green2-1.xls,green,sirloin tender steak,2,24,1.0,1,shear,shear,50,0.0930285,248.536,0.5946499243897166,False,4.187638282775879,train,shear_only
green2-2.xls,green,sirloin tender steak,2,24,1.0,2,shear,shear,50,0.0946051,251.824,0.6745,False,4.26076078414917,train,shear_only
green2-3.xls,green,sirloin tender steak,2,24,1.0,3,shear,shear,50,0.0980565,120.721,-2.5093760531432276,False,4.42121696472168,train,shear_only
green2-4.xls,green,sirloin tender steak,2,24,1.0,4,shear,shear,50,0.0944045,187.72,-0.8822850507669046,False,4.251451015472412,train,shear_only
green2-5.xls,green,sirloin tender steak,2,24,1.0,5,shear,shear,50,0.0921857,224.05,0.0,False,4.148592948913574,test,shear_only
green2-1.xls,green,sirloin tender steak,2,24,1.0,1,shear,shear,51,0.101056,257.543,0.6745,False,4.561102867126465,train,shear_only
green2-2.xls,green,sirloin tender steak,2,24,1.0,2,shear,shear,51,0.0946051,251.824,0.53429990186814,False,4.26076078414917,train,shear_only
green2-3.xls,green,sirloin tender steak,2,24,1.0,3,shear,shear,51,0.0980565,120.721,-2.6796629352329715,False,4.42121696472168,train,shear_only
green2-4.xls,green,sirloin tender steak,2,24,1.0,4,shear,shear,51,0.0944045,187.72,-1.0371963545831209,False,4.251451015472412,train,shear_only
green2-5.xls,green,sirloin tender steak,2,24,1.0,5,shear,shear,51,0.101913,230.029,0.0,False,4.6011457443237305,test,shear_only
green2-1.xls,green,sirloin tender steak,2,24,1.0,1,shear,shear,52,0.101056,257.543,0.6351195414099928,False,4.561102867126465,train,shear_only
green2-2.xls,green,sirloin tender steak,2,24,1.0,2,shear,shear,52,0.104499,259.249,0.6745,False,4.7221903800964355,train,shear_only
green2-3.xls,green,sirloin tender steak,2,24,1.0,3,shear,shear,52,0.0980565,120.721,-2.5232117043121125,False,4.42121696472168,train,shear_only
green2-4.xls,green,sirloin tender steak,2,24,1.0,4,shear,shear,52,0.104605,198.03,-0.7386490588637912,False,4.727159023284912,train,shear_only
green2-5.xls,green,sirloin tender steak,2,24,1.0,5,shear,shear,52,0.101913,230.029,0.0,False,4.6011457443237305,test,shear_only
green2-1.xls,green,sirloin tender steak,2,24,1.0,1,shear,shear,53,0.101056,257.543,0.6351195414099928,False,4.561102867126465,train,shear_only
green2-2.xls,green,sirloin tender steak,2,24,1.0,2,shear,shear,53,0.104499,259.249,0.6745,False,4.7221903800964355,train,shear_only
green2-3.xls,green,sirloin tender steak,2,24,1.0,3,shear,shear,53,0.106482,125.192,-2.4200053559206003,False,4.815229415893555,train,shear_only
green2-4.xls,green,sirloin tender steak,2,24,1.0,4,shear,shear,53,0.10460599999999999,198.03,-0.7386490588637912,False,4.727206230163574,train,shear_only
green2-5.xls,green,sirloin tender steak,2,24,1.0,5,shear,shear,53,0.101913,230.029,0.0,False,4.6011457443237305,test,shear_only
green2-1.xls,green,sirloin tender steak,2,24,1.0,1,shear,shear,54,0.101056,257.543,0.6351195414099928,False,4.561102867126465,train,shear_only
green2-2.xls,green,sirloin tender steak,2,24,1.0,2,shear,shear,54,0.104499,259.249,0.6745,False,4.7221903800964355,train,shear_only
green2-3.xls,green,sirloin tender steak,2,24,1.0,3,shear,shear,54,0.106482,125.192,-2.4200053559206003,False,4.815229415893555,train,shear_only
green2-4.xls,green,sirloin tender steak,2,24,1.0,4,shear,shear,54,0.10460599999999999,198.03,-0.7386490588637912,False,4.727206230163574,train,shear_only
green2-5.xls,green,sirloin tender steak,2,24,1.0,5,shear,shear,54,0.101913,230.029,0.0,False,4.6011457443237305,test,shear_only
green2-1.xls,green,sirloin tender steak,2,24,1.0,1,shear,shear,55,0.10910500000000001,266.831,0.7757413981686933,False,4.938594341278076,train,shear_only
green2-2.xls,green,sirloin tender steak,2,24,1.0,2,shear,shear,55,0.104499,259.249,0.6159220600643777,False,4.7221903800964355,train,shear_only
green2-3.xls,green,sirloin tender steak,2,24,1.0,3,shear,shear,55,0.106482,125.192,-2.209836448014001,False,4.815229415893555,train,shear_only
green2-4.xls,green,sirloin tender steak,2,24,1.0,4,shear,shear,55,0.10460599999999999,198.03,-0.6745,False,4.727206230163574,train,shear_only
green2-5.xls,green,sirloin tender steak,2,24,1.0,5,shear,shear,55,0.101913,230.029,0.0,False,4.6011457443237305,test,shear_only
green2-1.xls,green,sirloin tender steak,2,24,1.0,1,shear,shear,56,0.10910500000000001,266.831,0.6745,False,4.938594341278076,train,shear_only
green2-2.xls,green,sirloin tender steak,2,24,1.0,2,shear,shear,56,0.104499,259.249,0.5111063133007445,False,4.7221903800964355,train,shear_only
green2-3.xls,green,sirloin tender steak,2,24,1.0,3,shear,shear,56,0.106482,125.192,-2.3778500910572222,False,4.815229415893555,train,shear_only
green2-4.xls,green,sirloin tender steak,2,24,1.0,4,shear,shear,56,0.10460599999999999,198.03,-0.8081759481133584,False,4.727206230163574,train,shear_only
green2-5.xls,green,sirloin tender steak,2,24,1.0,5,shear,shear,56,0.111662,235.532,0.0,False,5.059187889099121,test,shear_only
green2-1.xls,green,sirloin tender steak,2,24,1.0,1,shear,shear,57,0.10910500000000001,266.831,0.6745,False,4.938594341278076,train,shear_only
green2-2.xls,green,sirloin tender steak,2,24,1.0,2,shear,shear,57,0.114438,266.333,0.663767995782613,False,5.190496444702148,train,shear_only
green2-3.xls,green,sirloin tender steak,2,24,1.0,3,shear,shear,57,0.106482,125.192,-2.3778500910572222,False,4.815229415893555,train,shear_only
green2-4.xls,green,sirloin tender steak,2,24,1.0,4,shear,shear,57,0.10460599999999999,198.03,-0.8081759481133584,False,4.727206230163574,train,shear_only
green2-5.xls,green,sirloin tender steak,2,24,1.0,5,shear,shear,57,0.111662,235.532,0.0,False,5.059187889099121,test,shear_only
green2-1.xls,green,sirloin tender steak,2,24,1.0,1,shear,shear,58,0.10910500000000001,266.831,0.685405522547969,False,4.938594341278076,train,shear_only
green2-2.xls,green,sirloin tender steak,2,24,1.0,2,shear,shear,58,0.114438,266.333,0.6745,False,5.190496444702148,train,shear_only
green2-3.xls,green,sirloin tender steak,2,24,1.0,3,shear,shear,58,0.11486700000000001,127.227,-2.371732167786759,False,5.210823059082031,train,shear_only
green2-4.xls,green,sirloin tender steak,2,24,1.0,4,shear,shear,58,0.114839,206.61,-0.6333524560890876,False,5.209496021270752,train,shear_only
green2-5.xls,green,sirloin tender steak,2,24,1.0,5,shear,shear,58,0.111662,235.532,0.0,False,5.059187889099121,test,shear_only
green2-1.xls,green,sirloin tender steak,2,24,1.0,1,shear,shear,59,0.117096,274.033,0.843119525340086,False,5.316604137420654,train,shear_only
green2-2.xls,green,sirloin tender steak,2,24,1.0,2,shear,shear,59,0.114438,266.333,0.6745,False,5.190496444702148,train,shear_only
green2-3.xls,green,sirloin tender steak,2,24,1.0,3,shear,shear,59,0.11486700000000001,127.227,-2.371732167786759,False,5.210823059082031,train,shear_only
green2-4.xls,green,sirloin tender steak,2,24,1.0,4,shear,shear,59,0.114839,206.61,-0.6333524560890876,False,5.209496021270752,train,shear_only
green2-5.xls,green,sirloin tender steak,2,24,1.0,5,shear,shear,59,0.111662,235.532,0.0,False,5.059187889099121,test,shear_only
green2-1.xls,green,sirloin tender steak,2,24,1.0,1,shear,shear,60,0.117096,274.033,0.843119525340086,False,5.316604137420654,train,shear_only
green2-2.xls,green,sirloin tender steak,2,24,1.0,2,shear,shear,60,0.114438,266.333,0.6745,False,5.190496444702148,train,shear_only
green2-3.xls,green,sirloin tender steak,2,24,1.0,3,shear,shear,60,0.11486700000000001,127.227,-2.371732167786759,False,5.210823059082031,train,shear_only
green2-4.xls,green,sirloin tender steak,2,24,1.0,4,shear,shear,60,0.114839,206.61,-0.6333524560890876,False,5.209496021270752,train,shear_only
green2-5.xls,green,sirloin tender steak,2,24,1.0,5,shear,shear,60,0.111662,235.532,0.0,False,5.059187889099121,test,shear_only
green2-1.xls,green,sirloin tender steak,2,24,1.0,1,shear,shear,61,0.117096,274.033,0.6745,False,5.316604137420654,train,shear_only
green2-2.xls,green,sirloin tender steak,2,24,1.0,2,shear,shear,61,0.114438,266.333,0.5163643242091165,False,5.190496444702148,train,shear_only
green2-3.xls,green,sirloin tender steak,2,24,1.0,3,shear,shear,61,0.11486700000000001,127.227,-2.3404696130073366,False,5.210823059082031,train,shear_only
green2-4.xls,green,sirloin tender steak,2,24,1.0,4,shear,shear,61,0.114839,206.61,-0.7101729440063325,False,5.209496021270752,train,shear_only
green2-5.xls,green,sirloin tender steak,2,24,1.0,5,shear,shear,61,0.121403,241.19,0.0,False,5.521770000457764,test,shear_only
green2-1.xls,green,sirloin tender steak,2,24,1.0,1,shear,shear,62,0.117096,274.033,0.6745,False,5.316604137420654,train,shear_only
green2-2.xls,green,sirloin tender steak,2,24,1.0,2,shear,shear,62,0.124367,271.792,0.6284763572146264,False,5.663565158843994,train,shear_only
green2-3.xls,green,sirloin tender steak,2,24,1.0,3,shear,shear,62,0.123224,130.923,-2.2645644886277125,False,5.608825206756592,train,shear_only
green2-4.xls,green,sirloin tender steak,2,24,1.0,4,shear,shear,62,0.114839,206.61,-0.7101729440063325,False,5.209496021270752,train,shear_only
green2-5.xls,green,sirloin tender steak,2,24,1.0,5,shear,shear,62,0.121403,241.19,0.0,False,5.521770000457764,test,shear_only
green2-1.xls,green,sirloin tender steak,2,24,1.0,1,shear,shear,63,0.125137,281.4,0.8862703418077252,False,5.700484275817871,train,shear_only
green2-2.xls,green,sirloin tender steak,2,24,1.0,2,shear,shear,63,0.124367,271.792,0.6745,False,5.663565158843994,train,shear_only
green2-3.xls,green,sirloin tender steak,2,24,1.0,3,shear,shear,63,0.123224,130.923,-2.430399696098296,False,5.608825206756592,train,shear_only
green2-4.xls,green,sirloin tender steak,2,24,1.0,4,shear,shear,63,0.125,214.923,-0.5789520782955366,False,5.693912506103516,train,shear_only
green2-5.xls,green,sirloin tender steak,2,24,1.0,5,shear,shear,63,0.121403,241.19,0.0,False,5.521770000457764,test,shear_only
green2-1.xls,green,sirloin tender steak,2,24,1.0,1,shear,shear,64,0.125137,281.4,0.8862703418077252,False,5.700484275817871,train,shear_only
green2-2.xls,green,sirloin tender steak,2,24,1.0,2,shear,shear,64,0.124367,271.792,0.6745,False,5.663565158843994,train,shear_only
green2-3.xls,green,sirloin tender steak,2,24,1.0,3,shear,shear,64,0.123224,130.923,-2.430399696098296,False,5.608825206756592,train,shear_only
green2-4.xls,green,sirloin tender steak,2,24,1.0,4,shear,shear,64,0.125,214.923,-0.5789520782955366,False,5.693912506103516,train,shear_only
green2-5.xls,green,sirloin tender steak,2,24,1.0,5,shear,shear,64,0.121403,241.19,0.0,False,5.521770000457764,test,shear_only
green2-1.xls,green,sirloin tender steak,2,24,1.0,1,shear,shear,65,0.125137,281.4,0.8862703418077252,False,5.700484275817871,train,shear_only
green2-2.xls,green,sirloin tender steak,2,24,1.0,2,shear,shear,65,0.124367,271.792,0.6745,False,5.663565158843994,train,shear_only
green2-3.xls,green,sirloin tender steak,2,24,1.0,3,shear,shear,65,0.123224,130.923,-2.430399696098296,False,5.608825206756592,train,shear_only
green2-4.xls,green,sirloin tender steak,2,24,1.0,4,shear,shear,65,0.125,214.923,-0.5789520782955366,False,5.693912506103516,train,shear_only
green2-5.xls,green,sirloin tender steak,2,24,1.0,5,shear,shear,65,0.121403,241.19,0.0,False,5.521770000457764,test,shear_only
green2-1.xls,green,sirloin tender steak,2,24,1.0,1,shear,shear,66,0.125137,281.4,0.7641606506882274,False,5.700484275817871,train,shear_only
green2-2.xls,green,sirloin tender steak,2,24,1.0,2,shear,shear,66,0.124367,271.792,0.5562293130554746,False,5.663565158843994,train,shear_only
green2-3.xls,green,sirloin tender steak,2,24,1.0,3,shear,shear,66,0.13165,133.241,-2.4422193505951806,False,6.014161586761475,train,shear_only
green2-4.xls,green,sirloin tender steak,2,24,1.0,4,shear,shear,66,0.125,214.923,-0.6745,False,5.693912506103516,train,shear_only
green2-5.xls,green,sirloin tender steak,2,24,1.0,5,shear,shear,66,0.131207,246.09,0.0,False,5.992743015289307,test,shear_only
green2-1.xls,green,sirloin tender steak,2,24,1.0,1,shear,shear,67,0.133151,288.725,0.9226844900054548,False,6.0868144035339355,train,shear_only
green2-2.xls,green,sirloin tender steak,2,24,1.0,2,shear,shear,67,0.134315,275.522,0.6369520325985815,False,6.143250942230225,train,shear_only
green2-3.xls,green,sirloin tender steak,2,24,1.0,3,shear,shear,67,0.13165,133.241,-2.4422193505951806,False,6.014161586761475,train,shear_only
green2-4.xls,green,sirloin tender steak,2,24,1.0,4,shear,shear,67,0.125,214.923,-0.6745,False,5.693912506103516,train,shear_only
green2-5.xls,green,sirloin tender steak,2,24,1.0,5,shear,shear,67,0.131207,246.09,0.0,False,5.992743015289307,test,shear_only
green2-1.xls,green,sirloin tender steak,2,24,1.0,1,shear,shear,68,0.133151,288.725,0.9770762265561302,False,6.0868144035339355,train,shear_only
green2-2.xls,green,sirloin tender steak,2,24,1.0,2,shear,shear,68,0.134315,275.522,0.6745,False,6.143250942230225,train,shear_only
green2-3.xls,green,sirloin tender steak,2,24,1.0,3,shear,shear,68,0.13165,133.241,-2.586186820467519,False,6.014161586761475,train,shear_only
green2-4.xls,green,sirloin tender steak,2,24,1.0,4,shear,shear,68,0.135247,222.942,-0.5304881081815712,False,6.188501834869385,train,shear_only
green2-5.xls,green,sirloin tender steak,2,24,1.0,5,shear,shear,68,0.131207,246.09,0.0,False,5.992743015289307,test,shear_only
green2-1.xls,green,sirloin tender steak,2,24,1.0,1,shear,shear,69,0.133151,288.725,0.9770762265561302,False,6.0868144035339355,train,shear_only
green2-2.xls,green,sirloin tender steak,2,24,1.0,2,shear,shear,69,0.134315,275.522,0.6745,False,6.143250942230225,train,shear_only
green2-3.xls,green,sirloin tender steak,2,24,1.0,3,shear,shear,69,0.13165,133.241,-2.586186820467519,False,6.014161586761475,train,shear_only
green2-4.xls,green,sirloin tender steak,2,24,1.0,4,shear,shear,69,0.135247,222.942,-0.5304881081815712,False,6.188501834869385,train,shear_only
green2-5.xls,green,sirloin tender steak,2,24,1.0,5,shear,shear,69,0.131207,246.09,0.0,False,5.992743015289307,test,shear_only
green2-1.xls,green,sirloin tender steak,2,24,1.0,1,shear,shear,70,0.133151,288.725,0.9770762265561302,False,6.0868144035339355,train,shear_only
green2-2.xls,green,sirloin tender steak,2,24,1.0,2,shear,shear,70,0.134315,275.522,0.6745,False,6.143250942230225,train,shear_only
green2-3.xls,green,sirloin tender steak,2,24,1.0,3,shear,shear,70,0.140019,135.252,-2.5401002650176685,False,6.421056747436523,train,shear_only
green2-4.xls,green,sirloin tender steak,2,24,1.0,4,shear,shear,70,0.135247,222.942,-0.5304881081815712,False,6.188501834869385,train,shear_only
green2-5.xls,green,sirloin tender steak,2,24,1.0,5,shear,shear,70,0.131207,246.09,0.0,False,5.992743015289307,test,shear_only
green2-1.xls,green,sirloin tender steak,2,24,1.0,1,shear,shear,71,0.14121499999999998,295.462,1.0840741506381446,False,6.4795708656311035,train,shear_only
green2-2.xls,green,sirloin tender steak,2,24,1.0,2,shear,shear,71,0.134315,275.522,0.600539007729642,False,6.143250942230225,train,shear_only
green2-3.xls,green,sirloin tender steak,2,24,1.0,3,shear,shear,71,0.140019,135.252,-2.8009391515369404,False,6.421056747436523,train,shear_only
green2-4.xls,green,sirloin tender steak,2,24,1.0,4,shear,shear,71,0.135247,222.942,-0.6745,False,6.188501834869385,train,shear_only
green2-5.xls,green,sirloin tender steak,2,24,1.0,5,shear,shear,71,0.140901,250.757,0.0,False,6.464200019836426,test,shear_only
green2-1.xls,green,sirloin tender steak,2,24,1.0,1,shear,shear,72,0.14121499999999998,295.462,0.9935917523395273,False,6.4795708656311035,train,shear_only
green2-2.xls,green,sirloin tender steak,2,24,1.0,2,shear,shear,72,0.144237,281.105,0.6745,False,6.6278486251831055,train,shear_only
green2-3.xls,green,sirloin tender steak,2,24,1.0,3,shear,shear,72,0.140019,135.252,-2.567158379464873,False,6.421056747436523,train,shear_only
green2-4.xls,green,sirloin tender steak,2,24,1.0,4,shear,shear,72,0.135247,222.942,-0.6182027645973371,False,6.188501834869385,train,shear_only
green2-5.xls,green,sirloin tender steak,2,24,1.0,5,shear,shear,72,0.140901,250.757,0.0,False,6.464200019836426,test,shear_only
green2-1.xls,green,sirloin tender steak,2,24,1.0,1,shear,shear,73,0.14121499999999998,295.462,0.9935917523395273,False,6.4795708656311035,train,shear_only
green2-2.xls,green,sirloin tender steak,2,24,1.0,2,shear,shear,73,0.144237,281.105,0.6745,False,6.6278486251831055,train,shear_only
green2-3.xls,green,sirloin tender steak,2,24,1.0,3,shear,shear,73,0.140019,135.252,-2.567158379464873,False,6.421056747436523,train,shear_only
green2-4.xls,green,sirloin tender steak,2,24,1.0,4,shear,shear,73,0.14538299999999998,229.684,-0.4683583267431132,False,6.684237003326416,train,shear_only
green2-5.xls,green,sirloin tender steak,2,24,1.0,5,shear,shear,73,0.140901,250.757,0.0,False,6.464200019836426,test,shear_only
green2-1.xls,green,sirloin tender steak,2,24,1.0,1,shear,shear,74,0.14121499999999998,295.462,0.9935917523395273,False,6.4795708656311035,train,shear_only
green2-2.xls,green,sirloin tender steak,2,24,1.0,2,shear,shear,74,0.144237,281.105,0.6745,False,6.6278486251831055,train,shear_only
green2-3.xls,green,sirloin tender steak,2,24,1.0,3,shear,shear,74,0.148441,138.944,-2.4851017694740998,False,6.835143089294434,train,shear_only
green2-4.xls,green,sirloin tender steak,2,24,1.0,4,shear,shear,74,0.14538299999999998,229.684,-0.4683583267431132,False,6.684237003326416,train,shear_only
green2-5.xls,green,sirloin tender steak,2,24,1.0,5,shear,shear,74,0.140901,250.757,0.0,False,6.464200019836426,test,shear_only
green2-1.xls,green,sirloin tender steak,2,24,1.0,1,shear,shear,75,0.149232,301.678,1.2132044722232997,False,6.874282360076904,train,shear_only
green2-2.xls,green,sirloin tender steak,2,24,1.0,2,shear,shear,75,0.144237,281.105,0.6745,False,6.6278486251831055,train,shear_only
green2-3.xls,green,sirloin tender steak,2,24,1.0,3,shear,shear,75,0.148441,138.944,-3.0479890135486616,False,6.835143089294434,train,shear_only
green2-4.xls,green,sirloin tender steak,2,24,1.0,4,shear,shear,75,0.14538299999999998,229.684,-0.6719600527970804,False,6.684237003326416,train,shear_only
green2-5.xls,green,sirloin tender steak,2,24,1.0,5,shear,shear,75,0.150602,255.346,0.0,False,6.942174911499023,test,shear_only
green2-1.xls,green,sirloin tender steak,2,24,1.0,1,shear,shear,76,0.149232,301.678,1.2132044722232997,False,6.874282360076904,train,shear_only
green2-2.xls,green,sirloin tender steak,2,24,1.0,2,shear,shear,76,0.144237,281.105,0.6745,False,6.6278486251831055,train,shear_only
green2-3.xls,green,sirloin tender steak,2,24,1.0,3,shear,shear,76,0.148441,138.944,-3.0479890135486616,False,6.835143089294434,train,shear_only
green2-4.xls,green,sirloin tender steak,2,24,1.0,4,shear,shear,76,0.14538299999999998,229.684,-0.6719600527970804,False,6.684237003326416,train,shear_only
green2-5.xls,green,sirloin tender steak,2,24,1.0,5,shear,shear,76,0.150602,255.346,0.0,False,6.942174911499023,test,shear_only
green2-1.xls,green,sirloin tender steak,2,24,1.0,1,shear,shear,77,0.149232,301.678,1.0770241935483862,False,6.874282360076904,train,shear_only
green2-2.xls,green,sirloin tender steak,2,24,1.0,2,shear,shear,77,0.154133,284.362,0.6745,False,7.117769241333008,train,shear_only
green2-3.xls,green,sirloin tender steak,2,24,1.0,3,shear,shear,77,0.148441,138.944,-2.7058570788530454,False,6.835143089294434,train,shear_only
green2-4.xls,green,sirloin tender steak,2,24,1.0,4,shear,shear,77,0.14538299999999998,229.684,-0.5965336021505373,False,6.684237003326416,train,shear_only
green2-5.xls,green,sirloin tender steak,2,24,1.0,5,shear,shear,77,0.150602,255.346,0.0,False,6.942174911499023,test,shear_only
green2-1.xls,green,sirloin tender steak,2,24,1.0,1,shear,shear,78,0.149232,301.678,1.0770241935483862,False,6.874282360076904,train,shear_only
green2-2.xls,green,sirloin tender steak,2,24,1.0,2,shear,shear,78,0.154133,284.362,0.6745,False,7.117769241333008,train,shear_only
green2-3.xls,green,sirloin tender steak,2,24,1.0,3,shear,shear,78,0.156815,142.587,-2.6211726461262734,False,7.251742839813232,train,shear_only
green2-4.xls,green,sirloin tender steak,2,24,1.0,4,shear,shear,78,0.155586,236.826,-0.43051213123793763,False,7.190288066864014,train,shear_only
green2-5.xls,green,sirloin tender steak,2,24,1.0,5,shear,shear,78,0.150602,255.346,0.0,False,6.942174911499023,test,shear_only
green2-1.xls,green,sirloin tender steak,2,24,1.0,1,shear,shear,79,0.157255,307.395,1.2099204059829047,False,7.273773670196533,train,shear_only
green2-2.xls,green,sirloin tender steak,2,24,1.0,2,shear,shear,79,0.154132,284.362,0.6745,False,7.117720127105713,train,shear_only
green2-3.xls,green,sirloin tender steak,2,24,1.0,3,shear,shear,79,0.156815,142.587,-2.6211726461262734,False,7.251742839813232,train,shear_only
green2-4.xls,green,sirloin tender steak,2,24,1.0,4,shear,shear,79,0.155586,236.826,-0.43051213123793763,False,7.190288066864014,train,shear_only
green2-5.xls,green,sirloin tender steak,2,24,1.0,5,shear,shear,79,0.150602,255.346,0.0,False,6.942174911499023,test,shear_only
green2-1.xls,green,sirloin tender steak,2,24,1.0,1,shear,shear,80,0.157255,307.395,1.3203700631911512,False,7.273773670196533,train,shear_only
green2-2.xls,green,sirloin tender steak,2,24,1.0,2,shear,shear,80,0.154132,284.362,0.6745,False,7.117720127105713,train,shear_only
green2-3.xls,green,sirloin tender steak,2,24,1.0,3,shear,shear,80,0.156815,142.587,-3.301023301737753,False,7.251742839813232,train,shear_only
green2-4.xls,green,sirloin tender steak,2,24,1.0,4,shear,shear,80,0.155586,236.826,-0.6584605055292251,False,7.190288066864014,train,shear_only
green2-5.xls,green,sirloin tender steak,2,24,1.0,5,shear,shear,80,0.16033899999999998,260.308,0.0,False,7.4285807609558105,test,shear_only
green2-1.xls,green,sirloin tender steak,2,24,1.0,1,shear,shear,81,0.157255,307.395,1.3203700631911512,False,7.273773670196533,train,shear_only
green2-2.xls,green,sirloin tender steak,2,24,1.0,2,shear,shear,81,0.154133,284.362,0.6745,False,7.117769241333008,train,shear_only
green2-3.xls,green,sirloin tender steak,2,24,1.0,3,shear,shear,81,0.156815,142.587,-3.301023301737753,False,7.251742839813232,train,shear_only
green2-4.xls,green,sirloin tender steak,2,24,1.0,4,shear,shear,81,0.155586,236.826,-0.6584605055292251,False,7.190288066864014,train,shear_only
green2-5.xls,green,sirloin tender steak,2,24,1.0,5,shear,shear,81,0.16033899999999998,260.308,0.0,False,7.4285807609558105,test,shear_only
green2-1.xls,green,sirloin tender steak,2,24,1.0,1,shear,shear,82,0.157255,307.395,1.3525330678817815,False,7.273773670196533,train,shear_only
green2-2.xls,green,sirloin tender steak,2,24,1.0,2,shear,shear,82,0.164021,281.718,0.6149836044629937,False,7.61434268951416,train,shear_only
green2-3.xls,green,sirloin tender steak,2,24,1.0,3,shear,shear,82,0.156815,142.587,-3.3814332041563753,False,7.251742839813232,train,shear_only
green2-4.xls,green,sirloin tender steak,2,24,1.0,4,shear,shear,82,0.155586,236.826,-0.6745,False,7.190288066864014,train,shear_only
green2-5.xls,green,sirloin tender steak,2,24,1.0,5,shear,shear,82,0.16033899999999998,260.308,0.0,False,7.4285807609558105,test,shear_only
green2-1.xls,green,sirloin tender steak,2,24,1.0,1,shear,shear,83,0.16523900000000002,312.7,1.6505560018682839,False,7.67602014541626,train,shear_only
green2-2.xls,green,sirloin tender steak,2,24,1.0,2,shear,shear,83,0.164021,281.718,0.6745,False,7.61434268951416,train,shear_only
green2-4.xls,green,sirloin tender steak,2,24,1.0,4,shear,shear,83,0.16578199999999998,241.776,-0.5838315740308254,False,7.703554153442383,train,shear_only
green2-5.xls,green,sirloin tender steak,2,24,1.0,5,shear,shear,83,0.16033899999999998,260.308,0.0,False,7.4285807609558105,test,shear_only
green2-1.xls,green,sirloin tender steak,2,24,1.0,1,shear,shear,84,0.16523900000000002,312.7,1.6505560018682839,False,7.67602014541626,train,shear_only
green2-2.xls,green,sirloin tender steak,2,24,1.0,2,shear,shear,84,0.164021,281.718,0.6745,False,7.61434268951416,train,shear_only
green2-4.xls,green,sirloin tender steak,2,24,1.0,4,shear,shear,84,0.16578199999999998,241.776,-0.5838315740308254,False,7.703554153442383,train,shear_only
green2-5.xls,green,sirloin tender steak,2,24,1.0,5,shear,shear,84,0.16033899999999998,260.308,0.0,False,7.4285807609558105,test,shear_only
green2-1.xls,green,sirloin tender steak,2,24,1.0,1,shear,shear,85,0.16523900000000002,312.7,1.4045194697957413,False,7.67602014541626,train,shear_only
green2-2.xls,green,sirloin tender steak,2,24,1.0,2,shear,shear,85,0.164021,281.718,0.49633350717079594,False,7.61434268951416,train,shear_only
green2-4.xls,green,sirloin tender steak,2,24,1.0,4,shear,shear,85,0.16578199999999998,241.776,-0.6745,False,7.703554153442383,train,shear_only
green2-5.xls,green,sirloin tender steak,2,24,1.0,5,shear,shear,85,0.17011700000000002,264.786,0.0,False,7.9241943359375,test,shear_only
green2-1.xls,green,sirloin tender steak,2,24,1.0,1,shear,shear,86,0.16523900000000002,312.7,1.4045194697957413,False,7.67602014541626,train,shear_only
green2-2.xls,green,sirloin tender steak,2,24,1.0,2,shear,shear,86,0.164021,281.718,0.49633350717079594,False,7.61434268951416,train,shear_only
green2-4.xls,green,sirloin tender steak,2,24,1.0,4,shear,shear,86,0.16578199999999998,241.776,-0.6745,False,7.703554153442383,train,shear_only
green2-5.xls,green,sirloin tender steak,2,24,1.0,5,shear,shear,86,0.17011700000000002,264.786,0.0,False,7.9241943359375,test,shear_only
green2-1.xls,green,sirloin tender steak,2,24,1.0,1,shear,shear,87,0.173246,317.659,1.54988433289874,False,8.084385871887207,train,shear_only
green2-2.xls,green,sirloin tender steak,2,24,1.0,2,shear,shear,87,0.17396799999999998,283.57,0.5506218166014776,False,8.1214599609375,train,shear_only
green2-3.xls,green,sirloin tender steak,2,24,1.0,3,shear,shear,87,0.173595,146.678,-3.4621401999130827,False,8.102299690246582,train,shear_only
green2-4.xls,green,sirloin tender steak,2,24,1.0,4,shear,shear,87,0.16578199999999998,241.776,-0.6745,False,7.703554153442383,train,shear_only
green2-5.xls,green,sirloin tender steak,2,24,1.0,5,shear,shear,87,0.17011700000000002,264.786,0.0,False,7.9241943359375,test,shear_only
green2-1.xls,green,sirloin tender steak,2,24,1.0,1,shear,shear,88,0.173246,317.659,1.8985753034497448,False,8.084385871887207,train,shear_only
green2-2.xls,green,sirloin tender steak,2,24,1.0,2,shear,shear,88,0.17396799999999998,283.57,0.6745,False,8.1214599609375,train,shear_only
green2-4.xls,green,sirloin tender steak,2,24,1.0,4,shear,shear,88,0.175978,246.344,-0.6622193888415678,False,8.224898338317871,train,shear_only
green2-5.xls,green,sirloin tender steak,2,24,1.0,5,shear,shear,88,0.17011700000000002,264.786,0.0,False,7.9241943359375,test,shear_only
green2-1.xls,green,sirloin tender steak,2,24,1.0,1,shear,shear,89,0.173246,317.659,1.8985753034497448,False,8.084385871887207,train,shear_only
green2-2.xls,green,sirloin tender steak,2,24,1.0,2,shear,shear,89,0.17396899999999998,283.57,0.6745,False,8.121512413024902,train,shear_only
green2-4.xls,green,sirloin tender steak,2,24,1.0,4,shear,shear,89,0.175978,246.344,-0.6622193888415678,False,8.224898338317871,train,shear_only
green2-5.xls,green,sirloin tender steak,2,24,1.0,5,shear,shear,89,0.17011700000000002,264.786,0.0,False,7.9241943359375,test,shear_only
green2-1.xls,green,sirloin tender steak,2,24,1.0,1,shear,shear,90,0.173246,317.659,1.353835125448026,False,8.084385871887207,train,shear_only
green2-2.xls,green,sirloin tender steak,2,24,1.0,2,shear,shear,90,0.17396899999999998,283.57,0.3842787054606775,False,8.121512413024902,train,shear_only
green2-4.xls,green,sirloin tender steak,2,24,1.0,4,shear,shear,90,0.175978,246.344,-0.6745,False,8.224898338317871,train,shear_only
green2-5.xls,green,sirloin tender steak,2,24,1.0,5,shear,shear,90,0.179825,270.059,0.0,False,8.423810005187988,test,shear_only
green2-1.xls,green,sirloin tender steak,2,24,1.0,1,shear,shear,91,0.181279,322.561,1.493257389837652,False,8.499319076538086,train,shear_only
green2-2.xls,green,sirloin tender steak,2,24,1.0,2,shear,shear,91,0.17396899999999998,283.57,0.3842787054606775,False,8.121512413024902,train,shear_only
green2-3.xls,green,sirloin tender steak,2,24,1.0,3,shear,shear,91,0.18199500000000002,148.253,-3.4643958254269416,False,8.5365629196167,train,shear_only
green2-4.xls,green,sirloin tender steak,2,24,1.0,4,shear,shear,91,0.175978,246.344,-0.6745,False,8.224898338317871,train,shear_only
green2-5.xls,green,sirloin tender steak,2,24,1.0,5,shear,shear,91,0.179825,270.059,0.0,False,8.423810005187988,test,shear_only
green2-1.xls,green,sirloin tender steak,2,24,1.0,1,shear,shear,92,0.181279,322.561,1.493257389837652,False,8.499319076538086,train,shear_only
green2-2.xls,green,sirloin tender steak,2,24,1.0,2,shear,shear,92,0.183859,283.907,0.39386363061353397,False,8.633739471435547,train,shear_only
green2-3.xls,green,sirloin tender steak,2,24,1.0,3,shear,shear,92,0.18199500000000002,148.253,-3.4643958254269416,False,8.5365629196167,train,shear_only
green2-4.xls,green,sirloin tender steak,2,24,1.0,4,shear,shear,92,0.175978,246.344,-0.6745,False,8.224898338317871,train,shear_only
green2-5.xls,green,sirloin tender steak,2,24,1.0,5,shear,shear,92,0.179825,270.059,0.0,False,8.423810005187988,test,shear_only
green2-1.xls,green,sirloin tender steak,2,24,1.0,1,shear,shear,93,0.181279,322.561,1.940522713573342,False,8.499319076538086,train,shear_only
green2-2.xls,green,sirloin tender steak,2,24,1.0,2,shear,shear,93,0.183858,283.907,0.511834949860264,False,8.633686065673828,train,shear_only
green2-4.xls,green,sirloin tender steak,2,24,1.0,4,shear,shear,93,0.18618200000000001,251.81,-0.6745,False,8.755264282226562,train,shear_only
green2-5.xls,green,sirloin tender steak,2,24,1.0,5,shear,shear,93,0.179825,270.059,0.0,False,8.423810005187988,test,shear_only
green2-1.xls,green,sirloin tender steak,2,24,1.0,1,shear,shear,94,0.181279,322.561,1.940522713573342,False,8.499319076538086,train,shear_only
green2-2.xls,green,sirloin tender steak,2,24,1.0,2,shear,shear,94,0.183858,283.907,0.511834949860264,False,8.633686065673828,train,shear_only
green2-4.xls,green,sirloin tender steak,2,24,1.0,4,shear,shear,94,0.18618200000000001,251.81,-0.6745,False,8.755264282226562,train,shear_only
green2-5.xls,green,sirloin tender steak,2,24,1.0,5,shear,shear,94,0.179825,270.059,0.0,False,8.423810005187988,test,shear_only
green2-1.xls,green,sirloin tender steak,2,24,1.0,1,shear,shear,95,0.18936399999999998,326.898,1.740014492753624,False,8.92249584197998,train,shear_only
green2-2.xls,green,sirloin tender steak,2,24,1.0,2,shear,shear,95,0.183858,283.907,0.3576046195652168,False,8.633686065673828,train,shear_only
green2-4.xls,green,sirloin tender steak,2,24,1.0,4,shear,shear,95,0.18618200000000001,251.81,-0.6745,False,8.755264282226562,train,shear_only
green2-5.xls,green,sirloin tender steak,2,24,1.0,5,shear,shear,95,0.189612,272.786,0.0,False,8.935569763183594,test,shear_only
green2-1.xls,green,sirloin tender steak,2,24,1.0,1,shear,shear,96,0.18936399999999998,326.898,1.740014492753624,False,8.92249584197998,train,shear_only
green2-2.xls,green,sirloin tender steak,2,24,1.0,2,shear,shear,96,0.183858,283.907,0.3576046195652168,False,8.633686065673828,train,shear_only
green2-4.xls,green,sirloin tender steak,2,24,1.0,4,shear,shear,96,0.18618200000000001,251.81,-0.6745,False,8.755264282226562,train,shear_only
green2-5.xls,green,sirloin tender steak,2,24,1.0,5,shear,shear,96,0.189612,272.786,0.0,False,8.935569763183594,test,shear_only
green2-1.xls,green,sirloin tender steak,2,24,1.0,1,shear,shear,97,0.18936399999999998,326.898,1.740014492753624,False,8.92249584197998,train,shear_only
green2-2.xls,green,sirloin tender steak,2,24,1.0,2,shear,shear,97,0.193804,287.001,0.4570946557971007,False,9.157360076904297,train,shear_only
green2-4.xls,green,sirloin tender steak,2,24,1.0,4,shear,shear,97,0.18618200000000001,251.81,-0.6745,False,8.755264282226562,train,shear_only
green2-5.xls,green,sirloin tender steak,2,24,1.0,5,shear,shear,97,0.189612,272.786,0.0,False,8.935569763183594,test,shear_only
green2-1.xls,green,sirloin tender steak,2,24,1.0,1,shear,shear,98,0.18936399999999998,326.898,2.247032198485503,False,8.92249584197998,train,shear_only
green2-2.xls,green,sirloin tender steak,2,24,1.0,2,shear,shear,98,0.193804,287.001,0.5902861232530928,False,9.157360076904297,train,shear_only
green2-4.xls,green,sirloin tender steak,2,24,1.0,4,shear,shear,98,0.196404,256.543,-0.6745,False,9.295726776123047,train,shear_only
green2-5.xls,green,sirloin tender steak,2,24,1.0,5,shear,shear,98,0.189612,272.786,0.0,False,8.935569763183594,test,shear_only
green2-1.xls,green,sirloin tender steak,2,24,1.0,1,shear,shear,99,0.197382,330.417,2.3931607153850885,False,9.347938537597656,train,shear_only
green2-2.xls,green,sirloin tender steak,2,24,1.0,2,shear,shear,99,0.193804,287.001,0.5902861232530928,False,9.157360076904297,train,shear_only
green2-4.xls,green,sirloin tender steak,2,24,1.0,4,shear,shear,99,0.196404,256.543,-0.6745,False,9.295726776123047,train,shear_only
green2-5.xls,green,sirloin tender steak,2,24,1.0,5,shear,shear,99,0.189612,272.786,0.0,False,8.935569763183594,test,shear_only
green3-1.xls,green,sirloin tender steak,3,48,2.0,1,shear,shear,0,0.00420052,28.4801,0.6174086939630417,False,0.14316029846668243,train,shear_only
green3-2.xls,green,sirloin tender steak,3,48,2.0,2,shear,shear,0,0.00231932,9.34889,-1.562247592142157,False,0.0790443941950798,train,shear_only
green3-3.xls,green,sirloin tender steak,3,48,2.0,3,shear,shear,0,-0.000697768,23.061,0.0,False,-0.023780319839715958,train,shear_only
green3-4.xls,green,sirloin tender steak,3,48,2.0,4,shear,shear,0,0.00037099100000000004,17.1408,-0.6745,False,0.012643575668334961,train,shear_only
green3-5.xls,green,sirloin tender steak,3,48,2.0,5,shear,shear,0,0.00100193,31.3759,0.9473328688219992,False,0.03414635732769966,test,shear_only
green3-1.xls,green,sirloin tender steak,3,48,2.0,1,shear,shear,1,0.00419867,28.4801,0.0,False,0.14309725165367126,train,shear_only
green3-2.xls,green,sirloin tender steak,3,48,2.0,2,shear,shear,1,0.00231932,9.34889,-1.1379892184702758,False,0.0790443941950798,train,shear_only
green3-3.xls,green,sirloin tender steak,3,48,2.0,3,shear,shear,1,0.00128604,45.981,1.0410128535271135,False,0.043829042464494705,train,shear_only
green3-4.xls,green,sirloin tender steak,3,48,2.0,4,shear,shear,1,0.00037099100000000004,17.1408,-0.6745,False,0.012643575668334961,train,shear_only
green3-5.xls,green,sirloin tender steak,3,48,2.0,5,shear,shear,1,0.00100135,31.3759,0.17225199968252014,False,0.03412659093737602,test,shear_only
green3-1.xls,green,sirloin tender steak,3,48,2.0,1,shear,shear,2,0.00375076,40.9496,0.4536294546578524,False,0.12783101201057434,train,shear_only
green3-2.xls,green,sirloin tender steak,3,48,2.0,2,shear,shear,2,0.0023193,9.34889,-1.0437031172945745,False,0.07904371619224548,train,shear_only
green3-3.xls,green,sirloin tender steak,3,48,2.0,3,shear,shear,2,0.00128604,45.981,0.6920316646879895,False,0.043829042464494705,train,shear_only
green3-4.xls,green,sirloin tender steak,3,48,2.0,4,shear,shear,2,0.00037099100000000004,17.1408,-0.6745,False,0.012643575668334961,train,shear_only
green3-5.xls,green,sirloin tender steak,3,48,2.0,5,shear,shear,2,0.00100135,31.3759,0.0,False,0.03412659093737602,test,shear_only
green3-1.xls,green,sirloin tender steak,3,48,2.0,1,shear,shear,3,0.00375073,40.9496,0.6745,False,0.12782998383045197,train,shear_only
green3-2.xls,green,sirloin tender steak,3,48,2.0,2,shear,shear,3,0.0056684000000000005,26.3998,-0.3505833115723287,False,0.19319280982017517,train,shear_only
green3-3.xls,green,sirloin tender steak,3,48,2.0,3,shear,shear,3,0.00128604,45.981,1.0289793862352075,False,0.043829042464494705,train,shear_only
green3-4.xls,green,sirloin tender steak,3,48,2.0,4,shear,shear,3,0.00037099100000000004,17.1408,-1.0029116172430728,False,0.012643575668334961,train,shear_only
green3-5.xls,green,sirloin tender steak,3,48,2.0,5,shear,shear,3,0.00100134,31.3759,0.0,False,0.034126248210668564,test,shear_only
green3-1.xls,green,sirloin tender steak,3,48,2.0,1,shear,shear,4,0.00375073,40.9496,0.6745,False,0.12782998383045197,train,shear_only
green3-2.xls,green,sirloin tender steak,3,48,2.0,2,shear,shear,4,0.0056684000000000005,26.3998,-0.3505833115723287,False,0.19319280982017517,train,shear_only
green3-3.xls,green,sirloin tender steak,3,48,2.0,3,shear,shear,4,0.00128604,45.981,1.0289793862352075,False,0.043829042464494705,train,shear_only
green3-4.xls,green,sirloin tender steak,3,48,2.0,4,shear,shear,4,0.000370988,17.1408,-1.0029116172430728,False,0.012643473222851753,train,shear_only
green3-5.xls,green,sirloin tender steak,3,48,2.0,5,shear,shear,4,0.00100134,31.3759,0.0,False,0.034126248210668564,test,shear_only
green3-1.xls,green,sirloin tender steak,3,48,2.0,1,shear,shear,5,0.00375073,40.9496,0.0,False,0.12782998383045197,train,shear_only
green3-2.xls,green,sirloin tender steak,3,48,2.0,2,shear,shear,5,0.0056684000000000005,26.3998,-0.39482145845737915,False,0.19319280982017517,train,shear_only
green3-3.xls,green,sirloin tender steak,3,48,2.0,3,shear,shear,5,0.0105527,77.0685,0.980117718173187,False,0.35971078276634216,train,shear_only
green3-4.xls,green,sirloin tender steak,3,48,2.0,4,shear,shear,5,0.010822499999999999,16.0932,-0.6745,False,0.36891117691993713,train,shear_only
green3-5.xls,green,sirloin tender steak,3,48,2.0,5,shear,shear,5,0.00986764,93.7551,1.432923100288055,False,0.3363509178161621,test,shear_only
green3-1.xls,green,sirloin tender steak,3,48,2.0,1,shear,shear,6,0.012224500000000001,37.5649,0.0,False,0.4167250394821167,train,shear_only
green3-2.xls,green,sirloin tender steak,3,48,2.0,2,shear,shear,6,0.0056684000000000005,26.3998,-0.35073421992669424,False,0.19319280982017517,train,shear_only
green3-3.xls,green,sirloin tender steak,3,48,2.0,3,shear,shear,6,0.0105527,77.0685,1.2409440426235463,False,0.35971078276634216,train,shear_only
green3-4.xls,green,sirloin tender steak,3,48,2.0,4,shear,shear,6,0.010822499999999999,16.0932,-0.6745,False,0.36891117691993713,train,shear_only
green3-5.xls,green,sirloin tender steak,3,48,2.0,5,shear,shear,6,0.00986764,93.7551,1.7651275818868555,False,0.3363509178161621,test,shear_only
green3-1.xls,green,sirloin tender steak,3,48,2.0,1,shear,shear,7,0.012224500000000001,37.5649,-0.13119509052167191,False,0.4167250394821167,train,shear_only
green3-2.xls,green,sirloin tender steak,3,48,2.0,2,shear,shear,7,0.013705199999999999,42.7498,0.0,False,0.4672320485115051,train,shear_only
green3-3.xls,green,sirloin tender steak,3,48,2.0,3,shear,shear,7,0.0105526,77.0685,0.8683764302274107,False,0.35970738530158997,train,shear_only
green3-4.xls,green,sirloin tender steak,3,48,2.0,4,shear,shear,7,0.010822499999999999,16.0932,-0.6745000000000001,False,0.36891117691993713,train,shear_only
green3-5.xls,green,sirloin tender steak,3,48,2.0,5,shear,shear,7,0.00986762,93.7551,1.290602509322269,False,0.3363502323627472,test,shear_only
green3-1.xls,green,sirloin tender steak,3,48,2.0,1,shear,shear,8,0.012224500000000001,37.5649,-0.13119509052167191,False,0.4167250394821167,train,shear_only
green3-2.xls,green,sirloin tender steak,3,48,2.0,2,shear,shear,8,0.013705199999999999,42.7498,0.0,False,0.4672320485115051,train,shear_only
green3-3.xls,green,sirloin tender steak,3,48,2.0,3,shear,shear,8,0.0105526,77.0685,0.8683764302274107,False,0.35970738530158997,train,shear_only
green3-4.xls,green,sirloin tender steak,3,48,2.0,4,shear,shear,8,0.010822499999999999,16.0932,-0.6745000000000001,False,0.36891117691993713,train,shear_only
green3-5.xls,green,sirloin tender steak,3,48,2.0,5,shear,shear,8,0.00986762,93.7551,1.290602509322269,False,0.3363502323627472,test,shear_only
green3-1.xls,green,sirloin tender steak,3,48,2.0,1,shear,shear,9,0.012224500000000001,37.5649,-0.13119509052167191,False,0.4167250394821167,train,shear_only
green3-2.xls,green,sirloin tender steak,3,48,2.0,2,shear,shear,9,0.013705199999999999,42.7498,0.0,False,0.4672320485115051,train,shear_only
green3-3.xls,green,sirloin tender steak,3,48,2.0,3,shear,shear,9,0.0105526,77.0685,0.8683764302274107,False,0.35970738530158997,train,shear_only
green3-4.xls,green,sirloin tender steak,3,48,2.0,4,shear,shear,9,0.010822499999999999,16.0932,-0.6745000000000001,False,0.36891117691993713,train,shear_only
green3-5.xls,green,sirloin tender steak,3,48,2.0,5,shear,shear,9,0.009867599999999999,93.7551,1.290602509322269,False,0.33634957671165466,test,shear_only
green3-1.xls,green,sirloin tender steak,3,48,2.0,1,shear,shear,10,0.0206495,73.037,0.0,False,0.7042643427848816,train,shear_only
green3-2.xls,green,sirloin tender steak,3,48,2.0,2,shear,shear,10,0.013705199999999999,42.7498,-0.6745,False,0.4672320485115051,train,shear_only
green3-3.xls,green,sirloin tender steak,3,48,2.0,3,shear,shear,10,0.018950599999999998,163.188,2.0076748428378974,False,0.6462472677230835,train,shear_only
green3-4.xls,green,sirloin tender steak,3,48,2.0,4,shear,shear,10,0.020009299999999997,55.3539,-0.3938050050846562,False,0.6823992133140564,train,shear_only
green3-5.xls,green,sirloin tender steak,3,48,2.0,5,shear,shear,10,0.0203132,197.2,2.7651266376555106,False,0.6927783489227295,test,shear_only
green3-1.xls,green,sirloin tender steak,3,48,2.0,1,shear,shear,11,0.0206495,73.037,-0.0649404890887718,False,0.7042643427848816,train,shear_only
green3-2.xls,green,sirloin tender steak,3,48,2.0,2,shear,shear,11,0.0217814,74.9209,0.0,False,0.7429302334785461,train,shear_only
green3-3.xls,green,sirloin tender steak,3,48,2.0,3,shear,shear,11,0.018950599999999998,163.188,3.042682013083252,False,0.6462472677230835,train,shear_only
green3-4.xls,green,sirloin tender steak,3,48,2.0,4,shear,shear,11,0.020009299999999997,55.3539,-0.6745,False,0.6823992133140564,train,shear_only
green3-1.xls,green,sirloin tender steak,3,48,2.0,1,shear,shear,12,0.0206495,73.037,-0.0649404890887718,False,0.7042643427848816,train,shear_only
green3-2.xls,green,sirloin tender steak,3,48,2.0,2,shear,shear,12,0.0217814,74.9209,0.0,False,0.7429302334785461,train,shear_only
green3-3.xls,green,sirloin tender steak,3,48,2.0,3,shear,shear,12,0.018950599999999998,163.188,3.042682013083252,False,0.6462472677230835,train,shear_only
green3-4.xls,green,sirloin tender steak,3,48,2.0,4,shear,shear,12,0.020009299999999997,55.3539,-0.6745,False,0.6823992133140564,train,shear_only
green3-1.xls,green,sirloin tender steak,3,48,2.0,1,shear,shear,13,0.0206495,73.037,-0.0649404890887718,False,0.7042643427848816,train,shear_only
green3-2.xls,green,sirloin tender steak,3,48,2.0,2,shear,shear,13,0.0217814,74.9209,0.0,False,0.7429302334785461,train,shear_only
green3-3.xls,green,sirloin tender steak,3,48,2.0,3,shear,shear,13,0.018950599999999998,163.188,3.042682013083252,False,0.6462472677230835,train,shear_only
green3-4.xls,green,sirloin tender steak,3,48,2.0,4,shear,shear,13,0.020009299999999997,55.3539,-0.6745,False,0.6823992133140564,train,shear_only
green3-1.xls,green,sirloin tender steak,3,48,2.0,1,shear,shear,14,0.0206495,73.037,-0.0649404890887718,False,0.7042643427848816,train,shear_only
green3-2.xls,green,sirloin tender steak,3,48,2.0,2,shear,shear,14,0.0217814,74.9209,0.0,False,0.7429302334785461,train,shear_only
green3-4.xls,green,sirloin tender steak,3,48,2.0,4,shear,shear,14,0.020009299999999997,55.3539,-0.6745,False,0.6823992133140564,train,shear_only
green3-1.xls,green,sirloin tender steak,3,48,2.0,1,shear,shear,15,0.0291107,86.4675,-0.16012341496008395,False,0.9935608506202698,train,shear_only
green3-2.xls,green,sirloin tender steak,3,48,2.0,2,shear,shear,15,0.0298251,91.2284,0.0,False,1.0180177688598633,train,shear_only
green3-4.xls,green,sirloin tender steak,3,48,2.0,4,shear,shear,15,0.029065599999999997,71.1737,-0.6745,False,0.9920170307159424,train,shear_only
green3-1.xls,green,sirloin tender steak,3,48,2.0,1,shear,shear,16,0.0291107,86.4675,-0.16012341496008395,False,0.9935608506202698,train,shear_only
green3-2.xls,green,sirloin tender steak,3,48,2.0,2,shear,shear,16,0.0298251,91.2284,0.0,False,1.0180177688598633,train,shear_only
green3-4.xls,green,sirloin tender steak,3,48,2.0,4,shear,shear,16,0.029065599999999997,71.1737,-0.6745,False,0.9920170307159424,train,shear_only
green3-1.xls,green,sirloin tender steak,3,48,2.0,1,shear,shear,17,0.029110399999999998,86.4675,-0.16012341496008395,False,0.9935506582260132,train,shear_only
green3-2.xls,green,sirloin tender steak,3,48,2.0,2,shear,shear,17,0.0298251,91.2284,0.0,False,1.0180177688598633,train,shear_only
green3-4.xls,green,sirloin tender steak,3,48,2.0,4,shear,shear,17,0.029065599999999997,71.1737,-0.6745,False,0.9920170307159424,train,shear_only
green3-1.xls,green,sirloin tender steak,3,48,2.0,1,shear,shear,18,0.029110399999999998,86.4675,-0.16012341496008395,False,0.9935506582260132,train,shear_only
green3-2.xls,green,sirloin tender steak,3,48,2.0,2,shear,shear,18,0.0298251,91.2284,0.0,False,1.0180177688598633,train,shear_only
green3-4.xls,green,sirloin tender steak,3,48,2.0,4,shear,shear,18,0.029065599999999997,71.1737,-0.6745,False,0.9920170307159424,train,shear_only
green3-1.xls,green,sirloin tender steak,3,48,2.0,1,shear,shear,19,0.0375428,98.0288,-0.1664070525467759,False,1.2825957536697388,train,shear_only
green3-2.xls,green,sirloin tender steak,3,48,2.0,2,shear,shear,19,0.0379005,104.031,0.0,False,1.2948760986328125,train,shear_only
green3-4.xls,green,sirloin tender steak,3,48,2.0,4,shear,shear,19,0.038186,79.7022,-0.6745,False,1.3046791553497314,train,shear_only
green3-1.xls,green,sirloin tender steak,3,48,2.0,1,shear,shear,20,0.0375428,98.0288,-0.1664070525467759,False,1.2825957536697388,train,shear_only
green3-2.xls,green,sirloin tender steak,3,48,2.0,2,shear,shear,20,0.0379005,104.031,0.0,False,1.2948760986328125,train,shear_only
green3-4.xls,green,sirloin tender steak,3,48,2.0,4,shear,shear,20,0.038186,79.7022,-0.6745,False,1.3046791553497314,train,shear_only
green3-1.xls,green,sirloin tender steak,3,48,2.0,1,shear,shear,21,0.0375428,98.0288,-0.1664070525467759,False,1.2825957536697388,train,shear_only
green3-2.xls,green,sirloin tender steak,3,48,2.0,2,shear,shear,21,0.0379005,104.031,0.0,False,1.2948760986328125,train,shear_only
green3-4.xls,green,sirloin tender steak,3,48,2.0,4,shear,shear,21,0.038186,79.7022,-0.6745,False,1.3046791553497314,train,shear_only
green3-1.xls,green,sirloin tender steak,3,48,2.0,1,shear,shear,22,0.0375428,98.0288,-0.1664070525467759,False,1.2825957536697388,train,shear_only
green3-2.xls,green,sirloin tender steak,3,48,2.0,2,shear,shear,22,0.0379005,104.031,0.0,False,1.2948760986328125,train,shear_only
green3-4.xls,green,sirloin tender steak,3,48,2.0,4,shear,shear,22,0.038186,79.7022,-0.6745,False,1.3046791553497314,train,shear_only
green3-1.xls,green,sirloin tender steak,3,48,2.0,1,shear,shear,23,0.0459835,106.917,-0.17112140068071227,False,1.5728704929351807,train,shear_only
green3-2.xls,green,sirloin tender steak,3,48,2.0,2,shear,shear,23,0.0460385,114.207,0.0,False,1.5747653245925903,train,shear_only
green3-4.xls,green,sirloin tender steak,3,48,2.0,4,shear,shear,23,0.0473379,85.4724,-0.6745,False,1.619550347328186,train,shear_only
green3-1.xls,green,sirloin tender steak,3,48,2.0,1,shear,shear,24,0.0459835,106.917,-0.17112140068071227,False,1.5728704929351807,train,shear_only
green3-2.xls,green,sirloin tender steak,3,48,2.0,2,shear,shear,24,0.0460385,114.207,0.0,False,1.5747653245925903,train,shear_only
green3-4.xls,green,sirloin tender steak,3,48,2.0,4,shear,shear,24,0.0473379,85.4724,-0.6745,False,1.619550347328186,train,shear_only
green3-1.xls,green,sirloin tender steak,3,48,2.0,1,shear,shear,25,0.0459835,106.917,-0.17112140068071227,False,1.5728704929351807,train,shear_only
green3-2.xls,green,sirloin tender steak,3,48,2.0,2,shear,shear,25,0.0460385,114.207,0.0,False,1.5747653245925903,train,shear_only
green3-4.xls,green,sirloin tender steak,3,48,2.0,4,shear,shear,25,0.0473379,85.4724,-0.6745,False,1.619550347328186,train,shear_only
green3-1.xls,green,sirloin tender steak,3,48,2.0,1,shear,shear,26,0.0459835,106.917,-0.17112140068071227,False,1.5728704929351807,train,shear_only
green3-2.xls,green,sirloin tender steak,3,48,2.0,2,shear,shear,26,0.0460385,114.207,0.0,False,1.5747653245925903,train,shear_only
green3-4.xls,green,sirloin tender steak,3,48,2.0,4,shear,shear,26,0.0473379,85.4724,-0.6745,False,1.619550347328186,train,shear_only
green3-1.xls,green,sirloin tender steak,3,48,2.0,1,shear,shear,27,0.0544622,113.836,-0.12787104341316516,False,1.8656193017959595,train,shear_only
green3-2.xls,green,sirloin tender steak,3,48,2.0,2,shear,shear,27,0.0540673,120.471,0.0,False,1.8519549369812012,train,shear_only
green3-3.xls,green,sirloin tender steak,3,48,2.0,3,shear,shear,27,0.0525149,300.567,3.4708460338413527,False,1.7982689142227173,train,shear_only
green3-4.xls,green,sirloin tender steak,3,48,2.0,4,shear,shear,27,0.0473379,85.4724,-0.6745,False,1.619550347328186,train,shear_only
green3-5.xls,green,sirloin tender steak,3,48,2.0,5,shear,shear,27,0.0515716,299.947,3.45889727017652,False,1.7656686305999756,test,shear_only
green3-1.xls,green,sirloin tender steak,3,48,2.0,1,shear,shear,28,0.0544622,113.836,-0.14290071716862093,False,1.8656193017959595,train,shear_only
green3-2.xls,green,sirloin tender steak,3,48,2.0,2,shear,shear,28,0.0540673,120.471,0.0,False,1.8519549369812012,train,shear_only
green3-4.xls,green,sirloin tender steak,3,48,2.0,4,shear,shear,28,0.0563551,89.1534,-0.6745,False,1.931158423423767,train,shear_only
green3-1.xls,green,sirloin tender steak,3,48,2.0,1,shear,shear,29,0.0544622,113.836,-0.14290071716862093,False,1.8656193017959595,train,shear_only
green3-2.xls,green,sirloin tender steak,3,48,2.0,2,shear,shear,29,0.0540673,120.471,0.0,False,1.8519549369812012,train,shear_only
green3-4.xls,green,sirloin tender steak,3,48,2.0,4,shear,shear,29,0.0563551,89.1534,-0.6745,False,1.931158423423767,train,shear_only
green3-1.xls,green,sirloin tender steak,3,48,2.0,1,shear,shear,30,0.0544622,113.836,-0.14290071716862093,False,1.8656193017959595,train,shear_only
green3-2.xls,green,sirloin tender steak,3,48,2.0,2,shear,shear,30,0.0540673,120.471,0.0,False,1.8519549369812012,train,shear_only
green3-4.xls,green,sirloin tender steak,3,48,2.0,4,shear,shear,30,0.0563551,89.1534,-0.6745,False,1.931158423423767,train,shear_only
green3-1.xls,green,sirloin tender steak,3,48,2.0,1,shear,shear,31,0.0628778,119.944,-0.07953344066738095,False,2.157559633255005,train,shear_only
green3-2.xls,green,sirloin tender steak,3,48,2.0,2,shear,shear,31,0.0621438,124.06,0.0,False,2.1320371627807617,train,shear_only
green3-4.xls,green,sirloin tender steak,3,48,2.0,4,shear,shear,31,0.0563551,89.1534,-0.6745,False,1.931158423423767,train,shear_only
green3-1.xls,green,sirloin tender steak,3,48,2.0,1,shear,shear,32,0.0628778,119.944,-0.07953344066738095,False,2.157559633255005,train,shear_only
green3-2.xls,green,sirloin tender steak,3,48,2.0,2,shear,shear,32,0.0621438,124.06,0.0,False,2.1320371627807617,train,shear_only
green3-4.xls,green,sirloin tender steak,3,48,2.0,4,shear,shear,32,0.0563551,89.1534,-0.6745,False,1.931158423423767,train,shear_only
green3-1.xls,green,sirloin tender steak,3,48,2.0,1,shear,shear,33,0.0628778,119.944,-0.08826355948369044,False,2.157559633255005,train,shear_only
green3-2.xls,green,sirloin tender steak,3,48,2.0,2,shear,shear,33,0.0621438,124.06,0.0,False,2.1320371627807617,train,shear_only
green3-4.xls,green,sirloin tender steak,3,48,2.0,4,shear,shear,33,0.0654845,92.606,-0.6745,False,2.2482969760894775,train,shear_only
green3-1.xls,green,sirloin tender steak,3,48,2.0,1,shear,shear,34,0.0628778,119.944,-0.08826355948369044,False,2.157559633255005,train,shear_only
green3-2.xls,green,sirloin tender steak,3,48,2.0,2,shear,shear,34,0.0621438,124.06,0.0,False,2.1320371627807617,train,shear_only
green3-4.xls,green,sirloin tender steak,3,48,2.0,4,shear,shear,34,0.0654845,92.606,-0.6745,False,2.2482969760894775,train,shear_only
green3-1.xls,green,sirloin tender steak,3,48,2.0,1,shear,shear,35,0.0628778,119.944,-0.10653717735477111,False,2.157559633255005,train,shear_only
green3-2.xls,green,sirloin tender steak,3,48,2.0,2,shear,shear,35,0.0702084,125.072,0.0,False,2.4131388664245605,train,shear_only
green3-4.xls,green,sirloin tender steak,3,48,2.0,4,shear,shear,35,0.0654845,92.606,-0.6745,False,2.2482969760894775,train,shear_only
green3-1.xls,green,sirloin tender steak,3,48,2.0,1,shear,shear,36,0.071355,122.993,-0.043192432082794455,False,2.4532315731048584,train,shear_only
green3-2.xls,green,sirloin tender steak,3,48,2.0,2,shear,shear,36,0.0702084,125.072,0.0,False,2.4131388664245605,train,shear_only
green3-4.xls,green,sirloin tender steak,3,48,2.0,4,shear,shear,36,0.0654845,92.606,-0.6745,False,2.2482969760894775,train,shear_only
green3-1.xls,green,sirloin tender steak,3,48,2.0,1,shear,shear,37,0.071355,122.993,-0.04631612410986791,False,2.4532315731048584,train,shear_only
green3-2.xls,green,sirloin tender steak,3,48,2.0,2,shear,shear,37,0.0702084,125.072,0.0,False,2.4131388664245605,train,shear_only
green3-4.xls,green,sirloin tender steak,3,48,2.0,4,shear,shear,37,0.074602,94.7956,-0.6745,False,2.5669519901275635,train,shear_only
green3-1.xls,green,sirloin tender steak,3,48,2.0,1,shear,shear,38,0.071355,122.993,-0.04631612410986791,False,2.4532315731048584,train,shear_only
green3-2.xls,green,sirloin tender steak,3,48,2.0,2,shear,shear,38,0.0702084,125.072,0.0,False,2.4131388664245605,train,shear_only
green3-4.xls,green,sirloin tender steak,3,48,2.0,4,shear,shear,38,0.074602,94.7956,-0.6745,False,2.5669519901275635,train,shear_only
green3-1.xls,green,sirloin tender steak,3,48,2.0,1,shear,shear,39,0.071355,122.993,-0.06791380157170943,False,2.4532315731048584,train,shear_only
green3-2.xls,green,sirloin tender steak,3,48,2.0,2,shear,shear,39,0.0782958,126.15,0.0,False,2.6966609954833984,train,shear_only
green3-4.xls,green,sirloin tender steak,3,48,2.0,4,shear,shear,39,0.074602,94.7956,-0.6745,False,2.5669519901275635,train,shear_only
green3-1.xls,green,sirloin tender steak,3,48,2.0,1,shear,shear,40,0.07980229999999999,128.126,0.0,False,2.7496695518493652,train,shear_only
green3-2.xls,green,sirloin tender steak,3,48,2.0,2,shear,shear,40,0.0782958,126.15,-0.039987878933346106,False,2.6966609954833984,train,shear_only
green3-4.xls,green,sirloin tender steak,3,48,2.0,4,shear,shear,40,0.074602,94.7956,-0.6745,False,2.5669519901275635,train,shear_only
green3-1.xls,green,sirloin tender steak,3,48,2.0,1,shear,shear,41,0.07980229999999999,128.126,0.0,False,2.7496695518493652,train,shear_only
green3-2.xls,green,sirloin tender steak,3,48,2.0,2,shear,shear,41,0.0782958,126.15,-0.039987878933346106,False,2.6966609954833984,train,shear_only
green3-4.xls,green,sirloin tender steak,3,48,2.0,4,shear,shear,41,0.074602,94.7956,-0.6745,False,2.5669519901275635,train,shear_only
green3-1.xls,green,sirloin tender steak,3,48,2.0,1,shear,shear,42,0.07980229999999999,128.126,0.0,False,2.7496695518493652,train,shear_only
green3-2.xls,green,sirloin tender steak,3,48,2.0,2,shear,shear,42,0.0782958,126.15,-0.04655900343390516,False,2.6966609954833984,train,shear_only
green3-4.xls,green,sirloin tender steak,3,48,2.0,4,shear,shear,42,0.0836355,99.4997,-0.6745,False,2.884840726852417,train,shear_only
green3-1.xls,green,sirloin tender steak,3,48,2.0,1,shear,shear,43,0.07980229999999999,128.126,0.0,False,2.7496695518493652,train,shear_only
green3-2.xls,green,sirloin tender steak,3,48,2.0,2,shear,shear,43,0.0863976,123.712,-0.10400376576784288,False,2.9825103282928467,train,shear_only
green3-4.xls,green,sirloin tender steak,3,48,2.0,4,shear,shear,43,0.0836355,99.4997,-0.6745,False,2.884840726852417,train,shear_only
green3-1.xls,green,sirloin tender steak,3,48,2.0,1,shear,shear,44,0.08826890000000001,131.448,0.0,False,3.048811435699463,train,shear_only
green3-2.xls,green,sirloin tender steak,3,48,2.0,2,shear,shear,44,0.0863976,123.712,-0.1633242457345149,False,2.9825103282928467,train,shear_only
green3-4.xls,green,sirloin tender steak,3,48,2.0,4,shear,shear,44,0.0836355,99.4997,-0.6745,False,2.884840726852417,train,shear_only
green3-1.xls,green,sirloin tender steak,3,48,2.0,1,shear,shear,45,0.08826890000000001,131.448,0.0,False,3.048811435699463,train,shear_only
green3-2.xls,green,sirloin tender steak,3,48,2.0,2,shear,shear,45,0.0863976,123.712,-0.1633242457345149,False,2.9825103282928467,train,shear_only
green3-4.xls,green,sirloin tender steak,3,48,2.0,4,shear,shear,45,0.0836355,99.4997,-0.6745,False,2.884840726852417,train,shear_only
green3-1.xls,green,sirloin tender steak,3,48,2.0,1,shear,shear,46,0.08826890000000001,131.448,0.0,False,3.048811435699463,train,shear_only
green3-2.xls,green,sirloin tender steak,3,48,2.0,2,shear,shear,46,0.0863976,123.712,-0.16732185345518688,False,2.9825103282928467,train,shear_only
green3-4.xls,green,sirloin tender steak,3,48,2.0,4,shear,shear,46,0.0927674,100.263,-0.6745,False,3.208653450012207,train,shear_only
green3-1.xls,green,sirloin tender steak,3,48,2.0,1,shear,shear,47,0.0882681,131.448,0.0,False,3.048784017562866,train,shear_only
green3-2.xls,green,sirloin tender steak,3,48,2.0,2,shear,shear,47,0.0944474,123.905,-0.1631474587141255,False,3.2685160636901855,train,shear_only
green3-4.xls,green,sirloin tender steak,3,48,2.0,4,shear,shear,47,0.0927674,100.263,-0.6745,False,3.208653450012207,train,shear_only
green3-1.xls,green,sirloin tender steak,3,48,2.0,1,shear,shear,48,0.09669879999999999,135.3,0.0,False,3.348890542984009,train,shear_only
green3-2.xls,green,sirloin tender steak,3,48,2.0,2,shear,shear,48,0.0944474,123.905,-0.21936602734252378,False,3.2685160636901855,train,shear_only
green3-4.xls,green,sirloin tender steak,3,48,2.0,4,shear,shear,48,0.0927674,100.263,-0.6745,False,3.208653450012207,train,shear_only
green3-1.xls,green,sirloin tender steak,3,48,2.0,1,shear,shear,49,0.0966996,135.3,0.0,False,3.3489184379577637,train,shear_only
green3-2.xls,green,sirloin tender steak,3,48,2.0,2,shear,shear,49,0.0944474,123.905,-0.21936602734252378,False,3.2685160636901855,train,shear_only
green3-4.xls,green,sirloin tender steak,3,48,2.0,4,shear,shear,49,0.0927674,100.263,-0.6745,False,3.208653450012207,train,shear_only
green3-1.xls,green,sirloin tender steak,3,48,2.0,1,shear,shear,50,0.0966996,135.3,0.0,False,3.3489184379577637,train,shear_only
green3-2.xls,green,sirloin tender steak,3,48,2.0,2,shear,shear,50,0.0944474,123.905,-0.21936602734252378,False,3.2685160636901855,train,shear_only
green3-4.xls,green,sirloin tender steak,3,48,2.0,4,shear,shear,50,0.0927674,100.263,-0.6745,False,3.208653450012207,train,shear_only
green3-1.xls,green,sirloin tender steak,3,48,2.0,1,shear,shear,51,0.09669879999999999,135.3,0.0,False,3.348890542984009,train,shear_only
green3-2.xls,green,sirloin tender steak,3,48,2.0,2,shear,shear,51,0.102536,125.187,-0.21542504105608912,False,3.558094024658203,train,shear_only
green3-4.xls,green,sirloin tender steak,3,48,2.0,4,shear,shear,51,0.101829,103.636,-0.6745,False,3.5326902866363525,train,shear_only
green3-1.xls,green,sirloin tender steak,3,48,2.0,1,shear,shear,52,0.09669879999999999,135.3,0.0,False,3.348890542984009,train,shear_only
green3-2.xls,green,sirloin tender steak,3,48,2.0,2,shear,shear,52,0.102536,125.187,-0.21542504105608912,False,3.558094024658203,train,shear_only
green3-4.xls,green,sirloin tender steak,3,48,2.0,4,shear,shear,52,0.101829,103.636,-0.6745,False,3.5326902866363525,train,shear_only
green3-1.xls,green,sirloin tender steak,3,48,2.0,1,shear,shear,53,0.10517599999999999,138.982,0.0,False,3.6531152725219727,train,shear_only
green3-2.xls,green,sirloin tender steak,3,48,2.0,2,shear,shear,53,0.102536,125.187,-0.2632469727833418,False,3.558094024658203,train,shear_only
green3-4.xls,green,sirloin tender steak,3,48,2.0,4,shear,shear,53,0.101829,103.636,-0.6745,False,3.5326902866363525,train,shear_only
green3-1.xls,green,sirloin tender steak,3,48,2.0,1,shear,shear,54,0.10517599999999999,138.982,0.0,False,3.6531152725219727,train,shear_only
green3-2.xls,green,sirloin tender steak,3,48,2.0,2,shear,shear,54,0.102536,125.187,-0.2632469727833418,False,3.558094024658203,train,shear_only
green3-4.xls,green,sirloin tender steak,3,48,2.0,4,shear,shear,54,0.101829,103.636,-0.6745,False,3.5326902866363525,train,shear_only
green3-1.xls,green,sirloin tender steak,3,48,2.0,1,shear,shear,55,0.10517599999999999,138.982,0.0,False,3.6531152725219727,train,shear_only
green3-2.xls,green,sirloin tender steak,3,48,2.0,2,shear,shear,55,0.102536,125.187,-0.2632469727833418,False,3.558094024658203,train,shear_only
green3-4.xls,green,sirloin tender steak,3,48,2.0,4,shear,shear,55,0.101829,103.636,-0.6745,False,3.5326902866363525,train,shear_only
green3-1.xls,green,sirloin tender steak,3,48,2.0,1,shear,shear,56,0.10517599999999999,138.982,0.0,False,3.6531152725219727,train,shear_only
green3-2.xls,green,sirloin tender steak,3,48,2.0,2,shear,shear,56,0.110739,123.482,-0.30578385492834165,False,3.854205369949341,train,shear_only
green3-4.xls,green,sirloin tender steak,3,48,2.0,4,shear,shear,56,0.110968,104.792,-0.6745,False,3.862508773803711,train,shear_only
green3-1.xls,green,sirloin tender steak,3,48,2.0,1,shear,shear,57,0.11366899999999999,141.278,0.0,False,3.9606051445007324,train,shear_only
green3-2.xls,green,sirloin tender steak,3,48,2.0,2,shear,shear,57,0.110739,123.482,-0.3289865153757605,False,3.854205369949341,train,shear_only
green3-4.xls,green,sirloin tender steak,3,48,2.0,4,shear,shear,57,0.110968,104.792,-0.6745,False,3.862508773803711,train,shear_only
green3-1.xls,green,sirloin tender steak,3,48,2.0,1,shear,shear,58,0.11366899999999999,141.278,0.0,False,3.9606051445007324,train,shear_only
green3-2.xls,green,sirloin tender steak,3,48,2.0,2,shear,shear,58,0.110739,123.482,-0.3289865153757605,False,3.854205369949341,train,shear_only
green3-4.xls,green,sirloin tender steak,3,48,2.0,4,shear,shear,58,0.110968,104.792,-0.6745,False,3.862508773803711,train,shear_only
green3-1.xls,green,sirloin tender steak,3,48,2.0,1,shear,shear,59,0.11366899999999999,141.278,0.0,False,3.9606051445007324,train,shear_only
green3-2.xls,green,sirloin tender steak,3,48,2.0,2,shear,shear,59,0.11870900000000001,123.708,-0.32480855670668196,False,4.144445896148682,train,shear_only
green3-4.xls,green,sirloin tender steak,3,48,2.0,4,shear,shear,59,0.110968,104.792,-0.6745,False,3.862508773803711,train,shear_only
green3-1.xls,green,sirloin tender steak,3,48,2.0,1,shear,shear,60,0.11366899999999999,141.278,0.0,False,3.9606051445007324,train,shear_only
green3-2.xls,green,sirloin tender steak,3,48,2.0,2,shear,shear,60,0.11870900000000001,123.708,-0.3393358435459855,False,4.144445896148682,train,shear_only
green3-4.xls,green,sirloin tender steak,3,48,2.0,4,shear,shear,60,0.12003899999999999,106.354,-0.6745,False,4.193137168884277,train,shear_only
green3-1.xls,green,sirloin tender steak,3,48,2.0,1,shear,shear,61,0.122084,144.246,0.0,False,4.268152713775635,train,shear_only
green3-2.xls,green,sirloin tender steak,3,48,2.0,2,shear,shear,61,0.11870900000000001,123.708,-0.3655885411168585,False,4.144445896148682,train,shear_only
green3-4.xls,green,sirloin tender steak,3,48,2.0,4,shear,shear,61,0.12003899999999999,106.354,-0.6745,False,4.193137168884277,train,shear_only
green3-1.xls,green,sirloin tender steak,3,48,2.0,1,shear,shear,62,0.122084,144.246,0.0,False,4.268152713775635,train,shear_only
green3-2.xls,green,sirloin tender steak,3,48,2.0,2,shear,shear,62,0.11870900000000001,123.708,-0.3655885411168585,False,4.144445896148682,train,shear_only
green3-4.xls,green,sirloin tender steak,3,48,2.0,4,shear,shear,62,0.12003899999999999,106.354,-0.6745,False,4.193137168884277,train,shear_only
green3-1.xls,green,sirloin tender steak,3,48,2.0,1,shear,shear,63,0.122084,144.246,0.0,False,4.268152713775635,train,shear_only
green3-2.xls,green,sirloin tender steak,3,48,2.0,2,shear,shear,63,0.126767,123.156,-0.37541446743375906,False,4.440627574920654,train,shear_only
green3-4.xls,green,sirloin tender steak,3,48,2.0,4,shear,shear,63,0.12003899999999999,106.354,-0.6745,False,4.193137168884277,train,shear_only
green3-1.xls,green,sirloin tender steak,3,48,2.0,1,shear,shear,64,0.122084,144.246,0.0,False,4.268152713775635,train,shear_only
green3-2.xls,green,sirloin tender steak,3,48,2.0,2,shear,shear,64,0.126767,123.156,-0.37541446743375906,False,4.440627574920654,train,shear_only
green3-4.xls,green,sirloin tender steak,3,48,2.0,4,shear,shear,64,0.12003899999999999,106.354,-0.6745,False,4.193137168884277,train,shear_only
green3-1.xls,green,sirloin tender steak,3,48,2.0,1,shear,shear,65,0.130581,147.126,0.0,False,4.581829071044922,train,shear_only
green3-2.xls,green,sirloin tender steak,3,48,2.0,2,shear,shear,65,0.126767,123.156,-0.4119070851698045,False,4.440627574920654,train,shear_only
green3-4.xls,green,sirloin tender steak,3,48,2.0,4,shear,shear,65,0.12908899999999998,107.875,-0.6745,False,4.52651309967041,train,shear_only
green3-1.xls,green,sirloin tender steak,3,48,2.0,1,shear,shear,66,0.130581,147.126,0.0,False,4.581829071044922,train,shear_only
green3-2.xls,green,sirloin tender steak,3,48,2.0,2,shear,shear,66,0.126767,123.156,-0.4119070851698045,False,4.440627574920654,train,shear_only
green3-4.xls,green,sirloin tender steak,3,48,2.0,4,shear,shear,66,0.12908899999999998,107.875,-0.6745,False,4.52651309967041,train,shear_only
green3-1.xls,green,sirloin tender steak,3,48,2.0,1,shear,shear,67,0.130581,147.126,0.0,False,4.581829071044922,train,shear_only
green3-2.xls,green,sirloin tender steak,3,48,2.0,2,shear,shear,67,0.134853,124.781,-0.3839826373850347,False,4.740792751312256,train,shear_only
green3-4.xls,green,sirloin tender steak,3,48,2.0,4,shear,shear,67,0.12908899999999998,107.875,-0.6745,False,4.52651309967041,train,shear_only
green3-1.xls,green,sirloin tender steak,3,48,2.0,1,shear,shear,68,0.130581,147.126,0.0,False,4.581829071044922,train,shear_only
green3-2.xls,green,sirloin tender steak,3,48,2.0,2,shear,shear,68,0.134853,124.781,-0.3839826373850347,False,4.740792751312256,train,shear_only
green3-4.xls,green,sirloin tender steak,3,48,2.0,4,shear,shear,68,0.12908899999999998,107.875,-0.6745,False,4.52651309967041,train,shear_only
green3-1.xls,green,sirloin tender steak,3,48,2.0,1,shear,shear,69,0.13904,149.718,0.0,False,4.89744758605957,train,shear_only
green3-2.xls,green,sirloin tender steak,3,48,2.0,2,shear,shear,69,0.134852,124.781,-0.4140207379510656,False,4.740755558013916,train,shear_only
green3-4.xls,green,sirloin tender steak,3,48,2.0,4,shear,shear,69,0.138213,109.092,-0.6745,False,4.8664374351501465,train,shear_only
green3-1.xls,green,sirloin tender steak,3,48,2.0,1,shear,shear,70,0.13904,149.718,0.0,False,4.89744758605957,train,shear_only
green3-2.xls,green,sirloin tender steak,3,48,2.0,2,shear,shear,70,0.134852,124.781,-0.4140207379510656,False,4.740755558013916,train,shear_only
green3-4.xls,green,sirloin tender steak,3,48,2.0,4,shear,shear,70,0.138213,109.092,-0.6745,False,4.8664374351501465,train,shear_only
green3-1.xls,green,sirloin tender steak,3,48,2.0,1,shear,shear,71,0.13904,149.718,0.0,False,4.89744758605957,train,shear_only
green3-2.xls,green,sirloin tender steak,3,48,2.0,2,shear,shear,71,0.134853,124.781,-0.4140207379510656,False,4.740792751312256,train,shear_only
green3-4.xls,green,sirloin tender steak,3,48,2.0,4,shear,shear,71,0.138213,109.092,-0.6745,False,4.8664374351501465,train,shear_only
green3-1.xls,green,sirloin tender steak,3,48,2.0,1,shear,shear,72,0.13904,149.718,0.0,False,4.89744758605957,train,shear_only
green3-2.xls,green,sirloin tender steak,3,48,2.0,2,shear,shear,72,0.14299699999999999,125.929,-0.39496087480923536,False,5.046299457550049,train,shear_only
green3-4.xls,green,sirloin tender steak,3,48,2.0,4,shear,shear,72,0.138213,109.092,-0.6745,False,4.8664374351501465,train,shear_only
green3-1.xls,green,sirloin tender steak,3,48,2.0,1,shear,shear,73,0.13904,149.718,0.0,False,4.89744758605957,train,shear_only
green3-2.xls,green,sirloin tender steak,3,48,2.0,2,shear,shear,73,0.14299699999999999,125.929,-0.39496087480923536,False,5.046299457550049,train,shear_only
green3-4.xls,green,sirloin tender steak,3,48,2.0,4,shear,shear,73,0.138213,109.092,-0.6745,False,4.8664374351501465,train,shear_only
green3-1.xls,green,sirloin tender steak,3,48,2.0,1,shear,shear,74,0.147447,152.515,0.0,False,5.21465539932251,train,shear_only
green3-2.xls,green,sirloin tender steak,3,48,2.0,2,shear,shear,74,0.14299699999999999,125.929,-0.411309165558053,False,5.046299457550049,train,shear_only
green3-4.xls,green,sirloin tender steak,3,48,2.0,4,shear,shear,74,0.14730600000000002,108.917,-0.6745,False,5.20930290222168,train,shear_only
green3-1.xls,green,sirloin tender steak,3,48,2.0,1,shear,shear,75,0.147447,152.515,0.0,False,5.21465539932251,train,shear_only
green3-2.xls,green,sirloin tender steak,3,48,2.0,2,shear,shear,75,0.14299699999999999,125.929,-0.411309165558053,False,5.046299457550049,train,shear_only
green3-4.xls,green,sirloin tender steak,3,48,2.0,4,shear,shear,75,0.14730600000000002,108.917,-0.6745,False,5.20930290222168,train,shear_only
green3-1.xls,green,sirloin tender steak,3,48,2.0,1,shear,shear,76,0.147447,152.515,0.0,False,5.21465539932251,train,shear_only
green3-2.xls,green,sirloin tender steak,3,48,2.0,2,shear,shear,76,0.151026,125.391,-0.4196325060782603,False,5.350815773010254,train,shear_only
green3-4.xls,green,sirloin tender steak,3,48,2.0,4,shear,shear,76,0.14730600000000002,108.917,-0.6745,False,5.20930290222168,train,shear_only
green3-1.xls,green,sirloin tender steak,3,48,2.0,1,shear,shear,77,0.147447,152.515,0.0,False,5.21465539932251,train,shear_only
green3-2.xls,green,sirloin tender steak,3,48,2.0,2,shear,shear,77,0.151026,125.391,-0.4196325060782603,False,5.350815773010254,train,shear_only
green3-4.xls,green,sirloin tender steak,3,48,2.0,4,shear,shear,77,0.14730600000000002,108.917,-0.6745,False,5.20930290222168,train,shear_only
green3-1.xls,green,sirloin tender steak,3,48,2.0,1,shear,shear,78,0.15588,154.81,0.0,False,5.536599159240723,train,shear_only
green3-2.xls,green,sirloin tender steak,3,48,2.0,2,shear,shear,78,0.151026,125.391,-0.4595760590129002,False,5.350815773010254,train,shear_only
green3-4.xls,green,sirloin tender steak,3,48,2.0,4,shear,shear,78,0.156422,111.633,-0.6745,False,5.557425498962402,train,shear_only
green3-1.xls,green,sirloin tender steak,3,48,2.0,1,shear,shear,79,0.15588,154.81,0.0,False,5.536599159240723,train,shear_only
green3-2.xls,green,sirloin tender steak,3,48,2.0,2,shear,shear,79,0.151025,125.391,-0.4595760590129002,False,5.350779056549072,train,shear_only
green3-4.xls,green,sirloin tender steak,3,48,2.0,4,shear,shear,79,0.156422,111.633,-0.6745,False,5.557425498962402,train,shear_only
green3-1.xls,green,sirloin tender steak,3,48,2.0,1,shear,shear,80,0.15588,154.81,0.0,False,5.536599159240723,train,shear_only
green3-2.xls,green,sirloin tender steak,3,48,2.0,2,shear,shear,80,0.159088,128.849,-0.40555607151955914,False,5.6601033210754395,train,shear_only
green3-4.xls,green,sirloin tender steak,3,48,2.0,4,shear,shear,80,0.156422,111.633,-0.6745,False,5.557425498962402,train,shear_only
green3-1.xls,green,sirloin tender steak,3,48,2.0,1,shear,shear,81,0.15588,154.81,0.0,False,5.536599159240723,train,shear_only
green3-2.xls,green,sirloin tender steak,3,48,2.0,2,shear,shear,81,0.159088,128.849,-0.40555607151955914,False,5.6601033210754395,train,shear_only
green3-4.xls,green,sirloin tender steak,3,48,2.0,4,shear,shear,81,0.156422,111.633,-0.6745,False,5.557425498962402,train,shear_only
green3-1.xls,green,sirloin tender steak,3,48,2.0,1,shear,shear,82,0.16436599999999998,155.925,0.0,False,5.86458683013916,train,shear_only
green3-2.xls,green,sirloin tender steak,3,48,2.0,2,shear,shear,82,0.159088,128.849,-0.4123264246365034,False,5.6601033210754395,train,shear_only
green3-4.xls,green,sirloin tender steak,3,48,2.0,4,shear,shear,82,0.156422,111.633,-0.6745,False,5.557425498962402,train,shear_only
green3-5.xls,green,sirloin tender steak,3,48,2.0,5,shear,shear,82,0.155493,385.276,3.492667964869501,False,5.521738529205322,test,shear_only
green3-1.xls,green,sirloin tender steak,3,48,2.0,1,shear,shear,83,0.16436599999999998,155.925,0.0,False,5.86458683013916,train,shear_only
green3-2.xls,green,sirloin tender steak,3,48,2.0,2,shear,shear,83,0.159088,128.849,-0.42288616681331936,False,5.6601033210754395,train,shear_only
green3-4.xls,green,sirloin tender steak,3,48,2.0,4,shear,shear,83,0.165441,112.739,-0.6745,False,5.906435489654541,train,shear_only
green3-1.xls,green,sirloin tender steak,3,48,2.0,1,shear,shear,84,0.16436599999999998,155.925,0.0,False,5.86458683013916,train,shear_only
green3-2.xls,green,sirloin tender steak,3,48,2.0,2,shear,shear,84,0.1672,129.417,-0.41401486592877323,False,5.9750590324401855,train,shear_only
green3-4.xls,green,sirloin tender steak,3,48,2.0,4,shear,shear,84,0.165441,112.739,-0.6745,False,5.906435489654541,train,shear_only
green3-1.xls,green,sirloin tender steak,3,48,2.0,1,shear,shear,85,0.16436599999999998,155.925,0.0,False,5.86458683013916,train,shear_only
green3-2.xls,green,sirloin tender steak,3,48,2.0,2,shear,shear,85,0.1672,129.417,-0.41401486592877323,False,5.9750590324401855,train,shear_only
green3-4.xls,green,sirloin tender steak,3,48,2.0,4,shear,shear,85,0.165441,112.739,-0.6745,False,5.906435489654541,train,shear_only
green3-1.xls,green,sirloin tender steak,3,48,2.0,1,shear,shear,86,0.17286300000000002,157.857,0.0,False,6.197271823883057,train,shear_only
green3-2.xls,green,sirloin tender steak,3,48,2.0,2,shear,shear,86,0.1672,129.417,-0.4251691121060331,False,5.9750590324401855,train,shear_only
green3-4.xls,green,sirloin tender steak,3,48,2.0,4,shear,shear,86,0.165441,112.739,-0.6745,False,5.906435489654541,train,shear_only
green3-5.xls,green,sirloin tender steak,3,48,2.0,5,shear,shear,86,0.16589099999999998,389.249,3.4592380867946284,False,5.923974514007568,test,shear_only
green3-1.xls,green,sirloin tender steak,3,48,2.0,1,shear,shear,87,0.17286300000000002,157.857,0.0,False,6.197271823883057,train,shear_only
green3-2.xls,green,sirloin tender steak,3,48,2.0,2,shear,shear,87,0.1672,129.417,-0.43354834335307146,False,5.9750590324401855,train,shear_only
green3-4.xls,green,sirloin tender steak,3,48,2.0,4,shear,shear,87,0.17454799999999998,113.611,-0.6745,False,6.263771057128906,train,shear_only
green3-1.xls,green,sirloin tender steak,3,48,2.0,1,shear,shear,88,0.17286300000000002,157.857,0.0,False,6.197271823883057,train,shear_only
green3-2.xls,green,sirloin tender steak,3,48,2.0,2,shear,shear,88,0.175248,132.444,-0.3874037992134884,False,6.291450023651123,train,shear_only
green3-4.xls,green,sirloin tender steak,3,48,2.0,4,shear,shear,88,0.17454799999999998,113.611,-0.6745,False,6.263771057128906,train,shear_only
green3-1.xls,green,sirloin tender steak,3,48,2.0,1,shear,shear,89,0.17286300000000002,157.857,0.0,False,6.197271823883057,train,shear_only
green3-2.xls,green,sirloin tender steak,3,48,2.0,2,shear,shear,89,0.17525,132.444,-0.3874037992134884,False,6.291528701782227,train,shear_only
green3-4.xls,green,sirloin tender steak,3,48,2.0,4,shear,shear,89,0.17454799999999998,113.611,-0.6745,False,6.263771057128906,train,shear_only
green3-1.xls,green,sirloin tender steak,3,48,2.0,1,shear,shear,90,0.17286300000000002,157.857,0.0,False,6.197271823883057,train,shear_only
green3-2.xls,green,sirloin tender steak,3,48,2.0,2,shear,shear,90,0.17525,132.444,-0.3874037992134884,False,6.291528701782227,train,shear_only
green3-4.xls,green,sirloin tender steak,3,48,2.0,4,shear,shear,90,0.17454799999999998,113.611,-0.6745,False,6.263771057128906,train,shear_only
green3-1.xls,green,sirloin tender steak,3,48,2.0,1,shear,shear,91,0.18128799999999998,159.826,0.0,False,6.531580448150635,train,shear_only
green3-2.xls,green,sirloin tender steak,3,48,2.0,2,shear,shear,91,0.17525,132.444,-0.39963559450394914,False,6.291528701782227,train,shear_only
green3-4.xls,green,sirloin tender steak,3,48,2.0,4,shear,shear,91,0.17454699999999998,113.611,-0.6745,False,6.263730049133301,train,shear_only
green3-5.xls,green,sirloin tender steak,3,48,2.0,5,shear,shear,91,0.176333,391.83,3.386058595694039,False,6.334413528442383,test,shear_only
green3-1.xls,green,sirloin tender steak,3,48,2.0,1,shear,shear,92,0.18128799999999998,159.826,0.0,False,6.531580448150635,train,shear_only
green3-2.xls,green,sirloin tender steak,3,48,2.0,2,shear,shear,92,0.183328,135.378,-0.35193307153833037,False,6.613221645355225,train,shear_only
green3-4.xls,green,sirloin tender steak,3,48,2.0,4,shear,shear,92,0.183621,112.97,-0.6745,False,6.624969005584717,train,shear_only
green3-5.xls,green,sirloin tender steak,3,48,2.0,5,shear,shear,92,0.176333,391.83,3.339736597234079,False,6.334413528442383,test,shear_only
green3-1.xls,green,sirloin tender steak,3,48,2.0,1,shear,shear,93,0.18128799999999998,159.826,0.0,False,6.531580448150635,train,shear_only
green3-2.xls,green,sirloin tender steak,3,48,2.0,2,shear,shear,93,0.183328,135.378,-0.35193307153833037,False,6.613221645355225,train,shear_only
green3-4.xls,green,sirloin tender steak,3,48,2.0,4,shear,shear,93,0.183622,112.97,-0.6745,False,6.625010967254639,train,shear_only
green3-5.xls,green,sirloin tender steak,3,48,2.0,5,shear,shear,93,0.176333,391.83,3.339736597234079,False,6.334413528442383,test,shear_only
green3-1.xls,green,sirloin tender steak,3,48,2.0,1,shear,shear,94,0.18128799999999998,159.826,0.0,False,6.531580448150635,train,shear_only
green3-2.xls,green,sirloin tender steak,3,48,2.0,2,shear,shear,94,0.183328,135.378,-0.35193307153833037,False,6.613221645355225,train,shear_only
green3-4.xls,green,sirloin tender steak,3,48,2.0,4,shear,shear,94,0.183622,112.97,-0.6745,False,6.625010967254639,train,shear_only
green3-5.xls,green,sirloin tender steak,3,48,2.0,5,shear,shear,94,0.186738,398.067,3.4295192611405163,False,6.750306606292725,test,shear_only
green3-1.xls,green,sirloin tender steak,3,48,2.0,1,shear,shear,95,0.18967900000000001,162.675,0.0,False,6.869168281555176,train,shear_only
green3-2.xls,green,sirloin tender steak,3,48,2.0,2,shear,shear,95,0.183327,135.378,-0.3704220199175136,False,6.613179683685303,train,shear_only
green3-4.xls,green,sirloin tender steak,3,48,2.0,4,shear,shear,95,0.183622,112.97,-0.6745,False,6.625010967254639,train,shear_only
green3-5.xls,green,sirloin tender steak,3,48,2.0,5,shear,shear,95,0.186738,398.067,3.194284357710491,False,6.750306606292725,test,shear_only
green3-1.xls,green,sirloin tender steak,3,48,2.0,1,shear,shear,96,0.18967900000000001,162.675,0.0,False,6.869168281555176,train,shear_only
green3-2.xls,green,sirloin tender steak,3,48,2.0,2,shear,shear,96,0.191388,136.341,-0.37803352062316425,False,6.938512802124023,train,shear_only
green3-4.xls,green,sirloin tender steak,3,48,2.0,4,shear,shear,96,0.19278199999999998,115.689,-0.6745,False,6.995223522186279,train,shear_only
green3-5.xls,green,sirloin tender steak,3,48,2.0,5,shear,shear,96,0.186738,398.067,3.3791321670284753,False,6.750306606292725,test,shear_only
green3-1.xls,green,sirloin tender steak,3,48,2.0,1,shear,shear,97,0.18967900000000001,162.675,0.0,False,6.869168281555176,train,shear_only
green3-2.xls,green,sirloin tender steak,3,48,2.0,2,shear,shear,97,0.191388,136.341,-0.37803352062316425,False,6.938512802124023,train,shear_only
green3-4.xls,green,sirloin tender steak,3,48,2.0,4,shear,shear,97,0.19278199999999998,115.689,-0.6745,False,6.995223522186279,train,shear_only
green3-5.xls,green,sirloin tender steak,3,48,2.0,5,shear,shear,97,0.186738,398.067,3.3791321670284753,False,6.750306606292725,test,shear_only
green3-1.xls,green,sirloin tender steak,3,48,2.0,1,shear,shear,98,0.18967900000000001,162.675,0.0,False,6.869168281555176,train,shear_only
green3-2.xls,green,sirloin tender steak,3,48,2.0,2,shear,shear,98,0.191388,136.341,-0.37803352062316425,False,6.938512802124023,train,shear_only
green3-4.xls,green,sirloin tender steak,3,48,2.0,4,shear,shear,98,0.19278199999999998,115.689,-0.6745,False,6.995223522186279,train,shear_only
green3-5.xls,green,sirloin tender steak,3,48,2.0,5,shear,shear,98,0.186738,398.067,3.3791321670284753,False,6.750306606292725,test,shear_only
green3-1.xls,green,sirloin tender steak,3,48,2.0,1,shear,shear,99,0.19813099999999997,164.578,0.0,False,7.214107513427734,train,shear_only
green3-2.xls,green,sirloin tender steak,3,48,2.0,2,shear,shear,99,0.191388,136.341,-0.3895734521057905,False,6.938512802124023,train,shear_only
green3-4.xls,green,sirloin tender steak,3,48,2.0,4,shear,shear,99,0.19278199999999998,115.689,-0.6745,False,6.995223522186279,train,shear_only
green3-5.xls,green,sirloin tender steak,3,48,2.0,5,shear,shear,99,0.197054,398.504,3.2273739900591125,False,7.169872760772705,test,shear_only
