epoch,train_loss,val_loss
1,0.15596051514148712,0.24308083951473236
2,0.1559472233057022,0.24306249618530273
3,0.1559339016675949,0.24304413795471191
4,0.15592052042484283,0.24302569031715393
5,0.15590716898441315,0.24300722777843475
6,0.1558937281370163,0.242988720536232
7,0.15588033199310303,0.24297021329402924
8,0.15586687624454498,0.2429516762495041
9,0.15585339069366455,0.24293309450149536
10,0.15583989024162292,0.24291448295116425
11,0.1558263599872589,0.24289585649967194
12,0.1558128297328949,0.24287717044353485
13,0.1557992696762085,0.24285845458507538
14,0.1557856947183609,0.2428397238254547
15,0.15577207505702972,0.24282097816467285
16,0.15575845539569855,0.24280214309692383
17,0.1557447910308838,0.2427833527326584
18,0.15573111176490784,0.24276448786258698
19,0.1557174175977707,0.24274557828903198
20,0.15570370852947235,0.2427266389131546
21,0.15568993985652924,0.24270771443843842
22,0.15567614138126373,0.24268873035907745
23,0.15566235780715942,0.24266965687274933
24,0.15564854443073273,0.2426505982875824
25,0.15563468635082245,0.24263149499893188
26,0.15562079846858978,0.2426123470067978
27,0.15560688078403473,0.2425931692123413
28,0.15559296309947968,0.24257396161556244
29,0.15557901561260223,0.24255472421646118
30,0.1555650383234024,0.24253542721271515
31,0.155551016330719,0.24251611530780792
32,0.1555369794368744,0.2424967736005783
33,0.15552294254302979,0.24247737228870392
34,0.1555088460445404,0.24245791137218475
35,0.15549473464488983,0.24243848025798798
36,0.15548059344291687,0.24241897463798523
37,0.1554664522409439,0.2423994094133377
38,0.15545225143432617,0.242379829287529
39,0.15543799102306366,0.2423602193593979
40,0.15542376041412354,0.242340549826622
41,0.15540950000286102,0.24232088029384613
42,0.15539517998695374,0.24230115115642548
43,0.15538083016872406,0.24228134751319885
44,0.15536648035049438,0.24226157367229462
45,0.15535210072994232,0.24224171042442322
46,0.15533769130706787,0.24222183227539062
47,0.15532322227954865,0.24220190942287445
48,0.1553087681531906,0.2421819269657135
49,0.1552942544221878,0.24216191470623016
50,0.155279740691185,0.24214187264442444
51,0.1552651822566986,0.24212180078029633
52,0.15525059401988983,0.24210165441036224
53,0.15523596107959747,0.24208152294158936
54,0.15522129833698273,0.2420612871646881
55,0.1552066206932068,0.24204103648662567
56,0.15519194304943085,0.24202075600624084
57,0.15517717599868774,0.24200043082237244
58,0.15516242384910583,0.24198006093502045
59,0.15514762699604034,0.24195966124534607
60,0.15513281524181366,0.24193918704986572
61,0.1551179587841034,0.24191872775554657
62,0.15510310232639313,0.24189819395542145
63,0.1550881713628769,0.24187761545181274
64,0.15507322549819946,0.24185700714588165
65,0.15505824983119965,0.24183635413646698
66,0.15504325926303864,0.24181565642356873
67,0.15502822399139404,0.2417949140071869
68,0.15501317381858826,0.24177417159080505
69,0.1549980789422989,0.24175332486629486
70,0.15498293936252594,0.24173247814178467
71,0.1549677848815918,0.2417115420103073
72,0.15495260059833527,0.24169060587882996
73,0.15493738651275635,0.24166961014270782
74,0.15492215752601624,0.2416486144065857
75,0.15490686893463135,0.241627499461174
76,0.15489156544208527,0.24160638451576233
77,0.1548762321472168,0.24158522486686707
78,0.15486088395118713,0.24156403541564941
79,0.1548454761505127,0.24154283106327057
80,0.15483003854751587,0.24152149260044098
81,0.15481457114219666,0.24150019884109497
82,0.15479908883571625,0.2414788007736206
83,0.15478356182575226,0.24145738780498505
84,0.15476803481578827,0.2414359599351883
85,0.1547524333000183,0.24141445755958557
86,0.15473680198192596,0.24139292538166046
87,0.15472117066383362,0.24137133359909058
88,0.1547054946422577,0.24134966731071472
89,0.15468977391719818,0.24132800102233887
90,0.15467402338981628,0.24130630493164062
91,0.1546582728624344,0.24128450453281403
92,0.15464243292808533,0.24126271903514862
93,0.15462662279605865,0.24124087393283844
94,0.1546107530593872,0.24121898412704468
95,0.15459482371807098,0.24119706451892853
96,0.15457890927791595,0.2411750704050064
97,0.15456295013427734,0.2411530315876007
98,0.15454694628715515,0.24113096296787262
99,0.15453092753887177,0.24110887944698334
100,0.1545148640871048,0.2410866767168045
101,0.15449877083301544,0.24106448888778687
102,0.1544826328754425,0.24104221165180206
103,0.15446649491786957,0.24101994931697845
104,0.15445029735565186,0.24099759757518768
105,0.15443409979343414,0.24097521603107452
106,0.15441785752773285,0.24095280468463898
107,0.15440154075622559,0.24093034863471985
108,0.15438520908355713,0.24090781807899475
109,0.15436886250972748,0.24088524281978607
110,0.15435245633125305,0.24086257815361023
111,0.15433602035045624,0.24083997309207916
112,0.1543196141719818,0.24081726372241974
113,0.15430308878421783,0.24079452455043793
114,0.15428659319877625,0.24077169597148895
115,0.15427003800868988,0.24074888229370117
116,0.15425346791744232,0.24072599411010742
117,0.15423683822155,0.2407030612230301
118,0.15422019362449646,0.24068006873130798
119,0.15420348942279816,0.24065706133842468
120,0.15418677031993866,0.240634024143219
121,0.15417003631591797,0.24061086773872375
122,0.1541532576084137,0.24058771133422852
123,0.15413640439510345,0.2405644804239273
124,0.1541195511817932,0.2405412197113037
125,0.15410266816616058,0.24051794409751892
126,0.15408574044704437,0.24049456417560577
127,0.15406878292560577,0.24047118425369263
128,0.1540517807006836,0.2404477447271347
129,0.15403474867343903,0.240424245595932
130,0.15401770174503326,0.24040073156356812
131,0.15400058031082153,0.24037711322307587
132,0.1539834886789322,0.24035347998142242
133,0.15396630764007568,0.2403298169374466
134,0.15394911170005798,0.2403060644865036
135,0.1539318710565567,0.2402823269367218
136,0.15391461551189423,0.24025848507881165
137,0.15389731526374817,0.2402345985174179
138,0.15387998521327972,0.2402106523513794
139,0.1538625955581665,0.24018670618534088
140,0.1538451910018921,0.240162655711174
141,0.15382777154445648,0.24013860523700714
142,0.1538102626800537,0.2401144653558731
143,0.15379278361797333,0.24009031057357788
144,0.15377521514892578,0.24006611108779907
145,0.15375766158103943,0.2400418221950531
146,0.1537400186061859,0.24001756310462952
147,0.1537223607301712,0.23999319970607758
148,0.1537046879529953,0.23996877670288086
149,0.15368695557117462,0.23994430899620056
150,0.15366919338703156,0.23991979658603668
151,0.1536514014005661,0.23989523947238922
152,0.15363354980945587,0.2398706078529358
153,0.15361568331718445,0.23984596133232117
154,0.15359778702259064,0.23982127010822296
155,0.15357981622219086,0.23979653418064117
156,0.15356184542179108,0.23977169394493103
157,0.1535438448190689,0.2397468388080597
158,0.15352579951286316,0.23972192406654358
159,0.15350770950317383,0.23969696462154388
160,0.1534896045923233,0.23967194557189941
161,0.153471440076828,0.23964691162109375
162,0.15345323085784912,0.23962180316448212
163,0.15343500673770905,0.2395966351032257
164,0.1534167379140854,0.2395714521408081
165,0.15339840948581696,0.23954613506793976
166,0.15338009595870972,0.2395208328962326
167,0.1533617079257965,0.23949550092220306
168,0.1533433049917221,0.23947006464004517
169,0.15332485735416412,0.23944459855556488
170,0.15330635011196136,0.2394191026687622
171,0.1532878279685974,0.23939350247383118
172,0.15326924622058868,0.23936791718006134
173,0.15325066447257996,0.23934225738048553
174,0.15323200821876526,0.23931649327278137
175,0.15321333706378937,0.2392907440662384
176,0.1531946212053299,0.23926489055156708
177,0.15317587554454803,0.23923902213573456
178,0.1531570851802826,0.23921307921409607
179,0.15313825011253357,0.239187091588974
180,0.15311938524246216,0.23916105926036835
181,0.15310049057006836,0.23913496732711792
182,0.1530815213918686,0.2391088306903839
183,0.15306255221366882,0.23908264935016632
184,0.15304353833198547,0.23905637860298157
185,0.15302449464797974,0.23903009295463562
186,0.15300539135932922,0.2390037178993225
187,0.15298624336719513,0.2389773428440094
188,0.15296706557273865,0.23895086348056793
189,0.15294787287712097,0.2389243096113205
190,0.15292863547801971,0.23889774084091187
191,0.1529093235731125,0.23887118697166443
192,0.15289002656936646,0.23884445428848267
193,0.15287064015865326,0.2388177365064621
194,0.15285122394561768,0.23879097402095795
195,0.1528317779302597,0.23876412212848663
196,0.15281231701374054,0.23873722553253174
197,0.1527927964925766,0.23871028423309326
198,0.15277321636676788,0.2386833280324936
199,0.15275362133979797,0.23865625262260437
200,0.15273399651050568,0.23862913250923157
201,0.1527142971754074,0.23860196769237518
202,0.15269459784030914,0.23857472836971283
203,0.1526748090982437,0.23854751884937286
204,0.15265503525733948,0.23852016031742096
205,0.15263520181179047,0.23849278688430786
206,0.15261530876159668,0.2384653389453888
207,0.1525954008102417,0.23843784630298615
208,0.15257541835308075,0.23841029405593872
209,0.1525554209947586,0.23838269710540771
210,0.15253540873527527,0.23835502564907074
211,0.15251533687114716,0.23832732439041138
212,0.15249520540237427,0.23829954862594604
213,0.152475044131279,0.23827169835567474
214,0.15245483815670013,0.23824378848075867
215,0.1524346023797989,0.23821592330932617
216,0.15241433680057526,0.23818787932395935
217,0.15239399671554565,0.23815985023975372
218,0.15237364172935486,0.23813174664974213
219,0.1523532271385193,0.23810355365276337
220,0.15233281254768372,0.2380753606557846
221,0.1523122936487198,0.2380470484495163
222,0.15229180455207825,0.2380187213420868
223,0.15227122604846954,0.2379903346300125
224,0.15225061774253845,0.23796188831329346
225,0.15222996473312378,0.23793338239192963
226,0.15220926702022552,0.23790483176708221
227,0.1521885246038437,0.23787616193294525
228,0.15216776728630066,0.23784753680229187
229,0.15214695036411285,0.23781880736351013
230,0.15212608873844147,0.23778998851776123
231,0.1521051824092865,0.23776113986968994
232,0.15208424627780914,0.23773224651813507
233,0.152063250541687,0.23770327866077423
234,0.1520422250032425,0.23767423629760742
235,0.15202116966247559,0.23764516413211823
236,0.1520000547170639,0.23761600255966187
237,0.15197890996932983,0.2375868260860443
238,0.151957705616951,0.2375575602054596
239,0.15193647146224976,0.2375282496213913
240,0.15191519260406494,0.23749883472919464
241,0.15189386904239655,0.23746941983699799
242,0.15187251567840576,0.23743994534015656
243,0.151851087808609,0.23741038143634796
244,0.15182964503765106,0.2373807579278946
245,0.15180812776088715,0.23735107481479645
246,0.15178659558296204,0.23732134699821472
247,0.15176501870155334,0.23729154467582703
248,0.15174339711666107,0.23726171255111694
249,0.1517217457294464,0.23723183572292328
250,0.15170004963874817,0.23720182478427887
251,0.15167827904224396,0.23717181384563446
252,0.15165650844573975,0.2371417135000229
253,0.15163466334342957,0.23711155354976654
254,0.1516127586364746,0.23708133399486542
255,0.15159083902835846,0.2370510697364807
256,0.15156888961791992,0.23702070116996765
257,0.15154685080051422,0.23699034750461578
258,0.15152481198310852,0.23695985972881317
259,0.15150268375873566,0.23692935705184937
260,0.1514805555343628,0.2368987798690796
261,0.15145836770534515,0.23686814308166504
262,0.15143613517284393,0.2368374615907669
263,0.15141385793685913,0.2368066906929016
264,0.15139152109622955,0.23677587509155273
265,0.1513691544532776,0.2367449849843979
266,0.15134675800800323,0.23671403527259827
267,0.15132427215576172,0.23668302595615387
268,0.1513017863035202,0.2366519421339035
269,0.1512792408466339,0.23662079870700836
270,0.15125665068626404,0.23658961057662964
271,0.15123401582241058,0.23655834794044495
272,0.15121133625507355,0.23652704060077667
273,0.15118859708309174,0.23649565875530243
274,0.15116584300994873,0.2364642322063446
275,0.15114299952983856,0.23643271625041962
276,0.1511201560497284,0.23640115559101105
277,0.15109725296497345,0.23636950552463531
278,0.15107430517673492,0.236337810754776
279,0.15105131268501282,0.23630602657794952
280,0.15102824568748474,0.23627424240112305
281,0.15100516378879547,0.23624233901500702
282,0.15098202228546143,0.2362103909254074
283,0.150958850979805,0.23617838323116302
284,0.1509356051683426,0.23614630103111267
285,0.1509123146533966,0.23611418902873993
286,0.15088903903961182,0.23608194291591644
287,0.15086567401885986,0.23604966700077057
288,0.15084221959114075,0.2360173612833023
289,0.15081879496574402,0.2359849512577057
290,0.15079528093338013,0.2359524518251419
291,0.15077172219753265,0.23591996729373932
292,0.1507481038570404,0.23588737845420837
293,0.15072448551654816,0.23585475981235504
294,0.15070077776908875,0.23582200706005096
295,0.15067702531814575,0.2357892096042633
296,0.15065325796604156,0.23575635254383087
297,0.1506294310092926,0.23572345077991486
298,0.15060554444789886,0.23569045960903168
299,0.15058161318302155,0.23565742373466492
300,0.15055765211582184,0.235624298453331
301,0.15053360164165497,0.2355911284685135
302,0.1505095362663269,0.23555783927440643
303,0.15048544108867645,0.23552455008029938
304,0.15046124160289764,0.23549118638038635
305,0.15043702721595764,0.23545773327350616
306,0.15041275322437286,0.2354242354631424
307,0.15038847923278809,0.23539061844348907
308,0.15036413073539734,0.23535698652267456
309,0.15033970773220062,0.23532329499721527
310,0.1503152847290039,0.2352895438671112
311,0.15029075741767883,0.2352556586265564
312,0.15026621520519257,0.2352217584848404
313,0.15024162828922272,0.2351878136396408
314,0.1502169966697693,0.23515374958515167
315,0.1501922756433487,0.23511964082717896
316,0.1501675248146057,0.23508547246456146
317,0.15014274418354034,0.2350512146949768
318,0.150117889046669,0.235016867518425
319,0.15009300410747528,0.23498250544071198
320,0.15006807446479797,0.234948068857193
321,0.1500430852174759,0.23491355776786804
322,0.15001805126667023,0.23487895727157593
323,0.1499929577112198,0.23484432697296143
324,0.14996783435344696,0.23480956256389618
325,0.14994263648986816,0.23477476835250854
326,0.14991742372512817,0.23473991453647614
327,0.14989212155342102,0.23470500111579895
328,0.14986678957939148,0.2346699982881546
329,0.14984139800071716,0.23463493585586548
330,0.14981596171855927,0.2345997840166092
331,0.14979048073291779,0.23456457257270813
332,0.14976494014263153,0.23452933132648468
333,0.14973938465118408,0.2344939410686493
334,0.14971373975276947,0.2344585508108139
335,0.14968806505203247,0.23442307114601135
336,0.1496623307466507,0.23438751697540283
337,0.14963655173778534,0.23435188829898834
338,0.1496107131242752,0.23431618511676788
339,0.1495848447084427,0.23428043723106384
340,0.1495589017868042,0.23424459993839264
341,0.14953292906284332,0.23420868813991547
342,0.14950686693191528,0.2341727316379547
343,0.14948080480098724,0.234136700630188
344,0.14945463836193085,0.2341005504131317
345,0.14942845702171326,0.23406440019607544
346,0.1494022160768509,0.2340281456708908
347,0.14937593042850494,0.2339918166399002
348,0.1493496149778366,0.23395538330078125
349,0.14932319521903992,0.2339189499616623
350,0.14929673075675964,0.2338823825120926
351,0.14927026629447937,0.2338458001613617
352,0.14924371242523193,0.23380911350250244
353,0.14921708405017853,0.23377235233783722
354,0.14919047057628632,0.23373550176620483
355,0.14916375279426575,0.23369860649108887
356,0.1491369903087616,0.23366162180900574
357,0.14911018311977386,0.23362457752227783
358,0.14908331632614136,0.23358744382858276
359,0.14905641973018646,0.2335502803325653
360,0.1490294337272644,0.2335130125284195
361,0.14900241792201996,0.2334756851196289
362,0.14897537231445312,0.23343825340270996
363,0.14894826710224152,0.23340080678462982
364,0.14892107248306274,0.23336324095726013
365,0.14889384806156158,0.23332561552524567
366,0.14886657893657684,0.23328791558742523
367,0.14883922040462494,0.23325012624263763
368,0.14881187677383423,0.23321229219436646
369,0.14878441393375397,0.23317435383796692
370,0.1487569361925125,0.2331364005804062
371,0.1487293839454651,0.23309831321239471
372,0.14870181679725647,0.23306015133857727
373,0.1486741453409195,0.23302197456359863
374,0.14864642918109894,0.23298364877700806
375,0.148618683218956,0.2329452931880951
376,0.14859086275100708,0.23290684819221497
377,0.14856301248073578,0.23286832869052887
378,0.1485351026058197,0.2328297644853592
379,0.14850711822509766,0.23279111087322235
380,0.14847908914089203,0.23275233805179596
381,0.14845101535320282,0.232713520526886
382,0.14842289686203003,0.23267462849617004
383,0.14839470386505127,0.23263567686080933
384,0.14836645126342773,0.23259665071964264
385,0.148338183760643,0.23255755007266998
386,0.1483098268508911,0.23251834511756897
387,0.14828141033649445,0.232479065656662
388,0.1482529491186142,0.23243974149227142
389,0.14822442829608917,0.2324003279209137
390,0.14819586277008057,0.23236083984375
391,0.14816723763942719,0.23232126235961914
392,0.14813856780529022,0.2322816103696823
393,0.14810985326766968,0.23224185407161713
394,0.14808104932308197,0.23220208287239075
395,0.14805221557617188,0.2321622222661972
396,0.148023322224617,0.2321222424507141
397,0.14799435436725616,0.23208224773406982
398,0.14796534180641174,0.2320421189069748
399,0.14793626964092255,0.23200193047523499
400,0.14790716767311096,0.2319616824388504
401,0.1478780061006546,0.23192131519317627
402,0.14784877002239227,0.23188093304634094
403,0.14781947433948517,0.23184041678905487
404,0.14779013395309448,0.2317998707294464
405,0.14776073396205902,0.2317592203617096
406,0.14773128926753998,0.2317185252904892
407,0.14770178496837616,0.23167768120765686
408,0.14767220616340637,0.23163679242134094
409,0.147642582654953,0.23159584403038025
410,0.14761291444301605,0.2315548211336136
411,0.14758318662643433,0.23151366412639618
412,0.14755339920520782,0.23147253692150116
413,0.14752353727817535,0.23143121600151062
414,0.1474936306476593,0.2313898503780365
415,0.14746367931365967,0.23134839534759521
416,0.14743366837501526,0.23130692541599274
417,0.14740358293056488,0.2312653511762619
418,0.14737346768379211,0.23122365772724152
419,0.14734326303005219,0.23118190467357635
420,0.14731304347515106,0.23114009201526642
421,0.14728273451328278,0.23109817504882812
422,0.1472523808479309,0.23105619847774506
423,0.14722198247909546,0.23101411759853363
424,0.14719147980213165,0.23097196221351624
425,0.14716097712516785,0.23092971742153168
426,0.14713037014007568,0.23088742792606354
427,0.14709971845149994,0.23084506392478943
428,0.14706900715827942,0.23080256581306458
429,0.14703825116157532,0.23076005280017853
430,0.14700743556022644,0.23071737587451935
431,0.14697657525539398,0.23067469894886017
432,0.14694565534591675,0.23063188791275024
433,0.14691463112831116,0.23058904707431793
434,0.14688357710838318,0.23054605722427368
435,0.14685244858264923,0.23050305247306824
436,0.1468213051557541,0.23045992851257324
437,0.14679008722305298,0.23041673004627228
438,0.1467588245868683,0.23037345707416534
439,0.14672744274139404,0.23033007979393005
440,0.1466960459947586,0.23028665781021118
441,0.1466645896434784,0.23024311661720276
442,0.1466330587863922,0.23019953072071075
443,0.14660152792930603,0.2301558256149292
444,0.1465698480606079,0.23011206090450287
445,0.1465381532907486,0.23006822168827057
446,0.1465063989162445,0.23002426326274872
447,0.14647459983825684,0.2299802601337433
448,0.146442711353302,0.2299361526966095
449,0.1464107781648636,0.22989198565483093
450,0.1463787853717804,0.22984769940376282
451,0.14634674787521362,0.22980333864688873
452,0.1463145911693573,0.22975891828536987
453,0.14628246426582336,0.22971439361572266
454,0.14625023305416107,0.22966980934143066
455,0.1462179273366928,0.22962512075901031
456,0.14618557691574097,0.2295803725719452
457,0.14615318179130554,0.2295355349779129
458,0.14612069725990295,0.22949059307575226
459,0.14608818292617798,0.22944554686546326
460,0.14605559408664703,0.22940045595169067
461,0.14602291584014893,0.22935527563095093
462,0.14599023759365082,0.22930999100208282
463,0.14595744013786316,0.22926467657089233
464,0.1459246128797531,0.22921918332576752
465,0.14589177072048187,0.2291737049818039
466,0.14585880935192108,0.22912807762622833
467,0.14582577347755432,0.2290823757648468
468,0.14579270780086517,0.2290366142988205
469,0.14575955271720886,0.22899074852466583
470,0.14572633802890778,0.2289448082447052
471,0.1456930935382843,0.2288987636566162
472,0.14565977454185486,0.22885262966156006
473,0.14562641084194183,0.22880643606185913
474,0.14559295773506165,0.22876016795635223
475,0.14555947482585907,0.22871379554271698
476,0.14552591741085052,0.22866731882095337
477,0.145492285490036,0.22862079739570618
478,0.1454586237668991,0.22857415676116943
479,0.14542487263679504,0.22852742671966553
480,0.145391047000885,0.22848065197467804
481,0.1453571915626526,0.228433758020401
482,0.145323246717453,0.22838672995567322
483,0.14528924226760864,0.22833970189094543
484,0.1452551931142807,0.2282925397157669
485,0.1452210694551468,0.2282453030347824
486,0.1451869010925293,0.22819800674915314
487,0.14515267312526703,0.22815059125423431
488,0.1451183706521988,0.22810308635234833
489,0.14508400857448578,0.22805553674697876
490,0.1450495570898056,0.22800782322883606
491,0.14501506090164185,0.22796009480953217
492,0.1449805051088333,0.22791223227977753
493,0.1449459344148636,0.22786429524421692
494,0.14491122961044312,0.22781626880168915
495,0.14487649500370026,0.2277681529521942
496,0.14484168589115143,0.2277199774980545
497,0.14480680227279663,0.22767169773578644
498,0.14477190375328064,0.2276233285665512
499,0.1447369009256363,0.22757485508918762
500,0.14470183849334717,0.22752627730369568
501,0.14466673135757446,0.22747769951820374
502,0.1446315348148346,0.22742894291877747
503,0.14459630846977234,0.22738011181354523
504,0.1445610076189041,0.2273312211036682
505,0.14452563226222992,0.22728221118450165
506,0.14449019730091095,0.2272331267595291
507,0.144454687833786,0.2271839827299118
508,0.1444191336631775,0.22713473439216614
509,0.144383504986763,0.2270853966474533
510,0.14434783160686493,0.22703592479228973
511,0.1443120688199997,0.22698643803596497
512,0.1442762315273285,0.22693680226802826
513,0.1442403644323349,0.22688709199428558
514,0.14420442283153534,0.22683729231357574
515,0.144168421626091,0.22678743302822113
516,0.1441323310136795,0.22673742473125458
517,0.14409621059894562,0.22668737173080444
518,0.14406000077724457,0.22663724422454834
519,0.14402373135089874,0.2265869826078415
520,0.14398738741874695,0.22653664648532867
521,0.14395099878311157,0.2264861911535263
522,0.14391455054283142,0.22643566131591797
523,0.1438780426979065,0.22638505697250366
524,0.1438414454460144,0.2263343781232834
525,0.14380480349063873,0.22628359496593475
526,0.1437680423259735,0.22623270750045776
527,0.1437312811613083,0.2261817306280136
528,0.1436944454908371,0.2261306643486023
529,0.14365750551223755,0.226079523563385
530,0.1436205357313156,0.22602826356887817
531,0.1435834914445877,0.22597695887088776
532,0.14354637265205383,0.2259255200624466
533,0.14350920915603638,0.22587399184703827
534,0.14347197115421295,0.22582241892814636
535,0.14343467354774475,0.22577066719532013
536,0.1433972865343094,0.2257188856601715
537,0.14335986971855164,0.22566701471805573
538,0.14332236349582672,0.2256150245666504
539,0.14328481256961823,0.2255629450082779
540,0.14324718713760376,0.22551077604293823
541,0.14320947229862213,0.2254585325717926
542,0.14317171275615692,0.22540618479251862
543,0.14313387870788574,0.22535374760627747
544,0.14309599995613098,0.22530122101306915
545,0.14305801689624786,0.2252485454082489
546,0.14302000403404236,0.22519586980342865
547,0.1429819017648697,0.22514306008815765
548,0.14294376969337463,0.2250901460647583
549,0.14290551841259003,0.22503715753555298
550,0.14286722242832184,0.2249840497970581
551,0.14282886683940887,0.22493086755275726
552,0.14279042184352875,0.22487758100032806
553,0.14275196194648743,0.2248242199420929
554,0.14271338284015656,0.22477076947689056
555,0.1426747739315033,0.2247171849012375
556,0.14263604581356049,0.22466352581977844
557,0.14259730279445648,0.22460977733135223
558,0.1425585001707077,0.22455593943595886
559,0.14251959323883057,0.22450202703475952
560,0.14248064160346985,0.22444798052310944
561,0.14244161546230316,0.22439387440681458
562,0.1424025446176529,0.22433963418006897
563,0.14236336946487427,0.2242853194475174
564,0.14232411980628967,0.22423094511032104
565,0.1422848254442215,0.22417645156383514
566,0.14224548637866974,0.2241218239068985
567,0.14220604300498962,0.22406712174415588
568,0.14216655492782593,0.2240123450756073
569,0.14212696254253387,0.22395747900009155
570,0.14208735525608063,0.22390249371528625
571,0.14204765856266022,0.223847433924675
572,0.14200791716575623,0.22379226982593536
573,0.14196805655956268,0.22373701632022858
574,0.14192815124988556,0.22368164360523224
575,0.14188815653324127,0.22362618148326874
576,0.14184816181659698,0.22357064485549927
577,0.14180803298950195,0.22351498901844025
578,0.14176788926124573,0.22345927357673645
579,0.14172762632369995,0.2234034538269043
580,0.1416873186826706,0.2233474999666214
581,0.14164695143699646,0.22329147160053253
582,0.14160649478435516,0.2232353538274765
583,0.1415659785270691,0.22317911684513092
584,0.14152538776397705,0.22312280535697937
585,0.14148475229740143,0.22306637465953827
586,0.14144405722618103,0.2230098843574524
587,0.14140327274799347,0.22295328974723816
588,0.14136238396167755,0.22289657592773438
589,0.14132149517536163,0.22283978760242462
590,0.14128047227859497,0.2227829098701477
591,0.14123940467834473,0.22272588312625885
592,0.1411982923746109,0.2226688116788864
593,0.1411571055650711,0.22261165082454681
594,0.14111582934856415,0.22255432605743408
595,0.14107447862625122,0.22249694168567657
596,0.1410330981016159,0.2224394828081131
597,0.14099162817001343,0.22238190472126007
598,0.1409500688314438,0.22232426702976227
599,0.14090846478939056,0.22226649522781372
600,0.14086678624153137,0.22220861911773682
601,0.1408250331878662,0.22215065360069275
602,0.1407831907272339,0.22209256887435913
603,0.14074130356311798,0.22203443944454193
604,0.1406993567943573,0.2219761461019516
605,0.14065735042095184,0.2219177931547165
606,0.14061523973941803,0.22185933589935303
607,0.14057305455207825,0.2218007892370224
608,0.14053083956241608,0.22174212336540222
609,0.14048853516578674,0.22168339788913727
610,0.14044614136219025,0.22162455320358276
611,0.14040373265743256,0.2215655893087387
612,0.14036120474338531,0.22150656580924988
613,0.1403186172246933,0.2214474231004715
614,0.1402759850025177,0.22138817608356476
615,0.14023324847221375,0.22132883965969086
616,0.14019045233726501,0.2212694138288498
617,0.14014758169651031,0.22120985388755798
618,0.14010466635227203,0.2211502194404602
619,0.1400616616010666,0.22109048068523407
620,0.14001858234405518,0.22103063762187958
621,0.13997545838356018,0.22097072005271912
622,0.13993223011493683,0.2209106683731079
623,0.1398889720439911,0.22085057199001312
624,0.139845609664917,0.2207903414964676
625,0.13980218768119812,0.2207299768924713
626,0.13975869119167328,0.22066955268383026
627,0.13971512019634247,0.22060902416706085
628,0.13967150449752808,0.2205483764410019
629,0.13962778449058533,0.22048766911029816
630,0.139584019780159,0.22042682766914368
631,0.1395401954650879,0.22036589682102203
632,0.13949626684188843,0.22030487656593323
633,0.139452263712883,0.22024373710155487
634,0.1394082009792328,0.22018250823020935
635,0.1393640786409378,0.22012114524841309
636,0.13931986689567566,0.22005976736545563
637,0.1392756551504135,0.21999819576740265
638,0.13923127949237823,0.2199365645647049
639,0.13918685913085938,0.21987485885620117
640,0.13914239406585693,0.2198130190372467
641,0.13909783959388733,0.21975108981132507
642,0.13905322551727295,0.21968907117843628
643,0.1390085220336914,0.21962691843509674
644,0.1389637589454651,0.21956469118595123
645,0.1389189213514328,0.21950234472751617
646,0.13887402415275574,0.21943990886211395
647,0.1388290375471115,0.21937736868858337
648,0.1387839913368225,0.21931472420692444
649,0.13873888552188873,0.21925200521945953
650,0.13869372010231018,0.21918915212154388
651,0.13864843547344208,0.21912622451782227
652,0.1386031061410904,0.2190631628036499
653,0.13855770230293274,0.21900002658367157
654,0.13851220905780792,0.21893680095672607
655,0.13846664130687714,0.21887344121932983
656,0.13842104375362396,0.21880999207496643
657,0.13837535679340363,0.21874642372131348
658,0.13832959532737732,0.21868276596069336
659,0.13828375935554504,0.21861901879310608
660,0.138237863779068,0.21855519711971283
661,0.13819190859794617,0.21849121153354645
662,0.1381458342075348,0.2184271663427353
663,0.13809971511363983,0.21836300194263458
664,0.1380535364151001,0.21829873323440552
665,0.1380072683095932,0.2182343751192093
666,0.13796092569828033,0.2181699126958847
667,0.1379145234823227,0.21810534596443176
668,0.13786806166172028,0.21804066002368927
669,0.1378215253353119,0.217975914478302
670,0.13777485489845276,0.2179110199213028
671,0.13772818446159363,0.21784605085849762
672,0.13768142461776733,0.2177809625864029
673,0.13763459026813507,0.2177157700061798
674,0.13758768141269684,0.21765050292015076
675,0.13754068315029144,0.21758510172367096
676,0.13749365508556366,0.217519611120224
677,0.13744650781154633,0.21745401620864868
678,0.1373993307352066,0.2173883318901062
679,0.13735203444957733,0.21732252836227417
680,0.13730472326278687,0.21725666522979736
681,0.13725730776786804,0.21719062328338623
682,0.13720983266830444,0.21712450683116913
683,0.13716228306293488,0.21705833077430725
684,0.13711465895175934,0.21699199080467224
685,0.13706697523593903,0.21692557632923126
686,0.13701918721199036,0.21685907244682312
687,0.13697132468223572,0.21679243445396423
688,0.13692344725131989,0.21672572195529938
689,0.13687542080879211,0.21665890514850616
690,0.13682734966278076,0.216591939330101
691,0.13677923381328583,0.2165248990058899
692,0.13673101365566254,0.216457799077034
693,0.13668274879455566,0.21639052033424377
694,0.13663439452648163,0.21632319688796997
695,0.13658596575260162,0.21625572443008423
696,0.13653749227523804,0.21618817746639252
697,0.1364889144897461,0.21612055599689484
698,0.13644027709960938,0.21605275571346283
699,0.1363915503025055,0.21598489582538605
700,0.13634276390075684,0.21591691672801971
701,0.1362939178943634,0.2158488780260086
702,0.1362449675798416,0.21578070521354675
703,0.13619595766067505,0.21571241319179535
704,0.1361468881368637,0.21564403176307678
705,0.1360977590084076,0.21557554602622986
706,0.1360485553741455,0.21550695598125458
707,0.13599926233291626,0.21543826162815094
708,0.13594987988471985,0.21536947786808014
709,0.13590043783187866,0.2153005301952362
710,0.1358509212732315,0.2152315229177475
711,0.13580136001110077,0.21516242623329163
712,0.13575169444084167,0.2150932252407074
713,0.1357019692659378,0.21502390503883362
714,0.13565215468406677,0.2149544656276703
715,0.13560229539871216,0.2148849368095398
716,0.13555234670639038,0.21481531858444214
717,0.13550229370594025,0.21474556624889374
718,0.13545222580432892,0.21467572450637817
719,0.13540205359458923,0.21460579335689545
720,0.13535183668136597,0.21453571319580078
721,0.13530153036117554,0.21446555852890015
722,0.13525116443634033,0.21439531445503235
723,0.13520066440105438,0.214324951171875
724,0.13515016436576843,0.2142544686794281
725,0.13509954512119293,0.21418389678001404
726,0.13504888117313385,0.214113250374794
727,0.13499809801578522,0.21404245495796204
728,0.1349472999572754,0.2139715701341629
729,0.1348963975906372,0.21390053629875183
730,0.13484546542167664,0.21382947266101837
731,0.13479438424110413,0.21375828981399536
732,0.13474328815937042,0.21368692815303802
733,0.13469211757183075,0.2136155366897583
734,0.13464084267616272,0.21354402601718903
735,0.13458950817584991,0.2134723961353302
736,0.13453812897205353,0.21340066194534302
737,0.13448664546012878,0.21332885324954987
738,0.13443505764007568,0.21325691044330597
739,0.13438346982002258,0.21318486332893372
740,0.13433177769184113,0.2131127268075943
741,0.1342800110578537,0.21304048597812653
742,0.1342281550168991,0.21296809613704681
743,0.13417625427246094,0.21289564669132233
744,0.1341242641210556,0.2128230631351471
745,0.1340721994638443,0.2127503901720047
746,0.13402009010314941,0.21267765760421753
747,0.13396787643432617,0.21260474622249603
748,0.13391560316085815,0.21253173053264618
749,0.13386327028274536,0.21245868504047394
750,0.13381078839302063,0.21238547563552856
751,0.1337583065032959,0.21231219172477722
752,0.13370577991008759,0.21223875880241394
753,0.13365310430526733,0.2121652215719223
754,0.1336003988981247,0.2120916247367859
755,0.1335476189851761,0.21201790869235992
756,0.13349473476409912,0.21194404363632202
757,0.13344180583953857,0.21187013387680054
758,0.13338878750801086,0.2117961049079895
759,0.13333570957183838,0.21172194182872772
760,0.1332825869321823,0.21164767444133759
761,0.1332293450832367,0.21157334744930267
762,0.1331760436296463,0.21149887144565582
763,0.13312266767024994,0.21142427623271942
764,0.1330692321062088,0.21134963631629944
765,0.1330157071352005,0.21127481758594513
766,0.13296212255954742,0.21119995415210724
767,0.13290846347808838,0.2111249417066574
768,0.13285472989082336,0.2110498696565628
769,0.1328009068965912,0.21097467839717865
770,0.13274703919887543,0.21089936792850494
771,0.1326930820941925,0.21082396805286407
772,0.1326390653848648,0.21074843406677246
773,0.13258495926856995,0.2106727957725525
774,0.13253077864646912,0.21059709787368774
775,0.13247652351856232,0.21052125096321106
776,0.13242220878601074,0.2104453146457672
777,0.1323678344488144,0.2103692889213562
778,0.13231337070465088,0.21029311418533325
779,0.1322588473558426,0.21021685004234314
780,0.13220421969890594,0.21014052629470825
781,0.1321495622396469,0.21006403863430023
782,0.13209480047225952,0.20998746156692505
783,0.13203997910022736,0.2099107950925827
784,0.13198506832122803,0.2098339945077896
785,0.13193011283874512,0.20975710451602936
786,0.13187505304813385,0.20968009531497955
787,0.131819948554039,0.20960301160812378
788,0.131764754652977,0.20952580869197845
789,0.1317095011472702,0.20944848656654358
790,0.13165415823459625,0.20937107503414154
791,0.13159874081611633,0.20929351449012756
792,0.13154327869415283,0.20921590924263
793,0.13148771226406097,0.2091381847858429
794,0.13143210113048553,0.20906034111976624
795,0.13137640058994293,0.20898239314556122
796,0.13132064044475555,0.20890434086322784
797,0.1312648057937622,0.20882615447044373
798,0.1312088817358017,0.20874790847301483
799,0.13115288317203522,0.20866957306861877
800,0.13109683990478516,0.20859108865261078
801,0.13104070723056793,0.20851245522499084
802,0.13098450005054474,0.20843377709388733
803,0.13092821836471558,0.20835499465465546
804,0.13087187707424164,0.20827612280845642
805,0.13081544637680054,0.20819711685180664
806,0.13075897097587585,0.2081180065870285
807,0.13070239126682281,0.208038792014122
808,0.1306457668542862,0.20795950293540955
809,0.1305890679359436,0.20788004994392395
810,0.13053227961063385,0.2078005075454712
811,0.13047541677951813,0.20772092044353485
812,0.13041850924491882,0.20764115452766418
813,0.13036149740219116,0.20756134390830994
814,0.13030444085597992,0.20748136937618256
815,0.1302472949028015,0.207401305437088
816,0.13019008934497833,0.20732109248638153
817,0.13013280928134918,0.20724086463451385
818,0.13007542490959167,0.20716053247451782
819,0.13001804053783417,0.20708003640174866
820,0.12996052205562592,0.20699945092201233
821,0.1299029439687729,0.20691876113414764
822,0.12984530627727509,0.20683793723583221
823,0.1297875940799713,0.206757053732872
824,0.12972980737686157,0.20667608082294464
825,0.12967193126678467,0.20659497380256653
826,0.12961401045322418,0.20651376247406006
827,0.12955603003501892,0.20643246173858643
828,0.1294979602098465,0.20635102689266205
829,0.1294398009777069,0.20626947283744812
830,0.12938159704208374,0.20618785917758942
831,0.1293233186006546,0.20610614120960236
832,0.1292649507522583,0.20602425932884216
833,0.12920652329921722,0.2059423178434372
834,0.12914802134037018,0.20586024224758148
835,0.12908945977687836,0.2057780921459198
836,0.12903082370758057,0.20569586753845215
837,0.1289720982313156,0.20561346411705017
838,0.12891332805156708,0.20553100109100342
839,0.12885445356369019,0.20544840395450592
840,0.12879551947116852,0.20536574721336365
841,0.12873652577400208,0.20528294146060944
842,0.12867744266986847,0.20520006120204926
843,0.12861832976341248,0.20511707663536072
844,0.12855909764766693,0.20503397285938263
845,0.1284998208284378,0.204950749874115
846,0.1284404844045639,0.20486745238304138
847,0.12838105857372284,0.20478403568267822
848,0.1283215582370758,0.2047005146741867
849,0.128261998295784,0.20461688935756683
850,0.12820234894752502,0.2045331448316574
851,0.12814263999462128,0.20444932579994202
852,0.12808284163475037,0.20436540246009827
853,0.12802304327487946,0.20428135991096497
854,0.1279630810022354,0.20419718325138092
855,0.12790310382843018,0.2041129618883133
856,0.12784306704998016,0.20402860641479492
857,0.1277829259634018,0.2039441615343094
858,0.12772271037101746,0.2038595825433731
859,0.12766242027282715,0.20377489924430847
860,0.12760211527347565,0.20369011163711548
861,0.1275416910648346,0.20360521972179413
862,0.12748120725154877,0.203520268201828
863,0.12742064893245697,0.20343518257141113
864,0.1273600310087204,0.2033499926328659
865,0.12729938328266144,0.20326468348503113
866,0.12723858654499054,0.20317929983139038
867,0.12717778980731964,0.20309381186962128
868,0.127116858959198,0.20300820469856262
869,0.12705589830875397,0.2029225081205368
870,0.12699486315250397,0.20283670723438263
871,0.1269337385892868,0.20275074243545532
872,0.12687255442142487,0.20266476273536682
873,0.12681132555007935,0.20257863402366638
874,0.12675000727176666,0.20249241590499878
875,0.12668859958648682,0.202406108379364
876,0.1266271471977234,0.2023196518421173
877,0.126565620303154,0.20223313570022583
878,0.12650403380393982,0.2021464854478836
879,0.12644235789775848,0.20205973088741302
880,0.12638063728809357,0.20197291672229767
881,0.12631885707378387,0.20188596844673157
882,0.12625697255134583,0.2017989158630371
883,0.1261950135231018,0.2017117738723755
884,0.1261330246925354,0.20162451267242432
885,0.12607093155384064,0.2015371471643448
886,0.1260087788105011,0.2014497071504593
887,0.12594658136367798,0.20136210322380066
888,0.1258842796087265,0.20127443969249725
889,0.12582193315029144,0.20118670165538788
890,0.12575951218605042,0.20109881460666656
891,0.12569700181484222,0.20101085305213928
892,0.12563444674015045,0.20092274248600006
893,0.1255718320608139,0.20083458721637726
894,0.1255091428756714,0.20074628293514252
895,0.1254463642835617,0.2006579041481018
896,0.12538354098796844,0.20056940615177155
897,0.1253206580877304,0.20048083364963531
898,0.125257670879364,0.20039214193820953
899,0.12519463896751404,0.2003033459186554
900,0.1251315474510193,0.2002144753932953
901,0.12506836652755737,0.20012545585632324
902,0.12500512599945068,0.20003636181354523
903,0.12494184076786041,0.19994714856147766
904,0.1248784288764,0.19985786080360413
905,0.12481499463319778,0.19976842403411865
906,0.1247514933347702,0.1996789276599884
907,0.12468790262937546,0.1995893269777298
908,0.12462425231933594,0.19949963688850403
909,0.12456056475639343,0.1994098275899887
910,0.12449676543474197,0.19931991398334503
911,0.12443294376134872,0.1992299109697342
912,0.12436900287866592,0.1991397589445114
913,0.12430503964424133,0.19904959201812744
914,0.12424102425575256,0.19895926117897034
915,0.12417687475681305,0.19886884093284607
916,0.12411270290613174,0.19877833127975464
917,0.12404845654964447,0.19868771731853485
918,0.12398415803909302,0.19859696924686432
919,0.12391974776983261,0.19850614666938782
920,0.12385531514883041,0.19841523468494415
921,0.12379081547260284,0.19832423329353333
922,0.1237262412905693,0.19823311269283295
923,0.1236615777015686,0.19814187288284302
924,0.12359689176082611,0.19805054366588593
925,0.12353207170963287,0.19795912504196167
926,0.12346722930669785,0.19786760210990906
927,0.12340233474969864,0.19777598977088928
928,0.12333735078573227,0.19768427312374115
929,0.12327231466770172,0.19759245216846466
930,0.1232072040438652,0.19750052690505981
931,0.12314204126596451,0.1974085122346878
932,0.12307680398225784,0.19731637835502625
933,0.12301149219274521,0.19722416996955872
934,0.1229461133480072,0.19713182747364044
935,0.12288068979978561,0.1970394402742386
936,0.12281519174575806,0.1969469040632248
937,0.12274961918592453,0.19685429334640503
938,0.12268397212028503,0.19676154851913452
939,0.12261830270290375,0.19666874408721924
940,0.1225525438785553,0.1965758353471756
941,0.12248671799898148,0.1964828222990036
942,0.12242083251476288,0.19638970494270325
943,0.1223548874258995,0.19629648327827454
944,0.12228886038064957,0.19620317220687866
945,0.12222277373075485,0.19610975682735443
946,0.12215663492679596,0.19601626694202423
947,0.1220904141664505,0.19592265784740448
948,0.12202415615320206,0.19582894444465637
949,0.12195780873298645,0.1957351565361023
950,0.12189139425754547,0.19564124941825867
951,0.12182494252920151,0.19554726779460907
952,0.12175840139389038,0.19545316696166992
953,0.12169180065393448,0.19535894691944122
954,0.121625155210495,0.19526465237140656
955,0.12155842036008835,0.19517028331756592
956,0.12149164825677872,0.19507576525211334
957,0.12142478674650192,0.19498120248317719
958,0.12135788798332214,0.19488653540611267
959,0.1212908998131752,0.1947917640209198
960,0.12122388184070587,0.19469688832759857
961,0.12115676701068878,0.1946018785238266
962,0.12108959257602692,0.19450683891773224
963,0.12102238088846207,0.19441166520118713
964,0.12095510959625244,0.19431641697883606
965,0.12088774144649506,0.19422104954719543
966,0.12082032114267349,0.19412557780742645
967,0.12075285613536835,0.1940300166606903
968,0.12068530172109604,0.1939343810081482
969,0.12061767280101776,0.19383862614631653
970,0.12055002897977829,0.1937428116798401
971,0.12048226594924927,0.1936468780040741
972,0.12041451036930084,0.19355081021785736
973,0.12034665793180466,0.19345471262931824
974,0.12027876079082489,0.19335848093032837
975,0.12021075934171677,0.19326214492321014
976,0.12014272809028625,0.19316571950912476
977,0.12007465958595276,0.1930692195892334
978,0.1200065016746521,0.1929725855588913
979,0.11993825435638428,0.1928759068250656
980,0.11986999213695526,0.19277912378311157
981,0.11980164796113968,0.19268222153186798
982,0.11973325163125992,0.19258524477481842
983,0.11966478079557419,0.19248813390731812
984,0.11959625780582428,0.19239096343517303
985,0.11952769011259079,0.1922936886548996
986,0.11945904046297073,0.1921963393688202
987,0.1193903312087059,0.19209890067577362
988,0.11932158470153809,0.1920013427734375
989,0.1192527636885643,0.19190368056297302
990,0.11918384581804276,0.19180594384670258
991,0.11911489069461823,0.19170808792114258
992,0.11904590576887131,0.191610187292099
993,0.11897685378789902,0.19151215255260468
994,0.11890772730112076,0.1914140284061432
995,0.11883855611085892,0.19131582975387573
996,0.11876929551362991,0.19121749699115753
997,0.11869997531175613,0.19111914932727814
998,0.11863064020872116,0.1910206377506256
999,0.11856123805046082,0.1909220665693283
1000,0.1184917464852333,0.19082339107990265
1001,0.11842221021652222,0.19072464108467102
1002,0.11835259199142456,0.19062578678131104
1003,0.11828295141458511,0.1905268281698227
1004,0.11821325868368149,0.19042779505252838
1005,0.1181434616446495,0.1903286576271057
1006,0.11807362735271454,0.19022944569587708
1007,0.1180037334561348,0.1901300996541977
1008,0.11793380230665207,0.19003069400787354
1009,0.11786379665136337,0.18993118405342102
1010,0.1177937388420105,0.18983161449432373
1011,0.11772360652685165,0.1897319108247757
1012,0.11765343695878983,0.1896321177482605
1013,0.11758319288492203,0.18953227996826172
1014,0.11751289665699005,0.1894323080778122
1015,0.1174425482749939,0.1893322914838791
1016,0.11737214028835297,0.18923215568065643
1017,0.11730167269706726,0.18913191556930542
1018,0.11723115295171738,0.18903158605098724
1019,0.11716058105230331,0.1889311671257019
1020,0.11708994954824448,0.18883070349693298
1021,0.11701925098896027,0.18873009085655212
1022,0.11694850772619247,0.1886294037103653
1023,0.11687768995761871,0.1885286271572113
1024,0.11680685728788376,0.18842777609825134
1025,0.11673594266176224,0.18832682073116302
1026,0.11666496098041534,0.18822580575942993
1027,0.11659393459558487,0.1881246715784073
1028,0.11652285605669022,0.18802344799041748
1029,0.116451695561409,0.1879221498966217
1030,0.11638054996728897,0.18782077729701996
1031,0.1163092851638794,0.18771928548812866
1032,0.11623797565698624,0.1876177042722702
1033,0.1161665990948677,0.18751603364944458
1034,0.11609518527984619,0.18741430342197418
1035,0.1160237193107605,0.18731245398521423
1036,0.11595220118761063,0.1872105449438095
1037,0.11588063836097717,0.18710850179195404
1038,0.11580900102853775,0.187006413936615
1039,0.11573731899261475,0.18690423667430878
1040,0.11566556990146637,0.1868019849061966
1041,0.11559376865625381,0.18669958412647247
1042,0.11552192270755768,0.18659715354442596
1043,0.11545002460479736,0.1864946186542511
1044,0.11537807434797287,0.18639197945594788
1045,0.115306057035923,0.18628929555416107
1046,0.11523398756980896,0.1861865222454071
1047,0.11516187340021133,0.1860836148262024
1048,0.11508969962596893,0.1859806329011917
1049,0.11501745879650116,0.18587757647037506
1050,0.11494520306587219,0.18577446043491364
1051,0.11487287282943726,0.18567121028900146
1052,0.11480051279067993,0.18556790053844452
1053,0.11472805589437485,0.1854645162820816
1054,0.11465559154748917,0.18536102771759033
1055,0.11458303779363632,0.18525747954845428
1056,0.11451046913862228,0.18515384197235107
1057,0.11443782597780228,0.1850501149892807
1058,0.11436513811349869,0.18494626879692078
1059,0.11429239064455032,0.18484236299991608
1060,0.11421959102153778,0.1847383826971054
1061,0.11414675414562225,0.18463429808616638
1062,0.11407384276390076,0.1845301389694214
1063,0.11400090903043747,0.18442592024803162
1064,0.11392789334058762,0.1843215972185135
1065,0.11385484039783478,0.1842171996831894
1066,0.11378173530101776,0.18411269783973694
1067,0.11370858550071716,0.18400810658931732
1068,0.11363539844751358,0.18390348553657532
1069,0.11356215178966522,0.18379873037338257
1070,0.11348883807659149,0.18369388580322266
1071,0.11341546475887299,0.18358896672725677
1072,0.11334209144115448,0.1834840029478073
1073,0.11326862871646881,0.1833789199590683
1074,0.11319514364004135,0.18327376246452332
1075,0.11312156915664673,0.18316856026649475
1076,0.11304797977209091,0.18306322395801544
1077,0.11297432333230972,0.18295781314373016
1078,0.11290062963962555,0.18285232782363892
1079,0.1128268912434578,0.1827467828989029
1080,0.11275311559438705,0.1826411485671997
1081,0.11267924308776855,0.18253540992736816
1082,0.11260535567998886,0.18242962658405304
1083,0.11253140866756439,0.18232375383377075
1084,0.11245743930339813,0.18221774697303772
1085,0.11238337308168411,0.1821117103099823
1086,0.1123092994093895,0.18200556933879852
1087,0.1122351661324501,0.18189935386180878
1088,0.11216100305318832,0.18179309368133545
1089,0.11208676546812057,0.18168672919273376
1090,0.11201245337724686,0.18158027529716492
1091,0.11193814873695374,0.1814737468957901
1092,0.11186379194259644,0.18136714398860931
1093,0.11178937554359436,0.18126048147678375
1094,0.1117149069905281,0.18115368485450745
1095,0.11164040118455887,0.18104685842990875
1096,0.11156584322452545,0.1809399276971817
1097,0.11149123311042786,0.18083295226097107
1098,0.11141660064458847,0.18072588741779327
1099,0.1113419160246849,0.18061873316764832
1100,0.11126717180013657,0.180511474609375
1101,0.11119241267442703,0.1804041862487793
1102,0.11111757904291153,0.18029680848121643
1103,0.11104269325733185,0.18018938601016998
1104,0.11096777021884918,0.1800817996263504
1105,0.11089279502630234,0.17997421324253082
1106,0.1108177974820137,0.1798664927482605
1107,0.11074274033308029,0.1797587126493454
1108,0.11066766083240509,0.17965087294578552
1109,0.11059249192476273,0.17954295873641968
1110,0.11051734536886215,0.17943497002124786
1111,0.11044207960367203,0.1793268918991089
1112,0.1103668287396431,0.17921875417232513
1113,0.110291488468647,0.17911051213741302
1114,0.11021614074707031,0.17900219559669495
1115,0.11014071851968765,0.1788938343524933
1116,0.1100652888417244,0.17878539860248566
1117,0.10998979210853577,0.17867685854434967
1118,0.10991425812244415,0.1785682737827301
1119,0.10983869433403015,0.17845958471298218
1120,0.10976306349039078,0.17835083603858948
1121,0.10968740284442902,0.178242027759552
1122,0.10961170494556427,0.17813314497470856
1123,0.10953593999147415,0.17802414298057556
1124,0.10946015268564224,0.17791511118412018
1125,0.10938433557748795,0.17780598998069763
1126,0.10930846631526947,0.1776968389749527
1127,0.10923255980014801,0.1775875687599182
1128,0.10915660113096237,0.17747825384140015
1129,0.10908060520887375,0.17736883461475372
1130,0.10900459438562393,0.17725937068462372
1131,0.10892850160598755,0.17714978754520416
1132,0.10885239392518997,0.1770401895046234
1133,0.10877621173858643,0.1769304722547531
1134,0.10870002210140228,0.17682072520256042
1135,0.10862378031015396,0.17671087384223938
1136,0.10854751616716385,0.17660099267959595
1137,0.10847119241952896,0.17649100720882416
1138,0.10839482396841049,0.1763809472322464
1139,0.10831844061613083,0.17627085745334625
1140,0.1082419902086258,0.17616066336631775
1141,0.10816550999879837,0.17605039477348328
1142,0.10808901488780975,0.17594005167484283
1143,0.10801246762275696,0.1758296638727188
1144,0.10793586820363998,0.17571920156478882
1145,0.10785922408103943,0.17560864984989166
1146,0.10778257250785828,0.17549806833267212
1147,0.10770584642887115,0.1753873974084854
1148,0.10762911289930344,0.17527665197849274
1149,0.10755233466625214,0.1751658171415329
1150,0.10747551918029785,0.17505495250225067
1151,0.10739866644144058,0.17494399845600128
1152,0.10732176899909973,0.17483298480510712
1153,0.1072448268532753,0.17472192645072937
1154,0.10716786980628967,0.17461074888706207
1155,0.10709086060523987,0.17449951171875
1156,0.10701380670070648,0.17438824474811554
1157,0.1069367304444313,0.1742769181728363
1158,0.10685964673757553,0.1741654872894287
1159,0.1067824736237526,0.17405402660369873
1160,0.10670528560876846,0.1739424616098404
1161,0.10662806779146194,0.1738308221101761
1162,0.10655080527067184,0.173719123005867
1163,0.10647351294755936,0.17360739409923553
1164,0.10639619827270508,0.1734955757856369
1165,0.10631883144378662,0.1733836829662323
1166,0.10624144226312637,0.17327174544334412
1167,0.10616398602724075,0.17315974831581116
1168,0.10608654469251633,0.17304766178131104
1169,0.10600905120372772,0.17293553054332733
1170,0.10593149811029434,0.17282333970069885
1171,0.10585392266511917,0.1727110594511032
1172,0.1057763397693634,0.172598734498024
1173,0.10569868981838226,0.1724863350391388
1174,0.10562102496623993,0.17237386107444763
1175,0.10554331541061401,0.17226137220859528
1176,0.10546557605266571,0.17214877903461456
1177,0.10538781434297562,0.17203612625598907
1178,0.10531002283096313,0.17192339897155762
1179,0.10523218661546707,0.17181065678596497
1180,0.10515429824590683,0.17169781029224396
1181,0.10507640987634659,0.17158493399620056
1182,0.10499848425388336,0.17147196829319
1183,0.10492052137851715,0.17135895788669586
1184,0.10484252125024796,0.17124590277671814
1185,0.10476450622081757,0.17113274335861206
1186,0.1046864315867424,0.1710195243358612
1187,0.10460833460092545,0.17090629041194916
1188,0.10453023761510849,0.17079293727874756
1189,0.10445208102464676,0.17067958414554596
1190,0.10437389463186264,0.1705661416053772
1191,0.10429570078849792,0.17045263946056366
1192,0.10421743988990784,0.17033906280994415
1193,0.10413919389247894,0.17022544145584106
1194,0.10406088829040527,0.1701117753982544
1195,0.10398255288600922,0.16999804973602295
1196,0.10390418767929077,0.16988423466682434
1197,0.10382579267024994,0.16977037489414215
1198,0.10374737530946732,0.16965647041797638
1199,0.10366892069578171,0.16954247653484344
1200,0.1035904511809349,0.16942846775054932
1201,0.10351195186376572,0.16931438446044922
1202,0.10343340784311295,0.16920022666454315
1203,0.10335484892129898,0.16908599436283112
1204,0.10327625274658203,0.16897176206111908
1205,0.10319763422012329,0.16885745525360107
1206,0.10311899334192276,0.1687431037425995
1207,0.10304032266139984,0.16862866282463074
1208,0.10296163707971573,0.1685141623020172
1209,0.10288289934396744,0.1683996319770813
1210,0.10280413925647736,0.1682850569486618
1211,0.10272535681724548,0.16817040741443634
1212,0.10264658182859421,0.1680556833744049
1213,0.10256772488355637,0.16794094443321228
1214,0.10248886793851852,0.16782614588737488
1215,0.1024099811911583,0.1677112728357315
1216,0.10233106464147568,0.16759634017944336
1217,0.10225214064121246,0.16748137772083282
1218,0.10217316448688507,0.16736632585525513
1219,0.10209420323371887,0.16725125908851624
1220,0.1020151823759079,0.16713610291481018
1221,0.10193613916635513,0.16702093183994293
1222,0.10185706615447998,0.16690567135810852
1223,0.10177799314260483,0.1667904108762741
1224,0.1016988754272461,0.16667503118515015
1225,0.10161974281072617,0.1665596216917038
1226,0.10154057294130325,0.16644418239593506
1227,0.10146140307188034,0.16632868349552155
1228,0.10138221085071564,0.16621312499046326
1229,0.10130297392606735,0.1660975068807602
1230,0.10122372210025787,0.16598187386989594
1231,0.1011444553732872,0.1658661812543869
1232,0.10106516629457474,0.1657504141330719
1233,0.1009858250617981,0.16563460230827332
1234,0.10090649127960205,0.16551876068115234
1235,0.10082712769508362,0.1654028296470642
1236,0.1007477343082428,0.16528688371181488
1237,0.10066835582256317,0.16517087817192078
1238,0.10058891773223877,0.1650548279285431
1239,0.10050944983959198,0.16493870317935944
1240,0.10042998194694519,0.16482257843017578
1241,0.10035049170255661,0.16470637917518616
1242,0.10027098655700684,0.16459012031555176
1243,0.10019143670797348,0.16447383165359497
1244,0.10011189430952072,0.1643575131893158
1245,0.10003231465816498,0.16424110531806946
1246,0.09995273500680923,0.16412465274333954
1247,0.0998731181025505,0.16400820016860962
1248,0.09979348629713058,0.16389162838459015
1249,0.09971382468938828,0.16377507150173187
1250,0.09963414818048477,0.16365845501422882
1251,0.09955445677042007,0.1635417640209198
1252,0.09947474300861359,0.16342507302761078
1253,0.09939500689506531,0.1633082777261734
1254,0.09931527823209763,0.1631915122270584
1255,0.09923548251390457,0.16307464241981506
1256,0.0991557165980339,0.16295772790908813
1257,0.09907592087984085,0.1628408133983612
1258,0.09899609535932541,0.1627238243818283
1259,0.09891626983880997,0.16260679066181183
1260,0.09883639216423035,0.16248972713947296
1261,0.09875655174255371,0.16237260401248932
1262,0.0986766666173935,0.1622554212808609
1263,0.09859675168991089,0.1621382236480713
1264,0.09851683676242828,0.1620209813117981
1265,0.0984368845820427,0.16190369427204132
1266,0.0983569324016571,0.16178636252880096
1267,0.09827696532011032,0.16166898608207703
1268,0.09819696098566055,0.1615515798330307
1269,0.09811698645353317,0.1614341288805008
1270,0.09803695976734161,0.1613166183233261
1271,0.09795691817998886,0.16119909286499023
1272,0.09787687659263611,0.16108152270317078
1273,0.09779684245586395,0.16096390783786774
1274,0.09771677106618881,0.16084623336791992
1275,0.09763666242361069,0.16072852909564972
1276,0.09755658358335495,0.16061078011989594
1277,0.09747646003961563,0.16049301624298096
1278,0.09739632904529572,0.1603751927614212
1279,0.0973161906003952,0.16025735437870026
1280,0.0972360223531723,0.16013944149017334
1281,0.0971558541059494,0.16002151370048523
1282,0.0970756784081459,0.15990352630615234
1283,0.09699548035860062,0.15978552401065826
1284,0.09691527485847473,0.1596674621105194
1285,0.09683505445718765,0.15954937040805817
1286,0.09675482660531998,0.15943126380443573
1287,0.09667456895112991,0.15931309759616852
1288,0.09659431129693985,0.15919490158557892
1289,0.09651405364274979,0.15907667577266693
1290,0.09643376618623734,0.15895836055278778
1291,0.09635349363088608,0.15884006023406982
1292,0.09627318382263184,0.15872174501419067
1293,0.0961928740143776,0.15860334038734436
1294,0.09611255675554276,0.15848496556282043
1295,0.09603221714496613,0.15836650133132935
1296,0.09595189243555069,0.15824799239635468
1297,0.09587153047323227,0.15812948346138
1298,0.09579117596149445,0.15801092982292175
1299,0.09571080654859543,0.1578923612833023
1300,0.09563041478395462,0.1577737182378769
1301,0.095550037920475,0.15765507519245148
1302,0.09546962380409241,0.1575363576412201
1303,0.0953892394900322,0.1574176698923111
1304,0.095308817923069,0.15729890763759613
1305,0.0952284038066864,0.15718013048171997
1306,0.09514797478914261,0.15706132352352142
1307,0.09506753087043762,0.1569424420595169
1308,0.09498707205057144,0.1568235456943512
1309,0.09490664303302765,0.1567046344280243
1310,0.09482616931200027,0.1565857082605362
1311,0.0947457030415535,0.15646673738956451
1312,0.09466523677110672,0.15634769201278687
1313,0.09458475559949875,0.1562286615371704
1314,0.09450426697731018,0.15610958635807037
1315,0.09442378580570221,0.15599051117897034
1316,0.09434328228235245,0.15587136149406433
1317,0.09426278620958328,0.15575221180915833
1318,0.09418226033449173,0.15563303232192993
1319,0.09410174190998077,0.15551379323005676
1320,0.09402122348546982,0.1553945690393448
1321,0.09394071996212006,0.15527530014514923
1322,0.09386017918586731,0.1551559865474701
1323,0.09377964586019516,0.15503667294979095
1324,0.09369911253452301,0.15491729974746704
1325,0.09361856430768967,0.15479791164398193
1326,0.09353801608085632,0.15467852354049683
1327,0.09345748275518417,0.15455909073352814
1328,0.09337691217660904,0.15443962812423706
1329,0.09329637885093689,0.1543201208114624
1330,0.09321582317352295,0.15420061349868774
1331,0.09313524514436722,0.1540810614824295
1332,0.09305468946695328,0.15396147966384888
1333,0.09297412633895874,0.15384191274642944
1334,0.09289354830980301,0.15372230112552643
1335,0.09281297773122787,0.15360261499881744
1336,0.09273239970207214,0.15348294377326965
1337,0.0926518365740776,0.15336327254772186
1338,0.09257125854492188,0.1532435566186905
1339,0.09249067306518555,0.15312378108501434
1340,0.09241009503602982,0.15300403535366058
1341,0.09232953935861588,0.15288424491882324
1342,0.09224894642829895,0.1527644395828247
1343,0.09216836094856262,0.15264463424682617
1344,0.09208778291940689,0.15252476930618286
1345,0.09200721234083176,0.15240487456321716
1346,0.09192662686109543,0.15228497982025146
1347,0.0918460488319397,0.15216507017612457
1348,0.09176548570394516,0.1520451009273529
1349,0.09168489277362823,0.15192514657974243
1350,0.0916043370962143,0.15180514752864838
1351,0.09152374416589737,0.15168514847755432
1352,0.09144317358732224,0.15156511962413788
1353,0.0913626104593277,0.15144504606723785
1354,0.09128202497959137,0.1513250321149826
1355,0.09120147675275803,0.151204913854599
1356,0.09112090617418289,0.1510848104953766
1357,0.09104034304618835,0.1509646773338318
1358,0.09095977246761322,0.15084455907344818
1359,0.09087922424077988,0.150724396109581
1360,0.09079868346452713,0.15060420334339142
1361,0.09071812778711319,0.15048401057720184
1362,0.09063758701086044,0.15036378800868988
1363,0.0905570462346077,0.15024356544017792
1364,0.09047650545835495,0.15012329816818237
1365,0.0903959721326828,0.15000304579734802
1366,0.09031543880701065,0.14988276362419128
1367,0.09023492783308029,0.14976248145103455
1368,0.09015443176031113,0.14964213967323303
1369,0.09007388353347778,0.1495218276977539
1370,0.08999338746070862,0.14940145611763
1371,0.08991288393735886,0.1492810845375061
1372,0.0898323804140091,0.1491607278585434
1373,0.08975189924240112,0.1490403115749359
1374,0.08967139571905136,0.14891991019248962
1375,0.08959093689918518,0.14879947900772095
1376,0.0895104706287384,0.14867906272411346
1377,0.08942999690771103,0.1485585868358612
1378,0.08934953063726425,0.14843814074993134
1379,0.08926907926797867,0.14831767976284027
1380,0.08918865025043488,0.14819715917110443
1381,0.08910819888114929,0.14807666838169098
1382,0.0890277698636055,0.14795614778995514
1383,0.0889473557472229,0.1478356420993805
1384,0.0888669416308403,0.14771509170532227
1385,0.0887865498661995,0.14759454131126404
1386,0.08870615065097809,0.14747397601604462
1387,0.08862576633691788,0.1473533809185028
1388,0.08854538947343826,0.1472328156232834
1389,0.08846502006053925,0.14711223542690277
1390,0.08838465809822083,0.14699162542819977
1391,0.0883043110370636,0.14687100052833557
1392,0.08822397142648697,0.14675036072731018
1393,0.08814364671707153,0.14662975072860718
1394,0.0880633220076561,0.1465090960264206
1395,0.08798303455114365,0.1463884711265564
1396,0.08790273219347,0.14626780152320862
1397,0.08782243728637695,0.14614713191986084
1398,0.0877421423792839,0.14602643251419067
1399,0.08766190707683563,0.1459057480096817
1400,0.08758165687322617,0.14578507840633392
1401,0.0875014066696167,0.14566436409950256
1402,0.08742118626832962,0.1455436646938324
1403,0.08734097331762314,0.14542295038700104
1404,0.08726078271865845,0.14530222117900848
1405,0.08718058466911316,0.14518149197101593
1406,0.08710038661956787,0.14506076276302338
1407,0.08702026307582855,0.14494004845619202
1408,0.08694007992744446,0.14481928944587708
1409,0.08685995638370514,0.14469854533672333
1410,0.08677983283996582,0.1445777863264084
1411,0.08669973164796829,0.14445704221725464
1412,0.08661963045597076,0.1443362683057785
1413,0.08653954416513443,0.14421552419662476
1414,0.08645948767662048,0.14409475028514862
1415,0.08637943118810654,0.1439739614725113
1416,0.08629939705133438,0.14385318756103516
1417,0.08621937781572342,0.14373241364955902
1418,0.08613937348127365,0.1436116099357605
1419,0.08605936914682388,0.14349085092544556
1420,0.08597942441701889,0.14337007701396942
1421,0.0858994573354721,0.1432492733001709
1422,0.08581952005624771,0.14312848448753357
1423,0.08573959022760391,0.14300769567489624
1424,0.08565966784954071,0.1428869068622589
1425,0.0855797827243805,0.1427661031484604
1426,0.08549990504980087,0.14264529943466187
1427,0.08542005717754364,0.14252451062202454
1428,0.0853402316570282,0.1424037218093872
1429,0.08526039123535156,0.14228293299674988
1430,0.08518058061599731,0.14216212928295135
1431,0.08510079979896545,0.14204132556915283
1432,0.08502104133367538,0.1419205367565155
1433,0.08494127541780472,0.14179976284503937
1434,0.08486156910657883,0.14167897403240204
1435,0.08478183299303055,0.14155817031860352
1436,0.08470214903354645,0.14143739640712738
1437,0.08462246507406235,0.14131660759449005
1438,0.08454282581806183,0.14119581878185272
1439,0.08446317911148071,0.1410750448703766
1440,0.08438356965780258,0.14095427095890045
1441,0.08430399000644684,0.1408335119485855
1442,0.0842244029045105,0.14071272313594818
1443,0.08414484560489655,0.14059199392795563
1444,0.08406531810760498,0.1404712051153183
1445,0.08398579806089401,0.14035046100616455
1446,0.08390630781650543,0.140229731798172
1447,0.08382685482501984,0.14010897278785706
1448,0.08374740928411484,0.1399882286787033
1449,0.08366796374320984,0.13986748456954956
1450,0.08358856290578842,0.1397467851638794
1451,0.08350919187068939,0.13962607085704803
1452,0.08342983573675156,0.13950535655021667
1453,0.08335050940513611,0.13938464224338531
1454,0.08327119797468185,0.13926395773887634
1455,0.0831918939948082,0.13914325833320618
1456,0.08311263471841812,0.1390225738286972
1457,0.08303340524435043,0.13890190422534943
1458,0.08295417577028275,0.13878123462200165
1459,0.08287496864795685,0.13866057991981506
1460,0.08279581367969513,0.13853992521762848
1461,0.08271665126085281,0.13841930031776428
1462,0.08263754099607468,0.1382986605167389
1463,0.08255843818187714,0.1381780356168747
1464,0.08247936517000198,0.1380574107170105
1465,0.08240032941102982,0.1379368156194687
1466,0.08232131600379944,0.13781622052192688
1467,0.08224231004714966,0.13769562542438507
1468,0.08216334134340286,0.13757507503032684
1469,0.08208438754081726,0.13745450973510742
1470,0.08200546354055405,0.1373339742422104
1471,0.08192657679319382,0.13721342384815216
1472,0.08184773474931717,0.13709288835525513
1473,0.08176887780427933,0.13697239756584167
1474,0.08169006556272507,0.13685189187526703
1475,0.081611268222332,0.13673140108585358
1476,0.08153251558542252,0.13661092519760132
1477,0.08145379275083542,0.13649047911167145
1478,0.08137509226799011,0.13637001812458038
1479,0.0812964215874672,0.1362495720386505
1480,0.08121778070926666,0.13612917065620422
1481,0.08113914728164673,0.13600876927375793
1482,0.08106055110692978,0.13588836789131165
1483,0.08098200708627701,0.13576799631118774
1484,0.08090347796678543,0.13564762473106384
1485,0.08082498610019684,0.13552728295326233
1486,0.08074651658535004,0.135406956076622
1487,0.08066806942224503,0.1352866291999817
1488,0.0805896446108818,0.13516631722450256
1489,0.08051124215126038,0.13504604995250702
1490,0.08043290674686432,0.13492578268051147
1491,0.08035458624362946,0.13480553030967712
1492,0.08027630299329758,0.13468530774116516
1493,0.08019804209470749,0.1345651000738144
1494,0.08011980354785919,0.13444489240646362
1495,0.08004159480333328,0.13432471454143524
1496,0.07996343821287155,0.13420456647872925
1497,0.07988530397415161,0.13408440351486206
1498,0.07980720698833466,0.13396430015563965
1499,0.0797291174530983,0.13384419679641724
1500,0.07965108007192612,0.1337241232395172
1501,0.07957307249307632,0.13360406458377838
1502,0.07949510216712952,0.13348400592803955
1503,0.0794171467423439,0.1333639919757843
1504,0.07933923602104187,0.13324400782585144
1505,0.07926137000322342,0.13312402367591858
1506,0.07918353378772736,0.13300403952598572
1507,0.07910572737455368,0.13288411498069763
1508,0.0790279358625412,0.13276419043540955
1509,0.07895020395517349,0.13264429569244385
1510,0.07887250930070877,0.13252441585063934
1511,0.07879482209682465,0.13240456581115723
1512,0.0787171721458435,0.1322847455739975
1513,0.07863956689834595,0.13216494023799896
1514,0.07856200635433197,0.13204514980316162
1515,0.07848446816205978,0.13192540407180786
1516,0.07840697467327118,0.1318056583404541
1517,0.07832952588796616,0.13168595731258392
1518,0.07825209200382233,0.13156625628471375
1519,0.07817469537258148,0.13144661486148834
1520,0.07809734344482422,0.13132697343826294
1521,0.07802002876996994,0.13120736181735992
1522,0.07794274389743805,0.1310877650976181
1523,0.07786550372838974,0.13096821308135986
1524,0.07778830081224442,0.13084866106510162
1525,0.07771112024784088,0.13072916865348816
1526,0.07763400673866272,0.1306096762418747
1527,0.07755690068006516,0.13049021363258362
1528,0.07747983187437057,0.13037081062793732
1529,0.07740282267332077,0.13025140762329102
1530,0.07732582092285156,0.1301320344209671
1531,0.07724890112876892,0.13001269102096558
1532,0.07717198878526688,0.12989336252212524
1533,0.07709510624408722,0.1297740638256073
1534,0.07701829075813293,0.12965479493141174
1535,0.07694150507450104,0.12953557074069977
1536,0.07686475664377213,0.129416361451149
1537,0.0767880380153656,0.1292971819639206
1538,0.07671137154102325,0.1291780322790146
1539,0.07663474231958389,0.12905892729759216
1540,0.07655815780162811,0.12893983721733093
1541,0.07648161053657532,0.12882079184055328
1542,0.0764051079750061,0.12870174646377563
1543,0.07632862031459808,0.12858277559280396
1544,0.07625219970941544,0.12846381962299347
1545,0.07617580145597458,0.12834487855434418
1546,0.0760994479060173,0.12822598218917847
1547,0.0760231539607048,0.12810710072517395
1548,0.0759468823671341,0.1279882788658142
1549,0.07587067782878876,0.12786945700645447
1550,0.07579448074102402,0.1277506947517395
1551,0.07571835070848465,0.12763196229934692
1552,0.07564225047826767,0.12751324474811554
1553,0.07556619495153427,0.12739460170269012
1554,0.07549019157886505,0.12727594375610352
1555,0.07541422545909882,0.12715734541416168
1556,0.07533829659223557,0.12703876197338104
1557,0.0752624124288559,0.12692025303840637
1558,0.0751865953207016,0.1268017441034317
1559,0.0751107931137085,0.1266832798719406
1560,0.07503503561019897,0.1265648603439331
1561,0.07495932281017303,0.12644647061824799
1562,0.07488366961479187,0.12632811069488525
1563,0.0748080387711525,0.1262097954750061
1564,0.0747324675321579,0.12609151005744934
1565,0.07465694844722748,0.12597325444221497
1566,0.07458146661520004,0.12585504353046417
1567,0.07450602948665619,0.12573687732219696
1568,0.07443062961101532,0.12561872601509094
1569,0.07435528188943863,0.1255006343126297
1570,0.07427999377250671,0.12538258731365204
1571,0.07420473545789719,0.12526455521583557
1572,0.07412953674793243,0.1251465529203415
1573,0.07405436038970947,0.12502862513065338
1574,0.07397924363613129,0.12491071969270706
1575,0.07390418648719788,0.12479284405708313
1576,0.07382915169000626,0.12467502057552338
1577,0.07375416904687881,0.12455721199512482
1578,0.07367924600839615,0.12443947792053223
1579,0.07360435277223587,0.12432176619768143
1580,0.07352952659130096,0.1242041066288948
1581,0.07345473021268845,0.12408645451068878
1582,0.0733799859881401,0.12396887689828873
1583,0.07330529391765594,0.12385133653879166
1584,0.07323064655065536,0.12373382598161697
1585,0.07315603643655777,0.12361637502908707
1586,0.07308151572942734,0.12349895387887955
1587,0.0730070099234581,0.12338156998157501
1588,0.07293256372213364,0.12326423823833466
1589,0.07285815477371216,0.12314693629741669
1590,0.07278381288051605,0.1230296865105629
1591,0.07270949333906174,0.12291249632835388
1592,0.07263524830341339,0.12279532849788666
1593,0.07256104797124863,0.12267819792032242
1594,0.07248689979314804,0.12256111949682236
1595,0.07241279631853104,0.12244410812854767
1596,0.07233875244855881,0.12232710421085358
1597,0.07226473093032837,0.12221018224954605
1598,0.0721907839179039,0.12209326773881912
1599,0.0721168965101242,0.12197641283273697
1600,0.0720430389046669,0.12185961753129959
1601,0.07196923345327377,0.12174282968044281
1602,0.07189549505710602,0.12162613123655319
1603,0.07182180136442184,0.12150945514440536
1604,0.07174815237522125,0.12139283865690231
1605,0.07167455554008484,0.12127627432346344
1606,0.0716010332107544,0.12115975469350815
1607,0.07152754068374634,0.12104326486587524
1608,0.07145411521196365,0.12092682719230652
1609,0.07138071954250336,0.12081043422222137
1610,0.07130739092826843,0.12069409340620041
1611,0.07123411446809769,0.12057781964540482
1612,0.07116089016199112,0.12046156823635101
1613,0.07108770310878754,0.12034537643194199
1614,0.07101460546255112,0.12022923678159714
1615,0.07094152271747589,0.12011314183473587
1616,0.07086854428052902,0.11999709159135818
1617,0.07079558819532394,0.11988110095262527
1618,0.07072266191244125,0.11976514756679535
1619,0.07064981758594513,0.1196492463350296
1620,0.07057701796293259,0.11953341215848923
1621,0.07050427049398422,0.11941759288311005
1622,0.07043159753084183,0.11930187046527863
1623,0.07035897672176361,0.11918617784976959
1624,0.07028640061616898,0.11907052248716354
1625,0.07021387666463852,0.11895494163036346
1626,0.07014141976833344,0.11883940547704697
1627,0.07006900757551193,0.11872390657663345
1628,0.06999664753675461,0.1186084896326065
1629,0.06992435455322266,0.11849310994148254
1630,0.06985212862491608,0.11837777495384216
1631,0.0697799101471901,0.11826249957084656
1632,0.06970780342817307,0.11814728379249573
1633,0.06963573396205902,0.11803210526704788
1634,0.06956372410058975,0.117917001247406
1635,0.06949176639318466,0.11780194193124771
1636,0.06941986829042435,0.11768695712089539
1637,0.06934804469347,0.11757200211286545
1638,0.06927624344825745,0.11745709925889969
1639,0.06920450925827026,0.1173422634601593
1640,0.06913283467292786,0.1172274798154831
1641,0.06906123459339142,0.11711273342370987
1642,0.06898968666791916,0.11699806898832321
1643,0.06891818344593048,0.11688345670700073
1644,0.06884674727916718,0.11676887422800064
1645,0.06877537816762924,0.11665438115596771
1646,0.0687040388584137,0.11653993278741837
1647,0.06863278150558472,0.1164255365729332
1648,0.06856157630681992,0.1163111999630928
1649,0.06849043071269989,0.11619692295789719
1650,0.06841935962438583,0.11608269810676575
1651,0.06834831088781357,0.11596852540969849
1652,0.06827735900878906,0.11585444211959839
1653,0.06820645183324814,0.11574038118124008
1654,0.06813561171293259,0.11562640219926834
1655,0.06806482374668121,0.11551246047019958
1656,0.06799408793449402,0.1153985932469368
1657,0.06792342662811279,0.11528481543064117
1658,0.06785281747579575,0.11517103761434555
1659,0.06778228282928467,0.11505735665559769
1660,0.06771180033683777,0.11494370549917221
1661,0.06764137744903564,0.1148301437497139
1662,0.0675710141658783,0.11471663415431976
1663,0.06750071793794632,0.1146031841635704
1664,0.06743047386407852,0.11448979377746582
1665,0.0673602893948555,0.11437646299600601
1666,0.06729017198085785,0.11426319926977158
1667,0.06722012907266617,0.11414998769760132
1668,0.06715013831853867,0.11403684318065643
1669,0.06708019971847534,0.11392376571893692
1670,0.06701033562421799,0.11381074786186218
1671,0.066940538585186,0.11369778215885162
1672,0.0668708011507988,0.11358489841222763
1673,0.06680111587047577,0.11347205936908722
1674,0.0667315125465393,0.11335929483175278
1675,0.06666194647550583,0.11324658989906311
1676,0.06659246236085892,0.11313394457101822
1677,0.06652303040027618,0.1130213662981987
1678,0.06645367294549942,0.11290887743234634
1679,0.06638437509536743,0.11279641091823578
1680,0.06631513684988022,0.11268403381109238
1681,0.06624596565961838,0.11257170885801315
1682,0.06617686152458191,0.1124594509601593
1683,0.06610780954360962,0.11234726011753082
1684,0.0660388246178627,0.11223511397838593
1685,0.06596991419792175,0.11212306469678879
1686,0.06590107083320618,0.11201106756925583
1687,0.06583228707313538,0.11189915239810944
1688,0.06576357036828995,0.11178729683160782
1689,0.06569492071866989,0.11167548596858978
1690,0.06562632322311401,0.11156376451253891
1691,0.06555779278278351,0.11145209521055222
1692,0.06548933684825897,0.11134050786495209
1693,0.06542094796895981,0.11122899502515793
1694,0.06535261869430542,0.11111754179000854
1695,0.0652843490242958,0.11100611835718155
1696,0.06521615386009216,0.11089478433132172
1697,0.06514803320169449,0.11078355461359024
1698,0.06507997214794159,0.11067236214876175
1699,0.06501197069883347,0.11056124418973923
1700,0.06494403630495071,0.11045020073652267
1701,0.06487617641687393,0.1103392094373703
1702,0.06480838358402252,0.11022830009460449
1703,0.06474064290523529,0.11011745780706406
1704,0.06467299163341522,0.11000669747591019
1705,0.06460539996623993,0.1098959818482399
1706,0.06453786790370941,0.10978534817695618
1707,0.06447040289640427,0.10967478156089783
1708,0.06440302729606628,0.10956429690122604
1709,0.06433568894863129,0.10945388674736023
1710,0.06426843255758286,0.109343521296978
1711,0.0642012506723404,0.10923325270414352
1712,0.06413411349058151,0.10912305116653442
1713,0.06406707316637039,0.1090129092335701
1714,0.06400007754564285,0.10890284925699234
1715,0.06393317878246307,0.10879286378622055
1716,0.06386631727218628,0.10868293792009354
1717,0.06379954516887665,0.10857309401035309
1718,0.06373284012079239,0.10846332460641861
1719,0.0636661946773529,0.1083536222577095
1720,0.06359963119029999,0.10824399441480637
1721,0.06353312730789185,0.1081344485282898
1722,0.06346669048070908,0.1080249696969986
1723,0.06340032070875168,0.10791554301977158
1724,0.06333404034376144,0.10780621320009232
1725,0.06326781958341599,0.10769696533679962
1726,0.0632016509771347,0.1075877770781517
1727,0.06313558667898178,0.10747866332530975
1728,0.06306956708431244,0.10736961662769318
1729,0.06300362199544907,0.10726066678762436
1730,0.06293775141239166,0.10715177655220032
1731,0.06287195533514023,0.10704297572374344
1732,0.06280621886253357,0.10693423449993134
1733,0.06274056434631348,0.1068255826830864
1734,0.06267496943473816,0.10671698302030563
1735,0.06260945647954941,0.10660848766565323
1736,0.06254401057958603,0.1065000668168068
1737,0.06247863173484802,0.10639170557260513
1738,0.062413327395915985,0.10628344118595123
1739,0.06234809011220932,0.10617522895336151
1740,0.06228293105959892,0.10606709867715836
1741,0.062217846512794495,0.10595905780792236
1742,0.062152836471796036,0.10585108399391174
1743,0.062087878584861755,0.10574319958686829
1744,0.062023017555475235,0.1056353822350502
1745,0.06195821613073349,0.10552765429019928
1746,0.061893485486507416,0.10542000830173492
1747,0.061828821897506714,0.10531239956617355
1748,0.06176425889134407,0.10520491749048233
1749,0.06169974431395531,0.10509748011827469
1750,0.06163528561592102,0.104990154504776
1751,0.0615709163248539,0.10488288104534149
1752,0.06150662899017334,0.10477571934461594
1753,0.06144242361187935,0.10466860979795456
1754,0.06137826293706894,0.10456159710884094
1755,0.06131419539451599,0.1044546440243721
1756,0.06125018745660782,0.10434778034687042
1757,0.06118626520037651,0.10424099862575531
1758,0.06112241372466087,0.10413429141044617
1759,0.0610586442053318,0.10402766615152359
1760,0.060994938015937805,0.10392113029956818
1761,0.06093130260705948,0.10381467640399933
1762,0.06086774915456772,0.10370830446481705
1763,0.060804273933172226,0.10360199958086014
1764,0.06074085086584091,0.1034957766532898
1765,0.06067751720547676,0.10338965058326721
1766,0.06061426177620888,0.1032835990190506
1767,0.060551080852746964,0.10317762941122055
1768,0.06048796698451042,0.10307173430919647
1769,0.06042493134737015,0.10296593606472015
1770,0.060361962765455246,0.1028602123260498
1771,0.060299087315797806,0.10275457799434662
1772,0.06023626774549484,0.10264902561903
1773,0.06017353758215904,0.10254354029893875
1774,0.06011087819933891,0.10243815928697586
1775,0.060048285871744156,0.10233285278081894
1776,0.05998578667640686,0.10222763568162918
1777,0.05992335081100464,0.10212250798940659
1778,0.05986098200082779,0.10201744735240936
1779,0.0597987063229084,0.1019124761223793
1780,0.05973650515079498,0.1018076092004776
1781,0.059674374759197235,0.10170280933380127
1782,0.059612322598695755,0.1015980914235115
1783,0.059550341218709946,0.1014934703707695
1784,0.059488438069820404,0.10138891637325287
1785,0.05942661687731743,0.101284459233284
1786,0.059364862740039825,0.10118008404970169
1787,0.05930318683385849,0.10107579827308655
1788,0.05924160033464432,0.10097160190343857
1789,0.05918007716536522,0.10086750239133835
1790,0.059118643403053284,0.1007634624838829
1791,0.05905728042125702,0.10065951943397522
1792,0.05899599567055702,0.1005556583404541
1793,0.058934763073921204,0.10045192390680313
1794,0.05887363851070404,0.10034822672605515
1795,0.05881258100271225,0.10024464130401611
1796,0.05875160172581673,0.10014115273952484
1797,0.05869070813059807,0.10003771632909775
1798,0.058629874140024185,0.0999343991279602
1799,0.058569133281707764,0.09983115643262863
1800,0.05850846692919731,0.09972801059484482
1801,0.058447886258363724,0.09962493926286697
1802,0.05838736891746521,0.09952196478843689
1803,0.058326926082372665,0.09941907972097397
1804,0.05826656520366669,0.09931628406047821
1805,0.05820629745721817,0.09921357035636902
1806,0.058146096765995026,0.09911096096038818
1807,0.05808596685528755,0.09900840371847153
1808,0.058025918900966644,0.09890596568584442
1809,0.0579659640789032,0.09880361706018448
1810,0.057906076312065125,0.0987013578414917
1811,0.05784625560045242,0.09859918802976608
1812,0.05778653174638748,0.09849710017442703
1813,0.05772688239812851,0.09839510172605515
1814,0.05766730383038521,0.09829320758581161
1815,0.05760781466960907,0.09819138795137405
1816,0.0575484074652195,0.09808967262506485
1817,0.057489063590765,0.09798803925514221
1818,0.05742981657385826,0.09788648784160614
1819,0.057370625436306,0.09778503328561783
1820,0.0573115311563015,0.09768368303775787
1821,0.05725251883268356,0.09758242219686508
1822,0.0571935698390007,0.09748124331235886
1823,0.057134710252285004,0.09738016873598099
1824,0.05707592889666557,0.09727919101715088
1825,0.05701723322272301,0.09717827290296555
1826,0.05695861577987671,0.09707747399806976
1827,0.05690007284283638,0.09697675704956055
1828,0.05684162303805351,0.09687615185976028
1829,0.05678324028849602,0.0967756137251854
1830,0.05672494322061539,0.09667518734931946
1831,0.056666720658540726,0.09657484292984009
1832,0.05660857632756233,0.09647460281848907
1833,0.0565505176782608,0.09637444466352463
1834,0.05649254098534584,0.09627436846494675
1835,0.056434642523527145,0.09617439657449722
1836,0.05637681856751442,0.09607453644275665
1837,0.05631907656788826,0.09597474336624146
1838,0.056261420249938965,0.09587506204843521
1839,0.05620384216308594,0.09577548503875732
1840,0.056146346032619476,0.09567597508430481
1841,0.05608892813324928,0.09557656943798065
1842,0.05603160336613655,0.09547725319862366
1843,0.05597434565424919,0.09537804871797562
1844,0.0559171661734581,0.09527892619371414
1845,0.055860087275505066,0.09517990797758102
1846,0.055803071707487106,0.09508099406957626
1847,0.05574615299701691,0.09498214721679688
1848,0.05568929389119148,0.09488340467214584
1849,0.05563252419233322,0.09478477388620377
1850,0.05557583272457123,0.09468622505664825
1851,0.055519234389066696,0.0945877730846405
1852,0.055462710559368134,0.09448941797018051
1853,0.05540627986192703,0.09439115226268768
1854,0.05534990876913071,0.09429299831390381
1855,0.05529363825917244,0.0941949412226677
1856,0.05523742735385895,0.09409695863723755
1857,0.055181313306093216,0.09399908035993576
1858,0.055125270038843155,0.09390132129192352
1859,0.055069323629140854,0.09380364418029785
1860,0.055013466626405716,0.09370607137680054
1861,0.05495767295360565,0.09360858798027039
1862,0.05490196868777275,0.0935111939907074
1863,0.05484633147716522,0.09341390430927277
1864,0.05479079484939575,0.0933167114853859
1865,0.05473533272743225,0.09321963042020798
1866,0.05467996001243591,0.09312262386083603
1867,0.054624661803245544,0.09302573651075363
1868,0.05456945300102234,0.0929289236664772
1869,0.0545143187046051,0.09283222258090973
1870,0.05445927381515503,0.09273562580347061
1871,0.054404307156801224,0.09263912588357925
1872,0.05434941500425339,0.09254271537065506
1873,0.054294612258672714,0.09244642406702042
1874,0.054239898920059204,0.09235019236803055
1875,0.054185256361961365,0.09225410223007202
1876,0.054130710661411285,0.09215809404850006
1877,0.05407623574137688,0.09206219762563705
1878,0.05402185395359993,0.09196636080741882
1879,0.053967539221048355,0.09187067300081253
1880,0.05391332134604454,0.0917750671505928
1881,0.05385918170213699,0.09167954325675964
1882,0.05380512401461601,0.09158413112163544
1883,0.053751155734062195,0.09148882329463959
1884,0.05369725823402405,0.0913936048746109
1885,0.05364344269037247,0.09129849821329117
1886,0.05358971655368805,0.09120351076126099
1887,0.053536079823970795,0.09110859036445618
1888,0.05348251760005951,0.09101378172636032
1889,0.053429048508405685,0.09091906249523163
1890,0.05337565019726753,0.09082446247339249
1891,0.05332234129309654,0.0907299593091011
1892,0.05326911062002182,0.09063555300235748
1893,0.05321596935391426,0.09054125100374222
1894,0.05316290631890297,0.09044705331325531
1895,0.05310992896556854,0.09035294502973557
1896,0.05305704474449158,0.09025894850492477
1897,0.05300423130393028,0.09016506373882294
1898,0.05295150727033615,0.09007124602794647
1899,0.05289885029196739,0.08997755497694016
1900,0.05284629389643669,0.0898839682340622
1901,0.05279381573200226,0.0897904708981514
1902,0.05274143069982529,0.08969708532094955
1903,0.05268910899758339,0.08960380405187607
1904,0.05263689160346985,0.08951063454151154
1905,0.052584756165742874,0.08941754698753357
1906,0.05253269150853157,0.08932457119226456
1907,0.05248071253299713,0.0892316997051239
1908,0.05242881923913956,0.0891389399766922
1909,0.052377015352249146,0.08904626965522766
1910,0.052325289696455,0.08895368129014969
1911,0.052273642271757126,0.08886123448610306
1912,0.05222209542989731,0.0887688621878624
1913,0.05217061936855316,0.08867662400007248
1914,0.05211922898888588,0.08858446776866913
1915,0.052067920565605164,0.08849241584539413
1916,0.052016694098711014,0.0884004682302475
1917,0.051965564489364624,0.08830863982439041
1918,0.0519145131111145,0.08821689337491989
1919,0.051863543689250946,0.08812525123357773
1920,0.05181264877319336,0.08803372830152512
1921,0.05176185443997383,0.08794233202934265
1922,0.05171113833785057,0.08785099536180496
1923,0.05166049674153328,0.08775978535413742
1924,0.05160994455218315,0.08766866475343704
1925,0.05155947804450989,0.08757766336202621
1926,0.05150909721851349,0.08748676627874374
1927,0.05145880579948425,0.08739595860242844
1928,0.05140858516097069,0.08730527013540268
1929,0.05135844647884369,0.08721469342708588
1930,0.05130840837955475,0.08712421357631683
1931,0.051258452236652374,0.08703384548425674
1932,0.051208578050136566,0.08694355934858322
1933,0.05115877836942673,0.08685339242219925
1934,0.05110906809568405,0.08676332980394363
1935,0.05105944350361824,0.08667336404323578
1936,0.0510098971426487,0.08658351004123688
1937,0.05096043646335602,0.08649376034736633
1938,0.0509110651910305,0.08640415221452713
1939,0.050861772149801254,0.0863146111369133
1940,0.050812575966119766,0.08622518181800842
1941,0.050763458013534546,0.0861358717083931
1942,0.050714410841464996,0.08604663610458374
1943,0.05066546052694321,0.08595753461122513
1944,0.05061659216880798,0.08586851507425308
1945,0.05056781321763992,0.08577962964773178
1946,0.050519105046987534,0.08569084107875824
1947,0.050470490008592606,0.08560214191675186
1948,0.050421956926584244,0.08551357686519623
1949,0.05037350207567215,0.08542509377002716
1950,0.050325147807598114,0.08533675223588943
1951,0.05027686804533005,0.08524850755929947
1952,0.05022867023944855,0.08516035974025726
1953,0.05018055811524391,0.08507231622934341
1954,0.05013253539800644,0.08498438447713852
1955,0.050084590911865234,0.08489655703306198
1956,0.050036728382110596,0.0848088189959526
1957,0.04998895898461342,0.08472120761871338
1958,0.04994127154350281,0.0846337080001831
1959,0.049893658608198166,0.08454629778862
1960,0.04984612390398979,0.08445902913808823
1961,0.04979868233203888,0.08437184244394302
1962,0.04975133389234543,0.08428476750850677
1963,0.04970407113432884,0.08419778943061829
1964,0.049656886607408524,0.08411093056201935
1965,0.04960978403687477,0.08402417600154877
1966,0.049562763422727585,0.08393751829862595
1967,0.049515824764966965,0.08385100960731506
1968,0.049468982964754105,0.08376455307006836
1969,0.04942220821976662,0.08367826044559479
1970,0.04937553033232689,0.08359204232692719
1971,0.04932893067598343,0.08350592106580734
1972,0.04928240552544594,0.08341994881629944
1973,0.0492359921336174,0.0833340659737587
1974,0.049189649522304535,0.08324828743934631
1975,0.04914338141679764,0.08316262066364288
1976,0.049097198992967606,0.08307705819606781
1977,0.04905111342668533,0.0829915851354599
1978,0.049005091190338135,0.08290624618530273
1979,0.048959165811538696,0.08282099664211273
1980,0.048913318663835526,0.08273586630821228
1981,0.04886755719780922,0.08265087008476257
1982,0.04882187768816948,0.08256595581769943
1983,0.0487762950360775,0.08248115330934525
1984,0.04873078316450119,0.0823964774608612
1985,0.04868536815047264,0.08231189101934433
1986,0.04864002764225006,0.08222741633653641
1987,0.04859476536512375,0.08214306831359863
1988,0.0485495962202549,0.08205880969762802
1989,0.048504509031772614,0.08197467774152756
1990,0.0484594963490963,0.08189063519239426
1991,0.048414576798677444,0.08180670440196991
1992,0.04836973547935486,0.08172287046909332
1993,0.04832497611641884,0.08163917064666748
1994,0.04828030988574028,0.08155557513237
1995,0.04823571816086769,0.08147208392620087
1996,0.048191219568252563,0.08138870447874069
1997,0.04814679175615311,0.08130544424057007
1998,0.04810245335102081,0.081222303211689
1999,0.04805820435285568,0.08113924413919449
2000,0.04801403358578682,0.08105631172657013
2001,0.04796995595097542,0.08097349107265472
2002,0.04792594537138939,0.08089077472686768
2003,0.047882020473480225,0.08080816268920898
2004,0.04783818498253822,0.08072567731142044
2005,0.047794442623853683,0.08064328134059906
2006,0.04775075986981392,0.08056100457906723
2007,0.047707170248031616,0.08047883212566376
2008,0.04766366630792618,0.08039677888154984
2009,0.04762024059891701,0.08031483739614487
2010,0.0475769005715847,0.08023300021886826
2011,0.04753363877534866,0.08015126734972
2012,0.04749046266078949,0.0800696611404419
2013,0.04744737967848778,0.07998814433813095
2014,0.04740436375141144,0.07990675419569016
2015,0.04736144840717316,0.07982548326253891
2016,0.047318603843450546,0.07974432408809662
2017,0.0472758524119854,0.0796632468700409
2018,0.04723317176103592,0.07958230376243591
2019,0.047190580517053604,0.07950146496295929
2020,0.04714806750416756,0.07942073792219162
2021,0.047105636447668076,0.07934010773897171
2022,0.04706329107284546,0.07925959676504135
2023,0.04702102392911911,0.07917919754981995
2024,0.04697883874177933,0.0790989026427269
2025,0.046936746686697006,0.0790187194943428
2026,0.046894725412130356,0.07893867045640945
2027,0.04685278609395027,0.07885871827602386
2028,0.04681093990802765,0.07877887040376663
2029,0.0467691645026207,0.07869914919137955
2030,0.04672747850418091,0.07861950993537903
2031,0.046685874462127686,0.07854000478982925
2032,0.046644341200590134,0.07846062630414963
2033,0.04660290107131004,0.07838132977485657
2034,0.04656154289841652,0.07830215990543365
2035,0.04652027040719986,0.0782231017947197
2036,0.046479079872369766,0.0781441479921341
2037,0.04643797129392624,0.07806531339883804
2038,0.04639693722128868,0.07798656821250916
2039,0.046355992555618286,0.07790794968605042
2040,0.046315114945173264,0.07782942801713943
2041,0.046274323016405106,0.0777510479092598
2042,0.04623362049460411,0.07767275720834732
2043,0.046192992478609085,0.0775945857167244
2044,0.046152450144290924,0.07751651108264923
2045,0.046111978590488434,0.07743856310844421
2046,0.046071607619524,0.07736071944236755
2047,0.04603130370378494,0.07728299498558044
2048,0.045991092920303345,0.07720538973808289
2049,0.04595094919204712,0.07712787389755249
2050,0.04591089487075806,0.07705046981573105
2051,0.04587091878056526,0.07697319984436035
2052,0.04583102464675903,0.07689602673053741
2053,0.04579121619462967,0.07681897282600403
2054,0.045751478523015976,0.076742023229599
2055,0.04571184143424034,0.07666519284248352
2056,0.04567226395010948,0.076588474214077
2057,0.04563276842236519,0.07651186734437943
2058,0.045593369752168655,0.07643536478281021
2059,0.04555404186248779,0.07635895907878876
2060,0.0455147922039032,0.07628267258405685
2061,0.045475609600543976,0.0762065201997757
2062,0.04543653130531311,0.0761304497718811
2063,0.04539751261472702,0.07605451345443726
2064,0.04535859078168869,0.07597867399454117
2065,0.04531974345445633,0.07590294629335403
2066,0.045280974358320236,0.07582734525203705
2067,0.04524228721857071,0.07575185596942902
2068,0.04520367458462715,0.07567647099494934
2069,0.045165155082941055,0.07560119032859802
2070,0.04512670263648033,0.07552602887153625
2071,0.04508833959698677,0.07545098662376404
2072,0.04505005106329918,0.07537603378295898
2073,0.04501183703541756,0.07530120760202408
2074,0.0449737124145031,0.07522650063037872
2075,0.04493566229939461,0.07515189796686172
2076,0.044897690415382385,0.07507739961147308
2077,0.044859789311885834,0.07500302046537399
2078,0.04482198879122734,0.07492876797914505
2079,0.04478425532579422,0.07485460489988327
2080,0.044746603816747665,0.07478056102991104
2081,0.04470903053879738,0.07470663636922836
2082,0.04467153176665306,0.07463280111551285
2083,0.04463411122560501,0.07455908507108688
2084,0.04459677264094353,0.07448548823595047
2085,0.044559504836797714,0.07441200315952301
2086,0.04452233016490936,0.07433862239122391
2087,0.04448522627353668,0.07426535338163376
2088,0.04444820061326027,0.07419220358133316
2089,0.044411249458789825,0.07411915063858032
2090,0.04437437653541565,0.07404622435569763
2091,0.04433758184313774,0.07397341728210449
2092,0.044300880283117294,0.07390070706605911
2093,0.04426424577832222,0.07382810860872269
2094,0.04422768950462341,0.07375561445951462
2095,0.044191207736730576,0.07368326187133789
2096,0.044154807925224304,0.07361100614070892
2097,0.044118482619524,0.07353884726762772
2098,0.04408223181962967,0.07346682250499725
2099,0.0440460704267025,0.07339489459991455
2100,0.044009979814291,0.0733230784535408
2101,0.04397396743297577,0.0732513815164566
2102,0.043938037008047104,0.07317979633808136
2103,0.04390217736363411,0.07310832291841507
2104,0.04386640712618828,0.07303695380687714
2105,0.043830689042806625,0.07296571135520935
2106,0.04379507154226303,0.07289455831050873
2107,0.04375951737165451,0.07282351702451706
2108,0.04372403770685196,0.07275260239839554
2109,0.043688639998435974,0.07268177717924118
2110,0.04365331679582596,0.07261107861995697
2111,0.04361807182431221,0.07254049181938171
2112,0.04358289763331413,0.07247001677751541
2113,0.04354780539870262,0.07239964604377747
2114,0.04351278394460678,0.07232939451932907
2115,0.04347784072160721,0.07225923985242844
2116,0.0434429794549942,0.07218921184539795
2117,0.04340819641947746,0.07211928069591522
2118,0.0433734767138958,0.07204947620630264
2119,0.043338842689991,0.07197978347539902
2120,0.04330427572131157,0.07191018760204315
2121,0.043269798159599304,0.07184071093797684
2122,0.04323538392782211,0.07177136093378067
2123,0.043201036751270294,0.07170210033655167
2124,0.043166786432266235,0.07163294404745102
2125,0.04313259944319725,0.07156392186880112
2126,0.04309849068522453,0.07149499654769897
2127,0.04306444898247719,0.07142619043588638
2128,0.04303049296140671,0.07135749608278275
2129,0.0429966077208519,0.07128890603780746
2130,0.04296279698610306,0.07122042775154114
2131,0.04292906075716019,0.07115206122398376
2132,0.04289540275931358,0.07108380645513535
2133,0.042861808091402054,0.07101566344499588
2134,0.04282829537987709,0.07094763964414597
2135,0.042794860899448395,0.07087970525026321
2136,0.042761486023664474,0.07081187516450882
2137,0.04272819682955742,0.07074417918920517
2138,0.042694978415966034,0.07067658007144928
2139,0.04266182705760002,0.07060910761356354
2140,0.042628757655620575,0.07054172456264496
2141,0.0425957590341568,0.07047446072101593
2142,0.042562831193208694,0.07040730863809586
2143,0.04252997785806656,0.07034026086330414
2144,0.042497195303440094,0.07027332484722137
2145,0.0424644835293293,0.07020651549100876
2146,0.04243185743689537,0.07013978064060211
2147,0.042399294674396515,0.07007317990064621
2148,0.04236680269241333,0.07000669091939926
2149,0.04233438894152641,0.06994031369686127
2150,0.04230204597115517,0.06987404078245163
2151,0.04226977750658989,0.06980786472558975
2152,0.042237576097249985,0.06974183022975922
2153,0.042205456644296646,0.06967587023973465
2154,0.042173389345407486,0.06961005926132202
2155,0.04214141145348549,0.06954433023929596
2156,0.04210949316620827,0.06947872787714005
2157,0.04207765683531761,0.06941322237253189
2158,0.04204589128494263,0.0693478211760521
2159,0.042014192789793015,0.06928254663944244
2160,0.04198257625102997,0.06921737641096115
2161,0.0419510155916214,0.06915230304002762
2162,0.0419195294380188,0.06908735632896423
2163,0.041888125240802765,0.06902250647544861
2164,0.0418567880988121,0.06895776838064194
2165,0.04182550683617592,0.06889314204454422
2166,0.0417943112552166,0.06882861256599426
2167,0.04176316782832146,0.06876420974731445
2168,0.04173211753368378,0.0686999037861824
2169,0.041701123118400574,0.06863570213317871
2170,0.04167020320892334,0.06857161968946457
2171,0.04163935035467148,0.06850763410329819
2172,0.04160856455564499,0.06844377517700195
2173,0.04157785326242447,0.06838002055883408
2174,0.04154721647500992,0.06831637024879456
2175,0.04151664301753044,0.06825283169746399
2176,0.04148614779114723,0.06818939000368118
2177,0.0414557047188282,0.06812606751918793
2178,0.04142533615231514,0.06806286424398422
2179,0.041395045816898346,0.06799976527690887
2180,0.041364818811416626,0.06793676316738129
2181,0.04133466258645058,0.06787388026714325
2182,0.041304584592580795,0.06781109422445297
2183,0.041274555027484894,0.06774841994047165
2184,0.04124460369348526,0.06768586486577988
2185,0.0412147231400013,0.06762340664863586
2186,0.04118490219116211,0.06756105273962021
2187,0.04115515947341919,0.0674988180398941
2188,0.04112548008561134,0.06743668764829636
2189,0.04109587147831917,0.06737466156482697
2190,0.04106631875038147,0.06731275469064713
2191,0.04103684425354004,0.06725094467401505
2192,0.04100743308663368,0.06718922406435013
2193,0.0409780852496624,0.06712764501571655
2194,0.040948811918497086,0.06706614792346954
2195,0.04091960936784744,0.06700477004051208
2196,0.04089046269655228,0.06694348901510239
2197,0.04086137190461159,0.06688231974840164
2198,0.040832363069057465,0.06682125478982925
2199,0.040803421288728714,0.06676030158996582
2200,0.040774546563625336,0.06669946759939194
2201,0.04074573516845703,0.06663873046636581
2202,0.0407169871032238,0.06657809019088745
2203,0.040688298642635345,0.06651756912469864
2204,0.04065968468785286,0.06645715236663818
2205,0.04063115641474724,0.06639684736728668
2206,0.0406026653945446,0.06633663177490234
2207,0.04057424142956734,0.06627653539180756
2208,0.04054589197039604,0.06621655821800232
2209,0.04051761329174042,0.06615667045116425
2210,0.04048938676714897,0.06609688699245453
2211,0.0404612272977829,0.06603722274303436
2212,0.0404331274330616,0.06597765535116196
2213,0.04040510952472687,0.0659181997179985
2214,0.040377140045166016,0.06585884839296341
2215,0.04034924507141113,0.06579959392547607
2216,0.04032140597701073,0.0657404437661171
2217,0.04029364138841629,0.06568141281604767
2218,0.040265925228595734,0.065622478723526
2219,0.04023827612400055,0.06556364893913269
2220,0.040210697799921036,0.06550493091344833
2221,0.0401831716299057,0.06544630229473114
2222,0.04015571251511574,0.0653877928853035
2223,0.040128324180841446,0.06532939523458481
2224,0.04010099545121193,0.06527108699083328
2225,0.04007372260093689,0.06521289050579071
2226,0.04004651680588722,0.0651547983288765
2227,0.04001936689019203,0.06509681791067123
2228,0.039992302656173706,0.06503892689943314
2229,0.03996528312563896,0.06498116254806519
2230,0.03993833810091019,0.064923495054245
2231,0.03991144150495529,0.06486592441797256
2232,0.039884600788354874,0.06480848044157028
2233,0.03985783830285072,0.06475110352039337
2234,0.03983113169670105,0.0646938607096672
2235,0.03980448096990585,0.0646367073059082
2236,0.03977789357304573,0.06457967311143875
2237,0.03975137323141098,0.06452272832393646
2238,0.039724916219711304,0.06446588039398193
2239,0.03969850018620491,0.06440913677215576
2240,0.03967215493321419,0.06435251235961914
2241,0.03964587673544884,0.06429598480463028
2242,0.039619654417037964,0.06423955410718918
2243,0.039593495428562164,0.06418322026729584
2244,0.03956737741827965,0.06412700563669205
2245,0.0395413413643837,0.06407089531421661
2246,0.039515357464551926,0.06401487439870834
2247,0.03948943316936493,0.06395896524190903
2248,0.03946357220411301,0.06390316784381866
2249,0.039437759667634964,0.06384747475385666
2250,0.03941202163696289,0.06379187852144241
2251,0.039386335760354996,0.06373637914657593
2252,0.039360709488391876,0.0636809840798378
2253,0.03933513164520264,0.06362570077180862
2254,0.03930962085723877,0.06357050687074661
2255,0.03928416594862938,0.06351541727781296
2256,0.03925877809524536,0.06346042454242706
2257,0.03923344239592552,0.06340553611516953
2258,0.039208151400089264,0.06335075199604034
2259,0.03918293118476868,0.06329606473445892
2260,0.039157766848802567,0.06324150413274765
2261,0.03913266211748123,0.06318701058626175
2262,0.039107609540224075,0.0631326362490654
2263,0.03908262401819229,0.063078373670578
2264,0.039057690650224686,0.06302418559789658
2265,0.03903280571103096,0.0629701167345047
2266,0.03900798037648201,0.06291615217924118
2267,0.03898322582244873,0.06286227703094482
2268,0.038958512246608734,0.06280851364135742
2269,0.03893385827541351,0.06275485455989838
2270,0.03890926018357277,0.0627012848854065
2271,0.0388847216963768,0.06264782696962357
2272,0.03886023908853531,0.0625944510102272
2273,0.0388357974588871,0.062541164457798
2274,0.038811422884464264,0.06248800456523895
2275,0.03878709673881531,0.06243493780493736
2276,0.038762837648391724,0.06238196790218353
2277,0.03873862326145172,0.06232910603284836
2278,0.03871447220444679,0.062276341021060944
2279,0.03869036212563515,0.06222367659211159
2280,0.038666319102048874,0.062171101570129395
2281,0.03864232450723648,0.06211863458156586
2282,0.038618385791778564,0.062066271901130676
2283,0.038594506680965424,0.06201399117708206
2284,0.03857067972421646,0.0619618259370327
2285,0.03854689747095108,0.0619097575545311
2286,0.03852316737174988,0.06185777485370636
2287,0.03849949687719345,0.06180589646100998
2288,0.0384758822619915,0.061754126101732254
2289,0.03845231607556343,0.06170245260000229
2290,0.03842879831790924,0.061650872230529785
2291,0.038405343890190125,0.061599381268024445
2292,0.03838193044066429,0.06154799461364746
2293,0.03835856914520264,0.061496712267398834
2294,0.03833527863025665,0.061445534229278564
2295,0.038312021642923355,0.061394449323415756
2296,0.038288820534944534,0.06134345754981041
2297,0.038265667855739594,0.061292558908462524
2298,0.038242585957050323,0.0612417571246624
2299,0.03821953386068344,0.06119106709957123
2300,0.038196537643671036,0.06114046275615692
2301,0.03817359358072281,0.061089955270290375
2302,0.03815070539712906,0.06103954464197159
2303,0.03812786191701889,0.06098923832178116
2304,0.0381050705909729,0.06093902513384819
2305,0.03808232769370079,0.06088891252875328
2306,0.03805963322520256,0.06083889678120613
2307,0.038036998361349106,0.060788966715335846
2308,0.03801440820097923,0.06073914095759392
2309,0.03799186646938324,0.06068941205739975
2310,0.03796937316656113,0.06063976511359215
2311,0.03794693574309349,0.0605902299284935
2312,0.037924546748399734,0.060540780425071716
2313,0.037902191281318665,0.06049143150448799
2314,0.03787989541888237,0.060442183166742325
2315,0.037857647985219955,0.06039303168654442
2316,0.03783544898033142,0.060343965888023376
2317,0.037813302129507065,0.060294993221759796
2318,0.03779119625687599,0.06024612486362457
2319,0.0377691388130188,0.060197342187166214
2320,0.037747133523225784,0.06014865264296532
2321,0.03772517293691635,0.06010005995631218
2322,0.037703268229961395,0.0600515678524971
2323,0.037681400775909424,0.060003165155649185
2324,0.037659574300050735,0.05995485931634903
2325,0.037637803703546524,0.059906650334596634
2326,0.03761608526110649,0.0598585307598114
2327,0.03759440779685974,0.05981050431728363
2328,0.03757277876138687,0.05976257473230362
2329,0.03755119442939758,0.059714749455451965
2330,0.037529658526182175,0.05966700613498688
2331,0.03750815987586975,0.05961935222148895
2332,0.037486717104911804,0.05957178398966789
2333,0.03746531531214714,0.059524327516555786
2334,0.03744395449757576,0.05947694554924965
2335,0.03742264211177826,0.059429679065942764
2336,0.037401385605335236,0.05938249081373215
2337,0.0373801589012146,0.05933539196848869
2338,0.03735898435115814,0.059288389980793
2339,0.03733784705400467,0.059241484850645065
2340,0.03731677308678627,0.059194669127464294
2341,0.03729572519659996,0.05914792791008949
2342,0.03727472946047783,0.059101302176713943
2343,0.03725377470254898,0.05905475467443466
2344,0.037232860922813416,0.05900830775499344
2345,0.03721199557185173,0.05896195396780968
2346,0.03719117119908333,0.05891569331288338
2347,0.03717039152979851,0.058869507163763046
2348,0.03714965656399727,0.058823421597480774
2349,0.03712896630167961,0.05877742916345596
2350,0.03710830584168434,0.05873151496052742
2351,0.03708769381046295,0.058685705065727234
2352,0.03706712648272514,0.05863998830318451
2353,0.03704660385847092,0.05859436094760895
2354,0.03702612593770027,0.058548811823129654
2355,0.03700568154454231,0.05850335210561752
2356,0.036985281854867935,0.05845799669623375
2357,0.03696491941809654,0.05841271951794624
2358,0.03694460541009903,0.0583675391972065
2359,0.0369243323802948,0.05832243710756302
2360,0.036904092878103256,0.0582774318754673
2361,0.036883898079395294,0.058232519775629044
2362,0.036863744258880615,0.058187685906887054
2363,0.03684362769126892,0.05814294144511223
2364,0.036823563277721405,0.05809830501675606
2365,0.03680352121591568,0.05805373564362526
2366,0.03678354248404503,0.058009274303913116
2367,0.03676358610391617,0.05796489492058754
2368,0.036743681877851486,0.05792059749364853
2369,0.036723796278238297,0.057876378297805786
2370,0.036703962832689285,0.0578322559595108
2371,0.03668417036533356,0.05778822675347328
2372,0.03666440770030022,0.05774427950382233
2373,0.03664470463991165,0.057700421661138535
2374,0.03662501275539398,0.0576566606760025
2375,0.03660537302494049,0.05761297047138214
2376,0.03658577427268028,0.05756937339901924
2377,0.03656620904803276,0.0575258694589138
2378,0.036546677350997925,0.05748244374990463
2379,0.03652719408273697,0.05743911489844322
2380,0.036507751792669296,0.05739585682749748
2381,0.03648833557963371,0.0573526993393898
2382,0.036468952894210815,0.05730961635708809
2383,0.0364496111869812,0.05726661533117294
2384,0.03643030673265457,0.05722372233867645
2385,0.036411043256521225,0.057180896401405334
2386,0.03639181703329086,0.05713816359639168
2387,0.03637262433767319,0.05709552392363548
2388,0.03635347634553909,0.05705295875668526
2389,0.03633434325456619,0.0570104755461216
2390,0.03631526976823807,0.0569680891931057
2391,0.03629621863365173,0.05692576989531517
2392,0.036277204751968384,0.056883543729782104
2393,0.03625822812318802,0.0568414069712162
2394,0.03623927757143974,0.05679934844374657
2395,0.036220379173755646,0.056757375597953796
2396,0.03620149940252304,0.05671548470854759
2397,0.03618265315890312,0.056673672050237656
2398,0.03616385534405708,0.05663195997476578
2399,0.03614509105682373,0.056590329855680466
2400,0.036126356571912766,0.056548770517110825
2401,0.03610765188932419,0.056507308036088943
2402,0.036088984459638596,0.05646591633558273
2403,0.03607035055756569,0.056424614042043686
2404,0.03605175390839577,0.056383393704891205
2405,0.036033183336257935,0.05634225532412529
2406,0.03601464629173279,0.05630119517445564
2407,0.03599615395069122,0.05626022443175316
2408,0.03597768396139145,0.056219328194856644
2409,0.03595924749970436,0.05617852509021759
2410,0.03594084829092026,0.056137796491384506
2411,0.03592248633503914,0.05609714612364769
2412,0.035904135555028915,0.056056588888168335
2413,0.03588584065437317,0.05601610615849495
2414,0.035867564380168915,0.055975694209337234
2415,0.03584930673241615,0.05593537911772728
2416,0.03583110496401787,0.05589514970779419
2417,0.035812925547361374,0.05585498735308647
2418,0.035794779658317566,0.05581491068005562
2419,0.03577665984630585,0.05577491596341133
2420,0.03575857728719711,0.05573499575257301
2421,0.03574051335453987,0.05569515377283096
2422,0.03572249040007591,0.055655401200056076
2423,0.03570450469851494,0.05561571940779686
2424,0.035686541348695755,0.055576127022504807
2425,0.03566860035061836,0.055536605417728424
2426,0.035650692880153656,0.05549716576933861
2427,0.03563281521201134,0.05545780435204506
2428,0.035614967346191406,0.055418532341718674
2429,0.03559714928269386,0.05537933111190796
2430,0.0355793721973896,0.055340200662612915
2431,0.035561610013246536,0.05530115216970444
2432,0.03554387763142586,0.05526219308376312
2433,0.035526178777217865,0.055223312228918076
2434,0.03550850600004196,0.055184490978717804
2435,0.03549085557460785,0.0551457554101944
2436,0.03547323867678642,0.05510709434747696
2437,0.035455647855997086,0.05506852641701698
2438,0.03543809428811073,0.05503002181649208
2439,0.03542056679725647,0.054991595447063446
2440,0.0354030542075634,0.05495325103402138
2441,0.035385578870773315,0.054914992302656174
2442,0.03536812961101532,0.05487678945064545
2443,0.03535070642828941,0.05483867600560188
2444,0.035333301872015,0.05480064079165459
2445,0.03531593084335327,0.05476267635822296
2446,0.035298582166433334,0.0547247938811779
2447,0.03528127446770668,0.054686982184648514
2448,0.03526398167014122,0.0546492375433445
2449,0.03524671494960785,0.05461159348487854
2450,0.035229478031396866,0.054573994129896164
2451,0.03521226346492767,0.054536495357751846
2452,0.03519507870078087,0.054499052464962006
2453,0.03517792001366615,0.05446171388030052
2454,0.03516077995300293,0.05442441999912262
2455,0.03514367341995239,0.054387208074331284
2456,0.03512657806277275,0.054350074380636215
2457,0.035109519958496094,0.05431302636861801
2458,0.035092491656541824,0.05427604168653488
2459,0.03507547453045845,0.05423912778496742
2460,0.035058483481407166,0.05420229956507683
2461,0.03504151478409767,0.05416553467512131
2462,0.03502458333969116,0.054128844290971756
2463,0.03500765934586525,0.05409223213791847
2464,0.03499077260494232,0.05405568704009056
2465,0.034973904490470886,0.05401921272277832
2466,0.03495705872774124,0.05398281291127205
2467,0.03494023531675339,0.05394649878144264
2468,0.034923430532217026,0.05391024425625801
2469,0.03490665927529335,0.05387406423687935
2470,0.03488990291953087,0.05383795127272606
2471,0.034873172640800476,0.053801920264959335
2472,0.03485645726323128,0.05376596003770828
2473,0.034839779138565063,0.053730059415102005
2474,0.034823108464479446,0.05369425192475319
2475,0.034806471318006516,0.05365849658846855
2476,0.03478984534740448,0.053622812032699585
2477,0.03477325290441513,0.05358720198273659
2478,0.034756675362586975,0.05355167016386986
2479,0.03474012017250061,0.0535162016749382
2480,0.03472357988357544,0.053480811417102814
2481,0.034707069396972656,0.053445491939783096
2482,0.03469057381153107,0.05341023951768875
2483,0.03467410430312157,0.05337505415081978
2484,0.03465765714645386,0.05333994701504707
2485,0.03464122861623764,0.053304899483919144
2486,0.034624822437763214,0.053269922733306885
2487,0.034608419984579086,0.053235020488500595
2488,0.03459205850958824,0.053200192749500275
2489,0.034575704485177994,0.053165409713983536
2490,0.034559380263090134,0.05313071981072426
2491,0.03454306349158287,0.053096093237400055
2492,0.03452678397297859,0.053061529994010925
2493,0.03451050445437431,0.053027041256427765
2494,0.03449425846338272,0.052992623299360275
2495,0.03447802737355232,0.05295826122164726
2496,0.03446180745959282,0.05292396992444992
2497,0.03444560989737511,0.052889760583639145
2498,0.034429438412189484,0.052855607122182846
2499,0.03441327437758446,0.05282152444124222
2500,0.03439713642001152,0.052787505090236664
2501,0.034381017088890076,0.05275356024503708
2502,0.03436490520834923,0.052719682455062866
2503,0.03434882313013077,0.052685853093862534
2504,0.0343327522277832,0.052652109414339066
2505,0.03431670367717743,0.05261843651533127
2506,0.034300677478313446,0.05258481204509735
2507,0.03428465873003006,0.052551258355379105
2508,0.03426866605877876,0.05251777172088623
2509,0.03425268083810806,0.052484359592199326
2510,0.03423671796917915,0.0524509958922863
2511,0.03422076627612114,0.05241771787405014
2512,0.034204836934804916,0.05238448455929756
2513,0.03418892249464989,0.05235132947564125
2514,0.03417301923036575,0.05231824144721031
2515,0.03415714204311371,0.05228522792458534
2516,0.03414127975702286,0.05225225165486336
2517,0.0341254323720932,0.05221935734152794
2518,0.03410959616303444,0.05218653008341789
2519,0.03409377485513687,0.052153754979372025
2520,0.034077972173690796,0.05212104693055153
2521,0.034062184393405914,0.052088405936956406
2522,0.034046418964862823,0.052055831998586655
2523,0.03403066098690033,0.05202331393957138
2524,0.03401491791009903,0.05199086666107178
2525,0.03399918973445892,0.05195847526192665
2526,0.03398347645998001,0.0519261471927166
2527,0.03396778181195259,0.05189388617873192
2528,0.033952102065086365,0.05186168849468231
2529,0.033936433494091034,0.05182954668998718
2530,0.0339207798242569,0.05179747939109802
2531,0.033905137330293655,0.05176546424627304
2532,0.033889513462781906,0.051733508706092834
2533,0.03387390077114105,0.0517016239464283
2534,0.03385830298066139,0.051669806241989136
2535,0.03384271636605263,0.05163803696632385
2536,0.033827148377895355,0.05160633474588394
2537,0.03381159529089928,0.05157468095421791
2538,0.0337960459291935,0.05154310539364815
2539,0.03378051891922951,0.051511578261852264
2540,0.033764999359846115,0.051480118185281754
2541,0.03374949097633362,0.05144873261451721
2542,0.033734001219272614,0.051417380571365356
2543,0.033718522638082504,0.05138610303401947
2544,0.03370305150747299,0.05135488137602806
2545,0.03368760272860527,0.051323726773262024
2546,0.03367215767502785,0.05129262059926987
2547,0.03365672379732132,0.05126158520579338
2548,0.033641308546066284,0.051230594515800476
2549,0.033625900745391846,0.05119967460632324
2550,0.0336105041205883,0.05116880685091019
2551,0.03359512984752655,0.0511380098760128
2552,0.0335797555744648,0.051107265055179596
2553,0.03356439247727394,0.05107656866312027
2554,0.03354904055595398,0.05104594677686691
2555,0.03353371098637581,0.05101538076996803
2556,0.03351838141679764,0.05098487064242363
2557,0.03350307047367096,0.050954412668943405
2558,0.03348776325583458,0.050924018025398254
2559,0.03347247093915939,0.05089367553591728
2560,0.033457186073064804,0.050863396376371384
2561,0.03344191610813141,0.05083316192030907
2562,0.03342665731906891,0.05080300197005272
2563,0.033411405980587006,0.05077289044857025
2564,0.0333961620926857,0.05074283480644226
2565,0.03338093310594559,0.05071284621953964
2566,0.03336571156978607,0.050682906061410904
2567,0.03335050120949745,0.050653018057346344
2568,0.03333529829978943,0.05062319338321686
2569,0.0333201102912426,0.050593409687280655
2570,0.03330492600798607,0.05056370794773102
2571,0.03328975290060043,0.050534047186374664
2572,0.03327459469437599,0.05050443485379219
2573,0.03325944021344185,0.05047488585114479
2574,0.0332442969083786,0.050445396453142166
2575,0.03322915360331535,0.05041595548391342
2576,0.0332140251994133,0.050386570394039154
2577,0.03319890797138214,0.05035723000764847
2578,0.03318380191922188,0.050327952951192856
2579,0.03316870704293251,0.05029873922467232
2580,0.03315361216664314,0.05026957020163536
2581,0.03313852474093437,0.05024045705795288
2582,0.0331234484910965,0.05021139979362488
2583,0.03310838341712952,0.05018238723278046
2584,0.03309332951903343,0.05015344172716141
2585,0.033078279346227646,0.05012454092502594
2586,0.033063240349292755,0.05009569600224495
2587,0.03304820507764816,0.05006689578294754
2588,0.033033180981874466,0.050038162618875504
2589,0.03301815688610077,0.050009485334157944
2590,0.033003147691488266,0.04998084157705307
2591,0.03298813849687576,0.04995226114988327
2592,0.03297314792871475,0.04992373287677765
2593,0.03295815363526344,0.049895256757736206
2594,0.03294317424297333,0.04986683279275894
2595,0.03292820230126381,0.04983845725655556
2596,0.03291323408484459,0.04981013387441635
2597,0.03289826959371567,0.049781862646341324
2598,0.03288331255316734,0.04975365102291107
2599,0.03286837413907051,0.0497254803776741
2600,0.03285342454910278,0.049697358161211014
2601,0.03283848613500595,0.04966927692294121
2602,0.032823558896780014,0.04964127764105797
2603,0.03280864283442497,0.04961331561207771
2604,0.03279373049736023,0.04958540201187134
2605,0.03277881070971489,0.04955754429101944
2606,0.03276391699910164,0.04952972009778023
2607,0.03274901956319809,0.04950195550918579
2608,0.03273412585258484,0.049474235624074936
2609,0.032719239592552185,0.04944656789302826
2610,0.03270436450839043,0.04941895604133606
2611,0.03268949314951897,0.04939138516783714
2612,0.03267461806535721,0.049363866448402405
2613,0.03265976160764694,0.049336399883031845
2614,0.03264489769935608,0.04930897802114487
2615,0.03263005241751671,0.049281612038612366
2616,0.03261519968509674,0.04925429821014404
2617,0.032600369304418564,0.0492270290851593
2618,0.03258552774786949,0.04919978603720665
2619,0.03257070109248161,0.04917261376976967
2620,0.032555870711803436,0.04914548248052597
2621,0.03254105523228645,0.049118392169475555
2622,0.03252623975276947,0.049091361463069916
2623,0.032511427998542786,0.04906437173485756
2624,0.0324966199696064,0.04903744161128998
2625,0.03248181939125061,0.049010541290044785
2626,0.03246702626347542,0.048983704298734665
2627,0.032452233135700226,0.04895690083503723
2628,0.03243744373321533,0.04893014207482338
2629,0.03242265805602074,0.048903439193964005
2630,0.03240787982940674,0.04887678474187851
2631,0.03239310160279274,0.0488501712679863
2632,0.03237833455204964,0.048823609948158264
2633,0.032363567501306534,0.048797085881233215
2634,0.03234880417585373,0.04877060651779175
2635,0.03233404830098152,0.04874417558312416
2636,0.032319288700819016,0.04871780052781105
2637,0.032304536551237106,0.04869144782423973
2638,0.032289788126945496,0.048665162175893784
2639,0.03227504715323448,0.04863891378045082
2640,0.032260309904813766,0.048612698912620544
2641,0.03224556893110275,0.04858654737472534
2642,0.032230839133262634,0.04856043681502342
2643,0.032216113060712814,0.04853436350822449
2644,0.032201383262872696,0.04850834235548973
2645,0.03218665346503258,0.04848235845565796
2646,0.03217193856835365,0.04845641553401947
2647,0.03215722367167473,0.04843053221702576
2648,0.032142505049705505,0.04840468615293503
2649,0.032127805054187775,0.048378873616456985
2650,0.03211309015750885,0.04835310950875282
2651,0.03209839016199112,0.04832739382982254
2652,0.03208369016647339,0.04830172285437584
2653,0.03206899017095566,0.04827608913183212
2654,0.032054297626018524,0.04825049266219139
2655,0.03203960508108139,0.04822494089603424
2656,0.03202491253614426,0.04819943755865097
2657,0.03201022744178772,0.04817398265004158
2658,0.03199554234743118,0.048148564994335175
2659,0.031980860978364944,0.04812318831682205
2660,0.031966183334589005,0.048097848892211914
2661,0.031951501965522766,0.04807255044579506
2662,0.031936828047037125,0.04804730787873268
2663,0.03192215412855148,0.048022087663412094
2664,0.03190748766064644,0.04799692705273628
2665,0.031892817467451096,0.047971803694963455
2666,0.03187815099954605,0.047946710139513016
2667,0.0318634919822216,0.047921668738126755
2668,0.03184882551431656,0.04789666086435318
2669,0.03183416649699211,0.047871701419353485
2670,0.031819507479667664,0.04784677177667618
2671,0.03180485591292381,0.047821883112192154
2672,0.031790200620889664,0.04779704287648201
2673,0.031775545328855515,0.04777223989367485
2674,0.03176090121269226,0.04774748161435127
2675,0.03174625337123871,0.04772276058793068
2676,0.031731605529785156,0.04769807308912277
2677,0.031716953963041306,0.04767344146966934
2678,0.03170232102274895,0.04764882102608681
2679,0.03168767690658569,0.04762426018714905
2680,0.03167303651571274,0.04759974032640457
2681,0.03165840730071068,0.04757526516914368
2682,0.03164376690983772,0.04755081236362457
2683,0.031629130244255066,0.04752640798687935
2684,0.03161449730396271,0.04750204458832741
2685,0.03159986808896065,0.04747770354151726
2686,0.03158523142337799,0.04745341092348099
2687,0.03157060593366623,0.047429159283638
2688,0.03155597671866417,0.047404948621988297
2689,0.03154135122895241,0.04738076403737068
2690,0.031526725739240646,0.04735662788152695
2691,0.031512096524238586,0.0473325252532959
2692,0.03149748221039772,0.04730846732854843
2693,0.031482864171266556,0.04728444293141365
2694,0.031468234956264496,0.047260452061891556
2695,0.03145362064242363,0.047236502170562744
2696,0.03143899887800217,0.04721258953213692
2697,0.0314243845641613,0.04718870669603348
2698,0.031409770250320435,0.04716486856341362
2699,0.03139515221118927,0.04714106395840645
2700,0.031380534172058105,0.047117289155721664
2701,0.03136591985821724,0.04709355905652046
2702,0.03135130926966667,0.04706985875964165
2703,0.03133669123053551,0.04704620689153671
2704,0.03132208436727524,0.04702259227633476
2705,0.031307484954595566,0.0469990037381649
2706,0.0312928669154644,0.04697545990347862
2707,0.03127826005220413,0.04695194214582443
2708,0.031263649463653564,0.04692845419049263
2709,0.031249044463038445,0.046905022114515305
2710,0.031234441325068474,0.04688160493969917
2711,0.031219834461808205,0.04685824736952782
2712,0.031205231323838234,0.04683489724993706
2713,0.031190628185868263,0.04681159928441048
2714,0.03117602877318859,0.046788331121206284
2715,0.031161421909928322,0.04676510766148567
2716,0.03114681877195835,0.04674190282821655
2717,0.031132221221923828,0.04671875014901161
2718,0.031117618083953857,0.046695608645677567
2719,0.031103014945983887,0.0466725192964077
2720,0.031088419258594513,0.04664946347475052
2721,0.03107382357120514,0.046626437455415726
2722,0.03105922043323517,0.04660344123840332
2723,0.031044622883200645,0.0465804785490036
2724,0.03103003092110157,0.04655754566192627
2725,0.0310154277831316,0.046534664928913116
2726,0.031000833958387375,0.046511802822351456
2727,0.030986238270998,0.04648898169398308
2728,0.03097163885831833,0.04646618291735649
2729,0.030957045033574104,0.04644342511892319
2730,0.030942456796765327,0.046420689672231674
2731,0.030927853658795357,0.04639800637960434
2732,0.03091326355934143,0.046375345438718796
2733,0.030898671597242355,0.04635271802544594
2734,0.03088407590985298,0.04633011668920517
2735,0.030869485810399055,0.04630756005644798
2736,0.03085489198565483,0.046285033226013184
2737,0.030840303748846054,0.04626252502202988
2738,0.030825704336166382,0.046240054070949554
2739,0.030811117962002754,0.04621762037277222
2740,0.03079652599990368,0.046195220202207565
2741,0.03078193962574005,0.046172846108675
2742,0.030767349526286125,0.04615050554275513
2743,0.03075275756418705,0.04612819105386734
2744,0.030738163739442825,0.04610592499375343
2745,0.030723582953214645,0.04608367756009102
2746,0.03070899285376072,0.04606145620346069
2747,0.030694400891661644,0.04603927582502365
2748,0.030679814517498016,0.0460171177983284
2749,0.03066522814333439,0.045994993299245834
2750,0.030650636181235313,0.04597289860248566
2751,0.030636046081781387,0.04595083370804787
2752,0.03062145970761776,0.04592880234122276
2753,0.03060687892138958,0.045906804502010345
2754,0.030592292547225952,0.045884836465120316
2755,0.030577706173062325,0.04586289823055267
2756,0.030563127249479294,0.04584098234772682
2757,0.030548539012670517,0.04581909999251366
2758,0.03053395263850689,0.04579724743962288
2759,0.03051936998963356,0.045775432139635086
2760,0.03050478734076023,0.04575364664196968
2761,0.030490202829241753,0.045731887221336365
2762,0.030475616455078125,0.04571015015244484
2763,0.030461030080914497,0.0456884428858757
2764,0.030446451157331467,0.04566676542162895
2765,0.030431872233748436,0.04564511403441429
2766,0.030417287722229958,0.04562349617481232
2767,0.030402712523937225,0.045601919293403625
2768,0.030388133600354195,0.04558035731315613
2769,0.030373550951480865,0.04555882140994072
2770,0.030358968302607536,0.045537326484918594
2771,0.030344389379024506,0.04551585018634796
2772,0.030329810455441475,0.045494407415390015
2773,0.030315227806568146,0.04547298699617386
2774,0.030300656333565712,0.04545159265398979
2775,0.03028607740998268,0.04543022811412811
2776,0.030271494761109352,0.04540889710187912
2777,0.030256930738687515,0.045387592166662216
2778,0.030242351815104485,0.0453663095831871
2779,0.030227772891521454,0.045345060527324677
2780,0.030213193967938423,0.04532383382320404
2781,0.030198626220226288,0.04530264064669609
2782,0.030184052884578705,0.045281484723091125
2783,0.03016948141157627,0.04526033625006676
2784,0.03015490621328354,0.04523921385407448
2785,0.030140334740281105,0.04521813243627548
2786,0.03012576326727867,0.04519706964492798
2787,0.030111193656921387,0.04517603665590286
2788,0.03009662590920925,0.045155029743909836
2789,0.030082061886787415,0.0451340489089489
2790,0.03006749600172043,0.04511309042572975
2791,0.030052917078137398,0.04509216919541359
2792,0.03003835864365101,0.04507125914096832
2793,0.030023790895938873,0.04505038261413574
2794,0.03000921942293644,0.04502953961491585
2795,0.029994657263159752,0.04500873014330864
2796,0.029980100691318512,0.044987913221120834
2797,0.029965534806251526,0.04496714472770691
2798,0.02995097078382969,0.04494640603661537
2799,0.0299364123493433,0.044925689697265625
2800,0.029921850189566612,0.044904980808496475
2801,0.029907289892435074,0.04488431662321091
2802,0.029892735183238983,0.04486367478966713
2803,0.029878176748752594,0.04484306275844574
2804,0.029863618314266205,0.044822465628385544
2805,0.029849065467715263,0.044801898300647736
2806,0.02983451634645462,0.04478135332465172
2807,0.02981996349990368,0.04476083442568779
2808,0.029805414378643036,0.04474034160375595
2809,0.029790854081511497,0.0447198860347271
2810,0.0297763142734766,0.04469943419098854
2811,0.029761765152215958,0.04467902332544327
2812,0.029747217893600464,0.04465862736105919
2813,0.02973267436027527,0.0446382574737072
2814,0.029718130826950073,0.0446179136633873
2815,0.02970358356833458,0.044597577303647995
2816,0.029689041897654533,0.04457728937268257
2817,0.029674502089619637,0.04455702006816864
2818,0.02965996228158474,0.0445367731153965
2819,0.029645424336194992,0.04451655223965645
2820,0.029630888253450394,0.04449634253978729
2821,0.029616357758641243,0.04447616636753082
2822,0.029601823538541794,0.04445601627230644
2823,0.029587287455797195,0.044435881078243256
2824,0.02957276813685894,0.04441577196121216
2825,0.02955823391675949,0.04439568892121315
2826,0.029543714597821236,0.04437563195824623
2827,0.029529180377721786,0.0443556010723114
2828,0.029514657333493233,0.04433558136224747
2829,0.029500138014554977,0.04431559145450592
2830,0.029485618695616722,0.04429560899734497
2831,0.029471103101968765,0.044275686144828796
2832,0.02945658378303051,0.04425575211644173
2833,0.029442064464092255,0.04423585161566734
2834,0.029427554458379745,0.04421597346663475
2835,0.029413042590022087,0.044196125119924545
2836,0.029398540034890175,0.044176291674375534
2837,0.029384026303887367,0.04415648803114891
2838,0.029369521886110306,0.044136691838502884
2839,0.029355019330978394,0.04411692917346954
2840,0.02934051677584648,0.04409719258546829
2841,0.029326017946004868,0.044077467173337936
2842,0.029311522841453552,0.04405776783823967
2843,0.029297031462192535,0.04403810203075409
2844,0.02928254008293152,0.044018443673849106
2845,0.0292680524289608,0.04399880766868591
2846,0.029253561049699783,0.04397919774055481
2847,0.029239075258374214,0.0439596064388752
2848,0.029224591329693794,0.04394003376364708
2849,0.029210111126303673,0.04392049461603165
2850,0.029195636510849,0.04390097036957741
2851,0.029181156307458878,0.04388146847486496
2852,0.029166685417294502,0.0438619926571846
2853,0.029152216389775276,0.04384251683950424
2854,0.02913774736225605,0.04382309690117836
2855,0.029123282060027122,0.043803680688142776
2856,0.029108813032507896,0.04378427565097809
2857,0.029094360768795013,0.04376489296555519
2858,0.029079899191856384,0.04374554008245468
2859,0.029065445065498352,0.043726202100515366
2860,0.02905099280178547,0.04370688647031784
2861,0.029036540538072586,0.04368758574128151
2862,0.02902209386229515,0.04366832226514816
2863,0.029007652774453163,0.04364907369017601
2864,0.028993211686611176,0.04362984374165535
2865,0.028978774324059486,0.04361063614487648
2866,0.028964336961507797,0.043591439723968506
2867,0.028949910774827003,0.04357226565480232
2868,0.02893548086285591,0.04355311766266823
2869,0.028921058401465416,0.043533988296985626
2870,0.02890663407742977,0.043514885008335114
2871,0.028892215341329575,0.043495796620845795
2872,0.028877802193164825,0.043476711958646774
2873,0.028863387182354927,0.04345766827464104
2874,0.028848979622125626,0.043438635766506195
2875,0.028834573924541473,0.043419621884822845
2876,0.02882017008960247,0.04340063035488129
2877,0.028805773705244064,0.04338165372610092
2878,0.02879137545824051,0.04336271807551384
2879,0.028776990249753,0.043343786150217056
2880,0.02876259945333004,0.043324876576662064
2881,0.028748219832777977,0.043305978178977966
2882,0.028733840212225914,0.04328710958361626
2883,0.0287194661796093,0.04326826333999634
2884,0.028705092146992683,0.04324942082166672
2885,0.028690723702311516,0.043230608105659485
2886,0.028676357120275497,0.043211810290813446
2887,0.028661997988820076,0.043193038552999496
2888,0.028647642582654953,0.04317428171634674
2889,0.028633292764425278,0.04315553233027458
2890,0.028618933632969856,0.04313681647181511
2891,0.028604598715901375,0.04311811923980713
2892,0.028590252622961998,0.043099429458379745
2893,0.028575915843248367,0.04308076575398445
2894,0.028561580926179886,0.04306211695075035
2895,0.028547253459692,0.04304348677396774
2896,0.028532933443784714,0.04302487149834633
2897,0.02851860783994198,0.043006278574466705
2898,0.028504300862550735,0.04298770800232887
2899,0.028489990159869194,0.042969148606061935
2900,0.028475679457187653,0.042950622737407684
2901,0.028461378067731857,0.04293211176991463
2902,0.02844708040356636,0.04291361942887306
2903,0.02843278832733631,0.04289514198899269
2904,0.02841849997639656,0.04287667199969292
2905,0.028404222801327705,0.04285823181271553
2906,0.02838994190096855,0.04283980652689934
2907,0.028375666588544846,0.04282139614224434
2908,0.028361404314637184,0.04280300810933113
2909,0.028347140178084373,0.04278463497757912
2910,0.02833287976682186,0.042766280472278595
2911,0.0283186212182045,0.04274795204401016
2912,0.02830437757074833,0.04272961989045143
2913,0.02829013578593731,0.04271133244037628
2914,0.028275899589061737,0.04269304499030113
2915,0.028261665254831314,0.042674776166677475
2916,0.02824743650853634,0.04265652596950531
2917,0.028233211487531662,0.04263829067349434
2918,0.02821899577975273,0.04262008145451546
2919,0.0282047837972641,0.04260187968611717
2920,0.028190579265356064,0.04258370026946068
2921,0.028176382184028625,0.042565543204545975
2922,0.02816218137741089,0.04254739731550217
2923,0.028147993609309196,0.04252926632761955
2924,0.028133805841207504,0.042511146515607834
2925,0.028119627386331558,0.0424930565059185
2926,0.02810545265674591,0.042474981397390366
2927,0.02809128724038601,0.04245691001415253
2928,0.028077123686671257,0.042438868433237076
2929,0.02806296944618225,0.04242083430290222
2930,0.028048822656273842,0.042402829974889755
2931,0.028034677729010582,0.042384836822748184
2932,0.028020532801747322,0.042366862297058105
2933,0.028006402775645256,0.042348891496658325
2934,0.027992278337478638,0.04233095049858093
2935,0.02797815389931202,0.04231302812695503
2936,0.027964044362306595,0.042295120656490326
2937,0.027949940413236618,0.04227723181247711
2938,0.02793584018945694,0.04225936904549599
2939,0.027921749278903008,0.042241502553224564
2940,0.027907658368349075,0.04222365841269493
2941,0.02789357677102089,0.04220583662390709
2942,0.0278795026242733,0.042188022285699844
2943,0.027865435928106308,0.04217022657394409
2944,0.027851369231939316,0.042152464389801025
2945,0.02783730998635292,0.04213469475507736
2946,0.02782326750457287,0.04211695119738579
2947,0.027809223160147667,0.04209922254085541
2948,0.027795186266303062,0.04208150878548622
2949,0.027781158685684204,0.042063817381858826
2950,0.027767138555645943,0.04204614460468292
2951,0.02775312215089798,0.04202847182750702
2952,0.027739111334085464,0.042010825127363205
2953,0.027725115418434143,0.04199320077896118
2954,0.027711117640137672,0.04197557270526886
2955,0.027697132900357246,0.041957974433898926
2956,0.02768315188586712,0.04194038733839989
2957,0.027669182047247887,0.04192282259464264
2958,0.027655208483338356,0.04190526157617569
2959,0.027641253545880318,0.04188773036003113
2960,0.027627304196357727,0.04187020659446716
2961,0.027613362297415733,0.04185270145535469
2962,0.027599425986409187,0.04183521494269371
2963,0.02758549340069294,0.041817739605903625
2964,0.027571583166718483,0.04180028289556503
2965,0.02755766361951828,0.04178283363580704
2966,0.02754375711083412,0.04176541045308113
2967,0.02752985619008541,0.04174799472093582
2968,0.027515962719917297,0.041730597615242004
2969,0.02750208042562008,0.04171321913599968
2970,0.02748820371925831,0.04169584438204765
2971,0.027474336326122284,0.04167848825454712
2972,0.027460478246212006,0.04166115075349808
2973,0.027446625754237175,0.041643835604190826
2974,0.02743278630077839,0.04162652790546417
2975,0.027418946847319603,0.04160923883318901
2976,0.02740512229502201,0.041591960936784744
2977,0.02739129588007927,0.04157469794154167
2978,0.027377493679523468,0.04155745357275009
2979,0.02736368589103222,0.04154021665453911
2980,0.027349894866347313,0.04152300953865051
2981,0.027336107566952705,0.04150580242276192
2982,0.027322329580783844,0.041488613933324814
2983,0.02730855718255043,0.0414714440703392
2984,0.027294795960187912,0.04145428165793419
2985,0.02728104032576084,0.041437141597270966
2986,0.027267294004559517,0.04142000898718834
2987,0.027253558859229088,0.041402895003557205
2988,0.027239827439188957,0.04138580337166786
2989,0.027226107195019722,0.041368722915649414
2990,0.02721240185201168,0.04135164991021156
2991,0.027198700234293938,0.041334591805934906
2992,0.02718500979244709,0.04131755605340004
2993,0.027171319350600243,0.04130054637789726
2994,0.027157645672559738,0.04128352552652359
2995,0.02714398130774498,0.041266534477472305
2996,0.027130329981446266,0.04124955087900162
2997,0.027116678655147552,0.04123259335756302
2998,0.027103036642074585,0.04121564328670502
2999,0.02708940953016281,0.04119870811700821
3000,0.027075784280896187,0.041181787848472595
3001,0.027062175795435905,0.04116487130522728
3002,0.027048572897911072,0.04114798828959465
3003,0.027034979313611984,0.04113110527396202
3004,0.027021395042538643,0.041114240884780884
3005,0.027007823809981346,0.04109738767147064
3006,0.026994256302714348,0.04108055680990219
3007,0.026980703696608543,0.04106374457478523
3008,0.026967158541083336,0.04104693606495857
3009,0.026953620836138725,0.0410301499068737
3010,0.02694009616971016,0.04101336747407913
3011,0.02692658081650734,0.04099661111831665
3012,0.026913072913885117,0.04097985476255417
3013,0.02689957618713379,0.04096313565969467
3014,0.026886092498898506,0.04094642028212547
3015,0.02687261253595352,0.04092971980571747
3016,0.02685914747416973,0.04091302677989006
3017,0.026845688000321388,0.04089635610580444
3018,0.02683224342763424,0.04087969660758972
3019,0.026818806305527687,0.04086305946111679
3020,0.02680538035929203,0.04084641486406326
3021,0.02679196186363697,0.040829796344041824
3022,0.026778554543852806,0.04081319645047188
3023,0.02676515467464924,0.04079660773277283
3024,0.026751771569252014,0.04078003019094467
3025,0.026738395914435387,0.04076347127556801
3026,0.026725025847554207,0.04074692353606224
3027,0.02671167254447937,0.04073039069771767
3028,0.02669833041727543,0.040713872760534286
3029,0.026684993878006935,0.0406973659992218
3030,0.026671668514609337,0.04068088158965111
3031,0.026658356189727783,0.04066440090537071
3032,0.026645056903362274,0.04064793884754181
3033,0.026631763204932213,0.0406314879655838
3034,0.026618478819727898,0.040615055710077286
3035,0.026605211198329926,0.04059863090515137
3036,0.026591947302222252,0.04058222472667694
3037,0.026578698307275772,0.040565840899944305
3038,0.026565462350845337,0.04054944962263107
3039,0.0265522301197052,0.04053308814764023
3040,0.026539016515016556,0.04051674157381058
3041,0.02652580849826336,0.040500394999980927
3042,0.026512617245316505,0.040484070777893066
3043,0.0264994278550148,0.0404677540063858
3044,0.026486260816454887,0.04045146331191063
3045,0.026473088189959526,0.04043518006801605
3046,0.0264599472284317,0.04041891545057297
3047,0.02644680254161358,0.040402647107839584
3048,0.026433676481246948,0.04038640856742859
3049,0.026420559734106064,0.04037017002701759
3050,0.026407450437545776,0.040353961288928986
3051,0.026394348591566086,0.040337756276130676
3052,0.026381274685263634,0.04032156243920326
3053,0.026368198916316032,0.040305398404598236
3054,0.026355134323239326,0.04028923064470291
3055,0.026342086493968964,0.040273088961839676
3056,0.026329051703214645,0.04025694727897644
3057,0.026316029950976372,0.040240827947854996
3058,0.026303013786673546,0.040224723517894745
3059,0.026290010660886765,0.04020863026380539
3060,0.02627701498568058,0.04019255191087723
3061,0.026264041662216187,0.040176477283239365
3062,0.026251068338751793,0.04016043245792389
3063,0.02623811736702919,0.04014439135789871
3064,0.026225171983242035,0.04012836515903473
3065,0.026212239637970924,0.04011235758662224
3066,0.026199322193861008,0.04009636491537094
3067,0.026186412200331688,0.04008038714528084
3068,0.026173517107963562,0.04006442800164223
3069,0.02616063505411148,0.040048468858003616
3070,0.02614777162671089,0.0400325246155262
3071,0.026134906336665154,0.04001658782362938
3072,0.02612205781042576,0.04000067338347435
3073,0.026109222322702408,0.03998478129506111
3074,0.0260964035987854,0.03996889293193817
3075,0.02608359232544899,0.039953023195266724
3076,0.026070790365338326,0.03993716463446617
3077,0.026058008894324303,0.039921313524246216
3078,0.026045238599181175,0.03990549221634865
3079,0.026032475754618645,0.03988966345787048
3080,0.02601972408592701,0.03987386077642441
3081,0.026006991043686867,0.039858072996139526
3082,0.02599426731467247,0.039842285215854645
3083,0.02598154917359352,0.039826519787311554
3084,0.025968855246901512,0.03981076925992966
3085,0.02595617063343525,0.03979502245783806
3086,0.025943495333194733,0.03977930173277855
3087,0.02593083120882511,0.03976358845829964
3088,0.025918183848261833,0.03974788263440132
3089,0.0259055495262146,0.0397321991622448
3090,0.02589292638003826,0.03971652686595917
3091,0.025880316272377968,0.03970087319612503
3092,0.025867722928524017,0.039685219526290894
3093,0.025855138897895813,0.03966958820819855
3094,0.025842564180493355,0.0396539680659771
3095,0.025830011814832687,0.03963836655020714
3096,0.02581746317446232,0.03962278738617897
3097,0.025804927572607994,0.0396072119474411
3098,0.02579241432249546,0.039591651409864426
3099,0.025779901072382927,0.03957609832286835
3100,0.025767413899302483,0.03956056386232376
3101,0.025754937902092934,0.03954504057765007
3102,0.025742467492818832,0.03952953219413757
3103,0.025730017572641373,0.039514027535915375
3104,0.02571757324039936,0.03949854522943497
3105,0.02570514753460884,0.03948307782411575
3106,0.025692738592624664,0.03946762531995773
3107,0.025680331513285637,0.03945218771696091
3108,0.02566794864833355,0.03943675756454468
3109,0.025655580684542656,0.039421334862709045
3110,0.02564321644604206,0.039405930787324905
3111,0.02563086897134781,0.03939054533839226
3112,0.02561853639781475,0.039375171065330505
3113,0.025606218725442886,0.03935980796813965
3114,0.025593912228941917,0.03934445604681969
3115,0.025581620633602142,0.039329130202531815
3116,0.02556934393942356,0.03931380435824394
3117,0.025557080283761024,0.039298512041568756
3118,0.025544829666614532,0.03928321599960327
3119,0.025532590225338936,0.03926793113350868
3120,0.025520367547869682,0.039252664893865585
3121,0.025508156046271324,0.03923741355538368
3122,0.02549596317112446,0.03922217711806297
3123,0.02548377960920334,0.03920695185661316
3124,0.025471607223153114,0.039191730320453644
3125,0.025459451600909233,0.03917653113603592
3126,0.025447314605116844,0.03916135057806969
3127,0.02543518878519535,0.03914617374539375
3128,0.025423068553209305,0.03913101181387901
3129,0.02541097067296505,0.03911586105823517
3130,0.025398889556527138,0.039100728929042816
3131,0.025386814028024673,0.03908562287688255
3132,0.025374760851264,0.03907051309943199
3133,0.02536272071301937,0.03905543312430382
3134,0.02535068988800049,0.039040349423885345
3135,0.02533867582678795,0.039025284349918365
3136,0.025326678529381752,0.039010245352983475
3137,0.025314688682556152,0.038995206356048584
3138,0.025302715599536896,0.03898017853498459
3139,0.02529076114296913,0.038965173065662384
3140,0.025278815999627113,0.038950178772211075
3141,0.025266889482736588,0.038935188204050064
3142,0.025254972279071808,0.03892021253705025
3143,0.025243069976568222,0.03890526294708252
3144,0.02523118443787098,0.03889031335711479
3145,0.025219310075044632,0.03887538984417915
3146,0.025207459926605225,0.03886048123240471
3147,0.025195617228746414,0.03884557634592056
3148,0.025183789432048798,0.03883068636059761
3149,0.025171978399157524,0.03881581500172615
3150,0.025160178542137146,0.038800954818725586
3151,0.025148391723632812,0.03878610581159592
3152,0.025136617943644524,0.03877127915620804
3153,0.025124860927462578,0.03875645995140076
3154,0.025113124400377274,0.03874165937304497
3155,0.025101399049162865,0.03872685879468918
3156,0.0250896867364645,0.03871207684278488
3157,0.025077983736991882,0.038697320967912674
3158,0.025066306814551353,0.03868256136775017
3159,0.02505463734269142,0.03866783529520035
3160,0.02504298835992813,0.03865310549736023
3161,0.025031348690390587,0.0386384055018425
3162,0.025019727647304535,0.03862370178103447
3163,0.025008119642734528,0.03860901668667793
3164,0.024996526539325714,0.038594357669353485
3165,0.024984948337078094,0.03857969492673874
3166,0.02497338317334652,0.038565054535865784
3167,0.024961838498711586,0.03855041414499283
3168,0.0249502994120121,0.03853579983115196
3169,0.02493877522647381,0.03852119669318199
3170,0.024927273392677307,0.03850662335753441
3171,0.02491578832268715,0.03849205747246742
3172,0.024904314428567886,0.03847749903798103
3173,0.024892859160900116,0.03846295550465584
3174,0.024881411343812943,0.03844841197133064
3175,0.02486998774111271,0.038433898240327835
3176,0.024858564138412476,0.038419388234615326
3177,0.02484716847538948,0.038404904305934906
3178,0.02483578398823738,0.038390424102544785
3179,0.024824418127536774,0.038375962525606155
3180,0.024813057854771614,0.03836151584982872
3181,0.024801723659038544,0.03834708034992218
3182,0.02479040063917637,0.03833266347646713
3183,0.024779094383120537,0.03831825405359268
3184,0.02476780116558075,0.038303859531879425
3185,0.024756526574492455,0.03828948363661766
3186,0.024745261296629906,0.038275111466646194
3187,0.0247340127825737,0.03826076164841652
3188,0.024722782894968987,0.03824642300605774
3189,0.024711567908525467,0.03823211044073105
3190,0.02470037154853344,0.03821779787540436
3191,0.02468918263912201,0.03820350766181946
3192,0.02467801235616207,0.038189224898815155
3193,0.024666856974363327,0.038174957036972046
3194,0.024655718356370926,0.03816070407629013
3195,0.02464459277689457,0.03814646601676941
3196,0.024633489549160004,0.038132235407829285
3197,0.024622391909360886,0.038118019700050354
3198,0.02461131662130356,0.03810383006930351
3199,0.024600250646471977,0.03808964788913727
3200,0.024589212611317635,0.03807547688484192
3201,0.02457817643880844,0.03806132450699806
3202,0.02456716261804104,0.0380471833050251
3203,0.024556169286370277,0.038033049553632736
3204,0.024545177817344666,0.038018934428691864
3205,0.024534206837415695,0.03800484165549278
3206,0.024523254483938217,0.037990767508745193
3207,0.02451232448220253,0.037976689636707306
3208,0.024501392617821693,0.03796263039112091
3209,0.024490490555763245,0.03794858604669571
3210,0.02447960339486599,0.0379345566034317
3211,0.02446872554719448,0.03792054206132889
3212,0.024457868188619614,0.03790653496980667
3213,0.024447020143270493,0.03789255768060684
3214,0.02443619631230831,0.03787858411669731
3215,0.024425383657217026,0.03786463290452957
3216,0.024414584040641785,0.03785068541765213
3217,0.024403806775808334,0.037836749106645584
3218,0.02439303509891033,0.03782283887267113
3219,0.024382291361689568,0.03780893608927727
3220,0.0243715588003397,0.0377950482070446
3221,0.024360839277505875,0.03778119385242462
3222,0.02435014396905899,0.037767328321933746
3223,0.024339457973837852,0.037753477692604065
3224,0.02432878501713276,0.037739649415016174
3225,0.024318130686879158,0.037725839763879776
3226,0.0243074893951416,0.03771202638745308
3227,0.02429686300456524,0.03769823908805847
3228,0.024286260828375816,0.03768447786569595
3229,0.02427566982805729,0.03767071291804314
3230,0.024265093728899956,0.03765697404742241
3231,0.024254538118839264,0.03764323517680168
3232,0.024243995547294617,0.03762953355908394
3233,0.024233466014266014,0.0376158207654953
3234,0.024222955107688904,0.03760213032364845
3235,0.02421245537698269,0.03758846968412399
3236,0.024201979860663414,0.037574805319309235
3237,0.024191513657569885,0.03756117448210716
3238,0.024181067943572998,0.03754754364490509
3239,0.024170642718672752,0.03753392770886421
3240,0.024160217493772507,0.03752032294869423
3241,0.0241498202085495,0.03750673681497574
3242,0.024139439687132835,0.03749316930770874
3243,0.024129070341587067,0.037479616701602936
3244,0.024118715897202492,0.03746606782078743
3245,0.02410838194191456,0.037452537566423416
3246,0.02409805729985237,0.037439022213220596
3247,0.024087756872177124,0.03742552921175957
3248,0.02407746948301792,0.037412043660879135
3249,0.024067198857665062,0.03739858418703079
3250,0.02405693754553795,0.03738512098789215
3251,0.024046704173088074,0.0373716801404953
3252,0.024036480113863945,0.037358254194259644
3253,0.02402627095580101,0.03734484687447548
3254,0.024016080424189568,0.03733145445585251
3255,0.02400590479373932,0.03731807321310043
3256,0.02399574965238571,0.037304703146219254
3257,0.02398560382425785,0.03729134425520897
3258,0.02397548034787178,0.037278007715940475
3259,0.023965364322066307,0.037264686077833176
3260,0.023955274373292923,0.03725138306617737
3261,0.023945195600390434,0.03723808750510216
3262,0.023935135453939438,0.03722481429576874
3263,0.023925090208649635,0.037211544811725616
3264,0.023915058001875877,0.03719829022884369
3265,0.023905036970973015,0.03718506544828415
3266,0.02389504387974739,0.037171848118305206
3267,0.023885060101747513,0.03715864196419716
3268,0.023875098675489426,0.037145450711250305
3269,0.023865152150392532,0.037132274359464645
3270,0.023855214938521385,0.037119120359420776
3271,0.02384530007839203,0.037105973809957504
3272,0.023835400119423866,0.037092842161655426
3273,0.023825516924262047,0.03707972541451454
3274,0.023815646767616272,0.03706662356853485
3275,0.02380579523742199,0.037053536623716354
3276,0.0237959586083889,0.03704046458005905
3277,0.023786136880517006,0.03702740743756294
3278,0.023776335641741753,0.03701436147093773
3279,0.023766551166772842,0.037001337856054306
3280,0.023756777867674828,0.03698832914233208
3281,0.023747021332383156,0.03697533905506134
3282,0.023737285286188126,0.0369623526930809
3283,0.02372756041586399,0.036949384957551956
3284,0.023717857897281647,0.036936432123184204
3285,0.023708166554570198,0.03692349046468735
3286,0.02369849570095539,0.03691057115793228
3287,0.02368883416056633,0.03689767047762871
3288,0.02367919683456421,0.03688477352261543
3289,0.023669572547078133,0.03687189891934395
3290,0.0236599612981081,0.03685903921723366
3291,0.02365036867558956,0.03684619069099426
3292,0.023640794679522514,0.03683335706591606
3293,0.023631231859326363,0.03682054579257965
3294,0.023621685802936554,0.03680774196982384
3295,0.023612163960933685,0.036794956773519516
3296,0.023602649569511414,0.03678218647837639
3297,0.023593159392476082,0.036769427359104156
3298,0.023583682253956795,0.036756690591573715
3299,0.023574218153953552,0.03674396127462387
3300,0.023564772680401802,0.03673124685883522
3301,0.023555338382720947,0.03671855106949806
3302,0.023545926436781883,0.036705877631902695
3303,0.023536529392004013,0.03669320046901703
3304,0.02352714352309704,0.03668054938316345
3305,0.023517781868577003,0.036667924374341965
3306,0.023508433252573013,0.03665529936552048
3307,0.023499099537730217,0.03664270415902138
3308,0.023489780724048615,0.036630116403102875
3309,0.023480484262108803,0.03661753982305527
3310,0.023471200838685036,0.03660498186945915
3311,0.023461932316422462,0.03659243509173393
3312,0.02345268428325653,0.036579910665750504
3313,0.023443449288606644,0.03656739741563797
3314,0.023434223607182503,0.03655489161610603
3315,0.0234250258654356,0.03654242306947708
3316,0.023415833711624146,0.03652995824813843
3317,0.02340666577219963,0.03651750087738037
3318,0.02339751273393631,0.036505069583654404
3319,0.02338837832212448,0.036492642015218735
3320,0.023379258811473846,0.03648024797439575
3321,0.023370152339339256,0.03646785393357277
3322,0.02336106449365616,0.03645548224449158
3323,0.023351987823843956,0.03644312173128128
3324,0.023342933505773544,0.03643079474568367
3325,0.023333892226219177,0.036418456584215164
3326,0.02332487143576145,0.036406151950359344
3327,0.02331586554646492,0.03639385104179382
3328,0.023306867107748985,0.036381568759679794
3329,0.02329789660871029,0.03636930137872696
3330,0.023288937285542488,0.036357056349515915
3331,0.02327999286353588,0.03634481877088547
3332,0.023271063342690468,0.03633259981870651
3333,0.023262150585651398,0.03632039576768875
3334,0.02325325831770897,0.03630821406841278
3335,0.023244380950927734,0.03629603236913681
3336,0.023235518485307693,0.03628387674689293
3337,0.023226672783493996,0.036271728575229645
3338,0.02321784198284149,0.03625960648059845
3339,0.02320902794599533,0.03624749556183815
3340,0.023200226947665215,0.03623540699481964
3341,0.02319144643843174,0.03622332215309143
3342,0.023182682693004608,0.03621125593781471
3343,0.02317393198609352,0.036199212074279785
3344,0.023165198042988777,0.03618717938661575
3345,0.023156480863690376,0.036175165325403214
3346,0.023147786036133766,0.03616316244006157
3347,0.023139098659157753,0.03615117445588112
3348,0.023130429908633232,0.03613920882344246
3349,0.023121777921915054,0.036127250641584396
3350,0.02311314083635807,0.036115311086177826
3351,0.02310451865196228,0.03610339015722275
3352,0.023095909506082535,0.036091484129428864
3353,0.02308732643723488,0.03607959300279617
3354,0.02307875268161297,0.03606771305203438
3355,0.0230701956897974,0.036055855453014374
3356,0.023061655461788177,0.036044005304574966
3357,0.023053128272294998,0.03603218495845795
3358,0.02304462343454361,0.03602036461234093
3359,0.023036129772663116,0.036008570343256
3360,0.023027656599879265,0.03599678725004196
3361,0.023019200190901756,0.03598502650856972
3362,0.023010751232504845,0.03597327694296837
3363,0.023002322763204575,0.03596153110265732
3364,0.022993911057710648,0.03594981133937836
3365,0.022985514253377914,0.03593811020255089
3366,0.022977132350206375,0.035926416516304016
3367,0.022968769073486328,0.03591475635766983
3368,0.022960420697927475,0.035903092473745346
3369,0.022952089086174965,0.03589146211743355
3370,0.02294377237558365,0.035879842936992645
3371,0.022935472428798676,0.03586823120713234
3372,0.022927189245820045,0.03585664555430412
3373,0.02291891723871231,0.035845063626766205
3374,0.022910667583346367,0.03583350405097008
3375,0.02290242724120617,0.03582196682691574
3376,0.022894209250807762,0.035810429602861404
3377,0.02288600243628025,0.035798922181129456
3378,0.02287781611084938,0.035787422209978104
3379,0.022869639098644257,0.03577594831585884
3380,0.022861484438180923,0.035764485597610474
3381,0.022853344678878784,0.0357530303299427
3382,0.02284521609544754,0.03574160486459732
3383,0.022837109863758087,0.03573019057512283
3384,0.02282901667058468,0.035718776285648346
3385,0.022820938378572464,0.03570739924907684
3386,0.022812874987721443,0.03569602966308594
3387,0.022804828360676765,0.035684678703546524
3388,0.02279679663479328,0.03567333519458771
3389,0.02278877981007099,0.03566202148795128
3390,0.022780781611800194,0.03565071150660515
3391,0.02277279458940029,0.03563942015171051
3392,0.022764824330806732,0.03562815114855766
3393,0.022756876423954964,0.03561689332127571
3394,0.02274893969297409,0.03560565412044525
3395,0.02274101786315441,0.035594429820775986
3396,0.022733112797141075,0.035583220422267914
3397,0.02272523008286953,0.035572029650211334
3398,0.022717352956533432,0.03556085377931595
3399,0.022709492594003677,0.03554969280958176
3400,0.022701647132635117,0.03553854674100876
3401,0.022693827748298645,0.035527415573596954
3402,0.02268601395189762,0.03551630675792694
3403,0.02267821505665779,0.03550520911812782
3404,0.022670436650514603,0.035494133830070496
3405,0.02266267128288746,0.035483065992593765
3406,0.022654926404356956,0.03547202795743942
3407,0.02264719270169735,0.03546098992228508
3408,0.022639477625489235,0.03544997051358223
3409,0.022631769999861717,0.03543897345662117
3410,0.02262408286333084,0.03542798385024071
3411,0.022616416215896606,0.035417016595602036
3412,0.022608758881688118,0.035406067967414856
3413,0.022601118311285973,0.03539513424038887
3414,0.02259349636733532,0.03538421168923378
3415,0.022585885599255562,0.03537330403923988
3416,0.02257828414440155,0.035362426191568375
3417,0.022570708766579628,0.035351552069187164
3418,0.022563152015209198,0.035340700298547745
3419,0.022555602714419365,0.035329870879650116
3420,0.022548073902726173,0.035319045186042786
3421,0.02254055067896843,0.035308241844177246
3422,0.022533049806952477,0.0352974459528923
3423,0.022525567561388016,0.03528667613863945
3424,0.0225180946290493,0.03527591750025749
3425,0.02251064032316208,0.035265177488327026
3426,0.022503206506371498,0.035254448652267456
3427,0.022495774552226067,0.03524373471736908
3428,0.022488363087177277,0.035233043134212494
3429,0.022480975836515427,0.035222362726926804
3430,0.022473594173789024,0.0352117083966732
3431,0.022466229274868965,0.035201068967580795
3432,0.02245888113975525,0.035190433263778687
3433,0.022451546043157578,0.03517982363700867
3434,0.022444233298301697,0.03516923636198044
3435,0.022436929866671562,0.03515865281224251
3436,0.02242964319884777,0.03514809161424637
3437,0.022422371432185173,0.035137541592121124
3438,0.02241510897874832,0.03512701764702797
3439,0.02240787073969841,0.03511650115251541
3440,0.022400645539164543,0.03510599955916405
3441,0.02239343151450157,0.035095520317554474
3442,0.022386236116290092,0.03508505970239639
3443,0.022379053756594658,0.03507461026310921
3444,0.022371890023350716,0.035064175724983215
3445,0.02236473746597767,0.035053763538599014
3446,0.022357599809765816,0.03504335880279541
3447,0.022350477054715157,0.0350329726934433
3448,0.02234337292611599,0.03502260521054268
3449,0.022336279973387718,0.03501226007938385
3450,0.02232920378446579,0.03500191494822502
3451,0.022322144359350204,0.03499160334467888
3452,0.022315096110105515,0.034981295466423035
3453,0.022308066487312317,0.034970998764038086
3454,0.022301048040390015,0.03496074303984642
3455,0.022294046357274055,0.03495047986507416
3456,0.02228705771267414,0.03494024649262428
3457,0.02228008396923542,0.0349300280213356
3458,0.02227313071489334,0.03491981327533722
3459,0.02226618304848671,0.03490963205695152
3460,0.022259259596467018,0.034899450838565826
3461,0.022252343595027924,0.03488929197192192
3462,0.02224544622004032,0.03487914800643921
3463,0.022238561883568764,0.034869030117988586
3464,0.0222316924482584,0.03485891968011856
3465,0.022224843502044678,0.03484882786870003
3466,0.022218000143766403,0.034838758409023285
3467,0.02221117727458477,0.03482869639992714
3468,0.022204367443919182,0.034818656742572784
3469,0.022197572514414787,0.03480863198637962
3470,0.022190794348716736,0.03479861468076706
3471,0.02218402363359928,0.03478863090276718
3472,0.022177277132868767,0.034778643399477005
3473,0.02217053808271885,0.03476868197321892
3474,0.022163813933730125,0.03475874289870262
3475,0.022157108411192894,0.03474881500005722
3476,0.022150414064526558,0.03473890200257301
3477,0.022143736481666565,0.0347290076315403
3478,0.022137068212032318,0.034719131886959076
3479,0.022130422294139862,0.034709274768829346
3480,0.02212378941476345,0.03469942510128021
3481,0.022117169573903084,0.03468959033489227
3482,0.02211056463420391,0.034679777920246124
3483,0.02210397645831108,0.03466998040676117
3484,0.022097397595643997,0.03466019034385681
3485,0.02209082990884781,0.03465043008327484
3486,0.02208428457379341,0.03464067727327347
3487,0.02207774668931961,0.034630946815013885
3488,0.022071225568652153,0.0346212275326252
3489,0.022064726799726486,0.034611526876688004
3490,0.02205822989344597,0.0346018448472023
3491,0.022051755338907242,0.034592173993587494
3492,0.02204529382288456,0.03458252549171448
3493,0.022038845345377922,0.03457288816571236
3494,0.02203240990638733,0.03456326946616173
3495,0.02202599309384823,0.03455366939306259
3496,0.022019581869244576,0.03454408049583435
3497,0.022013194859027863,0.0345345102250576
3498,0.022006815299391747,0.03452496603131294
3499,0.022000454366207123,0.03451542183756828
3500,0.021994106471538544,0.034505896270275116
3501,0.02198776789009571,0.03449639305472374
3502,0.02198144607245922,0.03448690101504326
3503,0.021975139155983925,0.03447742760181427
3504,0.021968845278024673,0.034467972815036774
3505,0.021962568163871765,0.03445853665471077
3506,0.021956302225589752,0.03444910794496536
3507,0.02195005491375923,0.03443969786167145
3508,0.021943815052509308,0.03443031385540962
3509,0.021937593817710876,0.03442094475030899
3510,0.02193138748407364,0.03441157564520836
3511,0.021925188601017,0.03440224006772041
3512,0.0219190064817667,0.03439290449023247
3513,0.021912837401032448,0.03438359871506691
3514,0.021906686946749687,0.034374307841062546
3515,0.021900543943047523,0.034365031868219376
3516,0.021894413977861404,0.0343557745218277
3517,0.021888308227062225,0.034346528351306915
3518,0.021882208064198494,0.03433729335665703
3519,0.021876126527786255,0.03432808443903923
3520,0.021870054304599762,0.03431888669729233
3521,0.021863995119929314,0.03430970385670662
3522,0.021857956424355507,0.034300535917282104
3523,0.02185191959142685,0.03429139032959938
3524,0.021845906972885132,0.03428225591778755
3525,0.021839899942278862,0.034273140132427216
3526,0.021833917126059532,0.03426403924822807
3527,0.02182793989777565,0.03425495699048042
3528,0.02182197943329811,0.034245893359184265
3529,0.021816028282046318,0.034236837178468704
3530,0.02181009203195572,0.03422780707478523
3531,0.02180417627096176,0.03421878442168236
3532,0.021798262372612953,0.034209780395030975
3533,0.021792370826005936,0.03420080244541168
3534,0.021786490455269814,0.03419182822108269
3535,0.021780621260404587,0.034182872623205185
3536,0.021774768829345703,0.034173931926488876
3537,0.021768925711512566,0.03416501730680466
3538,0.021763097494840622,0.034156110137701035
3539,0.021757284179329872,0.034147217869758606
3540,0.021751483902335167,0.03413834422826767
3541,0.021745696663856506,0.034129492938518524
3542,0.02173992432653904,0.03412064537405968
3543,0.021734163165092468,0.03411182388663292
3544,0.02172841876745224,0.03410300984978676
3545,0.021722683683037758,0.03409421816468239
3546,0.02171695977449417,0.03408544883131981
3547,0.021711254492402077,0.03407668694853783
3548,0.02170555479824543,0.03406793624162674
3549,0.021699873730540276,0.03405921161174774
3550,0.021694205701351166,0.03405049443244934
3551,0.02168855257332325,0.03404179587960243
3552,0.02168290875852108,0.03403312340378761
3553,0.021677279844880104,0.03402445837855339
3554,0.021671662107110023,0.03401580825448036
3555,0.021666061133146286,0.034007176756858826
3556,0.021660469472408295,0.033998556435108185
3557,0.021654892712831497,0.033989958465099335
3558,0.021649330854415894,0.03398137912154198
3559,0.021643778309226036,0.03397280350327492
3560,0.021638238802552223,0.03396425023674965
3561,0.021632712334394455,0.03395571932196617
3562,0.02162720076739788,0.03394719958305359
3563,0.02162170223891735,0.0339386947453022
3564,0.021616216748952866,0.033930208534002304
3565,0.021610742434859276,0.0339217372238636
3566,0.02160528115928173,0.033913277089595795
3567,0.02159982919692993,0.03390483930706978
3568,0.021594393998384476,0.03389640897512436
3569,0.021588968113064766,0.03388800472021103
3570,0.021583562716841698,0.033879611641168594
3571,0.021578162908554077,0.03387123718857765
3572,0.0215727798640728,0.033862870186567307
3573,0.02156740613281727,0.03385452926158905
3574,0.021562043577432632,0.03384619578719139
3575,0.02155669406056404,0.033837880939245224
3576,0.021551363170146942,0.03382958471775055
3577,0.02154604159295559,0.03382130712270737
3578,0.021540731191635132,0.03381303697824478
3579,0.02153543196618557,0.03380478546023369
3580,0.021530145779252052,0.03379654884338379
3581,0.021524880081415176,0.03378833830356598
3582,0.02151961624622345,0.03378013148903847
3583,0.021514365449547768,0.03377193957567215
3584,0.021509133279323578,0.03376377746462822
3585,0.021503908559679985,0.03375561907887459
3586,0.021498696878552437,0.033747486770153046
3587,0.02149350196123123,0.0337393544614315
3588,0.021488314494490623,0.03373125195503235
3589,0.02148313820362091,0.03372316062450409
3590,0.02147798426449299,0.033715080469846725
3591,0.021472832188010216,0.03370702266693115
3592,0.021467698737978935,0.03369897976517677
3593,0.021462569013237953,0.03369094803929329
3594,0.021457454189658165,0.0336829349398613
3595,0.02145235799252987,0.0336749404668808
3596,0.02144727110862732,0.033666957169771194
3597,0.021442197263240814,0.03365899249911308
3598,0.021437132731080055,0.033651042729616165
3599,0.02143207937479019,0.03364311158657074
3600,0.021427039057016373,0.03363518416881561
3601,0.021422013640403748,0.033627282828092575
3602,0.02141699753701687,0.03361939266324043
3603,0.021411992609500885,0.03361152112483978
3604,0.021406996995210648,0.033603668212890625
3605,0.021402020007371902,0.03359582647681236
3606,0.021397052332758904,0.03358800336718559
3607,0.02139209769666195,0.033580195158720016
3608,0.021387148648500443,0.03357239440083504
3609,0.021382218226790428,0.03356461599469185
3610,0.02137729525566101,0.03355684503912926
3611,0.021372387185692787,0.03354910388588905
3612,0.021367492154240608,0.033541370183229446
3613,0.021362606436014175,0.03353365510702133
3614,0.021357731893658638,0.03352595493197441
3615,0.021352872252464294,0.033518269658088684
3616,0.021348023787140846,0.03351059556007385
3617,0.021343182772397995,0.03350294381380081
3618,0.021338358521461487,0.03349531069397926
3619,0.021333543583750725,0.03348768875002861
3620,0.02132873795926571,0.03348006680607796
3621,0.021323945373296738,0.03347247838973999
3622,0.021319163963198662,0.03346490487456322
3623,0.02131439559161663,0.03345734253525734
3624,0.021309630945324898,0.033449795097112656
3625,0.021304888650774956,0.03344227001070976
3626,0.02130015753209591,0.033434752374887466
3627,0.02129543386399746,0.033427249640226364
3628,0.021290725097060204,0.033419765532016754
3629,0.021286023780703545,0.033412300050258636
3630,0.02128133550286293,0.03340483456850052
3631,0.021276656538248062,0.03339740261435509
3632,0.02127198874950409,0.033389974385499954
3633,0.021267332136631012,0.03338256850838661
3634,0.02126269042491913,0.033375177532434464
3635,0.02125805802643299,0.03336780518293381
3636,0.02125343680381775,0.03336044028401375
3637,0.021248824894428253,0.03335309401154518
3638,0.021244226023554802,0.03334575891494751
3639,0.021239640191197395,0.03333844617009163
3640,0.021235067397356033,0.033331140875816345
3641,0.02123050019145012,0.03332385793328285
3642,0.0212259441614151,0.033316582441329956
3643,0.021221401169896126,0.03330932930111885
3644,0.021216869354248047,0.03330209106206894
3645,0.021212346851825714,0.03329486399888992
3646,0.021207837387919426,0.0332876592874527
3647,0.021203337237238884,0.03328045830130577
3648,0.021198848262429237,0.033273279666900635
3649,0.021194370463490486,0.0332661047577858
3650,0.02118990197777748,0.033258963376283646
3651,0.02118545025587082,0.03325182572007179
3652,0.021181007847189903,0.03324471414089203
3653,0.021176571026444435,0.033237606287002563
3654,0.02117214910686016,0.03323051333427429
3655,0.021167738363146782,0.03322344273328781
3656,0.021163335070014,0.033216383308172226
3657,0.021158942952752113,0.033209338784217834
3658,0.02115456759929657,0.03320230916142464
3659,0.021150194108486176,0.033195290714502335
3660,0.021145835518836975,0.033188290894031525
3661,0.02114148996770382,0.03318130224943161
3662,0.02113715186715126,0.03317434340715408
3663,0.021132823079824448,0.03316737711429596
3664,0.02112850546836853,0.033160436898469925
3665,0.021124202758073807,0.033153511583805084
3666,0.02111991122364998,0.03314660117030144
3667,0.021115627139806747,0.033139701932668686
3668,0.021111350506544113,0.03313282132148743
3669,0.021107086911797523,0.03312595561146736
3670,0.02110283635556698,0.03311910107731819
3671,0.02109859138727188,0.033112265169620514
3672,0.021094361320137978,0.03310545161366463
3673,0.02109014056622982,0.03309863805770874
3674,0.02108592726290226,0.033091846853494644
3675,0.021081725135445595,0.03308507055044174
3676,0.021077534183859825,0.033078305423259735
3677,0.0210733562707901,0.03307156264781952
3678,0.021069185808300972,0.0330648310482502
3679,0.02106502652168274,0.03305811062455177
3680,0.021060878410935402,0.03305140137672424
3681,0.02105673961341381,0.033044710755348206
3682,0.021052610129117966,0.03303804248571396
3683,0.021048488095402718,0.03303137421607971
3684,0.021044382825493813,0.033024732023477554
3685,0.021040281280875206,0.03301810100674629
3686,0.021036194637417793,0.033011484891176224
3687,0.02103211171925068,0.03300488367676735
3688,0.021028045564889908,0.03299829736351967
3689,0.021023986861109734,0.03299172595143318
3690,0.021019937470555305,0.03298516571521759
3691,0.021015899255871773,0.03297862038016319
3692,0.021011874079704285,0.03297209367156029
3693,0.021007850766181946,0.03296557813882828
3694,0.0210038460791111,0.03295907750725746
3695,0.02099984511733055,0.03295259177684784
3696,0.020995859056711197,0.03294612094759941
3697,0.02099187858402729,0.03293966129422188
3698,0.02098791114985943,0.03293321654200554
3699,0.020983951166272163,0.03292679414153099
3700,0.020980002358555794,0.03292037919163704
3701,0.02097606100142002,0.03291397914290428
3702,0.020972130820155144,0.03290759399533272
3703,0.020968211814761162,0.03290122374892235
3704,0.020964302122592926,0.032894864678382874
3705,0.020960398018360138,0.03288852795958519
3706,0.020956506952643394,0.032882194966077805
3707,0.020952625200152397,0.03287588432431221
3708,0.020948754623532295,0.03286958113312721
3709,0.02094489149749279,0.032863304018974304
3710,0.02094103954732418,0.032857026904821396
3711,0.020937196910381317,0.03285077214241028
3712,0.02093336172401905,0.032844532281160355
3713,0.020929541438817978,0.032838303595781326
3714,0.020925723016262054,0.03283208981156349
3715,0.020921919494867325,0.03282589465379715
3716,0.020918123424053192,0.032819706946611404
3717,0.020914336666464806,0.03281353786587715
3718,0.020910557359457016,0.0328073725104332
3719,0.020906787365674973,0.03280122950673103
3720,0.020903030410408974,0.03279510512948036
3721,0.020899280905723572,0.03278898820281029
3722,0.020895544439554214,0.032782889902591705
3723,0.020891811698675156,0.03277679160237312
3724,0.020888090133666992,0.03277072310447693
3725,0.020884381607174873,0.03276466578245163
3726,0.020880676805973053,0.032758619636297226
3727,0.02087697945535183,0.032752588391304016
3728,0.02087329886853695,0.0327465683221817
3729,0.020869622007012367,0.03274056315422058
3730,0.02086595632135868,0.032734569162130356
3731,0.02086229808628559,0.03272860124707222
3732,0.020858649164438248,0.032722629606723785
3733,0.02085500955581665,0.03271669149398804
3734,0.020851382985711098,0.03271075710654259
3735,0.020847762003540993,0.03270483389496803
3736,0.020844146609306335,0.03269892558455467
3737,0.020840544253587723,0.032693035900592804
3738,0.020836951211094856,0.03268715366721153
3739,0.020833363756537437,0.03268127888441086
3740,0.020829787477850914,0.03267544135451317
3741,0.020826220512390137,0.03266960009932518
3742,0.020822662860155106,0.032663773745298386
3743,0.02081911452114582,0.03265795484185219
3744,0.020815573632717133,0.03265216574072838
3745,0.02081204205751419,0.03264638036489487
3746,0.020808516070246696,0.03264061361551285
3747,0.02080499939620495,0.032634854316711426
3748,0.020801497623324394,0.032629113644361496
3749,0.02079799771308899,0.03262338042259216
3750,0.02079450897872448,0.03261766582727432
3751,0.020791029557585716,0.03261196240782738
3752,0.02078755758702755,0.032606273889541626
3753,0.02078409492969513,0.03260059654712677
3754,0.020780641585588455,0.032594937831163406
3755,0.020777197554707527,0.03258929029107094
3756,0.020773759111762047,0.032583653926849365
3757,0.020770329982042313,0.032578036189079285
3758,0.020766913890838623,0.0325724259018898
3759,0.020763499662280083,0.03256683051586151
3760,0.02076009474694729,0.032561250030994415
3761,0.02075670287013054,0.032555680721998215
3762,0.020753316581249237,0.03255012258887291
3763,0.02074993960559368,0.0325445830821991
3764,0.020746570080518723,0.032539062201976776
3765,0.02074320614337921,0.03253353759646416
3766,0.020739855244755745,0.03252803906798363
3767,0.020736508071422577,0.03252255171537399
3768,0.020733175799250603,0.032517075538635254
3769,0.020729847252368927,0.03251161426305771
3770,0.020726528018712997,0.03250616416335106
3771,0.020723214372992516,0.032500725239515305
3772,0.02071991190314293,0.03249530866742134
3773,0.02071661874651909,0.03248989209532738
3774,0.020713331177830696,0.0324845016002655
3775,0.02071005292236805,0.032479118555784225
3776,0.020706782117486,0.03247375041246414
3777,0.020703518763184547,0.03246839717030525
3778,0.02070026472210884,0.03246305137872696
3779,0.02069701813161373,0.03245772421360016
3780,0.02069377712905407,0.03245240077376366
3781,0.020690549165010452,0.03244709596037865
3782,0.02068733051419258,0.03244180232286453
3783,0.02068411372601986,0.03243652731180191
3784,0.020680906251072884,0.03243125602602959
3785,0.020677708089351654,0.032426007091999054
3786,0.02067451924085617,0.032420769333839417
3787,0.020671335980296135,0.032415539026260376
3788,0.020668160170316696,0.03241032361984253
3789,0.020664991810917854,0.03240511566400528
3790,0.02066183276474476,0.03239993378520012
3791,0.020658686757087708,0.032394759356975555
3792,0.020655537024140358,0.03238959610462189
3793,0.02065240405499935,0.032384444028139114
3794,0.020649274811148643,0.032379306852817535
3795,0.02064615674316883,0.03237418085336685
3796,0.020643044263124466,0.03236907348036766
3797,0.020639939233660698,0.03236396610736847
3798,0.020636843517422676,0.03235888481140137
3799,0.02063375525176525,0.032353807240724564
3800,0.020630672574043274,0.032348744571208954
3801,0.020627597346901894,0.03234369680285454
3802,0.02062452957034111,0.032338663935661316
3803,0.02062147483229637,0.03233363851904869
3804,0.020618420094251633,0.03232862427830696
3805,0.02061537653207779,0.032323628664016724
3806,0.020612340420484543,0.03231864422559738
3807,0.020609309896826744,0.032313667237758636
3808,0.02060628868639469,0.032308705151081085
3809,0.020603274926543236,0.03230375796556473
3810,0.020600270479917526,0.03229881823062897
3811,0.020597267895936966,0.0322938971221447
3812,0.0205942764878273,0.03228898346424103
3813,0.020591292530298233,0.03228408843278885
3814,0.020588316023349762,0.032279204577207565
3815,0.02058534324169159,0.03227432817220688
3816,0.02058238349854946,0.032269470393657684
3817,0.02057942934334278,0.03226461634039879
3818,0.0205764789134264,0.032259780913591385
3819,0.020573535934090614,0.032254960387945175
3820,0.020570605993270874,0.032250143587589264
3821,0.020567677915096283,0.032245341688394547
3822,0.02056475728750229,0.032240550965070724
3823,0.02056184597313404,0.032235778868198395
3824,0.02055894397199154,0.03223101422190666
3825,0.020556047558784485,0.03222626820206642
3826,0.02055315487086773,0.03222152963280678
3827,0.02055027335882187,0.03221679851412773
3828,0.020547393709421158,0.03221208229660988
3829,0.02054452709853649,0.03220738098025322
3830,0.020541660487651825,0.03220268711447716
3831,0.020538806915283203,0.03219801187515259
3832,0.020535960793495178,0.03219335153698921
3833,0.020533114671707153,0.032188691198825836
3834,0.020530281588435173,0.03218404948711395
3835,0.02052745781838894,0.032179418951272964
3836,0.020524635910987854,0.03217479586601257
3837,0.020521821454167366,0.03217019513249397
3838,0.020519016310572624,0.03216559812426567
3839,0.02051621675491333,0.03216101601719856
3840,0.020513419061899185,0.03215644136071205
3841,0.020510630682110786,0.03215188905596733
3842,0.020507853478193283,0.03214733302593231
3843,0.020505083724856377,0.032142795622348785
3844,0.02050231583416462,0.03213827311992645
3845,0.02049955539405346,0.03213375806808472
3846,0.020496806129813194,0.03212926536798477
3847,0.020494060590863228,0.03212476894259453
3848,0.02049131877720356,0.032120298594236374
3849,0.020488586276769638,0.03211583197116852
3850,0.02048586495220661,0.03211137652397156
3851,0.020483139902353287,0.03210693970322609
3852,0.020480429753661156,0.03210250660777092
3853,0.020477723330259323,0.03209809213876724
3854,0.020475022494792938,0.032093681395053864
3855,0.0204723309725523,0.03208928555250168
3856,0.020469646900892258,0.03208490088582039
3857,0.020466959103941917,0.03208053484559059
3858,0.02046428807079792,0.03207617253065109
3859,0.02046162448823452,0.03207181394100189
3860,0.02045895904302597,0.03206748142838478
3861,0.020456308498978615,0.03206315264105797
3862,0.020453661680221558,0.03205883875489235
3863,0.020451022312045097,0.032054539769887924
3864,0.020448384806513786,0.0320502445101738
3865,0.02044575661420822,0.032045960426330566
3866,0.020443134009838104,0.03204169124364853
3867,0.020440518856048584,0.032037440687417984
3868,0.020437907427549362,0.03203319013118744
3869,0.020435305312275887,0.03202895447611809
3870,0.02043270692229271,0.03202473372220993
3871,0.02043011598289013,0.03202052041888237
3872,0.020427532494068146,0.0320163257420063
3873,0.02042495645582676,0.032012131065130234
3874,0.020422382280230522,0.03200795128941536
3875,0.02041981741786003,0.03200377896428108
3876,0.020417258143424988,0.031999621540308
3877,0.020414704456925392,0.03199547901749611
3878,0.020412156358361244,0.03199134021997452
3879,0.020409610122442245,0.03198722377419472
3880,0.02040707878768444,0.03198310732841492
3881,0.020404553040862083,0.03197900950908661
3882,0.020402025431394577,0.0319749191403389
3883,0.020399507135152817,0.03197084367275238
3884,0.020396998152136803,0.03196677565574646
3885,0.020394492894411087,0.031962715089321136
3886,0.02039199508726597,0.031958673149347305
3887,0.020389504730701447,0.03195463865995407
3888,0.020387012511491776,0.031950611621141434
3889,0.02038453333079815,0.03194659575819969
3890,0.020382056012749672,0.031942591071128845
3891,0.02037958800792694,0.03193860501050949
3892,0.020377125591039658,0.031934622675180435
3893,0.020374666899442673,0.031930647790431976
3894,0.020372213795781136,0.03192669153213501
3895,0.020369768142700195,0.03192274644970894
3896,0.020367329940199852,0.03191881626844406
3897,0.020364897325634956,0.031914886087179184
3898,0.02036246284842491,0.0319109670817852
3899,0.02036004140973091,0.03190706670284271
3900,0.02035762555897236,0.03190317004919052
3901,0.020355213433504105,0.031899288296699524
3902,0.020352806895971298,0.031895413994789124
3903,0.020350409671664238,0.03189155086874962
3904,0.020348018035292625,0.03188769519329071
3905,0.020345626398921013,0.031883858144283295
3906,0.020343242213129997,0.031880028545856476
3907,0.02034086361527443,0.031876206398010254
3908,0.020338494330644608,0.031872402876615524
3909,0.020336126908659935,0.03186861053109169
3910,0.02033376879990101,0.03186481446027756
3911,0.02033141255378723,0.031861040741205215
3912,0.02032906748354435,0.03185727447271347
3913,0.02032671868801117,0.03185351938009262
3914,0.020324384793639183,0.03184977173805237
3915,0.020322050899267197,0.03184603899717331
3916,0.020319724455475807,0.03184231370687485
3917,0.020317399874329567,0.031838592141866684
3918,0.020315082743763924,0.031834885478019714
3919,0.020312771201133728,0.03183119371533394
3920,0.02031046897172928,0.03182750567793846
3921,0.02030816674232483,0.031823836266994476
3922,0.020305868238210678,0.03182017430663109
3923,0.020303580909967422,0.0318165197968483
3924,0.020301297307014465,0.0318128764629364
3925,0.020299017429351807,0.031809236854314804
3926,0.020296745002269745,0.031805627048015594
3927,0.02029447630047798,0.03180200979113579
3928,0.020292211323976517,0.031798407435417175
3929,0.020289957523345947,0.031794819980859756
3930,0.020287703722715378,0.03179124370217323
3931,0.020285457372665405,0.03178766369819641
3932,0.020283212885260582,0.03178409859538078
3933,0.020280975848436356,0.031780555844306946
3934,0.020278746262192726,0.03177700936794281
3935,0.020276520401239395,0.03177347779273987
3936,0.020274300128221512,0.03176995366811752
3937,0.020272081717848778,0.031766440719366074
3938,0.02026987262070179,0.03176294267177582
3939,0.020267663523554802,0.03175945580005646
3940,0.02026546746492386,0.0317559689283371
3941,0.020263271406292915,0.03175249695777893
3942,0.02026107721030712,0.03174902871251106
3943,0.020258892327547073,0.03174557536840439
3944,0.020256709307432175,0.03174213320016861
3945,0.02025453932583332,0.031738705933094025
3946,0.02025236375629902,0.03173527866601944
3947,0.020250199362635612,0.03173187002539635
3948,0.020248044282197952,0.031728461384773254
3949,0.020245887339115143,0.031725071370601654
3950,0.02024373784661293,0.03172169253230095
3951,0.020241588354110718,0.031718313694000244
3952,0.020239446312189102,0.031714946031570435
3953,0.020237309858202934,0.03171159327030182
3954,0.020235182717442513,0.0317082479596138
3955,0.02023305743932724,0.03170491009950638
3956,0.020230935886502266,0.03170158714056015
3957,0.020228814333677292,0.03169827163219452
3958,0.02022670768201351,0.031694963574409485
3959,0.020224599167704582,0.03169166296720505
3960,0.02022249437868595,0.031688373535871506
3961,0.020220398902893066,0.03168509528040886
3962,0.02021830901503563,0.03168182447552681
3963,0.020216219127178192,0.031678564846515656
3964,0.0202141385525465,0.031675323843955994
3965,0.02021205797791481,0.03167207911610603
3966,0.020209982991218567,0.03166884556412697
3967,0.02020791545510292,0.0316656269133091
3968,0.020205853506922722,0.03166241943836212
3969,0.020203791558742523,0.031659215688705444
3970,0.020201735198497772,0.031656015664339066
3971,0.020199688151478767,0.03165283799171448
3972,0.020197641104459763,0.03164966404438019
3973,0.020195599645376205,0.0316464900970459
3974,0.020193563774228096,0.0316433385014534
3975,0.020191533491015434,0.0316401943564415
3976,0.020189505070447922,0.031637050211429596
3977,0.020187482237815857,0.03163393214344978
3978,0.02018546313047409,0.03163081035017967
3979,0.020183447748422623,0.03162769973278046
3980,0.020181436091661453,0.031624600291252136
3981,0.02017943747341633,0.031621500849723816
3982,0.020177435129880905,0.03161842003464699
3983,0.02017543464899063,0.031615350395441055
3984,0.0201734472066164,0.03161228448152542
3985,0.020171457901597023,0.03160922974348068
3986,0.02016947790980339,0.03160617873072624
3987,0.020167501643300056,0.031603146344423294
3988,0.02016552723944187,0.031600117683410645
3989,0.020163558423519135,0.03159710019826889
3990,0.020161593332886696,0.031594082713127136
3991,0.020159628242254257,0.031591083854436874
3992,0.020157676190137863,0.03158809244632721
3993,0.02015572413802147,0.03158511221408844
3994,0.020153777673840523,0.03158213943243027
3995,0.020151836797595024,0.03157917037606239
3996,0.020149894058704376,0.03157621622085571
3997,0.020147960633039474,0.03157326579093933
3998,0.02014603093266487,0.03157033026218414
3999,0.020144104957580566,0.03156740218400955
4000,0.02014218457043171,0.03156447038054466
