epoch,train_loss,val_loss
1,0.11782467365264893,0.06810563057661057
2,0.11782205104827881,0.06810256838798523
3,0.1178194060921669,0.0680995061993599
4,0.1178167313337326,0.06809642910957336
5,0.1178140789270401,0.06809335201978683
6,0.1178114041686058,0.0680902749300003
7,0.11780872195959091,0.06808718293905258
8,0.11780603975057602,0.06808409094810486
9,0.11780335754156113,0.06808099150657654
10,0.11780066788196564,0.06807788461446762
11,0.11779797077178955,0.0680747702717781
12,0.11779527366161346,0.06807167083024979
13,0.11779258400201797,0.06806854903697968
14,0.1177898645401001,0.06806541979312897
15,0.11778716742992401,0.06806229799985886
16,0.11778445541858673,0.06805916875600815
17,0.11778173595666885,0.06805603206157684
18,0.11777903139591217,0.06805288791656494
19,0.1177762970328331,0.06804974377155304
20,0.11777357757091522,0.06804659962654114
21,0.11777083575725555,0.06804345548152924
22,0.11776812374591827,0.06804030388593674
23,0.1177653819322586,0.06803712248802185
24,0.11776264011859894,0.06803397089242935
25,0.11775990575551987,0.06803079694509506
26,0.1177571639418602,0.06802762299776077
27,0.11775441467761993,0.06802444159984589
28,0.11775167286396027,0.0680212527513504
29,0.11774890124797821,0.06801807135343552
30,0.11774615198373795,0.06801488250494003
31,0.11774339526891708,0.06801167875528336
32,0.11774063110351562,0.06800847500562668
33,0.11773786693811417,0.0680052787065506
34,0.11773510277271271,0.06800206750631332
35,0.11773232370615005,0.06799885630607605
36,0.1177295446395874,0.06799563765525818
37,0.11772676557302475,0.06799241155385971
38,0.1177239865064621,0.06798918545246124
39,0.11772119998931885,0.06798595935106277
40,0.1177184134721756,0.06798272579908371
41,0.11771561950445175,0.06797948479652405
42,0.11771281063556671,0.06797622889280319
43,0.11771001666784286,0.06797298789024353
44,0.11770720779895782,0.06796973198652267
45,0.11770441383123398,0.06796646863222122
46,0.11770160496234894,0.06796321272850037
47,0.1176987886428833,0.06795994937419891
48,0.11769597232341766,0.06795667111873627
49,0.11769314855337143,0.06795339286327362
50,0.1176903247833252,0.06795011460781097
51,0.11768750101327896,0.06794682890176773
52,0.11768467724323273,0.06794353574514389
53,0.1176818236708641,0.06794024258852005
54,0.11767899990081787,0.06793694198131561
55,0.11767616122961044,0.06793363392353058
56,0.11767332255840302,0.06793032586574554
57,0.11767047643661499,0.06792702525854111
58,0.11766761541366577,0.06792369484901428
59,0.11766476929187775,0.06792037934064865
60,0.11766193062067032,0.06791704893112183
61,0.1176590546965599,0.067913718521595
62,0.11765619367361069,0.06791038066148758
63,0.11765332520008087,0.06790703535079956
64,0.11765046417713165,0.06790369749069214
65,0.11764760315418243,0.06790035218000412
66,0.11764471232891083,0.0678969994187355
67,0.11764182895421982,0.0678936317563057
68,0.11763894557952881,0.06789027154445648
69,0.1176360622048378,0.06788690388202667
70,0.11763317883014679,0.06788353621959686
71,0.11763028800487518,0.06788015365600586
72,0.11762739717960358,0.06787677854299545
73,0.11762449890375137,0.06787338852882385
74,0.11762160062789917,0.06786999851465225
75,0.11761870235204697,0.06786660850048065
76,0.11761579662561417,0.06786321103572845
77,0.11761288344860077,0.06785979866981506
78,0.11760995537042618,0.06785639375448227
79,0.11760704219341278,0.06785298138856888
80,0.11760412156581879,0.06784956902265549
81,0.1176011934876442,0.0678461343050003
82,0.1175982728600502,0.06784271448850632
83,0.11759533733129501,0.06783928722143173
84,0.11759240925312042,0.06783585250377655
85,0.11758947372436523,0.06783241033554077
86,0.11758653819561005,0.0678289607167244
87,0.11758358776569366,0.06782551854848862
88,0.11758065223693848,0.06782206892967224
89,0.1175776943564415,0.06781859695911407
90,0.11757473647594452,0.0678151398897171
91,0.11757178604602814,0.06781167536973953
92,0.11756882816553116,0.06780820339918137
93,0.11756587028503418,0.0678047239780426
94,0.1175629049539566,0.06780124455690384
95,0.11755994707345963,0.06779775768518448
96,0.11755696684122086,0.06779427081346512
97,0.11755399405956268,0.06779077649116516
98,0.11755101382732391,0.0677872821688652
99,0.11754803359508514,0.06778377294540405
100,0.11754505336284637,0.0677802711725235
101,0.11754206568002701,0.06777676939964294
102,0.11753907054662704,0.0677732452750206
103,0.11753609031438828,0.06776971369981766
104,0.11753308773040771,0.06776618957519531
105,0.11753008514642715,0.06776266545057297
106,0.11752709001302719,0.06775912642478943
107,0.11752410233020782,0.06775558739900589
108,0.11752106994390488,0.06775204092264175
109,0.11751806735992432,0.06774849444627762
110,0.11751506477594376,0.06774494051933289
111,0.11751203238964081,0.06774138659238815
112,0.11750902235507965,0.06773782521486282
113,0.1175060048699379,0.0677342563867569
114,0.11750297248363495,0.06773069500923157
115,0.1174999475479126,0.06772711873054504
116,0.11749690771102905,0.06772354245185852
117,0.11749386787414551,0.0677199512720108
118,0.11749084293842316,0.06771636754274368
119,0.11748778820037842,0.06771278381347656
120,0.11748476326465607,0.06770917773246765
121,0.11748170852661133,0.06770557910203934
122,0.11747865378856659,0.06770197302103043
123,0.11747560650110245,0.06769836694002151
124,0.11747255176305771,0.067694753408432
125,0.11746947467327118,0.0676911398768425
126,0.11746643483638763,0.0676875114440918
127,0.1174633651971817,0.0676838830113411
128,0.11746029555797577,0.0676802471280098
129,0.11745722591876984,0.0676766112446785
130,0.1174541488289833,0.0676729753613472
131,0.11745108664035797,0.0676693245768547
132,0.11744799464941025,0.06766568869352341
133,0.11744491755962372,0.06766203045845032
134,0.11744184792041779,0.06765837222337723
135,0.11743874847888947,0.06765469908714294
136,0.11743565648794174,0.06765104085206985
137,0.11743257194757462,0.06764736771583557
138,0.1174294725060463,0.06764369457960129
139,0.11742637306451797,0.06764001399278641
140,0.11742327362298965,0.06763633340597153
141,0.11742017418146133,0.06763263791799545
142,0.11741705238819122,0.06762894988059998
143,0.1174139529466629,0.0676252469420433
144,0.11741085350513458,0.06762154400348663
145,0.11740772426128387,0.06761784851551056
146,0.11740460246801376,0.06761414557695389
147,0.11740148067474365,0.06761041283607483
148,0.11739835888147354,0.06760670244693756
149,0.11739523708820343,0.0676029846072197
150,0.11739210784435272,0.06759924441576004
151,0.11738896369934082,0.06759551912546158
152,0.11738584190607071,0.06759178638458252
153,0.11738269031047821,0.06758805364370346
154,0.1173795610666275,0.06758430600166321
155,0.117376409471035,0.06758055090904236
156,0.1173732727766037,0.06757679581642151
157,0.1173701286315918,0.06757304817438126
158,0.1173669695854187,0.06756927818059921
159,0.1173638254404068,0.06756551563739777
160,0.1173606663942337,0.06756175309419632
161,0.1173575147986412,0.06755798310041428
162,0.11735434830188751,0.06755420565605164
163,0.11735117435455322,0.0675504133105278
164,0.11734801530838013,0.06754663586616516
165,0.11734484136104584,0.06754284352064133
166,0.11734165996313095,0.0675390362739563
167,0.11733849346637726,0.06753525137901306
168,0.11733530461788177,0.06753144413232803
169,0.11733214557170868,0.06752762943506241
170,0.1173289567232132,0.06752382218837738
171,0.11732576787471771,0.06752001494169235
172,0.11732258647680283,0.06751619279384613
173,0.11731939017772675,0.06751237064599991
174,0.11731620132923126,0.06750854104757309
175,0.11731300503015518,0.06750470399856567
176,0.1173098087310791,0.06750087440013885
177,0.11730661243200302,0.06749702244997025
178,0.11730340868234634,0.06749319285154343
179,0.11730019748210907,0.06748934835195541
180,0.11729700863361359,0.06748548895120621
181,0.11729378998279572,0.067481629550457
182,0.11729057133197784,0.06747777760028839
183,0.11728735268115997,0.06747391074895859
184,0.1172841340303421,0.06747003644704819
185,0.11728092283010483,0.06746616959571838
186,0.11727769672870636,0.06746229529380798
187,0.11727447807788849,0.06745841354131699
188,0.11727125942707062,0.0674545168876648
189,0.11726801097393036,0.0674506425857544
190,0.11726479232311249,0.0674467459321022
191,0.11726156622171402,0.06744284927845001
192,0.11725832521915436,0.06743895262479782
193,0.1172550767660141,0.06743505597114563
194,0.11725185066461563,0.06743113696575165
195,0.11724860966205597,0.06742722541093826
196,0.11724536120891571,0.06742330640554428
197,0.11724212020635605,0.0674193874001503
198,0.1172388568520546,0.06741546839475632
199,0.11723561584949493,0.06741154193878174
200,0.11723235994577408,0.06740761548280716
201,0.11722908914089203,0.06740367412567139
202,0.11722584068775177,0.06739973276853561
203,0.11722256988286972,0.06739578396081924
204,0.11721931397914886,0.06739184260368347
205,0.1172160655260086,0.0673878863453865
206,0.11721278727054596,0.06738393753767014
207,0.11720951646566391,0.06737997382879257
208,0.11720625311136246,0.06737601011991501
209,0.11720297485589981,0.06737205386161804
210,0.11719969660043716,0.06736808270215988
211,0.11719641834497452,0.06736411154270172
212,0.11719314754009247,0.06736012548208237
213,0.11718986183404922,0.06735613942146301
214,0.11718656867742538,0.06735216826200485
215,0.11718328297138214,0.0673481747508049
216,0.1171800047159195,0.06734418123960495
217,0.11717671155929565,0.067340187728405
218,0.11717341840267181,0.06733619421720505
219,0.11717011779546738,0.0673321858048439
220,0.11716683954000473,0.06732818484306335
221,0.11716353893280029,0.06732416898012161
222,0.11716024577617645,0.06732016056776047
223,0.11715693771839142,0.06731612980365753
224,0.11715362221002579,0.06731212139129639
225,0.11715032905340195,0.06730808317661285
226,0.11714701354503632,0.06730405986309052
227,0.11714370548725128,0.06730002909898758
228,0.11714039742946625,0.06729598343372345
229,0.11713707447052002,0.06729194521903992
230,0.11713375896215439,0.06728790700435638
231,0.11713044345378876,0.06728386133909225
232,0.11712713539600372,0.06727980822324753
233,0.11712381988763809,0.0672757551074028
234,0.11712048947811127,0.06727170199155807
235,0.11711716651916504,0.06726762652397156
236,0.11711384356021881,0.06726356595754623
237,0.11711051315069199,0.06725950539112091
238,0.11710719019174576,0.06725543737411499
239,0.11710385233163834,0.06725135445594788
240,0.11710052192211151,0.06724727153778076
241,0.11709718406200409,0.06724319607019424
242,0.11709384620189667,0.06723911315202713
243,0.11709050834178925,0.06723503023386002
244,0.11708717048168182,0.06723093241453171
245,0.1170838326215744,0.0672268345952034
246,0.11708049476146698,0.06722273677587509
247,0.11707713454961777,0.06721863895654678
248,0.11707379668951035,0.06721453368663788
249,0.11707045882940292,0.06721042841672897
250,0.1170671135187149,0.06720631569623947
251,0.11706376075744629,0.06720219552516937
252,0.11706040799617767,0.06719807535409927
253,0.11705706268548965,0.06719396263360977
254,0.11705370247364044,0.06718984246253967
255,0.11705034971237183,0.06718570739030838
256,0.11704697459936142,0.06718157231807709
257,0.1170436292886734,0.06717744469642639
258,0.11704027652740479,0.0671733021736145
259,0.11703690141439438,0.06716915965080261
260,0.11703354120254517,0.06716501712799072
261,0.11703018844127655,0.06716087460517883
262,0.11702680587768555,0.06715672463178635
263,0.11702344566583633,0.06715256720781326
264,0.11702007055282593,0.06714841723442078
265,0.11701671034097672,0.06714425981044769
266,0.11701333522796631,0.06714008748531342
267,0.1170099601149559,0.06713592261075974
268,0.11700659990310669,0.06713175028562546
269,0.11700321733951569,0.06712758541107178
270,0.11699984222650528,0.0671234056353569
271,0.11699645221233368,0.06711924076080322
272,0.11699309200048447,0.06711506098508835
273,0.11698970943689346,0.06711088120937347
274,0.11698633432388306,0.0671066865324974
275,0.11698295176029205,0.06710249185562134
276,0.11697957664728165,0.06709830462932587
277,0.11697617918252945,0.0670941025018692
278,0.11697278916835785,0.06708991527557373
279,0.11696942150592804,0.06708571314811707
280,0.11696603149175644,0.0670815110206604
281,0.11696263402700424,0.06707729399204254
282,0.11695925146341324,0.06707309931516647
283,0.11695585399866104,0.06706888228654861
284,0.11695246398448944,0.06706466525793076
285,0.11694908142089844,0.0670604482293129
286,0.11694569885730743,0.06705623120069504
287,0.11694228649139404,0.06705200672149658
288,0.11693890392780304,0.06704778224229813
289,0.11693550646305084,0.06704355031251907
290,0.11693210899829865,0.06703932583332062
291,0.11692871153354645,0.06703508645296097
292,0.11692531406879425,0.06703085452318192
293,0.11692191660404205,0.06702661514282227
294,0.11691851913928986,0.06702237576246262
295,0.11691510677337646,0.06701812893152237
296,0.11691172420978546,0.06701388955116272
297,0.11690831184387207,0.06700963526964188
298,0.11690491437911987,0.06700538843870163
299,0.11690151691436768,0.06700113415718079
300,0.11689810454845428,0.06699687987565994
301,0.11689469963312149,0.0669926181435585
302,0.1168913021683693,0.06698835641145706
303,0.1168879047036171,0.06698408722877502
304,0.11688448488712311,0.06697982549667358
305,0.11688108742237091,0.06697556376457214
306,0.11687767505645752,0.06697127968072891
307,0.11687426269054413,0.06696701794862747
308,0.11687085777521133,0.06696274876594543
309,0.11686744540929794,0.0669584572315216
310,0.11686404794454575,0.06695418804883957
311,0.11686065047979355,0.06694990396499634
312,0.11685723066329956,0.0669456198811531
313,0.11685383319854736,0.06694132834672928
314,0.11685041338205338,0.06693703681230545
315,0.11684700101613998,0.06693274527788162
316,0.116843581199646,0.06692846864461899
317,0.1168401688337326,0.06692416220903397
318,0.11683676391839981,0.06691986322402954
319,0.11683335155248642,0.06691556423902512
320,0.11682994663715363,0.06691127270460129
321,0.11682653427124023,0.06690695881843567
322,0.11682311445474625,0.06690265238285065
323,0.11681970208883286,0.06689834594726562
324,0.11681629717350006,0.0668940395116806
325,0.11681286990642548,0.06688972562551498
326,0.11680946499109268,0.06688541173934937
327,0.11680605262517929,0.06688109785318375
328,0.1168026477098465,0.06687677651643753
329,0.11679922044277191,0.06687246263027191
330,0.11679582297801971,0.0668681412935257
331,0.11679240316152573,0.06686381995677948
332,0.11678898334503174,0.06685949862003326
333,0.11678557097911835,0.06685516238212585
334,0.11678217351436615,0.06685083359479904
335,0.11677875369787216,0.06684651225805283
336,0.11677534878253937,0.06684218347072601
337,0.11677193641662598,0.0668378472328186
338,0.11676851660013199,0.06683351844549179
339,0.116765096783638,0.06682917475700378
340,0.1167616993188858,0.06682483851909637
341,0.11675827205181122,0.06682050228118896
342,0.11675486713647842,0.06681615859270096
343,0.11675145477056503,0.06681180745363235
344,0.11674804985523224,0.06680747121572495
345,0.11674463748931885,0.06680312752723694
346,0.11674122512340546,0.06679877638816833
347,0.11673782020807266,0.06679443269968033
348,0.11673440784215927,0.06679007411003113
349,0.11673100292682648,0.06678572297096252
350,0.11672759056091309,0.06678137183189392
351,0.1167241707444191,0.06677701324224472
352,0.1167207732796669,0.06677266210317612
353,0.11671736091375351,0.06676829606294632
354,0.11671395599842072,0.06676394492387772
355,0.11671056598424911,0.06675958633422852
356,0.11670714616775513,0.06675522029399872
357,0.11670373380184174,0.06675086170434952
358,0.11670033633708954,0.06674650311470032
359,0.11669693887233734,0.06674213707447052
360,0.11669353395700455,0.06673777103424072
361,0.11669013649225235,0.06673340499401093
362,0.11668672412633896,0.06672903895378113
363,0.11668331921100616,0.06672466546297073
364,0.11667992919683456,0.06672029942274094
365,0.11667652428150177,0.06671592593193054
366,0.11667313426733017,0.06671155244112015
367,0.11666973680257797,0.06670717895030975
368,0.11666633933782578,0.06670280545949936
369,0.11666293442249298,0.06669842451810837
370,0.11665954440832138,0.06669405102729797
371,0.11665616184473038,0.06668967753648758
372,0.11665274947881699,0.06668529659509659
373,0.11664936691522598,0.06668093055486679
374,0.11664597690105438,0.0666765421628952
375,0.11664257943630219,0.06667216122150421
376,0.11663919687271118,0.06666778773069382
377,0.11663579940795898,0.06666339188814163
378,0.11663241684436798,0.06665901839733124
379,0.11662902683019638,0.06665463000535965
380,0.11662564426660538,0.06665024161338806
381,0.11662226915359497,0.06664587557315826
382,0.11661888659000397,0.06664147973060608
383,0.11661551147699356,0.06663709133863449
384,0.11661212146282196,0.0666327178478241
385,0.11660875380039215,0.06662832945585251
386,0.11660537868738174,0.06662394106388092
387,0.11660200357437134,0.06661954522132874
388,0.11659862101078033,0.06661515682935715
389,0.11659525334835052,0.06661076843738556
390,0.11659188568592072,0.06660638749599457
391,0.11658851057291031,0.06660199165344238
392,0.1165851354598999,0.06659761071205139
393,0.11658177524805069,0.0665932223200798
394,0.11657840013504028,0.06658882647752762
395,0.11657502502202988,0.06658443808555603
396,0.11657167971134186,0.06658004969358444
397,0.11656831204891205,0.06657565385103226
398,0.11656496673822403,0.06657126545906067
399,0.11656160652637482,0.06656687706708908
400,0.11655823886394501,0.0665624812245369
401,0.1165548786520958,0.06655809283256531
402,0.11655154079198837,0.06655370444059372
403,0.11654818058013916,0.06654930859804153
404,0.11654482781887054,0.06654492020606995
405,0.11654150485992432,0.06654053181409836
406,0.1165381446480751,0.06653613597154617
407,0.11653479188680649,0.06653174757957458
408,0.11653145402669907,0.066527359187603
409,0.11652811616659164,0.06652296334505081
410,0.11652477830648422,0.06651857495307922
411,0.1165214404463768,0.06651418656110764
412,0.11651811748743057,0.06650979071855545
413,0.11651477962732315,0.06650540232658386
414,0.11651144921779633,0.06650101393461227
415,0.1165081113576889,0.06649661809206009
416,0.11650478839874268,0.0664922446012497
417,0.11650146543979645,0.0664878562092781
418,0.11649813503026962,0.06648346781730652
419,0.11649483442306519,0.06647907942533493
420,0.11649151146411896,0.06647468358278275
421,0.11648819595575333,0.06647030264139175
422,0.1164848804473877,0.06646591424942017
423,0.11648156493902206,0.06646152585744858
424,0.11647826433181763,0.06645714491605759
425,0.11647496372461319,0.0664527639746666
426,0.11647163331508636,0.0664483830332756
427,0.11646833270788193,0.06644398719072342
428,0.11646504700183868,0.06643959879875183
429,0.11646175384521484,0.06643522530794144
430,0.1164584532380104,0.06643085181713104
431,0.11645515263080597,0.06642646342515945
432,0.11645188182592392,0.06642208993434906
433,0.11644859611988068,0.06641770154237747
434,0.11644530296325684,0.06641333550214767
435,0.11644202470779419,0.06640896201133728
436,0.11643874645233154,0.06640457361936569
437,0.1164354681968689,0.0664002001285553
438,0.11643218994140625,0.0663958266377449
439,0.1164289265871048,0.0663914605975151
440,0.11642565578222275,0.06638708710670471
441,0.1164223924279213,0.06638271361589432
442,0.11641912162303925,0.06637834757566452
443,0.11641585826873779,0.06637397408485413
444,0.11641260236501694,0.06636960804462433
445,0.11640934646129608,0.06636524945497513
446,0.11640609800815582,0.06636087596416473
447,0.11640284210443497,0.06635651737451553
448,0.1163996011018753,0.06635215878486633
449,0.11639635264873505,0.06634779274463654
450,0.11639312654733658,0.06634342670440674
451,0.11638988554477692,0.06633906811475754
452,0.11638665199279785,0.06633471697568893
453,0.11638341844081879,0.06633036583662033
454,0.11638019233942032,0.06632601469755173
455,0.11637697368860245,0.06632166355848312
456,0.11637374013662338,0.06631731241941452
457,0.11637052148580551,0.06631296128034592
458,0.11636730283498764,0.06630861759185791
459,0.11636409908533096,0.0663042664527893
460,0.11636088788509369,0.0662999227643013
461,0.11635768413543701,0.0662955716252327
462,0.11635448783636093,0.06629124283790588
463,0.11635126918554306,0.06628689914941788
464,0.11634808778762817,0.06628256291151047
465,0.1163448914885521,0.06627822667360306
466,0.11634171009063721,0.06627389043569565
467,0.11633851379156113,0.06626956164836884
468,0.11633534729480743,0.06626523286104202
469,0.11633215844631195,0.06626090407371521
470,0.11632899194955826,0.0662565752863884
471,0.11632581055164337,0.06625225394964218
472,0.11632263660430908,0.06624793261289597
473,0.11631947755813599,0.06624360382556915
474,0.11631631851196289,0.06623929738998413
475,0.11631317436695099,0.06623497605323792
476,0.1163100004196167,0.0662306696176529
477,0.1163068562746048,0.06622635573148727
478,0.1163037046790123,0.06622204184532166
479,0.116300567984581,0.06621773540973663
480,0.11629742383956909,0.06621343642473221
481,0.11629428714513779,0.06620912998914719
482,0.11629116535186768,0.06620483100414276
483,0.11628804355859756,0.06620053201913834
484,0.11628490686416626,0.0661962479352951
485,0.11628179252147675,0.06619194895029068
486,0.11627868562936783,0.06618765741586685
487,0.11627556383609772,0.06618336588144302
488,0.1162724643945694,0.06617908924818039
489,0.11626935005187988,0.06617479771375656
490,0.11626625061035156,0.06617052108049393
491,0.11626315116882324,0.06616625189781189
492,0.11626007407903671,0.06616197526454926
493,0.11625697463750839,0.06615770608186722
494,0.11625389754772186,0.06615342944860458
495,0.11625081300735474,0.06614916771650314
496,0.1162477359175682,0.06614489108324051
497,0.11624467372894287,0.06614064425230026
498,0.11624161154031754,0.06613638997077942
499,0.1162385493516922,0.06613212823867798
500,0.11623547971248627,0.06612786650657654
501,0.11623243242502213,0.06612363457679749
502,0.11622939258813858,0.06611938029527664
503,0.11622633785009384,0.0661151334643364
504,0.1162232980132103,0.06611090153455734
505,0.11622027307748795,0.06610666960477829
506,0.1162172332406044,0.06610243767499924
507,0.11621420085430145,0.06609819829463959
508,0.1162111759185791,0.06609397381544113
509,0.11620815843343735,0.06608974933624268
510,0.1162051409482956,0.06608552485704422
511,0.11620213836431503,0.06608130782842636
512,0.11619913578033447,0.0660770982503891
513,0.11619613319635391,0.06607287377119064
514,0.11619313061237335,0.06606867909431458
515,0.11619015038013458,0.06606446951627731
516,0.11618717014789581,0.06606027483940125
517,0.11618417501449585,0.06605607271194458
518,0.11618120968341827,0.06605187058448792
519,0.1161782369017601,0.06604769080877304
520,0.11617527157068253,0.06604349613189697
521,0.11617229878902435,0.0660393163561821
522,0.11616933345794678,0.06603514403104782
523,0.11616639792919159,0.06603096425533295
524,0.11616344749927521,0.06602678447961807
525,0.11616049706935883,0.06602261960506439
526,0.11615755409002304,0.06601846218109131
527,0.11615463346242905,0.06601429730653763
528,0.11615170538425446,0.06601013988256454
529,0.11614878475666046,0.06600598990917206
530,0.11614584922790527,0.06600183248519897
531,0.11614294350147247,0.06599768996238708
532,0.11614003032445908,0.0659935474395752
533,0.11613713204860687,0.0659894123673439
534,0.11613424122333527,0.06598526984453201
535,0.11613135039806366,0.06598114967346191
536,0.11612844467163086,0.06597701460123062
537,0.11612556874752045,0.06597289443016052
538,0.11612268537282944,0.06596878170967102
539,0.11611981689929962,0.06596466898918152
540,0.1161169558763504,0.06596055626869202
541,0.11611409485340118,0.06595645099878311
542,0.11611123383045197,0.0659523457288742
543,0.11610838025808334,0.0659482553601265
544,0.11610553413629532,0.06594416499137878
545,0.11610271036624908,0.06594008207321167
546,0.11609987169504166,0.06593599915504456
547,0.11609704792499542,0.06593191623687744
548,0.116094209253788,0.06592784076929092
549,0.11609140783548355,0.0659237653017044
550,0.11608858406543732,0.06591970473527908
551,0.11608578264713287,0.06591563671827316
552,0.11608298122882843,0.06591158360242844
553,0.11608017981052399,0.0659075379371643
554,0.11607737839221954,0.06590348482131958
555,0.1160745844244957,0.06589943915605545
556,0.11607180535793304,0.06589540094137192
557,0.11606904119253159,0.06589136272668839
558,0.11606629192829132,0.06588733941316605
559,0.11606352031230927,0.06588331609964371
560,0.1160607561469078,0.06587930023670197
561,0.11605800688266754,0.06587528437376022
562,0.11605525016784668,0.06587127596139908
563,0.11605250835418701,0.06586727499961853
564,0.11604978889226913,0.06586326658725739
565,0.11604704707860947,0.06585927307605743
566,0.11604432761669159,0.06585528701543808
567,0.11604161560535431,0.06585130095481873
568,0.11603891849517822,0.06584732234477997
569,0.11603619903326035,0.06584334373474121
570,0.11603349447250366,0.06583936512470245
571,0.11603079736232758,0.06583540886640549
572,0.11602811515331268,0.06583145260810852
573,0.11602543294429779,0.06582749634981155
574,0.1160227507352829,0.06582354754209518
575,0.1160200834274292,0.06581959873437881
576,0.1160174235701561,0.06581565737724304
577,0.116014763712883,0.06581173092126846
578,0.11601211875677109,0.06580779701471329
579,0.11600947380065918,0.0658038780093193
580,0.11600682884454727,0.06579995900392532
581,0.11600420624017715,0.06579603999853134
582,0.11600156873464584,0.06579213589429855
583,0.11599894613027573,0.06578823924064636
584,0.1159963384270668,0.06578434258699417
585,0.11599372327327728,0.06578045338392258
586,0.11599111557006836,0.06577657163143158
587,0.11598851531744003,0.06577268987894058
588,0.1159859448671341,0.06576882302761078
589,0.11598334461450577,0.06576494872570038
590,0.11598076671361923,0.06576109677553177
591,0.11597820371389389,0.06575722247362137
592,0.11597564071416855,0.06575338542461395
593,0.1159730926156044,0.06574953347444534
594,0.11597052961587906,0.06574568897485733
595,0.11596798896789551,0.06574185192584991
596,0.11596544086933136,0.06573802977800369
597,0.1159629076719284,0.06573420763015747
598,0.11596037447452545,0.06573039293289185
599,0.11595785617828369,0.06572657823562622
600,0.11595533788204193,0.06572277098894119
601,0.11595283448696136,0.06571897864341736
602,0.1159503236413002,0.06571518629789352
603,0.11594784259796143,0.06571139395236969
604,0.11594535410404205,0.06570761650800705
605,0.11594285815954208,0.06570383906364441
606,0.11594037711620331,0.06570007652044296
607,0.11593792587518692,0.06569631397724152
608,0.11593544483184814,0.06569255143404007
609,0.11593301594257355,0.06568879634141922
610,0.11593054234981537,0.06568505614995956
611,0.11592809855937958,0.0656813234090805
612,0.11592566967010498,0.06567759066820145
613,0.11592324078083038,0.06567387282848358
614,0.11592081934213638,0.06567013263702393
615,0.11591841280460358,0.06566642969846725
616,0.11591599136590958,0.06566273421049118
617,0.11591358482837677,0.06565901637077332
618,0.11591120064258575,0.06565532833337784
619,0.11590880155563354,0.06565164029598236
620,0.11590641736984253,0.06564795225858688
621,0.11590404808521271,0.0656442865729332
622,0.11590167135000229,0.06564061343669891
623,0.11589930951595306,0.06563696265220642
624,0.11589695513248444,0.06563330441713333
625,0.11589460074901581,0.06562965363264084
626,0.11589226871728897,0.06562601029872894
627,0.11588992923498154,0.06562236696481705
628,0.1158875823020935,0.06561874598264694
629,0.11588527262210846,0.06561512500047684
630,0.11588295549154282,0.06561150401830673
631,0.11588064581155777,0.06560789793729782
632,0.11587834358215332,0.0656042993068695
633,0.11587605625391006,0.0656006932258606
634,0.11587376892566681,0.06559710204601288
635,0.11587147414684296,0.06559351831674576
636,0.11586920917034149,0.06558994948863983
637,0.11586693674325943,0.0655863806605339
638,0.11586467176675797,0.06558281928300858
639,0.1158624142408371,0.06557926535606384
640,0.11586017906665802,0.06557571887969971
641,0.11585793644189835,0.06557217240333557
642,0.11585570871829987,0.06556864827871323
643,0.11585347354412079,0.06556510925292969
644,0.1158512607216835,0.06556158512830734
645,0.11584904044866562,0.06555807590484619
646,0.11584683507680893,0.06555456668138504
647,0.11584462970495224,0.06555107235908508
648,0.11584244668483734,0.06554757803678513
649,0.11584027111530304,0.06554409861564636
650,0.11583807319402695,0.0655406191945076
651,0.11583590507507324,0.06553714722394943
652,0.11583374440670013,0.06553368270397186
653,0.11583159863948822,0.0655302107334137
654,0.11582944542169571,0.06552676856517792
655,0.11582730710506439,0.06552331894636154
656,0.11582517623901367,0.06551989912986755
657,0.11582303047180176,0.06551646441221237
658,0.11582092940807343,0.06551304459571838
659,0.1158187985420227,0.0655096173286438
660,0.11581669002771378,0.0655062198638916
661,0.11581458896398544,0.06550281494855881
662,0.11581249535083771,0.06549942493438721
663,0.11581041663885117,0.0654960349202156
664,0.11580834537744522,0.0654926598072052
665,0.11580626666545868,0.06548929214477539
666,0.11580419540405273,0.06548592448234558
667,0.11580214649438858,0.06548257172107697
668,0.11580009758472443,0.06547922641038895
669,0.11579804122447968,0.06547588109970093
670,0.11579601466655731,0.0654725506901741
671,0.11579398810863495,0.06546922028064728
672,0.11579196155071259,0.06546589732170105
673,0.11578994989395142,0.06546258181333542
674,0.11578794568777084,0.06545928120613098
675,0.11578593403100967,0.06545598059892654
676,0.11578395217657089,0.0654527023434639
677,0.11578196287155151,0.06544943153858185
678,0.11577999591827393,0.0654461532831192
679,0.11577801406383514,0.06544287502765656
680,0.11577604711055756,0.0654396265745163
681,0.11577408015727997,0.06543637067079544
682,0.11577214300632477,0.06543312221765518
683,0.11577018350362778,0.06542989611625671
684,0.11576826870441437,0.06542666256427765
685,0.11576633155345917,0.06542345136404037
686,0.11576440185308456,0.0654202327132225
687,0.11576249450445175,0.06541702896356583
688,0.11576057970523834,0.06541383266448975
689,0.11575867980718613,0.06541062891483307
690,0.1157567948102951,0.06540744751691818
691,0.11575488746166229,0.06540428102016449
692,0.11575303226709366,0.0654011145234108
693,0.11575114727020264,0.0653979703783989
694,0.1157492846250534,0.0653948113322258
695,0.11574742943048477,0.0653916671872139
696,0.11574558168649673,0.06538853049278259
697,0.1157437339425087,0.06538540124893188
698,0.11574189364910126,0.06538227200508118
699,0.11574006080627441,0.06537917256355286
700,0.11573825031518936,0.06537606567144394
701,0.11573643982410431,0.06537296622991562
702,0.11573462188243866,0.0653698742389679
703,0.11573281139135361,0.06536679714918137
704,0.11573103815317154,0.06536372005939484
705,0.11572925001382828,0.0653606653213501
706,0.11572746187448502,0.06535761058330536
707,0.11572571098804474,0.06535456329584122
708,0.11572392284870148,0.06535151600837708
709,0.1157221794128418,0.06534848362207413
710,0.11572042852640152,0.06534545868635178
711,0.11571868509054184,0.06534244865179062
712,0.11571694910526276,0.06533943861722946
713,0.11571522057056427,0.0653364285826683
714,0.11571349948644638,0.06533343344926834
715,0.1157117709517479,0.06533045321702957
716,0.1157100647687912,0.0653274729847908
717,0.1157083734869957,0.06532451510429382
718,0.1157066822052002,0.06532154977321625
719,0.1157049909234047,0.06531859189271927
720,0.11570330709218979,0.06531565636396408
721,0.11570163816213608,0.0653127133846283
722,0.11569996178150177,0.06530977785587311
723,0.11569831520318985,0.06530686467885971
724,0.11569666862487793,0.06530394405126572
725,0.11569502204656601,0.06530104577541351
726,0.11569337546825409,0.06529814749956131
727,0.11569173634052277,0.0652952641248703
728,0.11569013446569443,0.06529238820075989
729,0.1156885176897049,0.06528949737548828
730,0.11568690836429596,0.06528663635253906
731,0.11568529903888702,0.06528378278017044
732,0.11568371951580048,0.06528092175722122
733,0.11568212509155273,0.06527809798717499
734,0.11568053811788559,0.06527525931596756
735,0.11567895114421844,0.06527243554592133
736,0.11567739397287369,0.06526961922645569
737,0.11567582935094833,0.06526681035757065
738,0.11567427963018417,0.0652640163898468
739,0.11567272990942001,0.06526122242212296
740,0.11567119508981705,0.0652584359049797
741,0.11566968262195587,0.06525567173957825
742,0.11566814035177231,0.0652528926730156
743,0.11566662788391113,0.06525013595819473
744,0.11566511541604996,0.06524738669395447
745,0.11566360294818878,0.0652446448802948
746,0.1156621128320694,0.06524191051721573
747,0.11566062271595001,0.06523918360471725
748,0.11565913259983063,0.06523647159337997
749,0.11565766483545303,0.0652337595820427
750,0.11565618216991425,0.06523105502128601
751,0.11565472930669785,0.06522836536169052
752,0.11565327644348145,0.06522567570209503
753,0.11565182358026505,0.06522300839424133
754,0.11565037071704865,0.06522032618522644
755,0.11564892530441284,0.06521766632795334
756,0.11564750969409943,0.06521502137184143
757,0.11564608663320541,0.06521237641572952
758,0.115644671022892,0.06520973891019821
759,0.11564326286315918,0.0652071163058281
760,0.11564185470342636,0.06520449370145798
761,0.11564046144485474,0.06520187109708786
762,0.1156390905380249,0.06519927084445953
763,0.11563769727945328,0.0651966780424118
764,0.11563632637262344,0.06519410014152527
765,0.11563495546579361,0.06519151479005814
766,0.11563359200954437,0.0651889517903328
767,0.11563223600387573,0.06518638134002686
768,0.11563088744878769,0.06518382579088211
769,0.11562953889369965,0.06518127769231796
770,0.1156281977891922,0.06517874449491501
771,0.11562687158584595,0.06517621129751205
772,0.1156255453824997,0.0651736930012703
773,0.11562423408031464,0.06517117470502853
774,0.11562293767929077,0.06516867130994797
775,0.11562162637710571,0.065166175365448
776,0.11562032997608185,0.06516368687152863
777,0.11561904102563858,0.06516121327877045
778,0.1156177669763565,0.06515873223543167
779,0.11561648547649384,0.06515627354383469
780,0.11561521142721176,0.0651538074016571
781,0.11561395227909088,0.06515136361122131
782,0.1156127005815506,0.06514891982078552
783,0.11561143398284912,0.06514649838209152
784,0.11561019718647003,0.06514406949281693
785,0.11560895293951035,0.06514165550470352
786,0.11560772359371185,0.06513924896717072
787,0.11560650169849396,0.0651368498802185
788,0.11560527980327606,0.0651344582438469
789,0.11560406535863876,0.06513207405805588
790,0.11560287326574326,0.06512970477342606
791,0.11560165882110596,0.06512734293937683
792,0.11560046672821045,0.0651249811053276
793,0.11559927463531494,0.06512261927127838
794,0.11559810489416122,0.06512027978897095
795,0.11559693515300751,0.06511794775724411
796,0.1155957579612732,0.06511562317609787
797,0.11559460312128067,0.06511330604553223
798,0.11559343338012695,0.06511098891496658
799,0.11559228599071503,0.06510869413614273
800,0.1155911460518837,0.06510639935731888
801,0.11558999866247177,0.06510410457849503
802,0.11558888107538223,0.06510183215141296
803,0.1155877560377121,0.0650995671749115
804,0.11558662354946136,0.06509730219841003
805,0.11558552086353302,0.06509505212306976
806,0.11558441072702408,0.06509280949831009
807,0.11558330059051514,0.06509056687355042
808,0.11558221280574799,0.06508833914995193
809,0.11558113247156143,0.06508612632751465
810,0.11558004468679428,0.06508390605449677
811,0.11557896435260773,0.06508170068264008
812,0.11557789146900177,0.06507950276136398
813,0.11557681858539581,0.06507731229066849
814,0.11557575315237045,0.06507512927055359
815,0.11557471752166748,0.06507295370101929
816,0.11557366698980331,0.06507079303264618
817,0.11557261645793915,0.06506863236427307
818,0.11557158082723618,0.06506647914648056
819,0.1155705600976944,0.06506434082984924
820,0.11556951701641083,0.06506220251321793
821,0.11556851863861084,0.0650600790977478
822,0.11556752026081085,0.06505796313285828
823,0.11556649208068848,0.06505584716796875
824,0.11556549370288849,0.06505375355482101
825,0.1155645027756691,0.06505165994167328
826,0.11556351184844971,0.06504955887794495
827,0.11556251347064972,0.0650474950671196
828,0.11556154489517212,0.06504540890455246
829,0.11556057631969452,0.06504335254430771
830,0.11555960029363632,0.06504130363464355
831,0.11555863916873932,0.0650392472743988
832,0.11555769294500351,0.06503720581531525
833,0.11555671691894531,0.06503517925739288
834,0.1155557855963707,0.06503315269947052
835,0.11555484682321548,0.06503113359212875
836,0.11555391550064087,0.06502911448478699
837,0.11555298417806625,0.06502712517976761
838,0.11555205285549164,0.06502512097358704
839,0.11555113643407822,0.06502313911914825
840,0.11555023491382599,0.06502116471529007
841,0.11554932594299316,0.06501919776201248
842,0.11554841697216034,0.0650172308087349
843,0.11554752290248871,0.0650152862071991
844,0.11554662883281708,0.06501331925392151
845,0.11554574966430664,0.0650113895535469
846,0.1155448704957962,0.0650094524025917
847,0.11554398387670517,0.0650075227022171
848,0.11554312705993652,0.06500560790300369
849,0.11554224789142609,0.06500370055437088
850,0.11554138362407684,0.06500180065631866
851,0.11554054915904999,0.06499989330768585
852,0.11553969234228134,0.06499802321195602
853,0.11553885042667389,0.064996138215065
854,0.11553800106048584,0.06499426811933517
855,0.11553716659545898,0.06499239802360535
856,0.11553635448217392,0.06499055027961731
857,0.11553549766540527,0.06498870253562927
858,0.11553468555212021,0.06498684734106064
859,0.11553387343883514,0.0649850070476532
860,0.11553307622671127,0.06498319655656815
861,0.1155322790145874,0.0649813637137413
862,0.11553146690130234,0.06497955322265625
863,0.11553066968917847,0.06497775763273239
864,0.11552987992763519,0.06497594714164734
865,0.11552908271551132,0.06497415900230408
866,0.11552830785512924,0.06497237086296082
867,0.11552754789590836,0.06497059762477875
868,0.11552677303552628,0.06496882438659668
869,0.11552600562572479,0.0649670660495758
870,0.1155252456665039,0.06496531516313553
871,0.11552448570728302,0.06496357172727585
872,0.11552374064922333,0.06496182829141617
873,0.11552299559116364,0.06496009230613708
874,0.11552224308252335,0.0649583712220192
875,0.11552150547504425,0.0649566501379013
876,0.11552077531814575,0.06495494395494461
877,0.11552004516124725,0.06495323777198792
878,0.11551932245492935,0.06495153903961182
879,0.11551860719919205,0.06494984030723572
880,0.11551789194345474,0.06494816392660141
881,0.11551717668771744,0.0649464800953865
882,0.11551646888256073,0.06494482606649399
883,0.11551578342914581,0.06494316458702087
884,0.1155150756239891,0.06494149565696716
885,0.11551438271999359,0.06493985652923584
886,0.11551369726657867,0.06493820995092392
887,0.11551301181316376,0.0649365782737732
888,0.11551232635974884,0.06493494659662247
889,0.11551165580749512,0.06493332982063293
890,0.1155109852552414,0.064931720495224
891,0.11551032215356827,0.06493011116981506
892,0.11550965160131454,0.06492851674556732
893,0.11550899595022202,0.06492692232131958
894,0.11550834029912949,0.06492534279823303
895,0.11550769954919815,0.06492377072572708
896,0.11550705134868622,0.06492219120264053
897,0.11550641059875488,0.06492063403129578
898,0.11550576984882355,0.06491906195878983
899,0.11550513654947281,0.06491751223802567
900,0.11550450325012207,0.0649159699678421
901,0.11550388485193253,0.06491443514823914
902,0.11550326645374298,0.06491290032863617
903,0.11550264060497284,0.0649113729596138
904,0.11550203710794449,0.06490986049175262
905,0.11550142616033554,0.06490835547447205
906,0.11550082266330719,0.06490684300661087
907,0.11550022661685944,0.06490534543991089
908,0.11549961566925049,0.06490384787321091
909,0.11549903452396393,0.06490236520767212
910,0.11549844592809677,0.06490088999271393
911,0.11549784988164902,0.06489942222833633
912,0.11549727618694305,0.06489794701337814
913,0.1154966950416565,0.06489649415016174
914,0.11549611389636993,0.06489504128694534
915,0.11549554765224457,0.06489360332489014
916,0.1154949888586998,0.06489216536283493
917,0.11549441516399384,0.06489072740077972
918,0.11549387127161026,0.06488930433988571
919,0.11549331992864609,0.0648878812789917
920,0.11549274623394012,0.06488646566867828
921,0.11549220234155655,0.06488505005836487
922,0.11549165099859238,0.06488364934921265
923,0.11549112945795059,0.06488227099180222
924,0.11549057811498642,0.06488087773323059
925,0.11549004167318344,0.06487948447465897
926,0.11548952758312225,0.06487811356782913
927,0.11548899114131927,0.0648767426609993
928,0.11548846960067749,0.06487538665533066
929,0.1154879555106163,0.06487402319908142
930,0.11548743396997452,0.06487267464399338
931,0.11548691987991333,0.06487132608890533
932,0.11548642069101334,0.06486998498439789
933,0.11548590660095215,0.06486865878105164
934,0.11548539251089096,0.06486733257770538
935,0.11548489332199097,0.06486601382493973
936,0.11548440158367157,0.06486470252275467
937,0.11548390239477158,0.06486339122056961
938,0.11548341810703278,0.06486207991838455
939,0.11548294126987457,0.06486079096794128
940,0.11548244953155518,0.06485950201749802
941,0.11548197269439697,0.06485821306705475
942,0.11548149585723877,0.06485693901777267
943,0.11548101902008057,0.06485565751791
944,0.11548054218292236,0.06485439091920853
945,0.11548008024692535,0.06485313922166824
946,0.11547961086034775,0.06485188752412796
947,0.11547915637493134,0.06485062092542648
948,0.11547870934009552,0.0648493841290474
949,0.11547823995351791,0.0648481547832489
950,0.1154778003692627,0.06484692543745041
951,0.11547733843326569,0.06484568864107132
952,0.11547689139842987,0.06484447419643402
953,0.11547645181417465,0.06484325975179672
954,0.11547601222991943,0.06484204530715942
955,0.11547555774450302,0.06484084576368332
956,0.115475133061409,0.06483964622020721
957,0.11547470092773438,0.0648384541273117
958,0.11547426879405975,0.0648372620344162
959,0.11547385156154633,0.06483608484268188
960,0.1154734268784523,0.06483491510152817
961,0.11547300964593887,0.06483374536037445
962,0.11547259241342545,0.06483257561922073
963,0.11547217518091202,0.06483141332864761
964,0.11547176539897919,0.06483027338981628
965,0.11547134816646576,0.06482911854982376
966,0.11547094583511353,0.06482797116041183
967,0.11547054350376129,0.0648268461227417
968,0.11547013372182846,0.06482570618391037
969,0.11546975374221802,0.06482458859682083
970,0.11546933650970459,0.0648234635591507
971,0.11546894162893295,0.06482234597206116
972,0.11546854674816132,0.06482124328613281
973,0.11546816676855087,0.06482014060020447
974,0.11546778678894043,0.06481903791427612
975,0.11546739190816879,0.06481795012950897
976,0.11546701192855835,0.06481683999300003
977,0.1154666319489479,0.06481576710939407
978,0.11546625941991806,0.06481469422578812
979,0.11546589434146881,0.06481361389160156
980,0.11546552181243896,0.0648125410079956
981,0.11546514928340912,0.06481147557497025
982,0.11546478420495987,0.06481042504310608
983,0.11546442657709122,0.06480937451124191
984,0.11546405404806137,0.06480832397937775
985,0.11546371132135391,0.06480728834867477
986,0.11546335369348526,0.0648062452673912
987,0.11546299606561661,0.06480521708726883
988,0.11546262353658676,0.06480418890714645
989,0.1154622808098793,0.06480316072702408
990,0.11546192318201065,0.0648021474480629
991,0.11546158790588379,0.06480113416910172
992,0.11546125262975693,0.06480012834072113
993,0.11546089500188828,0.06479912251234055
994,0.11546055972576141,0.06479812413454056
995,0.11546023190021515,0.06479713320732117
996,0.11545989662408829,0.06479614228010178
997,0.11545957624912262,0.06479516625404358
998,0.11545922607183456,0.06479418277740479
999,0.1154589056968689,0.06479321420192719
1000,0.11545858532190323,0.06479224562644958
1001,0.11545825004577637,0.06479127705097198
1002,0.1154579296708107,0.06479031592607498
1003,0.11545760929584503,0.06478936225175858
1004,0.11545729637145996,0.06478840857744217
1005,0.1154569759964943,0.06478746235370636
1006,0.11545666307210922,0.06478652358055115
1007,0.11545634269714355,0.06478559225797653
1008,0.11545602977275848,0.06478465348482132
1009,0.11545572429895401,0.0647837370634079
1010,0.11545542627573013,0.06478281319141388
1011,0.11545511335134506,0.06478189677000046
1012,0.11545481532812119,0.06478098034858704
1013,0.11545451730489731,0.06478006392717361
1014,0.11545421183109283,0.06477916985750198
1015,0.11545392125844955,0.06477827578783035
1016,0.11545362323522568,0.06477736681699753
1017,0.1154533252120018,0.0647764801979065
1018,0.11545304954051971,0.06477558612823486
1019,0.11545275151729584,0.06477470695972443
1020,0.11545246839523315,0.06477382779121399
1021,0.11545217037200928,0.06477295607328415
1022,0.11545189470052719,0.0647720918059349
1023,0.11545159667730331,0.06477122753858566
1024,0.11545133590698242,0.06477037072181702
1025,0.11545105278491974,0.06476951390504837
1026,0.11545076221227646,0.06476866453886032
1027,0.11545050144195557,0.06476780772209167
1028,0.11545022577047348,0.06476696580648422
1029,0.1154499426484108,0.06476612389087677
1030,0.1154496818780899,0.06476529687643051
1031,0.11544941365718842,0.06476446241140366
1032,0.11544914543628693,0.0647636204957962
1033,0.11544887721538544,0.06476280838251114
1034,0.11544861644506454,0.06476199626922607
1035,0.11544834077358246,0.06476118415594101
1036,0.11544809490442276,0.06476036459207535
1037,0.11544783413410187,0.06475955992937088
1038,0.11544756591320038,0.06475875526666641
1039,0.11544732004404068,0.06475795805454254
1040,0.11544705927371979,0.06475716829299927
1041,0.11544680595397949,0.064756378531456
1042,0.1154465451836586,0.06475558876991272
1043,0.1154462918639183,0.06475479900836945
1044,0.1154460459947586,0.06475403159856796
1045,0.1154458075761795,0.06475324183702469
1046,0.11544553935527802,0.0647524818778038
1047,0.11544530093669891,0.06475171446800232
1048,0.11544506251811981,0.06475095450878143
1049,0.11544481664896011,0.06475019454956055
1050,0.11544457823038101,0.06474943459033966
1051,0.11544432491064072,0.06474868953227997
1052,0.11544408649206161,0.06474793702363968
1053,0.11544386297464371,0.06474719941616058
1054,0.1154436245560646,0.06474646180868149
1055,0.1154433935880661,0.06474572420120239
1056,0.115443155169487,0.0647449940443039
1057,0.1154429167509079,0.0647442564368248
1058,0.1154426783323288,0.0647435262799263
1059,0.11544245481491089,0.064742811024189
1060,0.11544223129749298,0.06474209576845169
1061,0.11544201523065567,0.06474137306213379
1062,0.11544177681207657,0.06474065780639648
1063,0.11544156074523926,0.06473996490240097
1064,0.11544132232666016,0.06473925709724426
1065,0.11544110625982285,0.06473855674266815
1066,0.11544088274240494,0.06473786383867264
1067,0.11544066667556763,0.06473717093467712
1068,0.11544044315814972,0.06473647803068161
1069,0.115440234541893,0.0647357851266861
1070,0.1154400110244751,0.06473510712385178
1071,0.11543979495763779,0.06473442912101746
1072,0.11543957889080048,0.06473375111818314
1073,0.11543937027454376,0.06473308056592941
1074,0.11543915420770645,0.06473240256309509
1075,0.11543893814086914,0.06473173201084137
1076,0.11543873697519302,0.06473107635974884
1077,0.1154385358095169,0.06473042070865631
1078,0.11543832719326019,0.06472975760698318
1079,0.11543810367584229,0.06472911685705185
1080,0.11543790251016617,0.06472845375537872
1081,0.11543770134449005,0.06472781300544739
1082,0.11543749272823334,0.06472716480493546
1083,0.11543729156255722,0.06472653895616531
1084,0.1154371052980423,0.06472589820623398
1085,0.11543688923120499,0.06472527235746384
1086,0.11543668806552887,0.0647246316075325
1087,0.11543647944927216,0.06472401320934296
1088,0.11543629318475723,0.06472338736057281
1089,0.11543609201908112,0.06472276896238327
1090,0.1154358834028244,0.06472215056419373
1091,0.11543569713830948,0.06472153216600418
1092,0.11543550342321396,0.06472092121839523
1093,0.11543531715869904,0.06472031027078629
1094,0.11543512344360352,0.06471971422433853
1095,0.115434929728508,0.06471911072731018
1096,0.11543472111225128,0.06471851468086243
1097,0.11543454974889755,0.06471790373325348
1098,0.11543436348438263,0.06471731513738632
1099,0.11543416976928711,0.06471672654151917
1100,0.11543397605419159,0.06471613794565201
1101,0.11543379724025726,0.06471556425094604
1102,0.11543361097574234,0.06471497565507889
1103,0.11543340981006622,0.06471440196037292
1104,0.1154332384467125,0.06471382826566696
1105,0.11543305218219757,0.0647132471203804
1106,0.11543287336826324,0.06471268832683563
1107,0.11543269455432892,0.06471211463212967
1108,0.11543251574039459,0.0647115483880043
1109,0.11543232202529907,0.06471098959445953
1110,0.11543214321136475,0.06471043080091476
1111,0.11543196439743042,0.06470987945795059
1112,0.1154317855834961,0.06470932811498642
1113,0.11543160676956177,0.06470876932144165
1114,0.11543142795562744,0.06470822542905807
1115,0.11543126404285431,0.0647076889872551
1116,0.11543109267950058,0.06470714509487152
1117,0.11543089151382446,0.06470660120248795
1118,0.11543073505163193,0.06470607221126556
1119,0.1154305562376976,0.06470554322004318
1120,0.11543037742376328,0.0647050067782402
1121,0.11543021351099014,0.06470448523759842
1122,0.11543004214763641,0.06470394879579544
1123,0.11542987823486328,0.06470341980457306
1124,0.11542969942092896,0.06470291316509247
1125,0.11542952060699463,0.06470238417387009
1126,0.1154293641448021,0.0647018700838089
1127,0.11542918533086777,0.06470136344432831
1128,0.11542902141809464,0.06470084935426712
1129,0.1154288500547409,0.06470035761594772
1130,0.11542868614196777,0.06469984352588654
1131,0.11542852222919464,0.06469934433698654
1132,0.1154283657670021,0.06469883769750595
1133,0.11542818695306778,0.06469833850860596
1134,0.11542801558971405,0.06469784677028656
1135,0.11542786657810211,0.06469736248254776
1136,0.11542771011590958,0.06469686329364777
1137,0.11542753875255585,0.06469637155532837
1138,0.11542737483978271,0.06469588726758957
1139,0.11542721837759018,0.06469541043043137
1140,0.11542706191539764,0.06469493359327316
1141,0.11542689800262451,0.06469445675611496
1142,0.11542673408985138,0.06469397991895676
1143,0.11542656272649765,0.06469350308179855
1144,0.11542642116546631,0.06469302624464035
1145,0.11542625725269318,0.06469256430864334
1146,0.11542610079050064,0.06469209492206573
1147,0.1154259443283081,0.06469163298606873
1148,0.11542578041553497,0.06469117105007172
1149,0.11542562395334244,0.0646907165646553
1150,0.1154254823923111,0.0646902546286583
1151,0.11542531102895737,0.06468980014324188
1152,0.11542515456676483,0.06468933820724487
1153,0.11542501300573349,0.06468889117240906
1154,0.11542487144470215,0.06468844413757324
1155,0.11542470753192902,0.06468799710273743
1156,0.11542453616857529,0.06468755751848221
1157,0.11542439460754395,0.06468711048364639
1158,0.1154242530465126,0.06468667834997177
1159,0.11542408168315887,0.06468624621629715
1160,0.11542394012212753,0.06468580663204193
1161,0.11542379856109619,0.06468536704778671
1162,0.11542364209890366,0.06468493491411209
1163,0.11542348563671112,0.06468451768159866
1164,0.11542334407567978,0.06468408554792404
1165,0.11542318761348724,0.06468366831541061
1166,0.1154230460524559,0.0646832287311554
1167,0.11542288959026337,0.06468281149864197
1168,0.11542274057865143,0.06468239426612854
1169,0.11542258411645889,0.06468197703361511
1170,0.11542245000600815,0.06468156725168228
1171,0.11542229354381561,0.06468115001916885
1172,0.11542215198278427,0.06468074768781662
1173,0.11542201042175293,0.06468033790588379
1174,0.11542186886072159,0.06467991322278976
1175,0.11542171239852905,0.06467951089143753
1176,0.11542157828807831,0.06467912346124649
1177,0.11542143672704697,0.06467872112989426
1178,0.11542129516601562,0.06467831134796143
1179,0.11542113870382309,0.06467792391777039
1180,0.11542099714279175,0.06467752903699875
1181,0.1154208555817604,0.06467714160680771
1182,0.11542072147130966,0.06467674672603607
1183,0.11542055755853653,0.06467635184526443
1184,0.11542042344808578,0.06467597186565399
1185,0.11542026698589325,0.06467557698488235
1186,0.1154201403260231,0.06467519700527191
1187,0.11541999876499176,0.06467481702566147
1188,0.11541984230279922,0.06467442959547043
1189,0.11541972309350967,0.06467404961585999
1190,0.11541958153247833,0.06467367708683014
1191,0.1154194325208664,0.0646732971072197
1192,0.11541929095983505,0.06467293202877045
1193,0.1154191642999649,0.0646725445985794
1194,0.11541900783777237,0.06467218697071075
1195,0.11541886627674103,0.0646718218922615
1196,0.11541874706745148,0.06467144936323166
1197,0.11541859805583954,0.064671091735363
1198,0.1154184564948082,0.06467072665691376
1199,0.11541831493377686,0.0646703690290451
1200,0.11541818082332611,0.06467000395059586
1201,0.11541805416345596,0.0646696463227272
1202,0.11541791260242462,0.06466929614543915
1203,0.11541776359081268,0.06466894596815109
1204,0.11541762202978134,0.06466858834028244
1205,0.1154174953699112,0.06466823816299438
1206,0.11541736125946045,0.06466788798570633
1207,0.1154172271490097,0.06466753780841827
1208,0.11541710048913956,0.06466719508171082
1209,0.11541695892810822,0.06466684490442276
1210,0.11541680991649628,0.0646665021777153
1211,0.11541668325662613,0.06466615945100784
1212,0.11541654914617538,0.06466582417488098
1213,0.11541642248630524,0.06466548889875412
1214,0.11541628837585449,0.06466514617204666
1215,0.11541614681482315,0.0646648108959198
1216,0.1154160127043724,0.06466447561979294
1217,0.11541588604450226,0.06466414034366608
1218,0.11541573703289032,0.06466381251811981
1219,0.11541561037302017,0.06466348469257355
1220,0.11541547626256943,0.06466316431760788
1221,0.11541533470153809,0.06466282159090042
1222,0.11541521549224854,0.06466250866651535
1223,0.11541508138179779,0.06466218829154968
1224,0.11541495472192764,0.06466186046600342
1225,0.1154148206114769,0.06466153264045715
1226,0.11541467905044556,0.06466121971607208
1227,0.11541454493999481,0.06466090679168701
1228,0.11541441828012466,0.06466058641672134
1229,0.11541428416967392,0.06466028094291687
1230,0.11541415750980377,0.0646599605679512
1231,0.11541402339935303,0.06465964764356613
1232,0.11541388928890228,0.06465932726860046
1233,0.11541376262903214,0.06465902924537659
1234,0.11541364341974258,0.06465872377157211
1235,0.11541350185871124,0.06465841084718704
1236,0.11541338264942169,0.06465810537338257
1237,0.11541323363780975,0.0646577998995781
1238,0.1154131144285202,0.06465750187635422
1239,0.11541297286748886,0.06465720385313034
1240,0.11541285365819931,0.06465689837932587
1241,0.11541272699832916,0.06465660780668259
1242,0.11541259288787842,0.06465630978345871
1243,0.11541247367858887,0.06465600430965424
1244,0.11541233211755753,0.06465570628643036
1245,0.11541221290826797,0.06465541571378708
1246,0.11541207879781723,0.0646551251411438
1247,0.11541195213794708,0.06465483456850052
1248,0.11541183292865753,0.06465454399585724
1249,0.11541169881820679,0.06465426087379456
1250,0.11541156470775604,0.06465396285057068
1251,0.11541144549846649,0.064653679728508
1252,0.11541130393743515,0.06465339660644531
1253,0.115411177277565,0.06465311348438263
1254,0.11541105806827545,0.06465283036231995
1255,0.1154109388589859,0.06465255469083786
1256,0.11541080474853516,0.06465227156877518
1257,0.11541066318750381,0.06465199589729309
1258,0.11541054397821426,0.064651720225811
1259,0.11541042476892471,0.06465143710374832
1260,0.11541028320789337,0.06465116888284683
1261,0.11541016399860382,0.06465089321136475
1262,0.11541002988815308,0.06465061753988266
1263,0.11540989577770233,0.06465034186840057
1264,0.11540977656841278,0.06465006619691849
1265,0.11540964990854263,0.06464981287717819
1266,0.11540951579809189,0.06464952975511551
1267,0.11540939658880234,0.06464926898479462
1268,0.11540927737951279,0.06464900821447372
1269,0.11540915071964264,0.06464873999357224
1270,0.1154090166091919,0.06464847177267075
1271,0.11540889739990234,0.06464821845293045
1272,0.1154087632894516,0.06464794278144836
1273,0.11540864408016205,0.06464768201112747
1274,0.1154085174202919,0.06464742869138718
1275,0.11540839821100235,0.06464716792106628
1276,0.1154082790017128,0.06464691460132599
1277,0.11540813744068146,0.0646466538310051
1278,0.1154080182313919,0.0646463930606842
1279,0.11540789902210236,0.06464613974094391
1280,0.1154077798128128,0.06464588642120361
1281,0.11540764570236206,0.06464564055204391
1282,0.11540751159191132,0.06464538723230362
1283,0.11540739238262177,0.06464514136314392
1284,0.11540726572275162,0.06464488804340363
1285,0.11540714651346207,0.06464464217424393
1286,0.11540701240301132,0.06464438885450363
1287,0.11540689319372177,0.06464414298534393
1288,0.11540677398443222,0.06464390456676483
1289,0.11540664732456207,0.06464365124702454
1290,0.11540651321411133,0.06464341282844543
1291,0.11540639400482178,0.06464316695928574
1292,0.11540627479553223,0.06464292854070663
1293,0.11540615558624268,0.06464267522096634
1294,0.11540602147579193,0.06464243680238724
1295,0.11540589481592178,0.06464219838380814
1296,0.11540578305721283,0.06464195996522903
1297,0.11540565639734268,0.06464172154664993
1298,0.11540552228689194,0.06464149057865143
1299,0.11540541797876358,0.06464125961065292
1300,0.11540527641773224,0.06464102119207382
1301,0.11540515720844269,0.06464078277349472
1302,0.11540502309799194,0.06464055180549622
1303,0.11540491878986359,0.06464032083749771
1304,0.11540479958057404,0.0646400973200798
1305,0.1154046505689621,0.0646398514509201
1306,0.11540453135967255,0.0646396353840828
1307,0.115404412150383,0.06463939696550369
1308,0.11540429294109344,0.06463917344808578
1309,0.1154041737318039,0.06463894248008728
1310,0.11540403217077255,0.06463871151208878
1311,0.1154039278626442,0.06463849544525146
1312,0.11540380865335464,0.06463827937841415
1313,0.1154036745429039,0.06463804841041565
1314,0.11540355533361435,0.06463783234357834
1315,0.1154034361243248,0.06463760882616043
1316,0.11540330946445465,0.06463738530874252
1317,0.1154031753540039,0.06463715434074402
1318,0.11540305614471436,0.06463693827390671
1319,0.1154029369354248,0.0646367147564888
1320,0.11540281772613525,0.06463649868965149
1321,0.11540268361568451,0.06463629752397537
1322,0.11540256440639496,0.06463605910539627
1323,0.11540244519710541,0.06463585048913956
1324,0.11540232598781586,0.06463563442230225
1325,0.11540219932794571,0.06463542580604553
1326,0.11540208011865616,0.06463520973920822
1327,0.11540196090936661,0.06463499367237091
1328,0.11540184170007706,0.0646347850561142
1329,0.1154017224907875,0.06463456898927689
1330,0.11540160328149796,0.06463436782360077
1331,0.11540146917104721,0.06463415175676346
1332,0.11540134251117706,0.06463394314050674
1333,0.11540122330188751,0.06463373452425003
1334,0.11540110409259796,0.06463352590799332
1335,0.11540098488330841,0.0646333172917366
1336,0.11540086567401886,0.06463310867547989
1337,0.11540074646472931,0.06463290005922318
1338,0.11540062725543976,0.06463270634412766
1339,0.11540050804615021,0.06463250517845154
1340,0.11540035903453827,0.06463228911161423
1341,0.11540023982524872,0.06463208794593811
1342,0.11540013551712036,0.064631886780262
1343,0.11540000140666962,0.06463169306516647
1344,0.11539988219738007,0.06463147699832916
1345,0.11539975553750992,0.06463129073381424
1346,0.11539963632822037,0.06463108956813812
1347,0.11539951711893082,0.06463088095188141
1348,0.11539939790964127,0.06463069468736649
1349,0.11539926379919052,0.06463047862052917
1350,0.11539914458990097,0.06463029235601425
1351,0.11539902538061142,0.06463009864091873
1352,0.11539890617132187,0.06462989002466202
1353,0.11539878696203232,0.0646297037601471
1354,0.11539866775274277,0.06462951004505157
1355,0.11539854109287262,0.06462930887937546
1356,0.11539842188358307,0.06462911516427994
1357,0.11539830267429352,0.06462892889976501
1358,0.11539819091558456,0.0646287351846695
1359,0.11539804935455322,0.06462854146957397
1360,0.11539793014526367,0.06462834775447845
1361,0.11539782583713531,0.06462815403938293
1362,0.11539769172668457,0.06462797522544861
1363,0.11539757251739502,0.06462778896093369
1364,0.11539743840694427,0.06462758779525757
1365,0.11539733409881592,0.06462740153074265
1366,0.11539719998836517,0.06462721526622772
1367,0.11539708077907562,0.0646270364522934
1368,0.11539695411920547,0.06462683528661728
1369,0.11539683490991592,0.06462666392326355
1370,0.11539671570062637,0.06462646275758743
1371,0.11539659649133682,0.0646262839436531
1372,0.11539647728204727,0.06462609767913818
1373,0.11539635807275772,0.06462591886520386
1374,0.11539623886346817,0.06462573260068893
1375,0.11539610475301743,0.06462555378675461
1376,0.11539598554372787,0.06462535262107849
1377,0.11539585888385773,0.06462518870830536
1378,0.11539573967456818,0.06462500244379044
1379,0.11539562046527863,0.06462481617927551
1380,0.11539550125598907,0.06462463736534119
1381,0.11539538204669952,0.06462445855140686
1382,0.11539526283740997,0.06462427973747253
1383,0.11539514362812042,0.0646241083741188
1384,0.11539500951766968,0.06462392210960388
1385,0.11539489030838013,0.06462374329566956
1386,0.11539477109909058,0.06462356448173523
1387,0.11539466679096222,0.0646233856678009
1388,0.11539451777935028,0.06462321430444717
1389,0.11539439857006073,0.06462302803993225
1390,0.11539427936077118,0.06462286412715912
1391,0.11539416015148163,0.06462268531322479
1392,0.11539404094219208,0.06462251394987106
1393,0.11539392173290253,0.06462233513593674
1394,0.11539380252361298,0.06462215632200241
1395,0.11539367586374283,0.06462199240922928
1396,0.11539355665445328,0.06462181359529495
1397,0.11539342254400253,0.06462164223194122
1398,0.11539331823587418,0.06462147831916809
1399,0.11539318412542343,0.06462129950523376
1400,0.11539307981729507,0.06462112069129944
1401,0.11539294570684433,0.06462094932794571
1402,0.11539282649755478,0.06462078541517258
1403,0.11539270728826523,0.06462061405181885
1404,0.11539258807897568,0.06462045758962631
1405,0.11539246886968613,0.06462027877569199
1406,0.11539234966039658,0.06462010741233826
1407,0.11539220809936523,0.06461995095014572
1408,0.11539210379123688,0.0646197646856308
1409,0.11539196968078613,0.06461960077285767
1410,0.11539185047149658,0.06461944431066513
1411,0.11539173126220703,0.0646192729473114
1412,0.11539161205291748,0.06461910903453827
1413,0.11539147794246674,0.06461894512176514
1414,0.11539137363433838,0.064618781208992
1415,0.11539125442504883,0.06461860239505768
1416,0.11539112031459808,0.06461843848228455
1417,0.11539099365472794,0.06461827456951141
1418,0.11539087444543839,0.06461811065673828
1419,0.11539075523614883,0.06461794674396515
1420,0.11539063602685928,0.06461779028177261
1421,0.11539051681756973,0.06461762636899948
1422,0.11539039760828018,0.06461746245622635
1423,0.11539027839899063,0.06461730599403381
1424,0.11539014428853989,0.06461714208126068
1425,0.11539003998041153,0.06461698561906815
1426,0.11538992077112198,0.06461681425571442
1427,0.11538978666067123,0.06461665034294128
1428,0.11538968235254288,0.06461649388074875
1429,0.11538954079151154,0.06461632996797562
1430,0.11538942158222198,0.06461617350578308
1431,0.11538930237293243,0.06461601704359055
1432,0.11538918316364288,0.06461585313081741
1433,0.11538906395435333,0.06461570411920547
1434,0.11538892984390259,0.06461554020643234
1435,0.11538882553577423,0.06461537629365921
1436,0.11538870632648468,0.06461521983146667
1437,0.11538858711719513,0.06461506336927414
1438,0.11538843810558319,0.0646149069070816
1439,0.11538833379745483,0.06461475044488907
1440,0.11538819968700409,0.06461460143327713
1441,0.11538808047771454,0.0646144449710846
1442,0.11538796126842499,0.06461428850889206
1443,0.11538784205913544,0.06461412459611893
1444,0.11538772284984589,0.06461396813392639
1445,0.11538759618997574,0.06461381912231445
1446,0.11538747698068619,0.06461366266012192
1447,0.11538735777139664,0.06461351364850998
1448,0.11538722366094589,0.06461334973573685
1449,0.11538710445165634,0.06461319327354431
1450,0.11538698524236679,0.06461304426193237
1451,0.11538686603307724,0.06461289525032043
1452,0.11538674682378769,0.0646127387881279
1453,0.11538662016391754,0.06461257487535477
1454,0.11538650095462799,0.06461244076490402
1455,0.11538638174533844,0.06461227685213089
1456,0.11538626253604889,0.06461213529109955
1457,0.11538612842559814,0.06461197882890701
1458,0.1153860092163086,0.06461182236671448
1459,0.11538589000701904,0.06461168080568314
1460,0.11538577079772949,0.0646115317940712
1461,0.11538563668727875,0.06461137533187866
1462,0.11538553237915039,0.06461122632026672
1463,0.11538539826869965,0.06461107730865479
1464,0.1153852790594101,0.06461092829704285
1465,0.11538515985012054,0.06461077183485031
1466,0.1153850331902504,0.06461063027381897
1467,0.11538491398096085,0.06461048126220703
1468,0.1153847947716713,0.06461033225059509
1469,0.11538467556238174,0.06461017578840256
1470,0.115384541451931,0.06461003422737122
1471,0.11538443714380264,0.06460988521575928
1472,0.1153843030333519,0.06460974365472794
1473,0.11538417637348175,0.0646095871925354
1474,0.1153840571641922,0.06460945308208466
1475,0.11538393795490265,0.06460929661989212
1476,0.1153838187456131,0.06460915505886078
1477,0.11538368463516235,0.06460900604724884
1478,0.115383580327034,0.0646088644862175
1479,0.11538344621658325,0.06460871547460556
1480,0.11538331210613251,0.06460856646299362
1481,0.11538320779800415,0.06460842490196228
1482,0.1153830736875534,0.06460827589035034
1483,0.11538295447826385,0.0646081268787384
1484,0.1153828352689743,0.06460797786712646
1485,0.11538270860910416,0.06460784375667572
1486,0.1153825893998146,0.06460769474506378
1487,0.11538247019052505,0.06460755318403244
1488,0.11538233608007431,0.0646074041724205
1489,0.11538221687078476,0.06460726261138916
1490,0.11538209766149521,0.06460712105035782
1491,0.11538197100162506,0.06460697203874588
1492,0.11538183689117432,0.06460683792829514
1493,0.11538173258304596,0.0646066963672638
1494,0.11538159847259521,0.06460654735565186
1495,0.11538149416446686,0.06460641324520111
1496,0.11538136005401611,0.06460626423358917
1497,0.11538124084472656,0.06460611522197723
1498,0.11538112163543701,0.06460598111152649
1499,0.11538100242614746,0.06460583209991455
1500,0.11538088321685791,0.0646057054400444
1501,0.11538074910640717,0.06460554897785187
1502,0.11538062989711761,0.06460541486740112
1503,0.11538050323724747,0.06460527330636978
1504,0.11538038402795792,0.06460513174533844
1505,0.11538026481866837,0.0646049901843071
1506,0.11538014560937881,0.06460484862327576
1507,0.11538001149892807,0.06460471451282501
1508,0.11537988483905792,0.06460457295179367
1509,0.11537976562976837,0.06460442394018173
1510,0.11537964642047882,0.06460428982973099
1511,0.11537952721118927,0.06460414826869965
1512,0.11537940800189972,0.0646040141582489
1513,0.11537927389144897,0.06460387259721756
1514,0.11537915468215942,0.06460372358560562
1515,0.11537902057170868,0.06460359692573547
1516,0.11537890136241913,0.06460345536470413
1517,0.11537878215312958,0.06460331380367279
1518,0.11537866294384003,0.06460317969322205
1519,0.11537852138280869,0.0646030381321907
1520,0.11537841707468033,0.06460289657115936
1521,0.11537828296422958,0.06460276991128922
1522,0.11537817865610123,0.06460262089967728
1523,0.11537804454565048,0.06460248678922653
1524,0.11537791788578033,0.06460234522819519
1525,0.11537779867649078,0.06460221111774445
1526,0.11537766456604004,0.0646020770072937
1527,0.11537754535675049,0.06460193544626236
1528,0.11537742614746094,0.06460180133581161
1529,0.11537730693817139,0.06460166722536087
1530,0.11537717282772064,0.06460153311491013
1531,0.11537706851959229,0.06460139155387878
1532,0.11537692695856094,0.06460124999284744
1533,0.11537680774927139,0.0646011158823967
1534,0.11537668853998184,0.06460098922252655
1535,0.11537656933069229,0.06460084766149521
1536,0.11537645012140274,0.06460071355104446
1537,0.115376316010952,0.06460057944059372
1538,0.11537618935108185,0.06460043787956238
1539,0.1153760701417923,0.06460029631853104
1540,0.11537595093250275,0.06460017710924149
1541,0.1153758317232132,0.06460002809762955
1542,0.11537569761276245,0.0645998939871788
1543,0.1153755784034729,0.06459975987672806
1544,0.11537544429302216,0.06459963321685791
1545,0.1153753250837326,0.06459949165582657
1546,0.11537519842386246,0.06459935009479523
1547,0.1153750866651535,0.06459922343492508
1548,0.11537496000528336,0.06459908932447433
1549,0.11537482589483261,0.06459895521402359
1550,0.11537470668554306,0.06459882110357285
1551,0.11537458747625351,0.0645986869931221
1552,0.11537446826696396,0.06459856033325195
1553,0.11537434160709381,0.06459841877222061
1554,0.11537420749664307,0.06459828466176987
1555,0.11537408828735352,0.06459815055131912
1556,0.11537396907806396,0.06459802389144897
1557,0.11537383496761322,0.06459788978099823
1558,0.11537371575832367,0.06459775567054749
1559,0.11537358909845352,0.06459762156009674
1560,0.11537346988916397,0.0645974799990654
1561,0.11537335067987442,0.06459735333919525
1562,0.11537323147058487,0.0645972266793251
1563,0.11537308990955353,0.06459708511829376
1564,0.11537297070026398,0.06459695845842361
1565,0.11537285149097443,0.06459683179855347
1566,0.11537273228168488,0.06459668278694153
1567,0.11537261307239532,0.06459655612707138
1568,0.11537246406078339,0.06459642946720123
1569,0.11537234485149384,0.06459629535675049
1570,0.11537222564220428,0.06459616869688034
1571,0.11537210643291473,0.0645960345864296
1572,0.11537198722362518,0.06459590047597885
1573,0.11537184566259384,0.06459575891494751
1574,0.11537172645330429,0.06459563225507736
1575,0.11537160724401474,0.06459550559520721
1576,0.11537148058414459,0.06459537148475647
1577,0.11537134647369385,0.06459523737430573
1578,0.1153712272644043,0.06459511071443558
1579,0.11537110805511475,0.06459498405456543
1580,0.1153709888458252,0.06459485739469528
1581,0.11537084728479385,0.06459471583366394
1582,0.1153707280755043,0.0645945817232132
1583,0.11537061631679535,0.06459445506334305
1584,0.1153704896569252,0.0645943209528923
1585,0.11537035554647446,0.06459420174360275
1586,0.11537022888660431,0.06459406018257141
1587,0.11537010967731476,0.06459393352270126
1588,0.11536997556686401,0.06459379941225052
1589,0.11536985635757446,0.06459368020296097
1590,0.11536972224712372,0.06459354609251022
1591,0.11536961793899536,0.06459342688322067
1592,0.11536948382854462,0.06459328532218933
1593,0.11536935716867447,0.06459315121173859
1594,0.11536923795938492,0.06459300965070724
1595,0.11536911875009537,0.0645928904414177
1596,0.11536898463964462,0.06459276378154755
1597,0.11536886543035507,0.0645926296710968
1598,0.11536873877048492,0.06459250301122665
1599,0.11536861956119537,0.06459236890077591
1600,0.11536848545074463,0.06459224224090576
1601,0.11536835134029388,0.06459211558103561
1602,0.11536823213100433,0.06459198147058487
1603,0.11536810547113419,0.06459185481071472
1604,0.11536798626184464,0.06459172070026398
1605,0.11536785215139389,0.06459159404039383
1606,0.11536773294210434,0.06459146738052368
1607,0.11536761373281479,0.06459134072065353
1608,0.11536748707294464,0.06459121406078339
1609,0.11536736786365509,0.06459107995033264
1610,0.11536723375320435,0.0645909532904625
1611,0.1153671145439148,0.06459082663059235
1612,0.11536698043346405,0.0645906999707222
1613,0.1153668537735939,0.06459057331085205
1614,0.11536673456430435,0.0645904392004013
1615,0.11536660045385361,0.06459031254053116
1616,0.11536647379398346,0.06459018588066101
1617,0.11536635458469391,0.06459005177021027
1618,0.11536622047424316,0.06458992511034012
1619,0.11536610126495361,0.06458979099988937
1620,0.11536598205566406,0.06458967179059982
1621,0.11536584794521332,0.06458953768014908
1622,0.11536572128534317,0.06458941102027893
1623,0.11536560207605362,0.06458929181098938
1624,0.11536548286676407,0.06458915770053864
1625,0.11536536365747452,0.06458902359008789
1626,0.11536522209644318,0.06458889693021774
1627,0.11536510288715363,0.0645887702703476
1628,0.11536498367786407,0.06458863615989685
1629,0.11536483466625214,0.0645885169506073
1630,0.11536471545696259,0.06458839029073715
1631,0.11536459624767303,0.0645882710814476
1632,0.11536446958780289,0.06458812952041626
1633,0.11536435782909393,0.06458801031112671
1634,0.11536421626806259,0.06458788365125656
1635,0.11536409705877304,0.06458775699138641
1636,0.1153639703989029,0.06458762288093567
1637,0.11536385118961334,0.06458749622106552
1638,0.1153637170791626,0.06458737701177597
1639,0.11536358296871185,0.06458724290132523
1640,0.1153634786605835,0.06458710879087448
1641,0.11536333709955215,0.06458698958158493
1642,0.1153632178902626,0.06458686292171478
1643,0.11536308377981186,0.06458672881126404
1644,0.11536295711994171,0.06458660960197449
1645,0.11536283791065216,0.06458647549152374
1646,0.11536270380020142,0.06458635628223419
1647,0.11536258459091187,0.06458622217178345
1648,0.11536245048046112,0.0645861029624939
1649,0.11536232382059097,0.06458597630262375
1650,0.11536220461130142,0.064585842192173
1651,0.11536207050085068,0.06458572298288345
1652,0.11536195129156113,0.06458558887243271
1653,0.11536182463169098,0.06458546221256256
1654,0.11536170542240143,0.06458533555269241
1655,0.11536155641078949,0.06458521634340286
1656,0.11536145210266113,0.06458508968353271
1657,0.11536131054162979,0.06458496302366257
1658,0.11536119878292084,0.06458484381437302
1659,0.11536107212305069,0.06458470970392227
1660,0.11536093801259995,0.06458458304405212
1661,0.1153608113527298,0.06458445638418198
1662,0.11536069214344025,0.06458432227373123
1663,0.1153605729341507,0.06458420306444168
1664,0.11536042392253876,0.06458407640457153
1665,0.1153603047132492,0.06458395719528198
1666,0.11536018550395966,0.06458382308483124
1667,0.11536004394292831,0.06458369642496109
1668,0.11535992473363876,0.06458356976509094
1669,0.11535980552434921,0.0645834431052208
1670,0.11535966396331787,0.06458332389593124
1671,0.11535954475402832,0.0645831972360611
1672,0.11535942554473877,0.06458306312561035
1673,0.11535929143428802,0.0645829364657402
1674,0.11535916477441788,0.06458281725645065
1675,0.11535903066396713,0.0645826980471611
1676,0.11535891145467758,0.06458255648612976
1677,0.11535878479480743,0.06458242982625961
1678,0.11535866558551788,0.06458231806755066
1679,0.11535851657390594,0.06458219140768051
1680,0.1153583973646164,0.06458205729722977
1681,0.11535827815532684,0.06458193808794022
1682,0.1153581365942955,0.06458180397748947
1683,0.11535801738500595,0.06458167731761932
1684,0.1153578981757164,0.06458155065774918
1685,0.11535775661468506,0.06458142399787903
1686,0.11535763740539551,0.06458130478858948
1687,0.11535751819610596,0.06458117812871933
1688,0.11535738408565521,0.06458104401826859
1689,0.11535725742578506,0.06458092480897903
1690,0.11535713821649551,0.06458079814910889
1691,0.11535699665546417,0.06458067893981934
1692,0.11535687744617462,0.064580537378788
1693,0.11535675823688507,0.06458042562007904
1694,0.11535662412643433,0.0645802915096283
1695,0.11535649001598358,0.06458017230033875
1696,0.11535636335611343,0.0645800456404686
1697,0.11535622924566269,0.06457991898059845
1698,0.11535610258579254,0.0645797923207283
1699,0.11535598337650299,0.06457967311143875
1700,0.11535586416721344,0.0645795539021492
1701,0.1153557300567627,0.06457941234111786
1702,0.11535558849573135,0.06457929313182831
1703,0.1153554767370224,0.06457915902137756
1704,0.11535535007715225,0.06457903981208801
1705,0.11535521596670151,0.06457891315221786
1706,0.11535508930683136,0.06457879394292831
1707,0.11535497009754181,0.06457865983247757
1708,0.11535483598709106,0.06457854062318802
1709,0.11535470187664032,0.06457841396331787
1710,0.11535457521677017,0.06457828730344772
1711,0.11535444110631943,0.06457816809415817
1712,0.11535432189702988,0.06457803398370743
1713,0.11535418033599854,0.06457791477441788
1714,0.11535406112670898,0.06457778811454773
1715,0.11535394191741943,0.06457766890525818
1716,0.11535380035638809,0.06457754224538803
1717,0.11535368114709854,0.06457741558551788
1718,0.11535356193780899,0.06457728892564774
1719,0.11535342037677765,0.06457715481519699
1720,0.1153533011674881,0.06457703560590744
1721,0.11535318195819855,0.06457691639661789
1722,0.11535303294658661,0.06457678228616714
1723,0.11535291373729706,0.064576655626297
1724,0.11535277217626572,0.06457653641700745
1725,0.11535265296697617,0.0645764172077179
1726,0.11535253375768661,0.06457627564668655
1727,0.11535239219665527,0.064576156437397
1728,0.11535227298736572,0.06457602977752686
1729,0.11535213142633438,0.0645759105682373
1730,0.11535201221704483,0.06457578390836716
1731,0.11535189300775528,0.0645756646990776
1732,0.11535175889730453,0.06457553058862686
1733,0.11535163223743439,0.06457540392875671
1734,0.11535151302814484,0.06457528471946716
1735,0.11535137891769409,0.06457516551017761
1736,0.11535123735666275,0.06457502394914627
1737,0.1153511255979538,0.06457490473985672
1738,0.11535098403692245,0.06457477807998657
1739,0.1153508648276329,0.06457466632127762
1740,0.11535072326660156,0.06457453221082687
1741,0.11535058915615082,0.06457440555095673
1742,0.11535046249628067,0.06457428634166718
1743,0.11535034328699112,0.06457415223121643
1744,0.11535020917654037,0.06457401812076569
1745,0.11535008251667023,0.06457390636205673
1746,0.11534996330738068,0.06457378715276718
1747,0.11534981429576874,0.06457365304231644
1748,0.11534969508647919,0.06457353383302689
1749,0.11534957587718964,0.06457339972257614
1750,0.1153494343161583,0.06457328051328659
1751,0.11534931510686874,0.06457314640283585
1752,0.1153491884469986,0.06457303464412689
1753,0.11534905433654785,0.06457290053367615
1754,0.1153489351272583,0.0645727664232254
1755,0.11534880101680756,0.06457264721393585
1756,0.11534867435693741,0.0645725280046463
1757,0.11534853279590607,0.06457240134477615
1758,0.11534841358661652,0.064572274684906
1759,0.11534826457500458,0.06457215547561646
1760,0.11534814536571503,0.06457202881574631
1761,0.11534801870584488,0.06457190215587616
1762,0.11534788459539413,0.06457177549600601
1763,0.11534776538610458,0.06457164883613586
1764,0.11534762382507324,0.06457152962684631
1765,0.11534750461578369,0.06457139551639557
1766,0.11534737050533295,0.06457126885652542
1767,0.1153472438454628,0.06457114219665527
1768,0.11534712463617325,0.06457103043794632
1769,0.1153469830751419,0.06457090377807617
1770,0.11534686386585236,0.06457077711820602
1771,0.11534672975540161,0.06457065045833588
1772,0.11534659564495087,0.06457051634788513
1773,0.11534646898508072,0.06457039713859558
1774,0.11534633487462997,0.06457027792930603
1775,0.11534620821475983,0.06457013636827469
1776,0.11534608900547028,0.06457002460956573
1777,0.11534593999385834,0.06456989794969559
1778,0.11534581333398819,0.06456977128982544
1779,0.11534569412469864,0.06456964462995529
1780,0.1153455600142479,0.06456951797008514
1781,0.11534543335437775,0.0645693987607956
1782,0.1153453141450882,0.06456926465034485
1783,0.11534516513347626,0.0645691454410553
1784,0.1153450459241867,0.06456901878118515
1785,0.11534491926431656,0.064568892121315
1786,0.11534478515386581,0.06456876546144485
1787,0.11534466594457626,0.06456863880157471
1788,0.11534450948238373,0.06456851214170456
1789,0.11534438282251358,0.06456839293241501
1790,0.11534426361322403,0.06456826627254486
1791,0.11534412950277328,0.06456813961267471
1792,0.11534400284290314,0.06456801295280457
1793,0.11534386873245239,0.06456789374351501
1794,0.11534373462200165,0.06456775963306427
1795,0.1153436154127121,0.06456763297319412
1796,0.11534348875284195,0.06456751376390457
1797,0.1153433546423912,0.06456738710403442
1798,0.11534322798252106,0.06456726044416428
1799,0.11534309387207031,0.06456713378429413
1800,0.11534295231103897,0.06456699967384338
1801,0.11534281820058823,0.06456688046455383
1802,0.11534269899129868,0.06456676125526428
1803,0.11534257233142853,0.06456663459539413
1804,0.11534242331981659,0.06456650793552399
1805,0.11534230411052704,0.06456638127565384
1806,0.11534217745065689,0.0645662471652031
1807,0.11534205824136734,0.06456612795591354
1808,0.115341916680336,0.06456600874662399
1809,0.11534178256988525,0.06456587463617325
1810,0.11534164845943451,0.0645657479763031
1811,0.11534152179956436,0.06456562876701355
1812,0.11534140259027481,0.0645654946565628
1813,0.11534126847982407,0.06456537544727325
1814,0.11534114181995392,0.0645652487874031
1815,0.11534099280834198,0.06456512212753296
1816,0.11534087359905243,0.06456499546766281
1817,0.11534074693918228,0.06456487625837326
1818,0.11534061282873154,0.06456474959850311
1819,0.1153404712677002,0.06456461548805237
1820,0.11534035205841064,0.06456449627876282
1821,0.1153402179479599,0.06456436216831207
1822,0.11534009128808975,0.06456423550844193
1823,0.1153399720788002,0.06456411629915237
1824,0.11533983796834946,0.06456398963928223
1825,0.11533971130847931,0.06456386297941208
1826,0.11533956229686737,0.06456373631954193
1827,0.11533943563699722,0.06456361711025238
1828,0.11533930152654648,0.06456349045038223
1829,0.11533918231725693,0.06456336379051208
1830,0.11533904075622559,0.06456323713064194
1831,0.11533892154693604,0.06456310302019119
1832,0.1153387799859047,0.06456298381090164
1833,0.11533864587545395,0.06456286460161209
1834,0.1153385192155838,0.06456274539232254
1835,0.11533838510513306,0.0645626112818718
1836,0.11533825099468231,0.06456247717142105
1837,0.11533813178539276,0.0645623579621315
1838,0.11533799022436142,0.06456223130226135
1839,0.11533784866333008,0.0645621046423912
1840,0.11533772945404053,0.06456197053194046
1841,0.11533761024475098,0.06456185132265091
1842,0.11533746868371964,0.06456173211336136
1843,0.11533733457326889,0.06456159800291061
1844,0.11533720791339874,0.06456147879362106
1845,0.115337073802948,0.06456134468317032
1846,0.11533693969249725,0.06456121802330017
1847,0.1153368130326271,0.06456109881401062
1848,0.11533667892217636,0.06456097215414047
1849,0.11533655226230621,0.06456085294485092
1850,0.11533641815185547,0.06456071138381958
1851,0.11533629894256592,0.06456059962511063
1852,0.11533615738153458,0.06456046551465988
1853,0.11533601582050323,0.06456033885478973
1854,0.11533589661121368,0.06456020474433899
1855,0.11533574759960175,0.06456008553504944
1856,0.1153356283903122,0.06455996632575989
1857,0.11533548682928085,0.06455983966588974
1858,0.1153353601694107,0.064559705555439
1859,0.11533522605895996,0.06455957889556885
1860,0.11533510684967041,0.0645594522356987
1861,0.11533496528863907,0.06455933302640915
1862,0.11533484607934952,0.064559206366539
1863,0.11533470451831818,0.06455907225608826
1864,0.11533455550670624,0.06455894559621811
1865,0.11533443629741669,0.06455881893634796
1866,0.11533431708812714,0.06455869972705841
1867,0.1153341755270958,0.06455857306718826
1868,0.11533404886722565,0.06455843895673752
1869,0.1153339147567749,0.06455831974744797
1870,0.11533377319574356,0.06455818563699722
1871,0.11533365398645401,0.06455806642770767
1872,0.11533351987600327,0.06455793976783752
1873,0.11533337831497192,0.06455781310796738
1874,0.11533324420452118,0.06455767899751663
1875,0.11533311754465103,0.06455755978822708
1876,0.11533298343420029,0.06455743312835693
1877,0.11533286422491074,0.06455730646848679
1878,0.1153327226638794,0.06455717980861664
1879,0.11533260345458984,0.06455706059932709
1880,0.1153324618935585,0.06455692648887634
1881,0.11533232033252716,0.06455680727958679
1882,0.11533220112323761,0.06455667316913605
1883,0.11533206701278687,0.0645565465092659
1884,0.11533192545175552,0.06455642729997635
1885,0.11533179134130478,0.0645562931895256
1886,0.11533166468143463,0.06455617398023605
1887,0.11533153057098389,0.06455603986978531
1888,0.11533138900995255,0.06455592066049576
1889,0.115331269800663,0.06455579400062561
1890,0.11533112823963165,0.06455566734075546
1891,0.1153310090303421,0.06455553323030472
1892,0.11533086001873016,0.06455541402101517
1893,0.11533073335886002,0.06455527991056442
1894,0.11533059924840927,0.06455516070127487
1895,0.11533047258853912,0.06455501914024353
1896,0.11533033847808838,0.06455489993095398
1897,0.11533020436763763,0.06455477327108383
1898,0.11533007770776749,0.06455464661121368
1899,0.11532994359731674,0.06455451995134354
1900,0.1153298020362854,0.06455440074205399
1901,0.11532968282699585,0.06455426663160324
1902,0.11532954126596451,0.06455414742231369
1903,0.11532940715551376,0.06455400586128235
1904,0.11532928049564362,0.0645538866519928
1905,0.11532913148403168,0.06455375999212265
1906,0.11532901227474213,0.0645536333322525
1907,0.11532888561487198,0.06455350667238235
1908,0.11532875150442123,0.06455337256193161
1909,0.11532860994338989,0.06455325335264206
1910,0.11532847583293915,0.06455312669277191
1911,0.1153283342719078,0.06455300003290176
1912,0.11532821506261826,0.06455287337303162
1913,0.11532807350158691,0.06455273181200027
1914,0.11532793939113617,0.06455261260271072
1915,0.11532781273126602,0.06455249339342117
1916,0.11532767862081528,0.06455235928297043
1917,0.11532755196094513,0.06455223262310028
1918,0.11532740294933319,0.06455211341381073
1919,0.11532728374004364,0.06455197930335999
1920,0.1153271421790123,0.06455186009407043
1921,0.11532701551914215,0.06455173343420029
1922,0.1153268814086914,0.06455159932374954
1923,0.11532674729824066,0.0645514726638794
1924,0.11532662063837051,0.06455134600400925
1925,0.11532647907733917,0.0645512118935585
1926,0.11532634496688843,0.06455108523368835
1927,0.11532621085643768,0.0645509585738182
1928,0.11532608419656754,0.06455083936452866
1929,0.11532595008611679,0.06455070525407791
1930,0.11532580852508545,0.06455058604478836
1931,0.11532566696405411,0.06455045938491821
1932,0.11532554775476456,0.06455033272504807
1933,0.11532540619373322,0.06455019861459732
1934,0.11532528698444366,0.06455006450414658
1935,0.11532513797283173,0.06454994529485703
1936,0.11532501131296158,0.06454981118440628
1937,0.11532487720251083,0.06454969197511673
1938,0.11532475054264069,0.06454955786466599
1939,0.11532459408044815,0.06454943120479584
1940,0.1153244748711586,0.06454930454492569
1941,0.11532434076070786,0.06454917788505554
1942,0.11532421410083771,0.0645490437746048
1943,0.11532407999038696,0.06454891711473465
1944,0.11532393842935562,0.0645487979054451
1945,0.11532380431890488,0.06454867124557495
1946,0.11532368510961533,0.0645485445857048
1947,0.11532354354858398,0.06454841792583466
1948,0.11532340198755264,0.06454828381538391
1949,0.11532328277826309,0.06454815715551376
1950,0.11532314121723175,0.06454803049564362
1951,0.11532299220561981,0.06454789638519287
1952,0.11532287299633026,0.06454776972532272
1953,0.11532273143529892,0.06454765051603317
1954,0.11532260477542877,0.06454751640558243
1955,0.11532247066497803,0.06454738974571228
1956,0.11532232910394669,0.06454725563526154
1957,0.11532220989465714,0.06454712897539139
1958,0.1153220683336258,0.06454700976610184
1959,0.11532191932201385,0.06454688310623169
1960,0.11532179266214371,0.06454675644636154
1961,0.11532165855169296,0.0645466223359108
1962,0.11532151699066162,0.06454649567604065
1963,0.11532139778137207,0.0645463690161705
1964,0.11532125622034073,0.06454623490571976
1965,0.11532112210988998,0.0645461156964302
1966,0.11532098054885864,0.06454598903656006
1967,0.11532086133956909,0.06454584747552872
1968,0.11532072722911835,0.06454572826623917
1969,0.115320585668087,0.06454560160636902
1970,0.11532045900821686,0.06454546749591827
1971,0.11532030999660492,0.06454534083604813
1972,0.11532018333673477,0.06454522162675858
1973,0.11532004922628403,0.06454508751630783
1974,0.11531992256641388,0.06454495340585709
1975,0.11531977355480194,0.06454482674598694
1976,0.1153196319937706,0.06454470008611679
1977,0.11531951278448105,0.06454455852508545
1978,0.11531937122344971,0.0645444467663765
1979,0.11531923711299896,0.06454432010650635
1980,0.11531911045312881,0.0645441934466362
1981,0.11531896889209747,0.06454405933618546
1982,0.11531883478164673,0.06454393267631531
1983,0.11531870067119598,0.06454380601644516
1984,0.11531855911016464,0.06454366445541382
1985,0.1153184324502945,0.06454355269670486
1986,0.11531829833984375,0.06454341858625412
1987,0.11531815677881241,0.06454329192638397
1988,0.11531801521778107,0.06454316526651382
1989,0.11531789600849152,0.06454303115606308
1990,0.11531776189804077,0.06454291194677353
1991,0.11531762778759003,0.06454277038574219
1992,0.11531748622655869,0.06454265117645264
1993,0.11531734466552734,0.06454252451658249
1994,0.11531722545623779,0.06454239040613174
1995,0.11531708389520645,0.0645422637462616
1996,0.11531694233417511,0.06454212963581085
1997,0.11531682312488556,0.0645420029759407
1998,0.11531667411327362,0.06454187631607056
1999,0.11531654745340347,0.06454174220561981
2000,0.11531640589237213,0.06454161554574966
2001,0.11531627178192139,0.06454148888587952
2002,0.11531613767147064,0.06454135477542877
2003,0.1153160110116005,0.06454122811555862
2004,0.11531586945056915,0.06454110145568848
2005,0.11531573534011841,0.06454097479581833
2006,0.11531559377908707,0.06454083323478699
2007,0.11531545966863632,0.06454071402549744
2008,0.11531531810760498,0.06454058736562729
2009,0.11531518399715424,0.06454046070575714
2010,0.11531505733728409,0.0645403191447258
2011,0.11531491577625275,0.06454019993543625
2012,0.115314781665802,0.0645400807261467
2013,0.11531464755535126,0.06453993916511536
2014,0.11531450599431992,0.06453981250524521
2015,0.11531437933444977,0.06453968584537506
2016,0.11531423032283783,0.06453955173492432
2017,0.11531410366296768,0.06453942507505417
2018,0.11531396210193634,0.06453929096460342
2019,0.1153138279914856,0.06453916430473328
2020,0.11531369388103485,0.06453903019428253
2021,0.11531355232000351,0.06453891098499298
2022,0.11531342566013336,0.06453878432512283
2023,0.11531329154968262,0.06453865766525269
2024,0.11531314998865128,0.06453852355480194
2025,0.11531300842761993,0.0645383894443512
2026,0.11531287431716919,0.06453825533390045
2027,0.11531275510787964,0.0645381286740303
2028,0.1153126135468483,0.06453800946474075
2029,0.11531247943639755,0.06453787535429001
2030,0.11531233787536621,0.06453774869441986
2031,0.11531219631433487,0.06453761458396912
2032,0.11531207710504532,0.06453748792409897
2033,0.11531193554401398,0.06453735381364822
2034,0.11531178653240204,0.06453722715377808
2035,0.11531165987253189,0.06453710049390793
2036,0.11531151831150055,0.06453697383403778
2037,0.1153113842010498,0.06453683972358704
2038,0.11531124264001846,0.06453671306371689
2039,0.11531112343072891,0.06453657895326614
2040,0.11531098186969757,0.064536452293396
2041,0.11531083285808563,0.06453632563352585
2042,0.11531070619821548,0.0645361915230751
2043,0.11531057208776474,0.06453606486320496
2044,0.1153104305267334,0.06453593075275421
2045,0.11531031131744385,0.06453580409288406
2046,0.1153101697564125,0.06453566998243332
2047,0.11531002819538116,0.06453554332256317
2048,0.11530987918376923,0.06453540921211243
2049,0.11530975252389908,0.06453528255224228
2050,0.11530961096286774,0.06453515589237213
2051,0.11530947685241699,0.06453502178192139
2052,0.11530934274196625,0.06453489512205124
2053,0.1153092011809349,0.0645347610116005
2054,0.11530907452106476,0.06453463435173035
2055,0.11530894041061401,0.0645345002412796
2056,0.11530878394842148,0.06453438103199005
2057,0.11530865728855133,0.06453423947095871
2058,0.11530852317810059,0.06453411281108856
2059,0.11530838906764984,0.06453397870063782
2060,0.1153082475066185,0.06453385949134827
2061,0.11530812084674835,0.06453371793031693
2062,0.11530797183513641,0.06453359872102737
2063,0.11530783027410507,0.06453346461057663
2064,0.11530771106481552,0.06453334540128708
2065,0.11530756950378418,0.06453321874141693
2066,0.11530742794275284,0.06453308463096619
2067,0.1153072938323021,0.06453294306993484
2068,0.11530716717243195,0.0645328164100647
2069,0.11530701816082001,0.06453268975019455
2070,0.11530687659978867,0.0645325556397438
2071,0.11530674993991852,0.06453242897987366
2072,0.11530661582946777,0.06453229486942291
2073,0.11530647426843643,0.06453216820955276
2074,0.11530633270740509,0.06453203409910202
2075,0.11530619859695435,0.06453189253807068
2076,0.1153060644865036,0.06453177332878113
2077,0.11530592292547226,0.06453163176774979
2078,0.11530579626560211,0.06453151255846024
2079,0.11530566215515137,0.06453138589859009
2080,0.11530550569295883,0.06453125923871994
2081,0.11530537903308868,0.0645311251282692
2082,0.11530524492263794,0.06453098356723785
2083,0.1153051108121872,0.0645308569073677
2084,0.11530496925115585,0.06453073769807816
2085,0.11530482769012451,0.06453060358762741
2086,0.11530468612909317,0.06453048437833786
2087,0.11530455201864243,0.06453034281730652
2088,0.11530442535877228,0.06453020870685577
2089,0.11530427634716034,0.06453008204698563
2090,0.11530414968729019,0.06452994793653488
2091,0.11530401557683945,0.06452982127666473
2092,0.11530385911464691,0.06452968716621399
2093,0.11530373245477676,0.06452955305576324
2094,0.11530359834432602,0.0645294263958931
2095,0.11530345678329468,0.06452929228544235
2096,0.11530332267284393,0.0645291730761528
2097,0.11530318111181259,0.06452903896570206
2098,0.11530303955078125,0.06452889740467072
2099,0.1153029203414917,0.06452877074480057
2100,0.11530276387929916,0.06452864408493042
2101,0.11530263721942902,0.06452850997447968
2102,0.11530248820781708,0.06452837586402893
2103,0.11530236154794693,0.06452824920415878
2104,0.11530221998691559,0.06452811509370804
2105,0.11530208587646484,0.06452798843383789
2106,0.1153019443154335,0.06452785432338715
2107,0.11530181020498276,0.064527727663517
2108,0.11530166864395142,0.06452759355306625
2109,0.11530152708292007,0.0645274668931961
2110,0.11530138552188873,0.06452734023332596
2111,0.11530125141143799,0.06452720612287521
2112,0.11530111730098724,0.06452707946300507
2113,0.1153009757399559,0.06452693790197372
2114,0.11530084908008575,0.06452680379152298
2115,0.11530071496963501,0.06452667713165283
2116,0.11530057340860367,0.06452655047178268
2117,0.11530043184757233,0.06452641636133194
2118,0.11530029773712158,0.0645262748003006
2119,0.11530015617609024,0.06452614814043045
2120,0.1153000220656395,0.0645260140299797
2121,0.11529986560344696,0.06452589482069016
2122,0.11529973894357681,0.06452576071023941
2123,0.11529960483312607,0.06452563405036926
2124,0.11529947817325592,0.06452549248933792
2125,0.11529932916164398,0.06452536582946777
2126,0.11529918760061264,0.06452523171901703
2127,0.11529906094074249,0.06452511250972748
2128,0.11529891192913055,0.06452497094869614
2129,0.11529877036809921,0.06452485173940659
2130,0.11529862880706787,0.06452471762895584
2131,0.11529849469661713,0.0645245835185051
2132,0.11529836803674698,0.06452444940805435
2133,0.11529822647571564,0.0645243227481842
2134,0.1152980774641037,0.06452418118715286
2135,0.11529795080423355,0.06452406197786331
2136,0.11529780924320221,0.06452392041683197
2137,0.11529767513275146,0.06452378630638123
2138,0.11529753357172012,0.06452365219593048
2139,0.11529739201068878,0.06452352553606033
2140,0.11529724299907684,0.06452339142560959
2141,0.11529712378978729,0.06452327221632004
2142,0.11529698222875595,0.0645231306552887
2143,0.11529684066772461,0.06452299654483795
2144,0.11529669910669327,0.0645228698849678
2145,0.11529655754566193,0.06452273577451706
2146,0.11529642343521118,0.06452260166406631
2147,0.11529628932476044,0.06452246755361557
2148,0.1152961477637291,0.06452234834432602
2149,0.11529600620269775,0.06452220678329468
2150,0.11529587209224701,0.06452208757400513
2151,0.11529573053121567,0.06452194601297379
2152,0.11529557406902313,0.06452181935310364
2153,0.11529545485973358,0.0645216852426529
2154,0.11529531329870224,0.06452155858278275
2155,0.11529518663883209,0.0645214170217514
2156,0.11529503762722015,0.06452129036188126
2157,0.11529491096735,0.06452116370201111
2158,0.11529476940631866,0.06452102214097977
2159,0.11529462039470673,0.06452088803052902
2160,0.11529449373483658,0.06452076137065887
2161,0.11529435217380524,0.06452062726020813
2162,0.11529421806335449,0.06452050060033798
2163,0.11529407650232315,0.06452036648988724
2164,0.11529393494129181,0.06452023237943649
2165,0.11529378592967987,0.06452010571956635
2166,0.11529364436864853,0.064519964158535
2167,0.11529351770877838,0.06451983004808426
2168,0.11529338359832764,0.06451970338821411
2169,0.1152932271361351,0.06451956927776337
2170,0.11529310047626495,0.06451943516731262
2171,0.11529295146465302,0.06451930850744247
2172,0.11529282480478287,0.06451917439699173
2173,0.11529269069433212,0.06451904028654099
2174,0.11529254913330078,0.06451891362667084
2175,0.11529240757226944,0.06451877951622009
2176,0.1152922660112381,0.06451864540576935
2177,0.11529211699962616,0.0645185187458992
2178,0.11529199033975601,0.06451838463544846
2179,0.11529184877872467,0.06451825797557831
2180,0.11529171466827393,0.06451811641454697
2181,0.11529157310724258,0.06451798230409622
2182,0.11529143154621124,0.06451784819364548
2183,0.1152912825345993,0.06451772898435593
2184,0.11529115587472916,0.06451758742332458
2185,0.11529102176427841,0.06451745331287384
2186,0.11529088020324707,0.06451732665300369
2187,0.11529073864221573,0.06451719254255295
2188,0.11529059708118439,0.0645170658826828
2189,0.11529046297073364,0.06451693177223206
2190,0.11529030650854111,0.06451679021120071
2191,0.11529018729925156,0.06451667100191116
2192,0.11529003083705902,0.06451652944087982
2193,0.11528988927602768,0.06451639533042908
2194,0.11528976261615753,0.06451625376939774
2195,0.1152896136045456,0.06451613456010818
2196,0.11528948694467545,0.06451600044965744
2197,0.1152893453836441,0.0645158588886261
2198,0.11528919637203217,0.06451572477817535
2199,0.11528906971216202,0.0645156130194664
2200,0.11528892815113068,0.06451547145843506
2201,0.11528877913951874,0.06451532989740372
2202,0.1152886375784874,0.06451520323753357
2203,0.11528851091861725,0.06451506167650223
2204,0.1152883768081665,0.06451494246721268
2205,0.11528823524713516,0.06451480835676193
2206,0.11528809368610382,0.06451467424631119
2207,0.11528795957565308,0.06451453268527985
2208,0.11528780311346054,0.0645144060254097
2209,0.1152876764535904,0.06451427936553955
2210,0.11528752744197845,0.06451413780450821
2211,0.11528738588094711,0.06451401114463806
2212,0.11528725922107697,0.06451387703418732
2213,0.11528711020946503,0.06451375037431717
2214,0.11528696119785309,0.06451360881328583
2215,0.11528682708740234,0.06451347470283508
2216,0.115286685526371,0.06451334059238434
2217,0.11528655141592026,0.0645132064819336
2218,0.11528642475605011,0.06451307982206345
2219,0.11528627574443817,0.0645129382610321
2220,0.11528613418340683,0.06451279670000076
2221,0.11528599262237549,0.06451268494129181
2222,0.11528585106134415,0.06451254338026047
2223,0.1152857095003128,0.06451240926980972
2224,0.11528559029102325,0.06451228260993958
2225,0.11528543382883072,0.06451214104890823
2226,0.11528529226779938,0.06451201438903809
2227,0.11528515815734863,0.06451188027858734
2228,0.11528501659631729,0.0645117461681366
2229,0.11528487503528595,0.06451160460710526
2230,0.11528472602367401,0.0645114853978157
2231,0.11528459936380386,0.06451134383678436
2232,0.11528444290161133,0.06451120972633362
2233,0.11528430879116058,0.06451107561588287
2234,0.11528418213129044,0.06451093405485153
2235,0.1152840405702591,0.06451081484556198
2236,0.11528389155864716,0.06451067328453064
2237,0.11528376489877701,0.06451054662466049
2238,0.11528362333774567,0.06451041251420975
2239,0.11528346687555313,0.064510278403759
2240,0.11528333276510239,0.06451014429330826
2241,0.11528319120407104,0.06451001763343811
2242,0.1152830570936203,0.06450987607240677
2243,0.11528291553258896,0.06450974196195602
2244,0.11528277397155762,0.06450961530208588
2245,0.11528263241052628,0.06450948119163513
2246,0.11528249084949493,0.06450933963060379
2247,0.115282341837883,0.06450920552015305
2248,0.11528221517801285,0.0645090714097023
2249,0.1152820810675621,0.06450894474983215
2250,0.11528193950653076,0.06450880318880081
2251,0.11528179794549942,0.06450866907835007
2252,0.11528165638446808,0.06450854241847992
2253,0.11528150737285614,0.06450840085744858
2254,0.1152813658118248,0.06450826674699783
2255,0.11528124660253525,0.06450814008712769
2256,0.11528108268976212,0.06450801342725754
2257,0.11528094857931137,0.0645078718662262
2258,0.11528080701828003,0.06450773775577545
2259,0.11528066545724869,0.06450760364532471
2260,0.11528052389621735,0.06450747698545456
2261,0.1152803897857666,0.06450733542442322
2262,0.11528024822473526,0.06450720131397247
2263,0.11528010666370392,0.06450707465410233
2264,0.11527995765209198,0.06450694054365158
2265,0.11527981609106064,0.06450679898262024
2266,0.1152796745300293,0.0645066648721695
2267,0.11527953296899796,0.06450653821229935
2268,0.1152794137597084,0.0645064041018486
2269,0.11527927219867706,0.06450626254081726
2270,0.11527912318706512,0.06450612843036652
2271,0.11527898162603378,0.06450599431991577
2272,0.11527884006500244,0.06450586766004562
2273,0.1152787059545517,0.06450573354959488
2274,0.11527855694293976,0.06450560688972473
2275,0.11527840793132782,0.06450545787811279
2276,0.11527826637029648,0.06450533121824265
2277,0.11527813971042633,0.0645051896572113
2278,0.11527800559997559,0.06450505554676056
2279,0.11527786403894424,0.06450492888689041
2280,0.1152777224779129,0.06450478732585907
2281,0.11527757346630096,0.06450465321540833
2282,0.11527743190526962,0.06450452655553818
2283,0.11527729034423828,0.06450439244508743
2284,0.11527715623378754,0.06450425088405609
2285,0.1152770072221756,0.06450411677360535
2286,0.11527688801288605,0.0645039901137352
2287,0.11527673155069351,0.06450384110212326
2288,0.11527658998966217,0.06450372189283371
2289,0.11527645587921143,0.06450358033180237
2290,0.11527631431818008,0.06450344622135162
2291,0.11527617275714874,0.06450331956148148
2292,0.1152760237455368,0.06450317054986954
2293,0.11527588218450546,0.06450305134057999
2294,0.11527574062347412,0.06450290232896805
2295,0.11527559906244278,0.0645027756690979
2296,0.11527546495199203,0.06450264900922775
2297,0.11527533829212189,0.06450249999761581
2298,0.11527518182992935,0.06450238078832626
2299,0.11527502536773682,0.06450223922729492
2300,0.11527490615844727,0.06450209766626358
2301,0.11527476459741592,0.06450197100639343
2302,0.11527460813522339,0.06450182944536209
2303,0.11527446657419205,0.06450169533491135
2304,0.1152743250131607,0.0645015686750412
2305,0.11527417600154877,0.06450143456459045
2306,0.11527404934167862,0.06450129300355911
2307,0.11527390778064728,0.06450115889310837
2308,0.11527375876903534,0.06450102478265762
2309,0.115273617208004,0.06450089812278748
2310,0.11527347564697266,0.06450074911117554
2311,0.11527334153652191,0.06450061500072479
2312,0.11527319997549057,0.06450048834085464
2313,0.11527305841445923,0.0645003542304039
2314,0.11527291685342789,0.06450022011995316
2315,0.11527277529239655,0.06450007855892181
2316,0.1152726411819458,0.06449994444847107
2317,0.11527249962091446,0.06449981033802032
2318,0.11527236551046371,0.06449966877698898
2319,0.11527220904827118,0.06449954211711884
2320,0.11527206748723984,0.06449940800666809
2321,0.11527194082736969,0.06449928134679794
2322,0.11527178436517715,0.0644991397857666
2323,0.11527164280414581,0.06449900567531586
2324,0.11527150869369507,0.06449886411428452
2325,0.11527136713266373,0.06449873000383377
2326,0.11527121067047119,0.06449859589338303
2327,0.11527106910943985,0.06449846178293228
2328,0.1152709499001503,0.06449832767248154
2329,0.11527080833911896,0.0644981861114502
2330,0.11527065932750702,0.06449805945158005
2331,0.11527051776647568,0.0644979178905487
2332,0.11527037620544434,0.06449779123067856
2333,0.115270234644413,0.06449765712022781
2334,0.11527009308338165,0.06449751555919647
2335,0.11526994407176971,0.06449738144874573
2336,0.11526980251073837,0.06449723988771439
2337,0.11526966094970703,0.06449712067842484
2338,0.11526951938867569,0.0644969791173935
2339,0.11526937782764435,0.06449684500694275
2340,0.11526922881603241,0.06449670344591141
2341,0.11526910215616226,0.06449656933546066
2342,0.11526896059513092,0.06449642777442932
2343,0.11526880413293839,0.06449630111455917
2344,0.11526866257190704,0.06449616700410843
2345,0.1152685135602951,0.06449603289365768
2346,0.11526839435100555,0.06449589133262634
2347,0.11526824533939362,0.0644957572221756
2348,0.11526811122894287,0.06449561566114426
2349,0.11526796966791153,0.06449548900127411
2350,0.11526782810688019,0.06449534744024277
2351,0.11526767909526825,0.06449521332979202
2352,0.11526753753423691,0.06449508666992188
2353,0.11526739597320557,0.06449493765830994
2354,0.11526726186275482,0.06449480354785919
2355,0.11526711285114288,0.06449467688798904
2356,0.11526696383953094,0.0644945427775383
2357,0.1152668371796608,0.06449440121650696
2358,0.11526668071746826,0.06449425965547562
2359,0.11526653915643692,0.06449413299560547
2360,0.11526639759540558,0.06449399143457413
2361,0.11526626348495483,0.06449386477470398
2362,0.1152661070227623,0.06449372321367264
2363,0.11526596546173096,0.0644935891032219
2364,0.11526583135128021,0.06449344754219055
2365,0.11526568979024887,0.0644933208823204
2366,0.11526556313037872,0.06449317932128906
2367,0.11526540666818619,0.06449305266141891
2368,0.11526526510715485,0.06449291110038757
2369,0.11526511609554291,0.06449277698993683
2370,0.11526498943567276,0.06449264287948608
2371,0.11526483297348022,0.06449250131845474
2372,0.11526469886302948,0.0644923746585846
2373,0.11526455730199814,0.06449223309755325
2374,0.1152644157409668,0.06449209898710251
2375,0.11526427417993546,0.06449196487665176
2376,0.11526413261890411,0.06449182331562042
2377,0.11526398360729218,0.06449168920516968
2378,0.11526384204626083,0.06449155509471893
2379,0.11526370048522949,0.06449142098426819
2380,0.11526355892419815,0.06449127942323685
2381,0.11526341736316681,0.0644911527633667
2382,0.11526326835155487,0.06449101120233536
2383,0.11526312679052353,0.06449087709188461
2384,0.11526298522949219,0.06449074298143387
2385,0.11526284366846085,0.06449060887098312
2386,0.1152627021074295,0.06449046730995178
2387,0.11526256799697876,0.06449032574892044
2388,0.11526242643594742,0.0644901916384697
2389,0.11526226997375488,0.06449005752801895
2390,0.11526213586330414,0.0644899308681488
2391,0.1152619868516922,0.06448978930711746
2392,0.11526183784008026,0.06448965519666672
2393,0.11526171118021011,0.06448950618505478
2394,0.11526156961917877,0.06448937207460403
2395,0.11526142060756683,0.06448923796415329
2396,0.11526127904653549,0.06448909640312195
2397,0.11526112258434296,0.0644889548420906
2398,0.11526099592447281,0.06448882818222046
2399,0.11526085436344147,0.06448869407176971
2400,0.11526070535182953,0.06448855996131897
2401,0.11526057869195938,0.06448841840028763
2402,0.11526042222976685,0.06448828428983688
2403,0.1152602806687355,0.06448815017938614
2404,0.11526014655828476,0.0644880011677742
2405,0.11525999009609222,0.06448787450790405
2406,0.11525986343622208,0.0644877478480339
2407,0.11525972187519073,0.06448760628700256
2408,0.1152595728635788,0.06448746472597122
2409,0.11525943130254745,0.06448733061552048
2410,0.11525928974151611,0.06448718905448914
2411,0.11525914818048477,0.06448705494403839
2412,0.11525900661945343,0.06448692083358765
2413,0.1152588501572609,0.0644867867231369
2414,0.11525871604681015,0.06448664516210556
2415,0.11525857448577881,0.06448651105165482
2416,0.11525843292474747,0.06448637694120407
2417,0.11525829136371613,0.06448623538017273
2418,0.11525814235210419,0.06448610126972198
2419,0.11525800079107285,0.06448595970869064
2420,0.1152578592300415,0.0644858255982399
2421,0.11525771766901016,0.06448569148778915
2422,0.11525757610797882,0.06448555737733841
2423,0.11525742709636688,0.06448541581630707
2424,0.11525728553533554,0.06448527425527573
2425,0.1152571439743042,0.06448514014482498
2426,0.11525700241327286,0.06448500603437424
2427,0.11525686085224152,0.0644848644733429
2428,0.11525671184062958,0.06448473036289215
2429,0.11525657027959824,0.064484603703022
2430,0.1152564287185669,0.06448446214199066
2431,0.11525628715753555,0.06448432058095932
2432,0.11525614559650421,0.06448417901992798
2433,0.11525601148605347,0.06448405236005783
2434,0.11525585502386093,0.06448391079902649
2435,0.11525571346282959,0.06448376923799515
2436,0.11525557935237885,0.0644836351275444
2437,0.1152554303407669,0.06448349356651306
2438,0.11525529623031616,0.06448336690664291
2439,0.11525513976812363,0.06448322534561157
2440,0.11525499820709229,0.06448309868574142
2441,0.11525485664606094,0.06448295712471008
2442,0.1152547150850296,0.06448281556367874
2443,0.11525456607341766,0.0644826740026474
2444,0.11525442451238632,0.06448253989219666
2445,0.11525428295135498,0.06448240578174591
2446,0.11525414139032364,0.06448227167129517
2447,0.1152539998292923,0.06448213011026382
2448,0.11525385081768036,0.06448198854923248
2449,0.11525370925664902,0.06448186188936234
2450,0.11525356769561768,0.064481720328331
2451,0.11525343358516693,0.06448158621788025
2452,0.11525328457355499,0.06448144465684891
2453,0.11525313556194305,0.06448131054639816
2454,0.11525299400091171,0.06448117643594742
2455,0.11525286734104156,0.06448102742433548
2456,0.11525271087884903,0.06448090076446533
2457,0.11525256931781769,0.06448075920343399
2458,0.11525242030620575,0.06448062509298325
2459,0.11525227874517441,0.0644804835319519
2460,0.11525215208530426,0.06448035687208176
2461,0.11525199562311172,0.06448020786046982
2462,0.11525185406208038,0.06448007375001907
2463,0.11525171995162964,0.06447993963956833
2464,0.1152515634894371,0.06447980552911758
2465,0.11525142192840576,0.06447966396808624
2466,0.11525128036737442,0.0644795224070549
2467,0.11525113880634308,0.06447938084602356
2468,0.11525100469589233,0.06447924673557281
2469,0.1152508482336998,0.06447910517454147
2470,0.11525070667266846,0.06447897851467133
2471,0.11525056511163712,0.06447884440422058
2472,0.11525042355060577,0.06447870284318924
2473,0.11525027453899384,0.0644785612821579
2474,0.1152501329779625,0.06447842717170715
2475,0.11524999141693115,0.06447828561067581
2476,0.11524984985589981,0.06447815150022507
2477,0.11524970829486847,0.06447802484035492
2478,0.11524955928325653,0.06447786837816238
2479,0.11524941772222519,0.06447773426771164
2480,0.11524927616119385,0.06447760760784149
2481,0.1152491346001625,0.06447746604681015
2482,0.11524899303913116,0.06447732448577881
2483,0.11524884402751923,0.06447719037532806
2484,0.11524870246648788,0.06447704881429672
2485,0.11524856090545654,0.06447691470384598
2486,0.1152484193444252,0.06447678059339523
2487,0.11524826288223267,0.06447663903236389
2488,0.11524812877178192,0.06447649747133255
2489,0.11524798721075058,0.0644763633608818
2490,0.11524784564971924,0.06447622179985046
2491,0.1152477040886879,0.06447608768939972
2492,0.11524756252765656,0.06447594612836838
2493,0.11524741351604462,0.06447580456733704
2494,0.11524726450443268,0.06447567790746689
2495,0.11524711549282074,0.06447554379701614
2496,0.11524698883295059,0.0644754022359848
2497,0.11524684727191925,0.06447526812553406
2498,0.11524669826030731,0.06447512656450272
2499,0.11524654924869537,0.06447498500347137
2500,0.11524640023708344,0.06447485089302063
2501,0.1152462586760521,0.06447470933198929
2502,0.11524611711502075,0.06447457522153854
2503,0.11524596065282822,0.0644744336605072
2504,0.11524583399295807,0.06447429209947586
2505,0.11524568498134613,0.06447415053844452
2506,0.11524553596973419,0.06447401642799377
2507,0.11524540185928345,0.06447387486696243
2508,0.11524524539709091,0.06447374075651169
2509,0.11524511873722076,0.06447360664606094
2510,0.11524496972560883,0.0644734650850296
2511,0.11524482816457748,0.06447333097457886
2512,0.11524468660354614,0.06447318941354752
2513,0.1152445524930954,0.06447305530309677
2514,0.11524440348148346,0.06447292119264603
2515,0.11524424701929092,0.06447277218103409
2516,0.11524410545825958,0.06447264552116394
2517,0.11524395644664764,0.064472496509552
2518,0.1152438148856163,0.06447236239910126
2519,0.11524368822574615,0.06447222083806992
2520,0.11524353176355362,0.06447208672761917
2521,0.11524339020252228,0.06447195261716843
2522,0.11524324119091034,0.06447181105613708
2523,0.115243099629879,0.06447166949510574
2524,0.11524295806884766,0.064471535384655
2525,0.11524281650781631,0.06447139382362366
2526,0.11524267494678497,0.06447125971317291
2527,0.11524251848459244,0.06447111815214157
2528,0.1152423843741417,0.06447097659111023
2529,0.11524222791194916,0.06447084993124008
2530,0.11524210125207901,0.06447070091962814
2531,0.11524195969104767,0.0644705668091774
2532,0.11524180322885513,0.06447042524814606
2533,0.11524166911840439,0.06447029113769531
2534,0.11524151265621185,0.06447015702724457
2535,0.11524137109518051,0.06447001546621323
2536,0.11524122953414917,0.06446987390518188
2537,0.11524108797311783,0.06446973234415054
2538,0.11524093151092529,0.0644696056842804
2539,0.11524081230163574,0.06446946412324905
2540,0.1152406558394432,0.06446931511163712
2541,0.11524051427841187,0.06446918100118637
2542,0.11524035781621933,0.06446904689073563
2543,0.11524021625518799,0.06446890532970428
2544,0.11524007469415665,0.06446877121925354
2545,0.1152399331331253,0.0644686296582222
2546,0.11523979902267456,0.06446848809719086
2547,0.11523964256048203,0.06446835398674011
2548,0.11523950099945068,0.06446820497512817
2549,0.11523935943841934,0.06446807831525803
2550,0.115239217877388,0.06446793675422668
2551,0.11523908376693726,0.06446780264377594
2552,0.11523892730474472,0.0644676610827446
2553,0.11523878574371338,0.06446751952171326
2554,0.11523864418268204,0.06446738541126251
2555,0.1152385026216507,0.06446723639965057
2556,0.11523835361003876,0.06446710973978043
2557,0.11523821204900742,0.06446696072816849
2558,0.11523807048797607,0.06446683406829834
2559,0.11523792892694473,0.0644666850566864
2560,0.11523778736591339,0.06446655094623566
2561,0.11523761600255966,0.06446640938520432
2562,0.11523748934268951,0.06446626782417297
2563,0.11523733288049698,0.06446613371372223
2564,0.11523721367120743,0.06446599215269089
2565,0.11523705720901489,0.06446585059165955
2566,0.11523692309856415,0.0644657090306282
2567,0.11523677408695221,0.06446557492017746
2568,0.11523661762475967,0.06446543335914612
2569,0.11523647606372833,0.06446529179811478
2570,0.1152363270521164,0.06446516513824463
2571,0.11523618549108505,0.06446502357721329
2572,0.11523604393005371,0.06446488946676254
2573,0.11523590236902237,0.0644647479057312
2574,0.11523576080799103,0.06446462124586105
2575,0.11523561179637909,0.06446447968482971
2576,0.11523548513650894,0.06446432322263718
2577,0.1152353286743164,0.06446419656276703
2578,0.11523518711328506,0.0644640401005745
2579,0.11523504555225372,0.06446390599012375
2580,0.11523489654064178,0.064463771879673
2581,0.11523475497961044,0.06446363031864166
2582,0.1152346134185791,0.06446348875761032
2583,0.11523445695638657,0.06446336209774017
2584,0.11523433029651642,0.06446322053670883
2585,0.11523417383432388,0.06446307897567749
2586,0.11523403972387314,0.06446292996406555
2587,0.1152338758111,0.0644628033041954
2588,0.11523373425006866,0.06446266174316406
2589,0.11523360013961792,0.06446252763271332
2590,0.11523344367742538,0.06446239352226257
2591,0.11523332446813583,0.06446225196123123
2592,0.1152331605553627,0.06446211040019989
2593,0.11523301899433136,0.06446196883916855
2594,0.11523286998271942,0.06446182727813721
2595,0.11523272842168808,0.06446168571710587
2596,0.11523258686065674,0.06446154415607452
2597,0.1152324452996254,0.06446141749620438
2598,0.11523230373859406,0.06446126103401184
2599,0.11523215472698212,0.0644611194729805
2600,0.11523201316595078,0.06446099281311035
2601,0.11523187160491943,0.06446085125207901
2602,0.11523173004388809,0.06446070969104767
2603,0.11523158848285675,0.06446058303117752
2604,0.11523143202066422,0.06446042656898499
2605,0.11523129791021347,0.06446029990911484
2606,0.11523114144802094,0.0644601583480835
2607,0.1152309998869896,0.06446002423763275
2608,0.11523087322711945,0.06445987522602081
2609,0.11523071676492691,0.06445974111557007
2610,0.11523056030273438,0.06445959955453873
2611,0.11523044109344482,0.06445945054292679
2612,0.11523027718067169,0.06445931643247604
2613,0.11523014307022095,0.0644591748714447
2614,0.11522998660802841,0.06445903331041336
2615,0.11522984504699707,0.06445889919996262
2616,0.11522970348596573,0.06445875763893127
2617,0.11522956192493439,0.06445863097906113
2618,0.11522941291332245,0.06445848941802979
2619,0.11522926390171051,0.06445834785699844
2620,0.11522912979125977,0.0644581988453865
2621,0.11522898823022842,0.06445806473493576
2622,0.11522884666919708,0.06445792317390442
2623,0.11522869765758514,0.06445778161287308
2624,0.1152285486459732,0.06445764750242233
2625,0.11522841453552246,0.06445750594139099
2626,0.11522827297449112,0.06445736438035965
2627,0.11522811651229858,0.06445722281932831
2628,0.11522797495126724,0.06445708870887756
2629,0.1152278333902359,0.06445694714784622
2630,0.11522767692804337,0.06445681303739548
2631,0.11522753536701202,0.06445667147636414
2632,0.11522738635540009,0.0644565299153328
2633,0.11522724479436874,0.06445638835430145
2634,0.1152271032333374,0.06445625424385071
2635,0.11522696167230606,0.06445611268281937
2636,0.11522682011127472,0.06445597857236862
2637,0.11522667109966278,0.06445583701133728
2638,0.11522652953863144,0.06445569545030594
2639,0.1152263879776001,0.0644555613398552
2640,0.11522624641656876,0.06445541977882385
2641,0.11522610485553741,0.06445527821779251
2642,0.11522595584392548,0.06445514410734177
2643,0.11522581428289413,0.06445500254631042
2644,0.1152256578207016,0.06445486098527908
2645,0.11522551625967026,0.06445472687482834
2646,0.11522537469863892,0.0644545778632164
2647,0.11522521823644638,0.06445444375276566
2648,0.11522507667541504,0.06445430219173431
2649,0.1152249351143837,0.06445416063070297
2650,0.11522480100393295,0.06445402652025223
2651,0.11522464454174042,0.06445388495922089
2652,0.11522450298070908,0.06445373594760895
2653,0.11522436141967773,0.0644536018371582
2654,0.11522421985864639,0.06445346027612686
2655,0.11522407829761505,0.06445332616567612
2656,0.11522392928600311,0.06445317715406418
2657,0.11522378772497177,0.06445303559303284
2658,0.11522364616394043,0.06445290893316269
2659,0.11522350460290909,0.06445275992155075
2660,0.11522336304187775,0.06445261836051941
2661,0.11522320657968521,0.06445248425006866
2662,0.11522306501865387,0.06445234268903732
2663,0.11522293090820312,0.06445220112800598
2664,0.11522277444601059,0.06445206701755524
2665,0.11522261798381805,0.0644519254565239
2666,0.11522247642278671,0.06445178389549255
2667,0.11522233486175537,0.06445164233446121
2668,0.11522219330072403,0.06445150822401047
2669,0.11522205173969269,0.06445136666297913
2670,0.11522190272808075,0.06445122510194778
2671,0.11522176116704941,0.06445109099149704
2672,0.11522161960601807,0.0644509419798851
2673,0.11522146314382553,0.06445080041885376
2674,0.11522133648395538,0.06445067375898361
2675,0.11522118747234344,0.06445052474737167
2676,0.1152210384607315,0.06445037573575974
2677,0.11522090435028076,0.06445024907588959
2678,0.11522076278924942,0.06445010751485825
2679,0.11522060632705688,0.0644499734044075
2680,0.11522046476602554,0.06444983184337616
2681,0.1152203306555748,0.06444969028234482
2682,0.11522018909454346,0.06444954127073288
2683,0.11522002518177032,0.06444940716028214
2684,0.11521987617015839,0.0644492581486702
2685,0.11521973460912704,0.06444912403821945
2686,0.1152195930480957,0.06444898247718811
2687,0.11521945893764496,0.06444884091615677
2688,0.11521930992603302,0.06444870680570602
2689,0.11521916091442108,0.06444856524467468
2690,0.11521901935338974,0.06444842368364334
2691,0.1152188777923584,0.0644482895731926
2692,0.11521873623132706,0.06444814801216125
2693,0.11521857976913452,0.06444800645112991
2694,0.11521844565868378,0.06444786489009857
2695,0.11521830409765244,0.06444772332906723
2696,0.1152181476354599,0.06444758921861649
2697,0.11521800607442856,0.06444744765758514
2698,0.11521784961223602,0.0644473060965538
2699,0.11521770805120468,0.06444716453552246
2700,0.11521756649017334,0.06444702297449112
2701,0.115217424929142,0.06444688141345978
2702,0.11521729081869125,0.06444673240184784
2703,0.11521713435649872,0.06444661319255829
2704,0.11521699279546738,0.06444644927978516
2705,0.11521685123443604,0.06444632261991501
2706,0.1152167096734047,0.06444618105888367
2707,0.11521656811237335,0.06444603949785233
2708,0.11521641910076141,0.06444589793682098
2709,0.11521627008914948,0.06444576382637024
2710,0.11521612107753754,0.0644456222653389
2711,0.11521599441766739,0.06444548070430756
2712,0.11521585285663605,0.06444534659385681
2713,0.11521569639444351,0.06444520503282547
2714,0.11521555483341217,0.06444506347179413
2715,0.11521540582180023,0.06444492191076279
2716,0.1152152568101883,0.06444478034973145
2717,0.11521512269973755,0.0644446387887001
2718,0.11521498113870621,0.06444449722766876
2719,0.11521483957767487,0.06444435566663742
2720,0.11521468311548233,0.06444422900676727
2721,0.11521454155445099,0.06444407999515533
2722,0.11521440744400024,0.06444393843412399
2723,0.11521425098180771,0.06444379687309265
2724,0.11521410942077637,0.06444364786148071
2725,0.11521396785974503,0.06444351375102997
2726,0.11521382629871368,0.06444337218999863
2727,0.11521367728710175,0.06444323807954788
2728,0.1152135357260704,0.06444310396909714
2729,0.11521337926387787,0.0644429475069046
2730,0.11521325260400772,0.06444280594587326
2731,0.11521311104297638,0.06444267928600311
2732,0.11521293967962265,0.06444252282381058
2733,0.11521279811859131,0.06444238871335983
2734,0.11521265655755997,0.06444225460290909
2735,0.11521251499652863,0.06444210559129715
2736,0.11521236598491669,0.064441978931427
2737,0.11521222442388535,0.06444182991981506
2738,0.1152120977640152,0.06444168835878372
2739,0.11521194130182266,0.06444155424833298
2740,0.11521179974079132,0.06444141268730164
2741,0.11521165072917938,0.0644412711262703
2742,0.11521150916814804,0.06444113701581955
2743,0.1152113676071167,0.06444098800420761
2744,0.11521122604608536,0.06444084644317627
2745,0.11521108448505402,0.06444069743156433
2746,0.11521092802286148,0.06444055587053299
2747,0.11521079391241074,0.06444042176008224
2748,0.1152106374502182,0.0644402801990509
2749,0.11521048843860626,0.06444013863801956
2750,0.11521035432815552,0.06443999707698822
2751,0.11521021276712418,0.06443986296653748
2752,0.11521007865667343,0.06443971395492554
2753,0.1152099221944809,0.06443957984447479
2754,0.11520977318286896,0.06443943828344345
2755,0.11520962417125702,0.06443929672241211
2756,0.11520948261022568,0.06443916261196136
2757,0.11520934104919434,0.06443902105093002
2758,0.115209199488163,0.06443887203931808
2759,0.11520905792713165,0.06443874537944794
2760,0.11520890891551971,0.064438596367836
2761,0.11520876735448837,0.06443844735622406
2762,0.11520862579345703,0.06443831324577332
2763,0.11520848423242569,0.06443817168474197
2764,0.11520832777023315,0.06443803757429123
2765,0.11520819365978241,0.06443788856267929
2766,0.11520804464817047,0.06443774700164795
2767,0.11520789563655853,0.06443760544061661
2768,0.1152077466249466,0.06443747133016586
2769,0.11520759761333466,0.06443732231855392
2770,0.11520745605230331,0.06443718075752258
2771,0.11520732939243317,0.06443703919649124
2772,0.11520717293024063,0.0644369050860405
2773,0.11520703881978989,0.06443676352500916
2774,0.11520688235759735,0.06443662196397781
2775,0.11520674079656601,0.06443648785352707
2776,0.11520659923553467,0.06443634629249573
2777,0.11520645767450333,0.06443620473146439
2778,0.11520631611347198,0.06443605571985245
2779,0.11520616710186005,0.0644359141588211
2780,0.11520601809024811,0.06443577259778976
2781,0.11520586907863617,0.06443563103675842
2782,0.11520572751760483,0.06443548947572708
2783,0.11520560085773468,0.06443536281585693
2784,0.11520545184612274,0.06443522125482559
2785,0.1152053102850914,0.06443507224321365
2786,0.11520515382289886,0.06443493813276291
2787,0.11520501226186752,0.06443478167057037
2788,0.11520485579967499,0.06443464756011963
2789,0.11520471423864365,0.06443450599908829
2790,0.1152045875787735,0.06443436443805695
2791,0.11520443856716156,0.0644342228770256
2792,0.11520428955554962,0.06443408131599426
2793,0.11520415544509888,0.06443393975496292
2794,0.11520399898290634,0.06443380564451218
2795,0.115203857421875,0.06443366408348083
2796,0.11520371586084366,0.0644335225224495
2797,0.11520357429981232,0.06443338096141815
2798,0.11520342528820038,0.06443324685096741
2799,0.11520328372716904,0.06443309783935547
2800,0.1152031421661377,0.06443295627832413
2801,0.11520298570394516,0.06443281471729279
2802,0.11520285904407501,0.06443267315626144
2803,0.11520268768072128,0.0644325315952301
2804,0.11520256102085114,0.06443239003419876
2805,0.1152024120092392,0.06443225592374802
2806,0.11520227044820786,0.06443211436271667
2807,0.11520212888717651,0.06443198025226593
2808,0.11520197242498398,0.06443183869123459
2809,0.11520184576511383,0.06443169713020325
2810,0.11520169675350189,0.06443154811859131
2811,0.11520154774188995,0.06443140655755997
2812,0.11520141363143921,0.06443126499652863
2813,0.11520125716924667,0.06443113088607788
2814,0.11520113050937653,0.06443098932504654
2815,0.11520097404718399,0.0644308477640152
2816,0.11520083248615265,0.06443070620298386
2817,0.11520068347454071,0.06443056464195251
2818,0.11520054191350937,0.06443042308092117
2819,0.11520038545131683,0.06443026661872864
2820,0.11520024389028549,0.06443013995885849
2821,0.11520011723041534,0.06442999839782715
2822,0.1151999682188034,0.0644298568367958
2823,0.11519982665777206,0.06442972272634506
2824,0.11519967019557953,0.06442958116531372
2825,0.11519952863454819,0.06442943960428238
2826,0.11519938707351685,0.06442930549383163
2827,0.11519923061132431,0.0644291564822197
2828,0.11519908905029297,0.06442901492118835
2829,0.11519895493984222,0.06442887336015701
2830,0.11519882827997208,0.06442873179912567
2831,0.11519867181777954,0.06442859768867493
2832,0.1151985302567482,0.06442845612764359
2833,0.11519838869571686,0.06442829966545105
2834,0.11519825458526611,0.06442815810441971
2835,0.11519809067249298,0.06442802399396896
2836,0.11519794166088104,0.06442788243293762
2837,0.1151978000998497,0.06442774087190628
2838,0.11519765853881836,0.06442759931087494
2839,0.11519751697778702,0.0644274652004242
2840,0.11519737541675568,0.06442732363939285
2841,0.11519722640514374,0.06442718207836151
2842,0.1151970848441124,0.06442704051733017
2843,0.11519692838191986,0.06442689150571823
2844,0.11519680172204971,0.06442674994468689
2845,0.11519664525985718,0.06442661583423615
2846,0.11519651114940643,0.0644264742732048
2847,0.11519636958837509,0.06442633271217346
2848,0.11519622802734375,0.06442619115114212
2849,0.11519608646631241,0.06442604959011078
2850,0.11519594490528107,0.06442591547966003
2851,0.11519579589366913,0.0644257664680481
2852,0.11519564688205719,0.06442562490701675
2853,0.11519549041986465,0.06442548334598541
2854,0.11519535630941391,0.06442534923553467
2855,0.11519521474838257,0.06442520767450333
2856,0.11519507318735123,0.06442506611347198
2857,0.11519493162631989,0.06442492455244064
2858,0.11519479751586914,0.0644247829914093
2859,0.11519463360309601,0.06442464143037796
2860,0.11519449949264526,0.06442449986934662
2861,0.11519435793161392,0.06442435830831528
2862,0.11519421637058258,0.06442421674728394
2863,0.11519406735897064,0.06442408263683319
2864,0.1151939183473587,0.06442394107580185
2865,0.11519379913806915,0.06442379951477051
2866,0.11519362777471542,0.06442365795373917
2867,0.11519348621368408,0.06442351639270782
2868,0.11519334465265274,0.06442337483167648
2869,0.1151932030916214,0.06442323327064514
2870,0.11519305408000946,0.0644230917096138
2871,0.11519291251897812,0.06442295759916306
2872,0.11519277095794678,0.06442281603813171
2873,0.11519262939691544,0.06442267447710037
2874,0.11519249528646469,0.06442253291606903
2875,0.11519233882427216,0.0644223764538765
2876,0.11519219726324081,0.06442224979400635
2877,0.11519205570220947,0.06442210078239441
2878,0.11519191414117813,0.06442196667194366
2879,0.11519177258014679,0.06442182511091232
2880,0.11519162356853485,0.06442169100046158
2881,0.1151914969086647,0.06442154198884964
2882,0.11519132554531097,0.0644214078783989
2883,0.11519119888544083,0.06442126631736755
2884,0.11519105732440948,0.06442111730575562
2885,0.11519090831279755,0.06442098319530487
2886,0.11519075930118561,0.06442084163427353
2887,0.11519062519073486,0.06442069262266159
2888,0.11519048362970352,0.06442055106163025
2889,0.11519032716751099,0.06442040950059891
2890,0.11519018560647964,0.06442027539014816
2891,0.1151900514960289,0.06442012637853622
2892,0.11518989503383636,0.06441999226808548
2893,0.11518976837396622,0.06441985070705414
2894,0.11518961191177368,0.0644197016954422
2895,0.11518947780132294,0.06441957503557205
2896,0.115189328789711,0.06441942602396011
2897,0.11518917232751846,0.06441927701234818
2898,0.11518903821706772,0.06441914290189743
2899,0.11518889665603638,0.06441900134086609
2900,0.11518875509500504,0.06441885977983475
2901,0.1151886135339737,0.064418725669384
2902,0.11518846452236176,0.06441858410835266
2903,0.11518832296133041,0.06441843509674072
2904,0.11518816649913788,0.06441830098628998
2905,0.11518803983926773,0.06441815942525864
2906,0.11518789827823639,0.0644180104136467
2907,0.11518774926662445,0.06441786885261536
2908,0.11518760770559311,0.06441772729158401
2909,0.11518745124340057,0.06441759318113327
2910,0.11518730968236923,0.06441745162010193
2911,0.11518718302249908,0.06441731750965118
2912,0.11518704891204834,0.06441717594861984
2913,0.11518688499927521,0.0644170343875885
2914,0.11518673598766327,0.06441687792539597
2915,0.11518660932779312,0.06441675871610641
2916,0.11518646776676178,0.06441660970449448
2917,0.11518631875514984,0.06441646069288254
2918,0.1151861771941185,0.0644163265824318
2919,0.11518602073192596,0.06441618502140045
2920,0.11518589407205582,0.06441603600978851
2921,0.11518575251102448,0.06441590189933777
2922,0.11518559604883194,0.06441576778888702
2923,0.1151854544878006,0.06441561877727509
2924,0.11518532037734985,0.06441547721624374
2925,0.11518516391515732,0.0644153356552124
2926,0.11518502235412598,0.06441520154476166
2927,0.11518488824367523,0.06441505253314972
2928,0.1151847392320633,0.06441491097211838
2929,0.11518459022045135,0.06441477686166763
2930,0.11518444865942001,0.06441463530063629
2931,0.11518430709838867,0.06441449373960495
2932,0.11518417298793793,0.06441433727741241
2933,0.11518402397632599,0.06441421061754227
2934,0.11518387496471405,0.06441406905651093
2935,0.11518373340368271,0.06441392004489899
2936,0.11518359184265137,0.06441378593444824
2937,0.11518345028162003,0.0644136443734169
2938,0.11518330872058868,0.06441349536180496
2939,0.11518315970897675,0.06441336125135422
2940,0.1151830181479454,0.06441321969032288
2941,0.11518287658691406,0.06441308557987213
2942,0.11518273502588272,0.06441293656826019
2943,0.11518259346485138,0.06441280245780945
2944,0.11518244445323944,0.0644126608967781
2945,0.1151823028922081,0.06441251933574677
2946,0.11518216133117676,0.06441237777471542
2947,0.11518201977014542,0.06441223621368408
2948,0.11518188565969467,0.06441210210323334
2949,0.11518174409866333,0.0644119530916214
2950,0.1151815876364708,0.06441181153059006
2951,0.11518144607543945,0.06441166996955872
2952,0.11518130451440811,0.06441153585910797
2953,0.11518117040395737,0.06441139429807663
2954,0.11518102884292603,0.06441124528646469
2955,0.11518087238073349,0.06441111117601395
2956,0.11518074572086334,0.0644109696149826
2957,0.1151805967092514,0.06441082805395126
2958,0.11518047004938126,0.06441068649291992
2959,0.11518031358718872,0.06441054493188858
2960,0.11518015712499619,0.06441040337085724
2961,0.11518003791570663,0.0644102692604065
2962,0.11517989635467529,0.06441011279821396
2963,0.11517973244190216,0.06440997868776321
2964,0.11517959833145142,0.06440984457731247
2965,0.11517944186925888,0.06440970301628113
2966,0.11517932265996933,0.06440956145524979
2967,0.11517918109893799,0.06440941244363785
2968,0.11517903953790665,0.0644092708826065
2969,0.1151788979768753,0.06440913677215576
2970,0.11517872661352158,0.06440899521112442
2971,0.11517859995365143,0.06440885365009308
2972,0.11517846584320068,0.06440871208906174
2973,0.11517830938100815,0.0644085630774498
2974,0.115178182721138,0.06440843641757965
2975,0.11517803370952606,0.06440829485654831
2976,0.11517789214849472,0.06440815329551697
2977,0.11517775058746338,0.06440801173448563
2978,0.11517760902643204,0.06440786272287369
2979,0.1151774674654007,0.06440772861242294
2980,0.11517731845378876,0.0644075870513916
2981,0.11517719179391861,0.06440745294094086
2982,0.11517703533172607,0.06440730392932892
2983,0.11517689377069473,0.06440716236829758
2984,0.11517675220966339,0.06440702080726624
2985,0.11517660319805145,0.0644068792462349
2986,0.11517646163702011,0.06440674513578415
2987,0.11517632007598877,0.06440660357475281
2988,0.11517617851495743,0.06440645456314087
2989,0.11517604440450668,0.06440632045269012
2990,0.11517588794231415,0.06440617889165878
2991,0.1151757463812828,0.06440603733062744
2992,0.11517560482025146,0.0644058883190155
2993,0.11517546325922012,0.06440576165914536
2994,0.11517532169818878,0.06440562009811401
2995,0.11517518758773804,0.06440547108650208
2996,0.1151750460267067,0.06440532952547073
2997,0.11517490446567535,0.06440519541501999
2998,0.11517475545406342,0.06440505385398865
2999,0.11517461389303207,0.0644049122929573
3000,0.11517447233200073,0.06440477073192596
3001,0.11517433822154999,0.06440463662147522
3002,0.11517419666051865,0.06440448015928268
3003,0.11517403274774551,0.06440436094999313
3004,0.11517391353845596,0.06440421938896179
3005,0.11517377197742462,0.06440407037734985
3006,0.11517362296581268,0.06440392881631851
3007,0.11517348140478134,0.06440379470586777
3008,0.11517333984375,0.06440364569425583
3009,0.11517319828271866,0.06440351903438568
3010,0.11517305672168732,0.06440337002277374
3011,0.11517292261123657,0.0644032284617424
3012,0.11517276614904404,0.06440309435129166
3013,0.1151726245880127,0.06440294533967972
3014,0.11517248302698135,0.06440281122922897
3015,0.11517234146595001,0.06440266221761703
3016,0.11517220735549927,0.06440252810716629
3017,0.11517207324504852,0.06440238654613495
3018,0.11517192423343658,0.06440224498510361
3019,0.11517179012298584,0.06440211087465286
3020,0.1151716485619545,0.06440196186304092
3021,0.11517150700092316,0.06440182775259018
3022,0.11517135798931122,0.06440168619155884
3023,0.11517121642827988,0.0644015446305275
3024,0.11517107486724854,0.06440141052007675
3025,0.1151709333062172,0.06440126150846481
3026,0.11517079174518585,0.06440111994743347
3027,0.11517064273357391,0.06440099328756332
3028,0.11517051607370377,0.06440084427595139
3029,0.11517035961151123,0.06440070271492004
3030,0.11517021805047989,0.0644005611538887
3031,0.11517009884119034,0.06440042704343796
3032,0.115169957280159,0.06440028548240662
3033,0.11516980081796646,0.06440014392137527
3034,0.11516964435577393,0.06440000981092453
3035,0.11516951024532318,0.06439986824989319
3036,0.11516938358545303,0.06439972668886185
3037,0.11516924202442169,0.06439957767724991
3038,0.11516909301280975,0.06439944356679916
3039,0.11516895145177841,0.06439929455518723
3040,0.11516880989074707,0.06439916044473648
3041,0.11516866832971573,0.06439902633428574
3042,0.11516853421926498,0.0643988773226738
3043,0.11516837775707245,0.06439873576164246
3044,0.1151682510972023,0.06439860165119171
3045,0.11516809463500977,0.06439846009016037
3046,0.11516797542572021,0.06439831852912903
3047,0.11516781151294708,0.06439817696809769
3048,0.11516767740249634,0.06439803540706635
3049,0.115167535841465,0.0643979012966156
3050,0.11516740173101425,0.06439775973558426
3051,0.11516726016998291,0.06439761817455292
3052,0.11516711860895157,0.06439747661352158
3053,0.11516698449850082,0.06439734250307083
3054,0.11516682803630829,0.0643971860408783
3055,0.11516668647527695,0.06439706683158875
3056,0.1151665598154068,0.0643969178199768
3057,0.11516640335321426,0.06439678370952606
3058,0.11516628414392471,0.06439664214849472
3059,0.11516612768173218,0.06439649313688278
3060,0.11516599357128143,0.06439635902643204
3061,0.11516585201025009,0.0643962174654007
3062,0.11516571044921875,0.06439607590436935
3063,0.11516556888818741,0.06439593434333801
3064,0.11516542732715607,0.06439579278230667
3065,0.11516527831554413,0.06439565867185593
3066,0.11516515165567398,0.06439553201198578
3067,0.11516499519348145,0.06439537554979324
3068,0.1151648536324501,0.0643952414393425
3069,0.11516471952199936,0.06439509987831116
3070,0.11516459286212921,0.06439495831727982
3071,0.11516444385051727,0.06439482420682907
3072,0.11516429483890533,0.06439467519521713
3073,0.11516416072845459,0.06439454853534698
3074,0.11516401916742325,0.06439439952373505
3075,0.1151638850569725,0.0643942579627037
3076,0.11516374349594116,0.06439411640167236
3077,0.11516360193490982,0.06439398229122162
3078,0.11516344547271729,0.06439384073019028
3079,0.11516332626342773,0.06439370661973953
3080,0.11516318470239639,0.06439356505870819
3081,0.11516304314136505,0.06439343094825745
3082,0.11516289412975311,0.06439328193664551
3083,0.11516275256872177,0.06439314782619476
3084,0.11516261100769043,0.06439300626516342
3085,0.11516247689723969,0.06439287215471268
3086,0.11516232788562775,0.06439272314310074
3087,0.115162193775177,0.0643925815820694
3088,0.11516205966472626,0.06439244747161865
3089,0.11516191065311432,0.06439230591058731
3090,0.11516177654266357,0.06439217180013657
3091,0.11516163498163223,0.06439202278852463
3092,0.11516149342060089,0.06439189612865448
3093,0.11516135931015015,0.06439174711704254
3094,0.11516120284795761,0.0643916055560112
3095,0.11516107618808746,0.06439146399497986
3096,0.11516094207763672,0.06439132988452911
3097,0.11516080051660538,0.06439118832349777
3098,0.11516065895557404,0.06439106166362762
3099,0.1151605099439621,0.06439090520143509
3100,0.11516036838293076,0.06439077109098434
3101,0.11516022682189941,0.0643906369805336
3102,0.11516009271144867,0.06439049541950226
3103,0.11515996605157852,0.06439036130905151
3104,0.11515980958938599,0.06439021229743958
3105,0.11515967547893524,0.06439007818698883
3106,0.1151595339179039,0.06438994407653809
3107,0.11515939235687256,0.06438979506492615
3108,0.11515925824642181,0.0643896609544754
3109,0.11515910923480988,0.06438951939344406
3110,0.11515897512435913,0.06438937783241272
3111,0.11515883356332779,0.06438923627138138
3112,0.11515869945287704,0.06438910961151123
3113,0.1151585578918457,0.06438896059989929
3114,0.11515841633081436,0.06438882648944855
3115,0.11515827476978302,0.0643886849284172
3116,0.11515814065933228,0.06438855081796646
3117,0.11515799909830093,0.06438840180635452
3118,0.11515786498785019,0.06438827514648438
3119,0.11515770852565765,0.06438813358545303
3120,0.1151575818657875,0.06438799202442169
3121,0.11515744030475616,0.06438784301280975
3122,0.11515730619430542,0.0643877163529396
3123,0.11515716463327408,0.06438758224248886
3124,0.11515702307224274,0.06438743323087692
3125,0.1151568740606308,0.06438729912042618
3126,0.11515674740076065,0.06438715755939484
3127,0.11515660583972931,0.0643870159983635
3128,0.11515645682811737,0.06438688188791275
3129,0.11515631526708603,0.06438674032688141
3130,0.11515617370605469,0.06438659876585007
3131,0.11515605449676514,0.06438646465539932
3132,0.1151559129357338,0.06438633054494858
3133,0.11515577137470245,0.06438618153333664
3134,0.11515563726425171,0.06438605487346649
3135,0.11515548080205917,0.06438590586185455
3136,0.11515535414218903,0.06438576430082321
3137,0.11515520513057709,0.06438563019037247
3138,0.11515507847070694,0.06438548862934113
3139,0.1151549369096756,0.06438534706830978
3140,0.11515478789806366,0.06438522040843964
3141,0.11515464633703232,0.06438508629798889
3142,0.11515451967716217,0.06438493728637695
3143,0.11515437066555023,0.06438479572534561
3144,0.11515424400568008,0.06438466906547546
3145,0.11515410244464874,0.06438451260328293
3146,0.1151539534330368,0.06438438594341278
3147,0.11515381187200546,0.06438424438238144
3148,0.11515367031097412,0.0643841102719307
3149,0.11515355110168457,0.06438397616147995
3150,0.11515340954065323,0.06438382714986801
3151,0.11515326797962189,0.06438369303941727
3152,0.11515311896800995,0.06438355147838593
3153,0.1151529923081398,0.06438341736793518
3154,0.11515285074710846,0.06438327580690384
3155,0.11515271663665771,0.0643831342458725
3156,0.11515257507562637,0.06438300013542175
3157,0.11515243351459503,0.06438285857439041
3158,0.1151522845029831,0.06438271701335907
3159,0.11515215784311295,0.06438259035348892
3160,0.1151520237326622,0.06438244879245758
3161,0.11515188217163086,0.06438230723142624
3162,0.11515174061059952,0.0643821656703949
3163,0.11515160650014877,0.06438203155994415
3164,0.11515145003795624,0.06438188999891281
3165,0.11515133082866669,0.06438174843788147
3166,0.11515118926763535,0.06438162177801132
3167,0.115151047706604,0.06438147276639938
3168,0.11515091359615326,0.06438133865594864
3169,0.11515077203512192,0.0643811970949173
3170,0.11515064537525177,0.06438107043504715
3171,0.11515049636363983,0.06438092887401581
3172,0.11515035480260849,0.06438078731298447
3173,0.11515021324157715,0.06438065320253372
3174,0.1151500791311264,0.06438051164150238
3175,0.11514995247125626,0.06438037753105164
3176,0.11514981091022491,0.0643802359700203
3177,0.11514966189861298,0.06438009440898895
3178,0.11514953523874283,0.06437996029853821
3179,0.11514939367771149,0.06437981873750687
3180,0.11514925956726074,0.06437969207763672
3181,0.1151491180062294,0.06437954306602478
3182,0.11514898389577866,0.06437940895557404
3183,0.11514885723590851,0.06437928229570389
3184,0.11514870077371597,0.06437914073467255
3185,0.11514856666326523,0.0643789991736412
3186,0.11514844000339508,0.06437885761260986
3187,0.11514828354120255,0.06437871605157852
3188,0.115148164331913,0.06437858194112778
3189,0.11514802277088165,0.06437844783067703
3190,0.11514787375926971,0.06437831372022629
3191,0.11514773219823837,0.06437817215919495
3192,0.11514761298894882,0.0643780305981636
3193,0.11514747142791748,0.06437789648771286
3194,0.11514732986688614,0.06437776237726212
3195,0.1151471883058548,0.06437762081623077
3196,0.11514705419540405,0.06437748670578003
3197,0.11514692008495331,0.06437735259532928
3198,0.11514677852392197,0.06437721103429794
3199,0.11514663696289062,0.0643770769238472
3200,0.11514650285243988,0.06437692791223526
3201,0.11514637619256973,0.06437680125236511
3202,0.11514623463153839,0.06437665969133377
3203,0.11514610052108765,0.06437652558088303
3204,0.1151459589600563,0.06437638401985168
3205,0.11514582484960556,0.06437624990940094
3206,0.11514568328857422,0.0643761157989502
3207,0.11514554172754288,0.06437597423791885
3208,0.11514542251825333,0.06437584012746811
3209,0.11514528095722198,0.06437569856643677
3210,0.11514513194561005,0.06437557190656662
3211,0.1151450052857399,0.06437543034553528
3212,0.11514486372470856,0.06437528878450394
3213,0.11514472961425781,0.06437515467405319
3214,0.11514459550380707,0.06437502056360245
3215,0.11514445394277573,0.0643748864531517
3216,0.11514432728290558,0.06437474489212036
3217,0.11514417827129364,0.06437461078166962
3218,0.1151440367102623,0.06437447667121887
3219,0.11514391005039215,0.06437433511018753
3220,0.1151437759399414,0.06437420099973679
3221,0.11514363437891006,0.06437405943870544
3222,0.11514349281787872,0.0643739178776741
3223,0.11514334380626678,0.06437378376722336
3224,0.11514321714639664,0.06437365710735321
3225,0.11514308303594589,0.06437351554632187
3226,0.11514294147491455,0.06437337398529053
3227,0.1151428073644638,0.06437324732542038
3228,0.11514268070459366,0.06437311321496964
3229,0.11514253914356232,0.0643729642033577
3230,0.11514240503311157,0.06437283009290695
3231,0.11514227092266083,0.06437268853187561
3232,0.11514214426279068,0.06437254697084427
3233,0.11514200270175934,0.06437242031097412
3234,0.1151418685913086,0.06437228620052338
3235,0.11514172703027725,0.06437213718891144
3236,0.11514159291982651,0.06437201052904129
3237,0.11514145135879517,0.06437186896800995
3238,0.11514131724834442,0.0643717348575592
3239,0.11514117568731308,0.06437160819768906
3240,0.11514103412628174,0.06437145918607712
3241,0.1151408925652504,0.06437133252620697
3242,0.11514077335596085,0.06437119096517563
3243,0.1151406317949295,0.06437105685472488
3244,0.11514051258563995,0.06437091529369354
3245,0.11514036357402802,0.0643707811832428
3246,0.11514022201299667,0.06437064707279205
3247,0.11514009535312653,0.0643705204129219
3248,0.11513996124267578,0.06437038630247116
3249,0.11513981968164444,0.06437024474143982
3250,0.1151396781206131,0.06437010318040848
3251,0.11513955891132355,0.06436996906995773
3252,0.11513940989971161,0.06436983495950699
3253,0.11513928323984146,0.06436969339847565
3254,0.11513914912939072,0.0643695667386055
3255,0.11513900756835938,0.06436943262815475
3256,0.11513886600732803,0.06436929106712341
3257,0.11513874679803848,0.06436915695667267
3258,0.11513860523700714,0.06436901539564133
3259,0.1151384562253952,0.06436888873577118
3260,0.11513833701610565,0.06436875462532043
3261,0.11513819545507431,0.06436861306428909
3262,0.11513806879520416,0.06436847895383835
3263,0.11513791978359222,0.064368337392807
3264,0.11513779312372208,0.06436821073293686
3265,0.11513765156269073,0.06436807662248611
3266,0.11513751745223999,0.06436793506145477
3267,0.11513737589120865,0.06436780095100403
3268,0.1151372417807579,0.06436765938997269
3269,0.11513711512088776,0.06436753273010254
3270,0.11513698101043701,0.0643673986196518
3271,0.11513684689998627,0.06436725705862045
3272,0.11513672024011612,0.0643671303987503
3273,0.11513657867908478,0.06436698883771896
3274,0.11513642966747284,0.06436686217784882
3275,0.11513631045818329,0.06436671316623688
3276,0.11513616889715195,0.06436658650636673
3277,0.1151360496878624,0.06436645239591599
3278,0.11513589322566986,0.06436631083488464
3279,0.11513576656579971,0.0643661767244339
3280,0.11513562500476837,0.06436603516340256
3281,0.11513550579547882,0.064365915954113
3282,0.11513535678386688,0.06436577439308167
3283,0.11513521522283554,0.06436563283205032
3284,0.1151350885629654,0.06436550617218018
3285,0.11513496935367584,0.06436536461114883
3286,0.1151348352432251,0.06436523050069809
3287,0.11513469368219376,0.06436509639024734
3288,0.11513455957174301,0.0643649622797966
3289,0.11513443291187286,0.06436483561992645
3290,0.11513428390026093,0.06436470150947571
3291,0.11513415724039078,0.06436455994844437
3292,0.11513401567935944,0.06436443328857422
3293,0.11513388156890869,0.06436429172754288
3294,0.11513374745845795,0.06436416506767273
3295,0.1151336207985878,0.06436402350664139
3296,0.11513348668813705,0.06436388939619064
3297,0.1151333600282669,0.0643637552857399
3298,0.11513321101665497,0.06436361372470856
3299,0.11513306945562363,0.06436348706483841
3300,0.11513295024633408,0.06436335295438766
3301,0.11513280868530273,0.06436321884393692
3302,0.11513268947601318,0.06436308473348618
3303,0.11513254791498184,0.06436295062303543
3304,0.1151324138045311,0.06436281651258469
3305,0.11513228714466095,0.06436267495155334
3306,0.11513213813304901,0.0643625482916832
3307,0.11513201892375946,0.06436241418123245
3308,0.11513187736272812,0.06436228007078171
3309,0.11513173580169678,0.06436214596033096
3310,0.11513161659240723,0.06436201930046082
3311,0.11513147503137589,0.06436188519001007
3312,0.11513135582208633,0.06436174362897873
3313,0.11513121426105499,0.06436160951852798
3314,0.11513109505176544,0.06436146795749664
3315,0.1151309460401535,0.0643613412976265
3316,0.11513081938028336,0.06436120718717575
3317,0.11513068526983261,0.064361073076725
3318,0.11513055860996246,0.06436093896627426
3319,0.11513040959835052,0.06436080485582352
3320,0.11513028293848038,0.06436067074537277
3321,0.11513014137744904,0.06436053663492203
3322,0.11513002216815948,0.06436040252447128
3323,0.11512988805770874,0.06436028331518173
3324,0.115129753947258,0.0643601343035698
3325,0.11512962728738785,0.06436000764369965
3326,0.1151294857263565,0.0643598735332489
3327,0.11512935161590576,0.06435973197221756
3328,0.11512921005487442,0.06435959786176682
3329,0.11512909084558487,0.06435947865247726
3330,0.11512894928455353,0.06435933709144592
3331,0.11512883007526398,0.06435920298099518
3332,0.11512868106365204,0.06435907632112503
3333,0.1151285395026207,0.06435894221067429
3334,0.11512842029333115,0.06435880810022354
3335,0.1151283010840416,0.0643586665391922
3336,0.11512815952301025,0.06435853987932205
3337,0.11512802541255951,0.06435840576887131
3338,0.11512789875268936,0.06435827910900116
3339,0.11512775719165802,0.06435813754796982
3340,0.11512763798236847,0.06435799598693848
3341,0.11512750387191772,0.06435787677764893
3342,0.11512736231088638,0.06435774266719818
3343,0.11512722820043564,0.06435760855674744
3344,0.1151270866394043,0.0643574669957161
3345,0.11512696743011475,0.06435735523700714
3346,0.1151268482208252,0.0643571987748146
3347,0.11512670665979385,0.06435708701610565
3348,0.11512657254934311,0.06435694545507431
3349,0.11512644588947296,0.06435681879520416
3350,0.11512631177902222,0.06435667723417282
3351,0.11512617766857147,0.06435655802488327
3352,0.11512605100870132,0.06435641646385193
3353,0.11512591689825058,0.06435628235340118
3354,0.11512577533721924,0.06435614824295044
3355,0.1151256412267685,0.06435602158308029
3356,0.11512551456689835,0.06435588002204895
3357,0.1151253953576088,0.0643557608127594
3358,0.11512525379657745,0.06435561925172806
3359,0.11512510478496552,0.06435548514127731
3360,0.11512498557567596,0.06435535848140717
3361,0.11512486636638641,0.06435522437095642
3362,0.11512472480535507,0.06435508280992508
3363,0.11512459814548492,0.06435497105121613
3364,0.11512446403503418,0.06435482949018478
3365,0.11512432992458344,0.06435470283031464
3366,0.11512420326471329,0.06435456871986389
3367,0.11512406915426254,0.06435442715883255
3368,0.11512394994497299,0.0643543004989624
3369,0.11512382328510284,0.06435417383909225
3370,0.1151236742734909,0.06435403972864151
3371,0.11512354761362076,0.06435390561819077
3372,0.11512340605258942,0.06435377150774002
3373,0.11512329429388046,0.06435363739728928
3374,0.11512315273284912,0.06435351818799973
3375,0.11512301117181778,0.06435337662696838
3376,0.11512289196252823,0.06435324996709824
3377,0.11512277275323868,0.06435311585664749
3378,0.11512263119220734,0.06435298174619675
3379,0.11512251198291779,0.0643528625369072
3380,0.11512236297130585,0.06435272097587585
3381,0.1151222437620163,0.0643525943160057
3382,0.11512211710214615,0.06435245275497437
3383,0.11512197554111481,0.06435233354568481
3384,0.11512185633182526,0.06435219943523407
3385,0.11512172222137451,0.06435206532478333
3386,0.11512158811092377,0.06435193866491318
3387,0.11512146145105362,0.06435180455446243
3388,0.11512134224176407,0.06435167789459229
3389,0.11512120068073273,0.06435154378414154
3390,0.11512108147144318,0.0643514096736908
3391,0.11512094736099243,0.06435128301382065
3392,0.11512081325054169,0.0643511489033699
3393,0.11512067168951035,0.06435101479291916
3394,0.1151205524802208,0.06435088813304901
3395,0.11512043327093124,0.06435075402259827
3396,0.1151202917098999,0.06435062736272812
3397,0.11512015759944916,0.06435049325227737
3398,0.11512003093957901,0.06435036659240723
3399,0.11511989682912827,0.06435023993253708
3400,0.11511977016925812,0.06435010582208633
3401,0.11511965095996857,0.06434997916221619
3402,0.11511951684951782,0.06434983760118484
3403,0.11511938273906708,0.0643497183918953
3404,0.11511925607919693,0.06434959173202515
3405,0.11511912196874619,0.0643494576215744
3406,0.11511899530887604,0.06434932351112366
3407,0.11511886119842529,0.06434919685125351
3408,0.11511872708797455,0.06434906274080276
3409,0.1151186004281044,0.06434893608093262
3410,0.11511846631765366,0.06434880942106247
3411,0.1151183471083641,0.06434866786003113
3412,0.11511822044849396,0.06434854120016098
3413,0.11511808633804321,0.06434842199087143
3414,0.11511795222759247,0.06434828788042068
3415,0.11511782556772232,0.06434816122055054
3416,0.11511769145727158,0.06434803456068039
3417,0.11511757224798203,0.06434789299964905
3418,0.11511744558811188,0.0643477737903595
3419,0.11511732637882233,0.06434763222932816
3420,0.11511717736721039,0.0643475130200386
3421,0.11511705070734024,0.06434737890958786
3422,0.11511693149805069,0.06434725224971771
3423,0.11511678993701935,0.06434711068868637
3424,0.1151166707277298,0.06434699147939682
3425,0.11511655151844025,0.06434685736894608
3426,0.1151164174079895,0.06434673070907593
3427,0.11511628329753876,0.06434660404920578
3428,0.1151161640882492,0.06434646993875504
3429,0.11511602252721786,0.06434634327888489
3430,0.11511590331792831,0.06434620916843414
3431,0.11511577665805817,0.064346082508564
3432,0.11511564254760742,0.06434596329927444
3433,0.11511552333831787,0.0643458217382431
3434,0.11511540412902832,0.06434568762779236
3435,0.11511527001857758,0.06434556096792221
3436,0.11511514335870743,0.06434544920921326
3437,0.11511500924825668,0.06434530764818192
3438,0.11511488258838654,0.06434518098831177
3439,0.11511474847793579,0.06434505432844162
3440,0.11511461436748505,0.06434492766857147
3441,0.1151144951581955,0.06434479355812073
3442,0.11511436849832535,0.06434466689825058
3443,0.1151142343878746,0.06434454023838043
3444,0.11511410772800446,0.06434441357851028
3445,0.1151139885187149,0.06434427946805954
3446,0.11511385440826416,0.0643441453576088
3447,0.11511372029781342,0.06434401869773865
3448,0.11511360108852386,0.0643438994884491
3449,0.11511348187923431,0.06434376537799835
3450,0.11511334031820297,0.0643436387181282
3451,0.11511322110891342,0.06434350460767746
3452,0.11511309444904327,0.06434338539838791
3453,0.11511297523975372,0.06434324383735657
3454,0.11511285603046417,0.06434312462806702
3455,0.11511270701885223,0.06434299796819687
3456,0.11511258035898209,0.06434287875890732
3457,0.11511246860027313,0.06434273719787598
3458,0.11511232703924179,0.06434261053800583
3459,0.11511220782995224,0.06434248387813568
3460,0.1151120662689209,0.06434235721826553
3461,0.11511194705963135,0.06434223800897598
3462,0.1151118129491806,0.06434211134910583
3463,0.11511169373989105,0.06434197723865509
3464,0.1151115745306015,0.06434185057878494
3465,0.11511144787073135,0.0643417239189148
3466,0.11511131376028061,0.06434158980846405
3467,0.11511118710041046,0.0643414705991745
3468,0.11511106789112091,0.06434133648872375
3469,0.11511093378067017,0.06434120237827301
3470,0.11511079967021942,0.06434107571840286
3471,0.11511068046092987,0.06434095650911331
3472,0.11511056125164032,0.06434082239866257
3473,0.11511041969060898,0.06434069573879242
3474,0.11511030048131943,0.06434057652950287
3475,0.11511017382144928,0.06434044241905212
3476,0.11511006206274033,0.06434032320976257
3477,0.11510992050170898,0.06434019654989243
3478,0.11510978639125824,0.06434007734060287
3479,0.11510966718196869,0.06433994323015213
3480,0.11510954052209854,0.06433980911970139
3481,0.11510942131280899,0.06433968245983124
3482,0.11510930210351944,0.06433955579996109
3483,0.1151091605424881,0.06433942914009094
3484,0.11510904878377914,0.06433930993080139
3485,0.115108922123909,0.06433919072151184
3486,0.11510878801345825,0.0643390491604805
3487,0.1151086688041687,0.06433892250061035
3488,0.11510854959487915,0.0643388107419014
3489,0.1151084154844284,0.06433867663145065
3490,0.11510827392339706,0.0643385499715805
3491,0.11510816961526871,0.06433841586112976
3492,0.11510805040597916,0.06433829665184021
3493,0.11510791629552841,0.06433817744255066
3494,0.11510779708623886,0.06433804333209991
3495,0.11510767042636871,0.06433791667222977
3496,0.11510753631591797,0.06433779001235962
3497,0.11510741710662842,0.06433766335248947
3498,0.11510728299617767,0.06433754414319992
3499,0.11510715633630753,0.06433741003274918
3500,0.11510703712701797,0.06433728337287903
3501,0.11510691791772842,0.06433716416358948
3502,0.11510678380727768,0.06433703750371933
3503,0.11510666459798813,0.06433690339326859
3504,0.11510653793811798,0.06433679163455963
3505,0.11510641872882843,0.06433665752410889
3506,0.11510629951953888,0.06433653086423874
3507,0.11510618031024933,0.06433641165494919
3508,0.11510603129863739,0.06433627754449844
3509,0.11510592699050903,0.06433615833520889
3510,0.11510578542947769,0.06433603167533875
3511,0.11510567367076874,0.0643359124660492
3512,0.11510554701089859,0.06433578580617905
3513,0.11510542780160904,0.0643356516957283
3514,0.1151052936911583,0.06433553248643875
3515,0.11510517448186874,0.0643354058265686
3516,0.1151050552725792,0.06433528661727905
3517,0.11510493606328964,0.06433515250682831
3518,0.1151047945022583,0.06433503329753876
3519,0.11510467529296875,0.06433489918708801
3520,0.1151045560836792,0.06433477997779846
3521,0.11510442197322845,0.06433465331792831
3522,0.1151043176651001,0.06433453410863876
3523,0.11510417610406876,0.06433440744876862
3524,0.1151040643453598,0.06433428078889847
3525,0.11510393768548965,0.06433416157960892
3526,0.11510380357503891,0.06433403491973877
3527,0.11510368436574936,0.06433391571044922
3528,0.11510356515645981,0.06433378905057907
3529,0.11510343849658966,0.06433366984128952
3530,0.11510331928730011,0.06433353573083878
3531,0.11510320007801056,0.06433340907096863
3532,0.11510308086872101,0.06433328986167908
3533,0.11510294675827026,0.06433316320180893
3534,0.11510282754898071,0.06433304399251938
3535,0.11510269343852997,0.06433291733264923
3536,0.11510257422924042,0.06433279812335968
3537,0.11510245501995087,0.06433266401290894
3538,0.11510233581066132,0.06433255225419998
3539,0.11510221660137177,0.06433241814374924
3540,0.11510207504034042,0.06433229893445969
3541,0.11510197073221207,0.06433217227458954
3542,0.11510183662176132,0.06433205306529999
3543,0.11510171741247177,0.06433191895484924
3544,0.11510159075260162,0.06433180719614029
3545,0.11510147899389267,0.06433168053627014
3546,0.11510135233402252,0.0643315538764
3547,0.11510123312473297,0.06433143466711044
3548,0.11510109901428223,0.0643313005566597
3549,0.11510099470615387,0.06433118879795074
3550,0.11510086059570312,0.0643310621380806
3551,0.11510074138641357,0.06433094292879105
3552,0.11510062217712402,0.0643308162689209
3553,0.11510048806667328,0.06433070451021194
3554,0.11510038375854492,0.0643305778503418
3555,0.11510024219751358,0.06433045119047165
3556,0.11510013043880463,0.0643303245306015
3557,0.11510000377893448,0.06433021277189255
3558,0.11509988456964493,0.0643300786614418
3559,0.11509976536035538,0.06432995945215225
3560,0.11509964615106583,0.0643298402428627
3561,0.11509952694177628,0.06432970613241196
3562,0.11509940773248672,0.064329594373703
3563,0.11509928852319717,0.06432947516441345
3564,0.11509915441274643,0.0643293485045433
3565,0.11509903520345688,0.06432922184467316
3566,0.11509891599416733,0.0643291026353836
3567,0.11509879678487778,0.06432897597551346
3568,0.11509867012500763,0.06432885676622391
3569,0.11509855091571808,0.06432873755693436
3570,0.11509843170642853,0.06432860344648361
3571,0.11509829759597778,0.06432848423719406
3572,0.11509817838668823,0.06432836502790451
3573,0.11509807407855988,0.06432824581861496
3574,0.11509793996810913,0.06432811915874481
3575,0.11509782075881958,0.06432800740003586
3576,0.11509770154953003,0.06432788074016571
3577,0.11509756743907928,0.06432776153087616
3578,0.11509744822978973,0.06432762742042542
3579,0.11509732902050018,0.06432751566171646
3580,0.11509720981121063,0.06432739645242691
3581,0.11509709060192108,0.06432726979255676
3582,0.11509697139263153,0.06432715058326721
3583,0.11509685218334198,0.06432703137397766
3584,0.11509673297405243,0.06432691216468811
3585,0.11509661376476288,0.06432679295539856
3586,0.11509649455547333,0.06432665884494781
3587,0.11509637534618378,0.06432653218507767
3588,0.11509624868631363,0.06432641297578812
3589,0.11509613692760468,0.06432630866765976
3590,0.11509601026773453,0.06432617455720901
3591,0.11509589850902557,0.06432605534791946
3592,0.11509577184915543,0.06432593613862991
3593,0.11509566009044647,0.06432581692934036
3594,0.11509553343057632,0.06432569772005081
3595,0.11509541422128677,0.06432557851076126
3596,0.11509530246257782,0.06432545930147171
3597,0.11509517580270767,0.06432534009218216
3598,0.11509504169225693,0.06432521343231201
3599,0.11509493738412857,0.06432508677244186
3600,0.11509481817483902,0.06432498246431351
3601,0.11509469896554947,0.06432485580444336
3602,0.11509457975625992,0.06432473659515381
3603,0.11509446054697037,0.06432461738586426
3604,0.11509434133768082,0.06432449817657471
3605,0.11509422212839127,0.06432438641786575
3606,0.11509411036968231,0.06432425230741501
3607,0.11509398370981216,0.06432413309812546
3608,0.11509386450052261,0.06432401388883591
3609,0.11509375274181366,0.06432389467954636
3610,0.11509361118078232,0.0643237754702568
3611,0.11509350687265396,0.06432365626096725
3612,0.11509339511394501,0.0643235370516777
3613,0.11509327590465546,0.06432342529296875
3614,0.1150931566953659,0.0643232986330986
3615,0.11509303748607635,0.06432317197322845
3616,0.11509291082620621,0.0643230602145195
3617,0.11509279161691666,0.06432294100522995
3618,0.1150926798582077,0.0643228143453598
3619,0.11509256064891815,0.06432270258665085
3620,0.1150924414396286,0.0643225833773613
3621,0.11509231477975845,0.06432245671749115
3622,0.1150921955704689,0.0643223375082016
3623,0.11509208381175995,0.06432221084833145
3624,0.1150919646024704,0.0643221065402031
3625,0.11509183794260025,0.06432198733091354
3626,0.1150917261838913,0.0643218606710434
3627,0.11509160697460175,0.06432174891233444
3628,0.1150914877653122,0.06432162970304489
3629,0.11509138345718384,0.06432151794433594
3630,0.11509126424789429,0.06432138383388519
3631,0.11509113013744354,0.06432127207517624
3632,0.11509101092815399,0.06432115286588669
3633,0.11509090662002563,0.06432104110717773
3634,0.11509078741073608,0.06432091444730759
3635,0.11509068310260773,0.06432079523801804
3636,0.11509056389331818,0.06432067602872849
3637,0.11509042978286743,0.06432055681943893
3638,0.11509032547473907,0.06432045251131058
3639,0.11509020626544952,0.06432032585144043
3640,0.11509008705615997,0.06432020664215088
3641,0.11508996784687042,0.06432008743286133
3642,0.11508984863758087,0.06431996822357178
3643,0.11508972942829132,0.06431984901428223
3644,0.11508961021900177,0.06431973725557327
3645,0.11508949846029282,0.06431961059570312
3646,0.11508939415216446,0.06431949883699417
3647,0.11508926004171371,0.06431937962770462
3648,0.11508915573358536,0.06431926786899567
3649,0.1150890365242958,0.06431914120912552
3650,0.11508891731500626,0.06431902199983597
3651,0.1150887981057167,0.06431891024112701
3652,0.11508867889642715,0.06431879848241806
3653,0.1150885671377182,0.06431867182254791
3654,0.11508844792842865,0.06431856006383896
3655,0.1150883287191391,0.06431842595338821
3656,0.11508820950984955,0.06431831419467926
3657,0.11508810520172119,0.0643182024359703
3658,0.11508798599243164,0.06431808322668076
3659,0.11508786678314209,0.0643179714679718
3660,0.11508776247501373,0.06431785225868225
3661,0.11508764326572418,0.0643177330493927
3662,0.11508752405643463,0.06431762874126434
3663,0.11508741229772568,0.0643175020813942
3664,0.11508728563785553,0.06431739032268524
3665,0.11508717387914658,0.06431727111339569
3666,0.11508705466985703,0.06431715935468674
3667,0.11508693546056747,0.06431704014539719
3668,0.11508681625127792,0.06431692093610764
3669,0.11508669704198837,0.06431680172681808
3670,0.11508659273386002,0.06431668996810913
3671,0.11508648097515106,0.06431657820940018
3672,0.11508636176586151,0.06431645154953003
3673,0.11508624255657196,0.06431633979082108
3674,0.1150861382484436,0.06431622058153152
3675,0.11508601903915405,0.06431610137224197
3676,0.11508588492870331,0.06431599706411362
3677,0.11508579552173615,0.06431587040424347
3678,0.1150856614112854,0.06431575864553452
3679,0.11508555710315704,0.06431563943624496
3680,0.11508544534444809,0.06431552767753601
3681,0.11508532613515854,0.06431540846824646
3682,0.11508522182703018,0.0643153041601181
3683,0.11508510261774063,0.06431518495082855
3684,0.11508498340845108,0.0643150731921196
3685,0.11508486419916153,0.06431495398283005
3686,0.11508475244045258,0.0643148347735405
3687,0.11508463323116302,0.06431472301483154
3688,0.11508452892303467,0.06431460380554199
3689,0.11508440971374512,0.06431448459625244
3690,0.11508429050445557,0.06431436538696289
3691,0.11508417129516602,0.06431426107883453
3692,0.11508407443761826,0.06431414932012558
3693,0.1150839701294899,0.06431403011083603
3694,0.11508383601903915,0.06431391835212708
3695,0.1150837168097496,0.06431379914283752
3696,0.11508361995220184,0.06431367993354797
3697,0.1150834932923317,0.06431356817483902
3698,0.11508338153362274,0.06431345641613007
3699,0.11508326232433319,0.06431334465742111
3700,0.11508315801620483,0.06431321799755096
3701,0.11508303880691528,0.06431310623884201
3702,0.11508291959762573,0.06431299448013306
3703,0.11508281528949738,0.0643128827214241
3704,0.11508270353078842,0.06431277096271515
3705,0.11508257687091827,0.0643126517534256
3706,0.11508246511220932,0.06431253254413605
3707,0.11508236825466156,0.06431242823600769
3708,0.11508224159479141,0.06431230902671814
3709,0.11508214473724365,0.06431218981742859
3710,0.1150820255279541,0.06431208550930023
3711,0.11508190631866455,0.06431197375059128
3712,0.1150818020105362,0.06431185454130173
3713,0.11508168280124664,0.06431173533201218
3714,0.11508157104253769,0.06431161612272263
3715,0.11508145183324814,0.06431151181459427
3716,0.11508134752511978,0.06431140750646591
3717,0.11508123576641083,0.06431128829717636
3718,0.11508111655712128,0.06431117653846741
3719,0.11508099734783173,0.06431105732917786
3720,0.11508089303970337,0.0643109530210495
3721,0.11508078873157501,0.06431083381175995
3722,0.11508066952228546,0.064310722053051
3723,0.11508055031299591,0.06431061029434204
3724,0.11508043855428696,0.0643104836344719
3725,0.1150803342461586,0.06431037932634354
3726,0.11508021503686905,0.06431026756763458
3727,0.11508011817932129,0.06431015580892563
3728,0.11507998406887054,0.06431004405021667
3729,0.11507987976074219,0.06430993229150772
3730,0.11507977545261383,0.06430982053279877
3731,0.11507966369390488,0.06430970132350922
3732,0.11507954448461533,0.06430958956480026
3733,0.11507944017648697,0.0643094852566719
3734,0.11507932841777802,0.06430936604738235
3735,0.11507920920848846,0.0643092542886734
3736,0.11507910490036011,0.06430914252996445
3737,0.11507900059223175,0.0643090307712555
3738,0.1150788813829422,0.06430891901254654
3739,0.11507876962423325,0.06430880725383759
3740,0.11507866531610489,0.06430869549512863
3741,0.11507854610681534,0.06430857628583908
3742,0.11507843434810638,0.06430847197771072
3743,0.11507831513881683,0.06430835276842117
3744,0.11507821083068848,0.06430824846029282
3745,0.11507809162139893,0.06430812925100327
3746,0.11507799476385117,0.06430802494287491
3747,0.11507787555456161,0.06430791318416595
3748,0.11507777124643326,0.064307801425457
3749,0.1150776594877243,0.06430768966674805
3750,0.11507755517959595,0.06430757790803909
3751,0.11507745087146759,0.06430745869874954
3752,0.11507733166217804,0.06430736184120178
3753,0.11507721990346909,0.06430723518133163
3754,0.11507711559534073,0.06430713832378387
3755,0.11507699638605118,0.06430701911449432
3756,0.11507688462734222,0.06430690735578537
3757,0.11507678031921387,0.06430680304765701
3758,0.11507666110992432,0.06430669128894806
3759,0.11507656425237656,0.0643065795302391
3760,0.115076445043087,0.06430646777153015
3761,0.11507632583379745,0.0643063560128212
3762,0.1150762289762497,0.06430623680353165
3763,0.11507610976696014,0.06430613249540329
3764,0.11507602035999298,0.06430602073669434
3765,0.11507590115070343,0.06430590897798538
3766,0.11507578939199448,0.06430579721927643
3767,0.11507568508386612,0.06430569291114807
3768,0.11507556587457657,0.06430558860301971
3769,0.11507545411586761,0.06430546939373016
3770,0.11507534980773926,0.06430535763502121
3771,0.11507523059844971,0.06430525332689285
3772,0.11507513374090195,0.0643051415681839
3773,0.1150750145316124,0.06430503726005554
3774,0.11507491767406464,0.06430491805076599
3775,0.11507479846477509,0.06430480629205704
3776,0.11507469415664673,0.06430469453334808
3777,0.11507458984851837,0.06430459022521973
3778,0.11507447808980942,0.06430447846651077
3779,0.11507437378168106,0.06430437415838242
3780,0.11507425457239151,0.06430426239967346
3781,0.11507414281368256,0.06430414319038391
3782,0.1150740534067154,0.06430404633283615
3783,0.11507394164800644,0.0643039420247078
3784,0.11507382243871689,0.06430382281541824
3785,0.11507371813058853,0.06430371105670929
3786,0.11507360637187958,0.06430359929800034
3787,0.11507348716259003,0.06430349498987198
3788,0.11507339775562286,0.06430339068174362
3789,0.11507327854633331,0.06430327892303467
3790,0.11507318168878555,0.06430316716432571
3791,0.115073062479496,0.06430306285619736
3792,0.11507295072078705,0.0643029659986496
3793,0.11507284641265869,0.06430284678936005
3794,0.11507274955511093,0.06430274248123169
3795,0.11507263034582138,0.06430263072252274
3796,0.11507253348827362,0.06430251151323318
3797,0.11507242918014526,0.06430241465568542
3798,0.1150723248720169,0.06430230289697647
3799,0.11507220566272736,0.06430219113826752
3800,0.1150721088051796,0.06430207937955856
3801,0.11507198959589005,0.0643019750714302
3802,0.11507187783718109,0.06430186331272125
3803,0.11507177352905273,0.0643017590045929
3804,0.11507167667150497,0.06430164724588394
3805,0.11507155746221542,0.06430154293775558
3806,0.11507145315408707,0.06430143117904663
3807,0.11507134139537811,0.06430132687091827
3808,0.11507125198841095,0.06430121511220932
3809,0.1150711327791214,0.06430111080408096
3810,0.11507103592157364,0.0643010064959526
3811,0.11507091671228409,0.06430089473724365
3812,0.11507081985473633,0.0643007829785347
3813,0.11507070064544678,0.06430068612098694
3814,0.11507060378789902,0.06430058181285858
3815,0.11507049947977066,0.06430047005414963
3816,0.1150703877210617,0.06430035084486008
3817,0.11507028341293335,0.06430025398731232
3818,0.11507017910480499,0.06430014967918396
3819,0.11507005989551544,0.064300037920475
3820,0.11506996303796768,0.06429993361234665
3821,0.11506985127925873,0.0642998218536377
3822,0.11506974697113037,0.06429971754550934
3823,0.11506965011358261,0.06429960578680038
3824,0.11506953090429306,0.06429951637983322
3825,0.1150694265961647,0.06429939717054367
3826,0.11506932973861694,0.06429929286241531
3827,0.11506922543048859,0.06429918110370636
3828,0.11506910622119904,0.064299076795578
3829,0.11506900936365128,0.06429897993803024
3830,0.11506889760494232,0.06429886817932129
3831,0.11506879329681396,0.06429875642061234
3832,0.1150686964392662,0.06429865211248398
3833,0.11506857722997665,0.06429854035377502
3834,0.1150684803724289,0.06429844349622726
3835,0.11506837606430054,0.06429833173751831
3836,0.11506827175617218,0.06429822742938995
3837,0.11506815999746323,0.0642981231212616
3838,0.11506806313991547,0.06429802626371384
3839,0.11506795883178711,0.06429791450500488
3840,0.11506785452365875,0.06429780274629593
3841,0.1150677427649498,0.06429770588874817
3842,0.11506764590740204,0.06429760158061981
3843,0.11506752669811249,0.06429748982191086
3844,0.11506743729114532,0.0642973855137825
3845,0.11506732553243637,0.06429728120565414
3846,0.11506722867488861,0.06429716944694519
3847,0.11506712436676025,0.06429706513881683
3848,0.1150670200586319,0.06429696083068848
3849,0.11506690829992294,0.06429687142372131
3850,0.11506681144237518,0.06429675221443176
3851,0.11506670713424683,0.06429664045572281
3852,0.11506660282611847,0.06429654359817505
3853,0.11506649106740952,0.06429643929004669
3854,0.11506638675928116,0.06429633498191833
3855,0.1150662899017334,0.06429622322320938
3856,0.11506618559360504,0.06429612636566162
3857,0.11506607383489609,0.06429602205753326
3858,0.11506597697734833,0.06429591029882431
3859,0.11506585776805878,0.06429580599069595
3860,0.11506576836109161,0.0642957016825676
3861,0.11506565660238266,0.06429559737443924
3862,0.1150655522942543,0.06429549306631088
3863,0.11506545543670654,0.06429538875818253
3864,0.11506535857915878,0.06429528445005417
3865,0.11506526172161102,0.06429518014192581
3866,0.11506514251232147,0.06429507583379745
3867,0.11506503820419312,0.0642949715256691
3868,0.11506493389606476,0.06429486721754074
3869,0.115064837038517,0.06429476290941238
3870,0.11506472527980804,0.06429465860128403
3871,0.11506463587284088,0.06429456919431686
3872,0.11506452411413193,0.06429444998502731
3873,0.11506441980600357,0.06429435312747955
3874,0.115064337849617,0.0642942488193512
3875,0.11506421864032745,0.06429414451122284
3876,0.1150641217827797,0.06429404765367508
3877,0.11506401002407074,0.06429393589496613
3878,0.11506390571594238,0.06429383158683777
3879,0.11506380885839462,0.06429373472929001
3880,0.11506371200084686,0.06429362297058105
3881,0.1150636076927185,0.0642935261130333
3882,0.11506350338459015,0.06429342180490494
3883,0.11506340652704239,0.06429331749677658
3884,0.11506328731775284,0.06429321318864822
3885,0.11506320536136627,0.06429311633110046
3886,0.11506309360265732,0.06429300457239151
3887,0.11506299674510956,0.06429290026426315
3888,0.11506287753582001,0.0642927959561348
3889,0.11506279557943344,0.06429269909858704
3890,0.11506269127130508,0.06429259479045868
3891,0.11506259441375732,0.06429249048233032
3892,0.11506247520446777,0.06429239362478256
3893,0.11506237834692001,0.0642922893166542
3894,0.11506228148937225,0.06429218500852585
3895,0.11506219208240509,0.06429208815097809
3896,0.11506208032369614,0.06429198384284973
3897,0.11506197601556778,0.06429188698530197
3898,0.11506187915802002,0.06429178267717361
3899,0.11506177484989166,0.06429167836904526
3900,0.1150616779923439,0.0642915740609169
3901,0.11506156623363495,0.06429146975278854
3902,0.11506147682666779,0.06429137289524078
3903,0.11506137996912003,0.06429127603769302
3904,0.11506126821041107,0.06429117172956467
3905,0.11506117880344391,0.06429106742143631
3906,0.11506106704473495,0.06429097801446915
3907,0.1150609701871872,0.06429087370634079
3908,0.11506088078022003,0.06429076939821243
3909,0.11506076157093048,0.06429066509008408
3910,0.11506067216396332,0.06429056823253632
3911,0.11506056785583496,0.06429046392440796
3912,0.1150604709982872,0.0642903596162796
3913,0.11506037414073944,0.06429025530815125
3914,0.11506025493144989,0.06429015845060349
3915,0.11506016552448273,0.06429005414247513
3916,0.11506006866693497,0.06428995728492737
3917,0.11505997180938721,0.06428985297679901
3918,0.11505986750125885,0.06428974866867065
3919,0.11505977064371109,0.06428965926170349
3920,0.11505967378616333,0.06428956240415573
3921,0.11505956947803497,0.06428945809602737
3922,0.11505947262048721,0.06428935378789902
3923,0.11505937576293945,0.06428925693035126
3924,0.1150592565536499,0.0642891451716423
3925,0.11505915969610214,0.06428904831409454
3926,0.11505906283855438,0.06428895145654678
3927,0.11505897343158722,0.06428885459899902
3928,0.11505888402462006,0.06428875029087067
3929,0.1150587797164917,0.0642886534333229
3930,0.11505867540836334,0.06428854912519455
3931,0.11505857855081558,0.06428845226764679
3932,0.11505848169326782,0.06428834795951843
3933,0.11505837738513947,0.06428825855255127
3934,0.1150582805275917,0.06428814679384232
3935,0.11505816876888275,0.06428804993629456
3936,0.11505808681249619,0.0642879530787468
3937,0.11505798995494843,0.06428784877061844
3938,0.11505788564682007,0.06428773701190948
3939,0.11505778133869171,0.06428765505552292
3940,0.11505768448114395,0.06428755074739456
3941,0.11505760252475739,0.0642874464392662
3942,0.11505749076604843,0.06428735703229904
3943,0.11505739390850067,0.06428725272417068
3944,0.11505728960037231,0.06428714841604233
3945,0.11505719274282455,0.06428705900907516
3946,0.11505711078643799,0.06428695470094681
3947,0.11505700647830963,0.06428686529397964
3948,0.11505690962076187,0.06428676098585129
3949,0.11505679786205292,0.06428665667772293
3950,0.11505670845508575,0.06428655982017517
3951,0.115056611597538,0.06428646296262741
3952,0.11505651473999023,0.06428636610507965
3953,0.11505641043186188,0.0642862617969513
3954,0.11505629867315292,0.06428616493940353
3955,0.11505620181560516,0.06428606808185577
3956,0.11505613476037979,0.06428596377372742
3957,0.11505602300167084,0.06428586691617966
3958,0.11505593359470367,0.0642857775092125
3959,0.11505583673715591,0.06428568065166473
3960,0.11505572497844696,0.06428557634353638
3961,0.1150556355714798,0.06428547948598862
3962,0.11505553871393204,0.06428537517786026
3963,0.11505544185638428,0.0642852783203125
3964,0.11505534499883652,0.06428518891334534
3965,0.11505524814128876,0.06428509205579758
3966,0.1150551587343216,0.06428498774766922
3967,0.11505506187677383,0.06428489089012146
3968,0.11505495011806488,0.0642847940325737
3969,0.11505486071109772,0.06428469717502594
3970,0.11505474895238876,0.06428459286689758
3971,0.1150546669960022,0.06428449600934982
3972,0.11505456268787384,0.06428440660238266
3973,0.11505447328090668,0.0642843097448349
3974,0.11505436897277832,0.06428421288728714
3975,0.11505428701639175,0.06428411602973938
3976,0.115054190158844,0.06428401172161102
3977,0.11505409330129623,0.06428391486406326
3978,0.11505399644374847,0.0642838254570961
3979,0.11505390703678131,0.06428372114896774
3980,0.11505381017923355,0.06428363174200058
3981,0.11505371332168579,0.06428353488445282
3982,0.11505361646413803,0.06428343802690506
3983,0.11505351215600967,0.0642833337187767
3984,0.11505341529846191,0.06428324431180954
3985,0.11505331844091415,0.06428314000368118
3986,0.1150532215833664,0.06428304314613342
3987,0.11505313217639923,0.06428295373916626
3988,0.11505304276943207,0.0642828568816185
3989,0.11505293846130371,0.06428276002407074
3990,0.11505284160375595,0.06428266316652298
3991,0.11505274474620819,0.06428256630897522
3992,0.11505266278982162,0.06428247690200806
3993,0.11505255848169327,0.0642823800444603
3994,0.11505246162414551,0.06428227573633194
3995,0.11505236476659775,0.06428218632936478
3996,0.11505226790904999,0.06428208202123642
3997,0.11505218595266342,0.06428198516368866
3998,0.11505208909511566,0.0642818883061409
3999,0.1150519847869873,0.06428180634975433
4000,0.11505191028118134,0.06428170204162598
