file_name,color,cut_name,freshness_index,time_hours,time_days,sample_num,mode,loading,point_index,deformation,stress_pa,modified_z,is_outlier,predicted_stress_pa,split,train_variant
red1-2.xls,red,new york strip steak,1,0,0.0,2,uniaxial,compression,0,0.9784637,421.269,-0.6745,False,-31.840484619140625,train,weighted_all
red1-3.xls,red,new york strip steak,1,0,0.0,3,uniaxial,compression,0,0.9782,460.145,0.0,False,-32.24591064453125,train,weighted_all
red1-4.xls,red,new york strip steak,1,0,0.0,4,uniaxial,compression,0,0.9783143,581.204,2.100378009568886,False,-32.070159912109375,train,weighted_all
red1-5.xls,red,new york strip steak,1,0,0.0,5,uniaxial,compression,0,0.9781364,453.94,-0.10765697345405885,False,-32.34375,test,weighted_all
red1-1.xls,red,new york strip steak,1,0,0.0,1,uniaxial,tension,0,1.0264786,1037.08,1.5549073688541708,False,36.392425537109375,train,weighted_all
red1-2.xls,red,new york strip steak,1,0,0.0,2,uniaxial,tension,0,1.0262007,498.869,-0.6745,False,36.0225830078125,train,weighted_all
red1-3.xls,red,new york strip steak,1,0,0.0,3,uniaxial,tension,0,1.0265202,661.703,0.0,False,36.44775390625,train,weighted_all
red1-4.xls,red,new york strip steak,1,0,0.0,4,uniaxial,tension,0,1.0264493,826.788,0.683824216686933,False,36.353424072265625,train,weighted_all
red1-5.xls,red,new york strip steak,1,0,0.0,5,uniaxial,tension,0,1.0264784,604.604,-0.2365186355429454,False,36.392120361328125,test,weighted_all
red1-1.xls,red,new york strip steak,1,0,0.0,1,uniaxial,compression,1,0.9578364,1120.56,2.485324135132395,False,-64.93170166015625,train,weighted_all
red1-2.xls,red,new york strip steak,1,0,0.0,2,uniaxial,compression,1,0.9580454,517.415,-1.2667053639776082,False,-64.5811767578125,train,weighted_all
red1-3.xls,red,new york strip steak,1,0,0.0,3,uniaxial,compression,1,0.9581652,721.04,0.0,False,-64.38034057617188,train,weighted_all
red1-4.xls,red,new york strip steak,1,0,0.0,4,uniaxial,compression,1,0.9577714,804.007,0.5161190616728308,False,-65.040771484375,train,weighted_all
red1-5.xls,red,new york strip steak,1,0,0.0,5,uniaxial,compression,1,0.9581091,612.613,-0.6745000000000001,False,-64.47442626953125,test,weighted_all
red1-1.xls,red,new york strip steak,1,0,0.0,1,uniaxial,tension,1,1.0519206,227.126,0.0,False,69.42755126953125,train,weighted_all
red1-2.xls,red,new york strip steak,1,0,0.0,2,uniaxial,tension,1,1.0512714,183.268,-0.6798166379409397,False,68.60137939453125,train,weighted_all
red1-3.xls,red,new york strip steak,1,0,0.0,3,uniaxial,tension,1,1.0515477,220.07,-0.10937083764219249,False,68.95297241210938,train,weighted_all
red1-4.xls,red,new york strip steak,1,0,0.0,4,uniaxial,tension,1,1.0518901,375.823,2.304863300011489,False,69.38873291015625,train,weighted_all
red1-5.xls,red,new york strip steak,1,0,0.0,5,uniaxial,tension,1,1.0514789,270.641,0.6745,False,68.86541748046875,test,weighted_all
red1-1.xls,red,new york strip steak,1,0,0.0,1,uniaxial,compression,2,0.9383182,1234.08,1.5576574232505438,False,-99.28961181640625,train,weighted_all
red1-2.xls,red,new york strip steak,1,0,0.0,2,uniaxial,compression,2,0.9381454,583.557,-1.0047130852200723,False,-99.60943603515625,train,weighted_all
red1-3.xls,red,new york strip steak,1,0,0.0,3,uniaxial,compression,2,0.9373652,838.629,0.0,False,-101.05682373046875,train,weighted_all
red1-4.xls,red,new york strip steak,1,0,0.0,4,uniaxial,compression,2,0.9379153,892.143,0.21078838932719768,False,-100.03561401367188,train,weighted_all
red1-5.xls,red,new york strip steak,1,0,0.0,5,uniaxial,compression,2,0.9382091,667.39,-0.6745,False,-99.49151611328125,test,weighted_all
red1-1.xls,red,new york strip steak,1,0,0.0,1,uniaxial,tension,2,1.0765692,41.2528,0.3062500961502674,False,100.35543823242188,train,weighted_all
red1-2.xls,red,new york strip steak,1,0,0.0,2,uniaxial,tension,2,1.0768515,-6.3611,-1.6859571138791358,False,100.70578002929688,train,weighted_all
red1-4.xls,red,new york strip steak,1,0,0.0,4,uniaxial,tension,2,1.0770167,50.054,0.6745,False,100.91085815429688,train,weighted_all
red1-5.xls,red,new york strip steak,1,0,0.0,5,uniaxial,tension,2,1.0771047,33.9334,0.0,False,101.02001953125,test,weighted_all
red1-1.xls,red,new york strip steak,1,0,0.0,1,uniaxial,compression,3,0.9178545,1316.69,0.9081103092396453,False,-139.38232421875,train,weighted_all
red1-2.xls,red,new york strip steak,1,0,0.0,2,uniaxial,compression,3,0.9180727,649.686,-0.9686618762957987,False,-138.92919921875,train,weighted_all
red1-3.xls,red,new york strip steak,1,0,0.0,3,uniaxial,compression,3,0.9174348,993.948,0.0,False,-140.255615234375,train,weighted_all
red1-4.xls,red,new york strip steak,1,0,0.0,4,uniaxial,compression,3,0.9173781,1020.2,0.073866158845639,False,-140.37371826171875,train,weighted_all
red1-5.xls,red,new york strip steak,1,0,0.0,5,uniaxial,compression,3,0.9177364,754.231,-0.6745,False,-139.62786865234375,test,weighted_all
red1-1.xls,red,new york strip steak,1,0,0.0,1,uniaxial,tension,3,1.102009,-138.758,-2.5214100635204493,False,131.76300048828125,train,weighted_all
red1-2.xls,red,new york strip steak,1,0,0.0,2,uniaxial,tension,3,1.101758,-49.2085,0.6004022979000521,False,131.45391845703125,train,weighted_all
red1-4.xls,red,new york strip steak,1,0,0.0,4,uniaxial,tension,3,1.101896,-66.4311,0.0,False,131.62387084960938,train,weighted_all
red1-5.xls,red,new york strip steak,1,0,0.0,5,uniaxial,tension,3,1.102019,-47.083,0.6745,False,131.77517700195312,test,weighted_all
red1-1.xls,red,new york strip steak,1,0,0.0,1,uniaxial,compression,4,0.897824,1450.62,0.9385517225390642,False,-183.73480224609375,train,weighted_all
red1-2.xls,red,new york strip steak,1,0,0.0,2,uniaxial,compression,4,0.898031,705.944,-1.002237299268945,False,-183.24627685546875,train,weighted_all
red1-3.xls,red,new york strip steak,1,0,0.0,3,uniaxial,compression,4,0.897078,1090.5,0.0,False,-185.50067138671875,train,weighted_all
red1-4.xls,red,new york strip steak,1,0,0.0,4,uniaxial,compression,4,0.897553,1127.9,0.09747260475108602,False,-184.3751220703125,train,weighted_all
red1-5.xls,red,new york strip steak,1,0,0.0,5,uniaxial,compression,4,0.897695,831.696,-0.6745,False,-184.0394287109375,test,weighted_all
red1-1.xls,red,new york strip steak,1,0,0.0,1,uniaxial,compression,5,0.87753,1548.62,0.6745,False,-235.18206787109375,train,weighted_all
red1-2.xls,red,new york strip steak,1,0,0.0,2,uniaxial,compression,5,0.87776,824.037,-1.0760327321895489,False,-234.5562744140625,train,weighted_all
red1-3.xls,red,new york strip steak,1,0,0.0,3,uniaxial,compression,5,0.877087,1269.43,0.0,False,-236.39028930664062,train,weighted_all
red1-4.xls,red,new york strip steak,1,0,0.0,4,uniaxial,compression,5,0.8773839999999999,1300.31,0.07460353164511599,False,-235.5797119140625,train,weighted_all
red1-5.xls,red,new york strip steak,1,0,0.0,5,uniaxial,compression,5,0.877391,943.238,-0.7880529531860029,False,-235.56072998046875,test,weighted_all
red1-1.xls,red,new york strip steak,1,0,0.0,1,uniaxial,compression,6,0.857486,1723.52,0.684160781619947,False,-294.0964660644531,train,weighted_all
red1-2.xls,red,new york strip steak,1,0,0.0,2,uniaxial,compression,6,0.857706,890.989,-0.9572474189588146,False,-293.3990173339844,train,weighted_all
red1-3.xls,red,new york strip steak,1,0,0.0,3,uniaxial,compression,6,0.857037,1376.51,0.0,False,-295.5235595703125,train,weighted_all
red1-4.xls,red,new york strip steak,1,0,0.0,4,uniaxial,compression,6,0.857111,1448.58,0.14209235333664602,False,-295.28802490234375,train,weighted_all
red1-5.xls,red,new york strip steak,1,0,0.0,5,uniaxial,compression,6,0.857369,1034.4,-0.6745,False,-294.4677734375,test,weighted_all
red1-1.xls,red,new york strip steak,1,0,0.0,1,uniaxial,compression,7,0.837435,1858.71,0.6745,False,-363.18505859375,train,weighted_all
red1-2.xls,red,new york strip steak,1,0,0.0,2,uniaxial,compression,7,0.837643,1024.32,-1.4358005549514414,False,-362.407470703125,train,weighted_all
red1-3.xls,red,new york strip steak,1,0,0.0,3,uniaxial,compression,7,0.836631,1592.02,0.0,False,-366.20269775390625,train,weighted_all
red1-4.xls,red,new york strip steak,1,0,0.0,4,uniaxial,compression,7,0.837376,1700.05,0.27322447410851536,False,-363.40576171875,train,weighted_all
red1-5.xls,red,new york strip steak,1,0,0.0,5,uniaxial,compression,7,0.836917,1178.68,-1.0454003899658775,False,-365.126953125,test,weighted_all
red1-1.xls,red,new york strip steak,1,0,0.0,1,uniaxial,compression,8,0.817503,2112.38,0.6745,False,-444.58447265625,train,weighted_all
red1-2.xls,red,new york strip steak,1,0,0.0,2,uniaxial,compression,8,0.817735,1225.39,-0.9493051107371618,False,-443.55157470703125,train,weighted_all
red1-3.xls,red,new york strip steak,1,0,0.0,3,uniaxial,compression,8,0.816577,1743.94,0.0,False,-448.727783203125,train,weighted_all
red1-4.xls,red,new york strip steak,1,0,0.0,4,uniaxial,compression,8,0.817138,1920.86,0.32388595157963274,False,-446.21337890625,train,weighted_all
red1-5.xls,red,new york strip steak,1,0,0.0,5,uniaxial,compression,8,0.817373,1298.76,-0.814987270654652,False,-445.16424560546875,test,weighted_all
red2-1.xls,red,new york strip steak,2,24,1.0,1,uniaxial,compression,0,0.9782566,636.331,-0.2634104968756048,False,-17.025405883789062,train,weighted_all
red2-2.xls,red,new york strip steak,2,24,1.0,2,uniaxial,compression,0,0.9783478,1016.59,1.0095990748415467,False,-16.951202392578125,train,weighted_all
red2-3.xls,red,new york strip steak,2,24,1.0,3,uniaxial,compression,0,0.9781181,1589.88,2.9288269100005455,False,-17.138198852539062,train,weighted_all
red2-4.xls,red,new york strip steak,2,24,1.0,4,uniaxial,compression,0,0.977766,513.535,-0.6745,False,-17.425262451171875,train,weighted_all
red2-5.xls,red,new york strip steak,2,24,1.0,5,uniaxial,compression,0,0.9783609,715.014,0.0,False,-16.94049072265625,test,weighted_all
red2-1.xls,red,new york strip steak,2,24,1.0,1,uniaxial,tension,0,1.0263402,1404.96,0.6745,False,19.169235229492188,train,weighted_all
red2-2.xls,red,new york strip steak,2,24,1.0,2,uniaxial,tension,0,1.0264539,1016.4,0.0,False,19.249237060546875,train,weighted_all
red2-3.xls,red,new york strip steak,2,24,1.0,3,uniaxial,tension,0,1.0265551,1589.76,0.9952936998147003,False,19.320480346679688,train,weighted_all
red2-4.xls,red,new york strip steak,2,24,1.0,4,uniaxial,tension,0,1.0265304,551.518,-0.8069871036648134,False,19.303131103515625,train,weighted_all
red2-5.xls,red,new york strip steak,2,24,1.0,5,uniaxial,tension,0,1.026326,716.014,-0.5214390493102736,False,19.159164428710938,test,weighted_all
red2-1.xls,red,new york strip steak,2,24,1.0,1,uniaxial,compression,1,0.95823,775.934,-0.2501038854174705,False,-34.02653503417969,train,weighted_all
red2-2.xls,red,new york strip steak,2,24,1.0,2,uniaxial,compression,1,0.9583304,1365.03,2.304251150710997,False,-33.937530517578125,train,weighted_all
red2-4.xls,red,new york strip steak,2,24,1.0,4,uniaxial,compression,1,0.958014,678.058,-0.6745,False,-34.21815490722656,train,weighted_all
red2-5.xls,red,new york strip steak,2,24,1.0,5,uniaxial,compression,1,0.9579458,833.614,0.0,False,-34.2786865234375,test,weighted_all
red2-2.xls,red,new york strip steak,2,24,1.0,2,uniaxial,tension,1,1.0515113,234.986,0.0,False,36.480224609375,train,weighted_all
red2-4.xls,red,new york strip steak,2,24,1.0,4,uniaxial,tension,1,1.0519018,217.599,-0.6745,False,36.7432861328125,train,weighted_all
red2-5.xls,red,new york strip steak,2,24,1.0,5,uniaxial,tension,1,1.0518585,220.656,-0.5559087249094145,False,36.71417236328125,test,weighted_all
red2-1.xls,red,new york strip steak,2,24,1.0,1,uniaxial,compression,2,0.9382389,946.849,-0.00995652604386991,False,-52.643096923828125,train,weighted_all
red2-2.xls,red,new york strip steak,2,24,1.0,2,uniaxial,compression,2,0.9379565,1515.07,1.7148932255335234,False,-52.919952392578125,train,weighted_all
red2-4.xls,red,new york strip steak,2,24,1.0,4,uniaxial,compression,2,0.937706,727.927,-0.6745,False,-53.165924072265625,train,weighted_all
red2-5.xls,red,new york strip steak,2,24,1.0,5,uniaxial,compression,2,0.9378936,950.129,0.0,False,-52.981658935546875,test,weighted_all
red2-1.xls,red,new york strip steak,2,24,1.0,1,uniaxial,tension,2,1.077259,34.6838,0.0,False,53.5828857421875,train,weighted_all
red2-2.xls,red,new york strip steak,2,24,1.0,2,uniaxial,tension,2,1.0766603,-8.70034,-0.6745,False,53.189544677734375,train,weighted_all
red2-3.xls,red,new york strip steak,2,24,1.0,3,uniaxial,tension,2,1.0771678,74.3703,0.617012213449431,False,53.522979736328125,train,weighted_all
red2-4.xls,red,new york strip steak,2,24,1.0,4,uniaxial,tension,2,1.0769129,-45.9337,-1.2533728627558367,False,53.355560302734375,train,weighted_all
red2-5.xls,red,new york strip steak,2,24,1.0,5,uniaxial,tension,2,1.0767902,78.7568,0.6852098140011533,False,53.27490234375,test,weighted_all
red2-1.xls,red,new york strip steak,2,24,1.0,1,uniaxial,compression,3,0.9179115,1073.69,0.0,False,-73.72840881347656,train,weighted_all
red2-2.xls,red,new york strip steak,2,24,1.0,2,uniaxial,compression,3,0.9180522,1688.05,1.8256168716737737,False,-73.57379150390625,train,weighted_all
red2-4.xls,red,new york strip steak,2,24,1.0,4,uniaxial,compression,3,0.917756,846.706,-0.6745,False,-73.89955139160156,train,weighted_all
red2-5.xls,red,new york strip steak,2,24,1.0,5,uniaxial,compression,3,0.9174394,1011.61,-0.18447538152468906,False,-74.2484130859375,test,weighted_all
red2-1.xls,red,new york strip steak,2,24,1.0,1,uniaxial,tension,3,1.102382,-210.833,0.0,False,70.00039672851562,train,weighted_all
red2-2.xls,red,new york strip steak,2,24,1.0,2,uniaxial,tension,3,1.102174,-218.287,-0.4096905964797921,False,69.8648681640625,train,weighted_all
red2-3.xls,red,new york strip steak,2,24,1.0,3,uniaxial,tension,3,1.102101,-223.105,-0.6745000000000001,False,69.81724548339844,train,weighted_all
red2-1.xls,red,new york strip steak,2,24,1.0,1,uniaxial,compression,4,0.897938,1273.17,0.0,False,-97.1295166015625,train,weighted_all
red2-2.xls,red,new york strip steak,2,24,1.0,2,uniaxial,compression,4,0.898052,1797.45,0.9922691381719613,False,-96.98721313476562,train,weighted_all
red2-3.xls,red,new york strip steak,2,24,1.0,3,uniaxial,compression,4,0.897274,2625.86,2.5601444657698758,False,-97.96076965332031,train,weighted_all
red2-4.xls,red,new york strip steak,2,24,1.0,4,uniaxial,compression,4,0.897234,916.788,-0.6745,False,-98.01092529296875,train,weighted_all
red2-5.xls,red,new york strip steak,2,24,1.0,5,uniaxial,compression,4,0.897033,1098.87,-0.32988576864151414,False,-98.26345825195312,test,weighted_all
red2-1.xls,red,new york strip steak,2,24,1.0,1,uniaxial,compression,5,0.877865,1443.25,0.0,False,-124.02664184570312,train,weighted_all
red2-2.xls,red,new york strip steak,2,24,1.0,2,uniaxial,compression,5,0.878,1949.56,0.8446222021616008,False,-123.83261108398438,train,weighted_all
red2-3.xls,red,new york strip steak,2,24,1.0,3,uniaxial,compression,5,0.876926,2770.03,2.2133235475972604,False,-125.38162231445312,train,weighted_all
red2-4.xls,red,new york strip steak,2,24,1.0,4,uniaxial,compression,5,0.87732,1038.92,-0.6745000000000001,False,-124.81192016601562,train,weighted_all
red2-5.xls,red,new york strip steak,2,24,1.0,5,uniaxial,compression,5,0.8770290000000001,1160.91,-0.47099727944995423,False,-125.23251342773438,test,weighted_all
red2-1.xls,red,new york strip steak,2,24,1.0,1,uniaxial,compression,6,0.857827,1742.0,0.0,False,-155.12710571289062,train,weighted_all
red2-2.xls,red,new york strip steak,2,24,1.0,2,uniaxial,compression,6,0.857584,2063.44,0.4647914764079148,False,-155.53460693359375,train,weighted_all
red2-3.xls,red,new york strip steak,2,24,1.0,3,uniaxial,compression,6,0.857359,2971.84,1.7783074581430747,False,-155.91262817382812,train,weighted_all
red2-4.xls,red,new york strip steak,2,24,1.0,4,uniaxial,compression,6,0.857328,1138.5,-0.8726407914764078,False,-155.9647216796875,train,weighted_all
red2-5.xls,red,new york strip steak,2,24,1.0,5,uniaxial,compression,6,0.856677,1275.53,-0.6745,False,-157.06243896484375,test,weighted_all
red2-1.xls,red,new york strip steak,2,24,1.0,1,uniaxial,compression,7,0.837446,1987.29,0.0,False,-192.25396728515625,train,weighted_all
red2-2.xls,red,new york strip steak,2,24,1.0,2,uniaxial,compression,7,0.837539,2217.27,0.24123150970390647,False,-192.06976318359375,train,weighted_all
red2-3.xls,red,new york strip steak,2,24,1.0,3,uniaxial,compression,7,0.83728,3202.81,1.274987932321473,False,-192.58285522460938,train,weighted_all
red2-4.xls,red,new york strip steak,2,24,1.0,4,uniaxial,compression,7,0.83723,1278.05,-0.743938759641702,False,-192.68194580078125,train,weighted_all
red2-5.xls,red,new york strip steak,2,24,1.0,5,uniaxial,compression,7,0.836679,1344.25,-0.6745,False,-193.7777099609375,test,weighted_all
red2-1.xls,red,new york strip steak,2,24,1.0,1,uniaxial,compression,8,0.817533,2416.61,0.03169174638487226,False,-235.2989501953125,train,weighted_all
red2-2.xls,red,new york strip steak,2,24,1.0,2,uniaxial,compression,8,0.81753,2374.37,0.0,False,-235.30615234375,train,weighted_all
red2-3.xls,red,new york strip steak,2,24,1.0,3,uniaxial,compression,8,0.816909,3355.8,0.7363454226918801,False,-236.77468872070312,train,weighted_all
red2-4.xls,red,new york strip steak,2,24,1.0,4,uniaxial,compression,8,0.816944,1358.46,-0.7622150111234705,False,-236.6917724609375,train,weighted_all
red2-5.xls,red,new york strip steak,2,24,1.0,5,uniaxial,compression,8,0.816707,1475.37,-0.6745,False,-237.25421142578125,test,weighted_all
red3-1.xls,red,new york strip steak,3,48,2.0,1,uniaxial,compression,0,0.978594,494.602,-1.0987074108154022,False,-12.868988037109375,train,weighted_all
red3-2.xls,red,new york strip steak,3,48,2.0,2,uniaxial,compression,0,0.9775985,724.736,0.0,False,-13.492141723632812,train,weighted_all
red3-3.xls,red,new york strip steak,3,48,2.0,3,uniaxial,compression,0,0.9781626,1213.32,2.332601274065685,False,-13.138763427734375,train,weighted_all
red3-4.xls,red,new york strip steak,3,48,2.0,4,uniaxial,compression,0,0.9784334,866.016,0.6745,False,-12.969390869140625,train,weighted_all
red3-5.xls,red,new york strip steak,3,48,2.0,5,uniaxial,compression,0,0.977808,717.638,-0.03388732304643241,False,-13.360809326171875,test,weighted_all
red3-2.xls,red,new york strip steak,3,48,2.0,2,uniaxial,tension,0,1.0267339,898.085,0.018975954622431134,False,14.939849853515625,train,weighted_all
red3-3.xls,red,new york strip steak,3,48,2.0,3,uniaxial,tension,0,1.0260458,841.623,-0.6745,False,14.567596435546875,train,weighted_all
red3-4.xls,red,new york strip steak,3,48,2.0,4,uniaxial,tension,0,1.026237,1175.58,3.4272170730374976,False,14.671096801757812,train,weighted_all
red3-5.xls,red,new york strip steak,3,48,2.0,5,uniaxial,tension,0,1.0265141,896.54,0.0,False,14.82098388671875,test,weighted_all
red3-2.xls,red,new york strip steak,3,48,2.0,2,uniaxial,compression,1,0.9578636,1038.55,0.0,False,-26.3909912109375,train,weighted_all
red3-4.xls,red,new york strip steak,3,48,2.0,4,uniaxial,compression,1,0.9584333,1032.26,-0.18632433025911194,False,-26.0028076171875,train,weighted_all
red3-5.xls,red,new york strip steak,3,48,2.0,5,uniaxial,compression,1,0.957792,1061.32,0.6745,False,-26.439910888671875,test,weighted_all
red3-2.xls,red,new york strip steak,3,48,2.0,2,uniaxial,tension,1,1.0517633,355.371,0.6745,False,28.15673828125,train,weighted_all
red3-3.xls,red,new york strip steak,3,48,2.0,3,uniaxial,tension,1,1.0515579,220.648,-1.6207933442788593,False,28.050445556640625,train,weighted_all
red3-4.xls,red,new york strip steak,3,48,2.0,4,uniaxial,tension,1,1.0517103,315.781,0.0,False,28.129287719726562,train,weighted_all
red3-5.xls,red,new york strip steak,3,48,2.0,5,uniaxial,tension,1,1.0514007,336.523,0.3533841626673408,False,27.969039916992188,test,weighted_all
red3-2.xls,red,new york strip steak,3,48,2.0,2,uniaxial,compression,2,0.9375303,1170.23,-0.3517340309570544,False,-40.97789001464844,train,weighted_all
red3-4.xls,red,new york strip steak,3,48,2.0,4,uniaxial,compression,2,0.9380333,1194.15,0.0,False,-40.59843444824219,train,weighted_all
red3-5.xls,red,new york strip steak,3,48,2.0,5,uniaxial,compression,2,0.937824,1240.02,0.6745,False,-40.756195068359375,test,weighted_all
red3-1.xls,red,new york strip steak,3,48,2.0,1,uniaxial,tension,2,1.07679,-63.7451,-0.6745,False,40.928863525390625,train,weighted_all
red3-2.xls,red,new york strip steak,3,48,2.0,2,uniaxial,tension,2,1.0766696,-19.6224,0.514451390470255,False,40.86810302734375,train,weighted_all
red3-3.xls,red,new york strip steak,3,48,2.0,3,uniaxial,tension,2,1.0765822,-137.141,-2.6522610472572117,False,40.823974609375,train,weighted_all
red3-4.xls,red,new york strip steak,3,48,2.0,4,uniaxial,tension,2,1.0772074,73.7055,3.0293096487968967,False,41.139556884765625,train,weighted_all
red3-5.xls,red,new york strip steak,3,48,2.0,5,uniaxial,tension,2,1.0769176,-38.714,0.0,False,40.99330139160156,test,weighted_all
red3-1.xls,red,new york strip steak,3,48,2.0,1,uniaxial,compression,3,0.9180827,748.329,-2.6404388928340894,False,-56.498016357421875,train,weighted_all
red3-2.xls,red,new york strip steak,3,48,2.0,2,uniaxial,compression,3,0.9175227,1354.71,0.0,False,-56.971466064453125,train,weighted_all
red3-3.xls,red,new york strip steak,3,48,2.0,3,uniaxial,compression,3,0.9174715,2033.6,2.956173692704973,False,-57.01483154296875,train,weighted_all
red3-4.xls,red,new york strip steak,3,48,2.0,4,uniaxial,compression,3,0.9180333,1326.47,-0.12296888315041977,False,-56.53973388671875,train,weighted_all
red3-5.xls,red,new york strip steak,3,48,2.0,5,uniaxial,compression,3,0.91784,1509.61,0.6745,False,-56.7030029296875,test,weighted_all
red3-1.xls,red,new york strip steak,3,48,2.0,1,uniaxial,tension,3,1.101647,-181.026,-0.6745,False,53.410491943359375,train,weighted_all
red3-2.xls,red,new york strip steak,3,48,2.0,2,uniaxial,tension,3,1.102305,-163.184,0.11273287760842571,False,53.73997497558594,train,weighted_all
red3-4.xls,red,new york strip steak,3,48,2.0,4,uniaxial,tension,3,1.102205,-118.346,2.091095604108065,False,53.68989562988281,train,weighted_all
red3-5.xls,red,new york strip steak,3,48,2.0,5,uniaxial,tension,3,1.101964,-165.739,0.0,False,53.5692138671875,test,weighted_all
red3-1.xls,red,new york strip steak,3,48,2.0,1,uniaxial,compression,4,0.898218,846.997,-2.0515871306118574,False,-74.35226440429688,train,weighted_all
red3-2.xls,red,new york strip steak,3,48,2.0,2,uniaxial,compression,4,0.897485,1469.1,-0.06442822977836732,False,-75.05606079101562,train,weighted_all
red3-3.xls,red,new york strip steak,3,48,2.0,3,uniaxial,compression,4,0.897472,2281.94,2.5319942934267847,False,-75.06857299804688,train,weighted_all
red3-4.xls,red,new york strip steak,3,48,2.0,4,uniaxial,compression,4,0.898033,1489.27,0.0,False,-74.52951049804688,train,weighted_all
red3-5.xls,red,new york strip steak,3,48,2.0,5,uniaxial,compression,4,0.897896,1700.43,0.6744999999999999,False,-74.66096496582031,test,weighted_all
red3-1.xls,red,new york strip steak,3,48,2.0,1,uniaxial,compression,5,0.877677,896.291,-1.5941228618369583,False,-95.49246215820312,train,weighted_all
red3-2.xls,red,new york strip steak,3,48,2.0,2,uniaxial,compression,5,0.877189,1651.52,0.0,False,-96.03338623046875,train,weighted_all
red3-3.xls,red,new york strip steak,3,48,2.0,3,uniaxial,compression,5,0.877439,2468.79,1.725077812548897,False,-95.75601196289062,train,weighted_all
red3-4.xls,red,new york strip steak,3,48,2.0,4,uniaxial,compression,5,0.877642,1632.5,-0.04014705053982159,False,-95.53126525878906,train,weighted_all
red3-5.xls,red,new york strip steak,3,48,2.0,5,uniaxial,compression,5,0.877448,1971.07,0.6745,False,-95.74600219726562,test,weighted_all
red3-1.xls,red,new york strip steak,3,48,2.0,1,uniaxial,compression,6,0.857391,987.439,-1.672304564755838,False,-119.73995971679688,train,weighted_all
red3-2.xls,red,new york strip steak,3,48,2.0,2,uniaxial,compression,6,0.857053,1805.67,-0.021944798301485956,False,-120.17715454101562,train,weighted_all
red3-3.xls,red,new york strip steak,3,48,2.0,3,uniaxial,compression,6,0.856959,2780.44,1.9441518046709125,False,-120.29888916015625,train,weighted_all
red3-4.xls,red,new york strip steak,3,48,2.0,4,uniaxial,compression,6,0.85765,1816.55,0.0,False,-119.4058837890625,train,weighted_all
red3-5.xls,red,new york strip steak,3,48,2.0,5,uniaxial,compression,6,0.857384,2150.96,0.6745,False,-119.7490234375,test,weighted_all
red3-1.xls,red,new york strip steak,3,48,2.0,1,uniaxial,compression,7,0.837278,1052.23,-1.8067145272083271,False,-147.9566650390625,train,weighted_all
red3-2.xls,red,new york strip steak,3,48,2.0,2,uniaxial,compression,7,0.837144,2050.49,0.0,False,-148.16094970703125,train,weighted_all
red3-3.xls,red,new york strip steak,3,48,2.0,3,uniaxial,compression,7,0.836967,2980.26,1.6827569630782437,False,-148.4311065673828,train,weighted_all
red3-4.xls,red,new york strip steak,3,48,2.0,4,uniaxial,compression,7,0.83765,1959.86,-0.16402794622732605,False,-147.39089965820312,train,weighted_all
red3-5.xls,red,new york strip steak,3,48,2.0,5,uniaxial,compression,7,0.837008,2423.17,0.6745,False,-148.36849975585938,test,weighted_all
red3-1.xls,red,new york strip steak,3,48,2.0,1,uniaxial,compression,8,0.817376,1187.27,-1.9107869451768102,False,-181.0553741455078,train,weighted_all
red3-2.xls,red,new york strip steak,3,48,2.0,2,uniaxial,compression,8,0.817076,2229.52,0.0,False,-181.60043334960938,train,weighted_all
red3-3.xls,red,new york strip steak,3,48,2.0,3,uniaxial,compression,8,0.816976,3352.18,2.0582049142453323,False,-181.782470703125,train,weighted_all
red3-4.xls,red,new york strip steak,3,48,2.0,4,uniaxial,compression,8,0.817652,2174.39,-0.10107141692261719,False,-180.5552520751953,train,weighted_all
red3-5.xls,red,new york strip steak,3,48,2.0,5,uniaxial,compression,8,0.817032,2597.43,0.6745,False,-181.68051147460938,test,weighted_all
red1-1.xls,red,new york strip steak,1,0,0.0,1,shear,shear,0,-0.00445599,5.78178,-0.6745,False,-2.1176486015319824,train,weighted_all
red1-2.xls,red,new york strip steak,1,0,0.0,2,shear,shear,0,0.00018854699999999998,18.2259,0.0,False,0.08960133790969849,train,weighted_all
red1-3.xls,red,new york strip steak,1,0,0.0,3,shear,shear,0,0.000752092,54.5413,1.96837842290174,False,0.35740959644317627,train,weighted_all
red1-4.xls,red,new york strip steak,1,0,0.0,4,shear,shear,0,0.00137044,35.751,0.9499008326824235,False,0.6512628793716431,train,weighted_all
red1-5.xls,red,new york strip steak,1,0,0.0,5,shear,shear,0,8.49255e-05,9.70022,-0.4621115161216704,False,0.04035831242799759,test,weighted_all
red1-1.xls,red,new york strip steak,1,0,0.0,1,shear,shear,1,-0.0044535799999999995,5.78178,-0.6745,False,-2.1165032386779785,train,weighted_all
red1-2.xls,red,new york strip steak,1,0,0.0,2,shear,shear,1,0.00018854699999999998,18.2259,0.0,False,0.08960133790969849,train,weighted_all
red1-3.xls,red,new york strip steak,1,0,0.0,3,shear,shear,1,0.0007517359999999999,54.5413,1.96837842290174,False,0.3572404086589813,train,weighted_all
red1-4.xls,red,new york strip steak,1,0,0.0,4,shear,shear,1,0.00197358,55.6651,2.029290974371832,False,0.9378913044929504,train,weighted_all
red1-5.xls,red,new york strip steak,1,0,0.0,5,shear,shear,1,8.49255e-05,9.70022,-0.4621115161216704,False,0.04035831242799759,test,weighted_all
red1-1.xls,red,new york strip steak,1,0,0.0,1,shear,shear,2,0.00411022,35.6817,0.0,False,1.953316569328308,train,weighted_all
red1-2.xls,red,new york strip steak,1,0,0.0,2,shear,shear,2,0.000188546,18.2259,-0.6242941048590638,False,0.08960086107254028,train,weighted_all
red1-3.xls,red,new york strip steak,1,0,0.0,3,shear,shear,2,0.0007517359999999999,54.5413,0.6745,False,0.3572404086589813,train,weighted_all
red1-4.xls,red,new york strip steak,1,0,0.0,4,shear,shear,2,0.00197357,55.6651,0.7146918969649411,False,0.9378865361213684,train,weighted_all
red1-5.xls,red,new york strip steak,1,0,0.0,5,shear,shear,2,8.49252e-05,9.70022,-0.929208904748775,False,0.04035817086696625,test,weighted_all
red1-1.xls,red,new york strip steak,1,0,0.0,1,shear,shear,3,0.0041102,35.6817,0.0,False,1.953307032585144,train,weighted_all
red1-2.xls,red,new york strip steak,1,0,0.0,2,shear,shear,3,0.000188546,18.2259,-0.6242941048590638,False,0.08960086107254028,train,weighted_all
red1-3.xls,red,new york strip steak,1,0,0.0,3,shear,shear,3,0.000751729,54.5413,0.6745,False,0.3572371006011963,train,weighted_all
red1-4.xls,red,new york strip steak,1,0,0.0,4,shear,shear,3,0.00197357,55.6651,0.7146918969649411,False,0.9378865361213684,train,weighted_all
red1-5.xls,red,new york strip steak,1,0,0.0,5,shear,shear,3,8.49252e-05,9.70022,-0.929208904748775,False,0.04035817086696625,test,weighted_all
red1-1.xls,red,new york strip steak,1,0,0.0,1,shear,shear,4,0.0041102,35.6817,0.0,False,1.953307032585144,train,weighted_all
red1-2.xls,red,new york strip steak,1,0,0.0,2,shear,shear,4,0.000188545,18.2259,-0.6242941048590638,False,0.08960039168596268,train,weighted_all
red1-3.xls,red,new york strip steak,1,0,0.0,3,shear,shear,4,0.000751729,54.5413,0.6745,False,0.3572371006011963,train,weighted_all
red1-4.xls,red,new york strip steak,1,0,0.0,4,shear,shear,4,0.00197357,55.6651,0.7146918969649411,False,0.9378865361213684,train,weighted_all
red1-5.xls,red,new york strip steak,1,0,0.0,5,shear,shear,4,8.49248e-05,9.70022,-0.929208904748775,False,0.040357980877161026,test,weighted_all
red1-1.xls,red,new york strip steak,1,0,0.0,1,shear,shear,5,0.00411018,35.6817,0.0,False,1.95329749584198,train,weighted_all
red1-2.xls,red,new york strip steak,1,0,0.0,2,shear,shear,5,0.009769710000000001,33.7443,-0.05029645347378201,False,4.643527030944824,train,weighted_all
red1-3.xls,red,new york strip steak,1,0,0.0,3,shear,shear,5,0.00967931,69.981,0.890437259540257,False,4.600546360015869,train,weighted_all
red1-4.xls,red,new york strip steak,1,0,0.0,4,shear,shear,5,0.010029300000000001,108.023,1.8780380043785034,False,4.766952991485596,train,weighted_all
red1-5.xls,red,new york strip steak,1,0,0.0,5,shear,shear,5,8.49248e-05,9.70022,-0.6745,False,0.040357980877161026,test,weighted_all
red1-1.xls,red,new york strip steak,1,0,0.0,1,shear,shear,6,0.00411017,35.6817,0.0,False,1.9532928466796875,train,weighted_all
red1-2.xls,red,new york strip steak,1,0,0.0,2,shear,shear,6,0.00976969,33.7443,-0.05029645347378201,False,4.64351749420166,train,weighted_all
red1-3.xls,red,new york strip steak,1,0,0.0,3,shear,shear,6,0.00967931,69.981,0.890437259540257,False,4.600546360015869,train,weighted_all
red1-4.xls,red,new york strip steak,1,0,0.0,4,shear,shear,6,0.010029300000000001,108.023,1.8780380043785034,False,4.766952991485596,train,weighted_all
red1-5.xls,red,new york strip steak,1,0,0.0,5,shear,shear,6,8.49246e-05,9.70022,-0.6745,False,0.040357884019613266,test,weighted_all
red1-1.xls,red,new york strip steak,1,0,0.0,1,shear,shear,7,0.0138864,96.0799,0.4857977699404197,False,6.601291179656982,train,weighted_all
red1-2.xls,red,new york strip steak,1,0,0.0,2,shear,shear,7,0.00976969,33.7443,-0.6745,False,4.64351749420166,train,weighted_all
red1-3.xls,red,new york strip steak,1,0,0.0,3,shear,shear,7,0.00967931,69.981,0.0,False,4.600546360015869,train,weighted_all
red1-4.xls,red,new york strip steak,1,0,0.0,4,shear,shear,7,0.010029300000000001,108.023,0.7081033593014818,False,4.766952991485596,train,weighted_all
red1-5.xls,red,new york strip steak,1,0,0.0,5,shear,shear,7,0.0130751,24.3278,-0.849776149594196,False,6.215383052825928,test,weighted_all
red1-1.xls,red,new york strip steak,1,0,0.0,1,shear,shear,8,0.0138864,96.0799,0.4857977699404197,False,6.601291179656982,train,weighted_all
red1-2.xls,red,new york strip steak,1,0,0.0,2,shear,shear,8,0.00976968,33.7443,-0.6745,False,4.643512725830078,train,weighted_all
red1-3.xls,red,new york strip steak,1,0,0.0,3,shear,shear,8,0.00967931,69.981,0.0,False,4.600546360015869,train,weighted_all
red1-4.xls,red,new york strip steak,1,0,0.0,4,shear,shear,8,0.010029300000000001,108.023,0.7081033593014818,False,4.766952991485596,train,weighted_all
red1-5.xls,red,new york strip steak,1,0,0.0,5,shear,shear,8,0.0130751,24.3278,-0.849776149594196,False,6.215383052825928,test,weighted_all
red1-1.xls,red,new york strip steak,1,0,0.0,1,shear,shear,9,0.0138864,96.0799,0.4857977699404197,False,6.601291179656982,train,weighted_all
red1-2.xls,red,new york strip steak,1,0,0.0,2,shear,shear,9,0.00976968,33.7443,-0.6745,False,4.643512725830078,train,weighted_all
red1-3.xls,red,new york strip steak,1,0,0.0,3,shear,shear,9,0.00967931,69.981,0.0,False,4.600546360015869,train,weighted_all
red1-4.xls,red,new york strip steak,1,0,0.0,4,shear,shear,9,0.010029300000000001,108.023,0.7081033593014818,False,4.766952991485596,train,weighted_all
red1-5.xls,red,new york strip steak,1,0,0.0,5,shear,shear,9,0.0130751,24.3278,-0.849776149594196,False,6.215383052825928,test,weighted_all
red1-1.xls,red,new york strip steak,1,0,0.0,1,shear,shear,10,0.0138864,96.0799,0.0,False,6.601291179656982,train,weighted_all
red1-2.xls,red,new york strip steak,1,0,0.0,2,shear,shear,10,0.0197698,92.1884,-0.05187579671963958,False,9.401337623596191,train,weighted_all
red1-3.xls,red,new york strip steak,1,0,0.0,3,shear,shear,10,0.019153299999999998,146.678,0.6744999999999999,False,9.107792854309082,train,weighted_all
red1-4.xls,red,new york strip steak,1,0,0.0,4,shear,shear,10,0.0204499,205.142,1.4538566952118757,False,9.725211143493652,train,weighted_all
red1-5.xls,red,new york strip steak,1,0,0.0,5,shear,shear,10,0.0130751,24.3278,-0.9564942448431857,False,6.215383052825928,test,weighted_all
red1-1.xls,red,new york strip steak,1,0,0.0,1,shear,shear,11,0.0138864,96.0799,0.0,False,6.601291179656982,train,weighted_all
red1-2.xls,red,new york strip steak,1,0,0.0,2,shear,shear,11,0.0197698,92.1884,-0.05187579671963958,False,9.401337623596191,train,weighted_all
red1-3.xls,red,new york strip steak,1,0,0.0,3,shear,shear,11,0.019153299999999998,146.678,0.6744999999999999,False,9.107792854309082,train,weighted_all
red1-4.xls,red,new york strip steak,1,0,0.0,4,shear,shear,11,0.0204499,205.142,1.4538566952118757,False,9.725211143493652,train,weighted_all
red1-5.xls,red,new york strip steak,1,0,0.0,5,shear,shear,11,0.0130751,24.3278,-0.9564942448431857,False,6.215383052825928,test,weighted_all
red1-1.xls,red,new york strip steak,1,0,0.0,1,shear,shear,12,0.023806400000000002,171.322,0.3050559739840264,False,11.324334144592285,train,weighted_all
red1-2.xls,red,new york strip steak,1,0,0.0,2,shear,shear,12,0.0197698,92.1884,-0.6745,False,9.401337623596191,train,weighted_all
red1-3.xls,red,new york strip steak,1,0,0.0,3,shear,shear,12,0.019153299999999998,146.678,0.0,False,9.107792854309082,train,weighted_all
red1-4.xls,red,new york strip steak,1,0,0.0,4,shear,shear,12,0.020449799999999997,205.142,0.7236971458773785,False,9.725164413452148,train,weighted_all
red1-5.xls,red,new york strip steak,1,0,0.0,5,shear,shear,12,0.0230069,66.987,-0.986455754859643,False,10.943320274353027,test,weighted_all
red1-1.xls,red,new york strip steak,1,0,0.0,1,shear,shear,13,0.023806400000000002,171.322,0.3050559739840264,False,11.324334144592285,train,weighted_all
red1-2.xls,red,new york strip steak,1,0,0.0,2,shear,shear,13,0.0197698,92.1884,-0.6745,False,9.401337623596191,train,weighted_all
red1-3.xls,red,new york strip steak,1,0,0.0,3,shear,shear,13,0.0191532,146.678,0.0,False,9.107745170593262,train,weighted_all
red1-4.xls,red,new york strip steak,1,0,0.0,4,shear,shear,13,0.020449799999999997,205.142,0.7236971458773785,False,9.725164413452148,train,weighted_all
red1-5.xls,red,new york strip steak,1,0,0.0,5,shear,shear,13,0.0230069,66.987,-0.986455754859643,False,10.943320274353027,test,weighted_all
red1-1.xls,red,new york strip steak,1,0,0.0,1,shear,shear,14,0.023806400000000002,171.322,0.0,False,11.324334144592285,train,weighted_all
red1-2.xls,red,new york strip steak,1,0,0.0,2,shear,shear,14,0.0197698,92.1884,-1.5782262921348318,False,9.401337623596191,train,weighted_all
red1-3.xls,red,new york strip steak,1,0,0.0,3,shear,shear,14,0.0285953,188.26,0.337808426966292,False,13.608223915100098,train,weighted_all
red1-4.xls,red,new york strip steak,1,0,0.0,4,shear,shear,14,0.020449799999999997,205.142,0.6745,False,9.725164413452148,train,weighted_all
red1-5.xls,red,new york strip steak,1,0,0.0,5,shear,shear,14,0.023006799999999997,66.987,-2.080838483146068,False,10.943273544311523,test,weighted_all
red1-1.xls,red,new york strip steak,1,0,0.0,1,shear,shear,15,0.023806400000000002,171.322,0.0,False,11.324334144592285,train,weighted_all
red1-2.xls,red,new york strip steak,1,0,0.0,2,shear,shear,15,0.0296493,124.636,-0.9310971910112362,False,14.111300468444824,train,weighted_all
red1-3.xls,red,new york strip steak,1,0,0.0,3,shear,shear,15,0.0285953,188.26,0.337808426966292,False,13.608223915100098,train,weighted_all
red1-4.xls,red,new york strip steak,1,0,0.0,4,shear,shear,15,0.020449799999999997,205.142,0.6745,False,9.725164413452148,train,weighted_all
red1-5.xls,red,new york strip steak,1,0,0.0,5,shear,shear,15,0.023006799999999997,66.987,-2.080838483146068,False,10.943273544311523,test,weighted_all
red1-1.xls,red,new york strip steak,1,0,0.0,1,shear,shear,16,0.023806400000000002,171.322,0.0,False,11.324334144592285,train,weighted_all
red1-2.xls,red,new york strip steak,1,0,0.0,2,shear,shear,16,0.0296493,124.636,-0.6745,False,14.111300468444824,train,weighted_all
red1-3.xls,red,new york strip steak,1,0,0.0,3,shear,shear,16,0.0285953,188.26,0.24471321166945104,False,13.608223915100098,train,weighted_all
red1-4.xls,red,new york strip steak,1,0,0.0,4,shear,shear,16,0.030852400000000002,267.278,1.3863325622242213,False,14.68574333190918,train,weighted_all
red1-5.xls,red,new york strip steak,1,0,0.0,5,shear,shear,16,0.023006799999999997,66.987,-1.5073888853189392,False,10.943273544311523,test,weighted_all
red1-1.xls,red,new york strip steak,1,0,0.0,1,shear,shear,17,0.0337716,219.266,0.32870531560417454,False,16.080509185791016,train,weighted_all
red1-2.xls,red,new york strip steak,1,0,0.0,2,shear,shear,17,0.0296492,124.636,-0.6745,False,14.111252784729004,train,weighted_all
red1-3.xls,red,new york strip steak,1,0,0.0,3,shear,shear,17,0.0285953,188.26,0.0,False,13.608223915100098,train,weighted_all
red1-4.xls,red,new york strip steak,1,0,0.0,4,shear,shear,17,0.030852400000000002,267.278,0.8376971111530244,False,14.68574333190918,train,weighted_all
red1-5.xls,red,new york strip steak,1,0,0.0,5,shear,shear,17,0.0329599,84.5135,-1.0998524809820194,False,15.692551612854004,test,weighted_all
red1-1.xls,red,new york strip steak,1,0,0.0,1,shear,shear,18,0.0337716,219.266,0.32870531560417454,False,16.080509185791016,train,weighted_all
red1-2.xls,red,new york strip steak,1,0,0.0,2,shear,shear,18,0.0296492,124.636,-0.6745,False,14.111252784729004,train,weighted_all
red1-3.xls,red,new york strip steak,1,0,0.0,3,shear,shear,18,0.0285953,188.26,0.0,False,13.608223915100098,train,weighted_all
red1-4.xls,red,new york strip steak,1,0,0.0,4,shear,shear,18,0.030852400000000002,267.278,0.8376971111530244,False,14.68574333190918,train,weighted_all
red1-5.xls,red,new york strip steak,1,0,0.0,5,shear,shear,18,0.0329599,84.5135,-1.0998524809820194,False,15.692551612854004,test,weighted_all
red1-1.xls,red,new york strip steak,1,0,0.0,1,shear,shear,19,0.033771499999999996,219.266,0.02183173445120714,False,16.080461502075195,train,weighted_all
red1-2.xls,red,new york strip steak,1,0,0.0,2,shear,shear,19,0.0296492,124.636,-1.2645549598935864,False,14.111252784729004,train,weighted_all
red1-3.xls,red,new york strip steak,1,0,0.0,3,shear,shear,19,0.0381034,217.66,0.0,False,18.15283966064453,train,weighted_all
red1-4.xls,red,new york strip steak,1,0,0.0,4,shear,shear,19,0.030852300000000003,267.278,0.6744999999999999,False,14.68569564819336,train,weighted_all
red1-5.xls,red,new york strip steak,1,0,0.0,5,shear,shear,19,0.0329599,84.5135,-1.8099744901043968,False,15.692551612854004,test,weighted_all
red1-1.xls,red,new york strip steak,1,0,0.0,1,shear,shear,20,0.033771499999999996,219.266,0.02183173445120714,False,16.080461502075195,train,weighted_all
red1-2.xls,red,new york strip steak,1,0,0.0,2,shear,shear,20,0.0396463,147.659,-0.9515835886170338,False,18.89179229736328,train,weighted_all
red1-3.xls,red,new york strip steak,1,0,0.0,3,shear,shear,20,0.0381034,217.66,0.0,False,18.15283966064453,train,weighted_all
red1-4.xls,red,new york strip steak,1,0,0.0,4,shear,shear,20,0.030852300000000003,267.278,0.6744999999999999,False,14.68569564819336,train,weighted_all
red1-5.xls,red,new york strip steak,1,0,0.0,5,shear,shear,20,0.0329599,84.5135,-1.8099744901043968,False,15.692551612854004,test,weighted_all
red1-1.xls,red,new york strip steak,1,0,0.0,1,shear,shear,21,0.033771499999999996,219.266,0.015474736075198873,False,16.080461502075195,train,weighted_all
red1-2.xls,red,new york strip steak,1,0,0.0,2,shear,shear,21,0.0396463,147.659,-0.6745,False,18.89179229736328,train,weighted_all
red1-3.xls,red,new york strip steak,1,0,0.0,3,shear,shear,21,0.0381034,217.66,0.0,False,18.15283966064453,train,weighted_all
red1-4.xls,red,new york strip steak,1,0,0.0,4,shear,shear,21,0.041228,315.816,0.9457896601477118,False,19.649803161621094,train,weighted_all
red1-5.xls,red,new york strip steak,1,0,0.0,5,shear,shear,21,0.0329599,84.5135,-1.282943304381366,False,15.692551612854004,test,weighted_all
red1-1.xls,red,new york strip steak,1,0,0.0,1,shear,shear,22,0.0437002,255.93,0.36875351780688853,False,20.835609436035156,train,weighted_all
red1-2.xls,red,new york strip steak,1,0,0.0,2,shear,shear,22,0.0396463,147.659,-0.6745,False,18.89179229736328,train,weighted_all
red1-3.xls,red,new york strip steak,1,0,0.0,3,shear,shear,22,0.0381034,217.66,0.0,False,18.15283966064453,train,weighted_all
red1-4.xls,red,new york strip steak,1,0,0.0,4,shear,shear,22,0.041228,315.816,0.9457896601477118,False,19.649803161621094,train,weighted_all
red1-5.xls,red,new york strip steak,1,0,0.0,5,shear,shear,22,0.0429064,94.0514,-1.1910401379980284,False,20.454723358154297,test,weighted_all
red1-1.xls,red,new york strip steak,1,0,0.0,1,shear,shear,23,0.0437001,255.93,0.1436473761680095,False,20.835561752319336,train,weighted_all
red1-2.xls,red,new york strip steak,1,0,0.0,2,shear,shear,23,0.0396463,147.659,-0.816108567373277,False,18.89179229736328,train,weighted_all
red1-3.xls,red,new york strip steak,1,0,0.0,3,shear,shear,23,0.0475902,239.725,0.0,False,22.70415496826172,train,weighted_all
red1-4.xls,red,new york strip steak,1,0,0.0,4,shear,shear,23,0.041227900000000005,315.816,0.6745,False,19.64975357055664,train,weighted_all
red1-5.xls,red,new york strip steak,1,0,0.0,5,shear,shear,23,0.0429063,94.0514,-1.2913070297407054,False,20.454673767089844,test,weighted_all
red1-1.xls,red,new york strip steak,1,0,0.0,1,shear,shear,24,0.0437001,255.93,0.1436473761680095,False,20.835561752319336,train,weighted_all
red1-2.xls,red,new york strip steak,1,0,0.0,2,shear,shear,24,0.0396463,147.659,-0.816108567373277,False,18.89179229736328,train,weighted_all
red1-3.xls,red,new york strip steak,1,0,0.0,3,shear,shear,24,0.0475902,239.725,0.0,False,22.70415496826172,train,weighted_all
red1-4.xls,red,new york strip steak,1,0,0.0,4,shear,shear,24,0.041227900000000005,315.816,0.6745,False,19.64975357055664,train,weighted_all
red1-5.xls,red,new york strip steak,1,0,0.0,5,shear,shear,24,0.0429063,94.0514,-1.2913070297407054,False,20.454673767089844,test,weighted_all
red1-1.xls,red,new york strip steak,1,0,0.0,1,shear,shear,25,0.0437001,255.93,0.1468392398941388,False,20.835561752319336,train,weighted_all
red1-2.xls,red,new york strip steak,1,0,0.0,2,shear,shear,25,0.0495442,165.288,-0.6745,False,23.644071578979492,train,weighted_all
red1-3.xls,red,new york strip steak,1,0,0.0,3,shear,shear,25,0.0475902,239.725,0.0,False,22.70415496826172,train,weighted_all
red1-4.xls,red,new york strip steak,1,0,0.0,4,shear,shear,25,0.041227900000000005,315.816,0.6894874793449494,False,19.64975357055664,train,weighted_all
red1-5.xls,red,new york strip steak,1,0,0.0,5,shear,shear,25,0.0429063,94.0514,-1.3200000429893737,False,20.454673767089844,test,weighted_all
red1-1.xls,red,new york strip steak,1,0,0.0,1,shear,shear,26,0.0437001,255.93,0.1468392398941388,False,20.835561752319336,train,weighted_all
red1-2.xls,red,new york strip steak,1,0,0.0,2,shear,shear,26,0.0495442,165.288,-0.6745,False,23.644071578979492,train,weighted_all
red1-3.xls,red,new york strip steak,1,0,0.0,3,shear,shear,26,0.0475902,239.725,0.0,False,22.70415496826172,train,weighted_all
red1-4.xls,red,new york strip steak,1,0,0.0,4,shear,shear,26,0.0516786,354.986,1.0444207114741326,False,24.67184066772461,train,weighted_all
red1-5.xls,red,new york strip steak,1,0,0.0,5,shear,shear,26,0.0429063,94.0514,-1.3200000429893737,False,20.454673767089844,test,weighted_all
red1-1.xls,red,new york strip steak,1,0,0.0,1,shear,shear,27,0.0536386,285.027,0.4104974542230343,False,25.61663246154785,train,weighted_all
red1-2.xls,red,new york strip steak,1,0,0.0,2,shear,shear,27,0.0495442,165.288,-0.6745,False,23.644071578979492,train,weighted_all
red1-3.xls,red,new york strip steak,1,0,0.0,3,shear,shear,27,0.0475902,239.725,0.0,False,22.70415496826172,train,weighted_all
red1-4.xls,red,new york strip steak,1,0,0.0,4,shear,shear,27,0.0516786,354.986,1.0444207114741326,False,24.67184066772461,train,weighted_all
red1-5.xls,red,new york strip steak,1,0,0.0,5,shear,shear,27,0.0528622,100.248,-1.2638504574338032,False,25.242265701293945,test,weighted_all
red1-1.xls,red,new york strip steak,1,0,0.0,1,shear,shear,28,0.0536386,285.027,0.4104974542230343,False,25.61663246154785,train,weighted_all
red1-2.xls,red,new york strip steak,1,0,0.0,2,shear,shear,28,0.0495442,165.288,-0.6745,False,23.644071578979492,train,weighted_all
red1-3.xls,red,new york strip steak,1,0,0.0,3,shear,shear,28,0.0475902,239.725,0.0,False,22.70415496826172,train,weighted_all
red1-4.xls,red,new york strip steak,1,0,0.0,4,shear,shear,28,0.0516786,354.986,1.0444207114741326,False,24.67184066772461,train,weighted_all
red1-5.xls,red,new york strip steak,1,0,0.0,5,shear,shear,28,0.0528622,100.248,-1.2638504574338032,False,25.242265701293945,test,weighted_all
red1-1.xls,red,new york strip steak,1,0,0.0,1,shear,shear,29,0.0536386,285.027,0.19796360051852638,False,25.61663246154785,train,weighted_all
red1-2.xls,red,new york strip steak,1,0,0.0,2,shear,shear,29,0.049544,165.288,-0.6745,False,23.64397621154785,train,weighted_all
red1-3.xls,red,new york strip steak,1,0,0.0,3,shear,shear,29,0.0571254,257.858,0.0,False,27.29994773864746,train,weighted_all
red1-4.xls,red,new york strip steak,1,0,0.0,4,shear,shear,29,0.0516784,354.986,0.7077113103597278,False,24.67174530029297,train,weighted_all
red1-5.xls,red,new york strip steak,1,0,0.0,5,shear,shear,29,0.0528622,100.248,-1.1484060170681647,False,25.242265701293945,test,weighted_all
red1-1.xls,red,new york strip steak,1,0,0.0,1,shear,shear,30,0.0536386,285.027,0.231245226948654,False,25.61663246154785,train,weighted_all
red1-2.xls,red,new york strip steak,1,0,0.0,2,shear,shear,30,0.059487899999999996,178.611,-0.6745,False,28.442424774169922,train,weighted_all
red1-3.xls,red,new york strip steak,1,0,0.0,3,shear,shear,30,0.0571254,257.858,0.0,False,27.29994773864746,train,weighted_all
red1-4.xls,red,new york strip steak,1,0,0.0,4,shear,shear,30,0.0516784,354.986,0.8266916854896713,False,24.67174530029297,train,weighted_all
red1-5.xls,red,new york strip steak,1,0,0.0,5,shear,shear,30,0.0528622,100.248,-1.3414759549257382,False,25.242265701293945,test,weighted_all
red1-1.xls,red,new york strip steak,1,0,0.0,1,shear,shear,31,0.0536386,285.027,0.231245226948654,False,25.61663246154785,train,weighted_all
red1-2.xls,red,new york strip steak,1,0,0.0,2,shear,shear,31,0.059487899999999996,178.611,-0.6745,False,28.442424774169922,train,weighted_all
red1-3.xls,red,new york strip steak,1,0,0.0,3,shear,shear,31,0.0571254,257.858,0.0,False,27.29994773864746,train,weighted_all
red1-4.xls,red,new york strip steak,1,0,0.0,4,shear,shear,31,0.0620313,388.048,1.1080943758123334,False,29.674198150634766,train,weighted_all
red1-5.xls,red,new york strip steak,1,0,0.0,5,shear,shear,31,0.052862099999999995,100.248,-1.3414759549257382,False,25.242218017578125,test,weighted_all
red1-1.xls,red,new york strip steak,1,0,0.0,1,shear,shear,32,0.0636034,307.582,0.42321902406400225,False,30.436569213867188,train,weighted_all
red1-2.xls,red,new york strip steak,1,0,0.0,2,shear,shear,32,0.059487899999999996,178.611,-0.6745,False,28.442424774169922,train,weighted_all
red1-3.xls,red,new york strip steak,1,0,0.0,3,shear,shear,32,0.0571254,257.858,0.0,False,27.29994773864746,train,weighted_all
red1-4.xls,red,new york strip steak,1,0,0.0,4,shear,shear,32,0.0620313,388.048,1.1080943758123334,False,29.674198150634766,train,weighted_all
red1-5.xls,red,new york strip steak,1,0,0.0,5,shear,shear,32,0.0627852,103.948,-1.3099839110628795,False,30.03969955444336,test,weighted_all
red1-1.xls,red,new york strip steak,1,0,0.0,1,shear,shear,33,0.0636034,307.582,0.258869164493943,False,30.436569213867188,train,weighted_all
red1-2.xls,red,new york strip steak,1,0,0.0,2,shear,shear,33,0.059487899999999996,178.611,-0.6745,False,28.442424774169922,train,weighted_all
red1-3.xls,red,new york strip steak,1,0,0.0,3,shear,shear,33,0.0665849,271.812,0.0,False,31.884531021118164,train,weighted_all
red1-4.xls,red,new york strip steak,1,0,0.0,4,shear,shear,33,0.0620313,388.048,0.8412053733329039,False,29.674198150634766,train,weighted_all
red1-5.xls,red,new york strip steak,1,0,0.0,5,shear,shear,33,0.0627852,103.948,-1.2148396261842684,False,30.03969955444336,test,weighted_all
red1-1.xls,red,new york strip steak,1,0,0.0,1,shear,shear,34,0.0636034,307.582,0.258869164493943,False,30.436569213867188,train,weighted_all
red1-2.xls,red,new york strip steak,1,0,0.0,2,shear,shear,34,0.059487899999999996,178.611,-0.6745,False,28.442424774169922,train,weighted_all
red1-3.xls,red,new york strip steak,1,0,0.0,3,shear,shear,34,0.0665849,271.812,0.0,False,31.884531021118164,train,weighted_all
red1-4.xls,red,new york strip steak,1,0,0.0,4,shear,shear,34,0.0620313,388.048,0.8412053733329039,False,29.674198150634766,train,weighted_all
red1-5.xls,red,new york strip steak,1,0,0.0,5,shear,shear,34,0.0627852,103.948,-1.2148396261842684,False,30.03969955444336,test,weighted_all
red1-1.xls,red,new york strip steak,1,0,0.0,1,shear,shear,35,0.0636034,307.582,0.2810318458724999,False,30.436569213867188,train,weighted_all
red1-2.xls,red,new york strip steak,1,0,0.0,2,shear,shear,35,0.0694183,185.961,-0.6745,False,33.26327133178711,train,weighted_all
red1-3.xls,red,new york strip steak,1,0,0.0,3,shear,shear,35,0.0665849,271.812,0.0,False,31.884531021118164,train,weighted_all
red1-4.xls,red,new york strip steak,1,0,0.0,4,shear,shear,35,0.0620311,388.048,0.9132238646026254,False,29.674102783203125,train,weighted_all
red1-5.xls,red,new york strip steak,1,0,0.0,5,shear,shear,35,0.0627853,103.948,-1.3188462335907563,False,30.039745330810547,test,weighted_all
red1-1.xls,red,new york strip steak,1,0,0.0,1,shear,shear,36,0.0636034,307.582,0.2810318458724999,False,30.436569213867188,train,weighted_all
red1-2.xls,red,new york strip steak,1,0,0.0,2,shear,shear,36,0.0694183,185.961,-0.6745,False,33.26327133178711,train,weighted_all
red1-3.xls,red,new york strip steak,1,0,0.0,3,shear,shear,36,0.0665849,271.812,0.0,False,31.884531021118164,train,weighted_all
red1-4.xls,red,new york strip steak,1,0,0.0,4,shear,shear,36,0.0724322,416.06,1.133303933559306,False,34.73285675048828,train,weighted_all
red1-5.xls,red,new york strip steak,1,0,0.0,5,shear,shear,36,0.0726782,108.031,-1.2867675915248513,False,34.85295104980469,test,weighted_all
red1-1.xls,red,new york strip steak,1,0,0.0,1,shear,shear,37,0.0735519,324.946,0.41745446180009566,False,35.27965545654297,train,weighted_all
red1-2.xls,red,new york strip steak,1,0,0.0,2,shear,shear,37,0.0694183,185.961,-0.6745,False,33.26327133178711,train,weighted_all
red1-3.xls,red,new york strip steak,1,0,0.0,3,shear,shear,37,0.0665849,271.812,0.0,False,31.884531021118164,train,weighted_all
red1-4.xls,red,new york strip steak,1,0,0.0,4,shear,shear,37,0.0724322,416.06,1.133303933559306,False,34.73285675048828,train,weighted_all
red1-5.xls,red,new york strip steak,1,0,0.0,5,shear,shear,37,0.072678,108.031,-1.2867675915248513,False,34.85285568237305,test,weighted_all
red1-1.xls,red,new york strip steak,1,0,0.0,1,shear,shear,38,0.0735519,324.946,0.27679516971941803,False,35.27965545654297,train,weighted_all
red1-2.xls,red,new york strip steak,1,0,0.0,2,shear,shear,38,0.0694183,185.961,-0.6745,False,33.26327133178711,train,weighted_all
red1-3.xls,red,new york strip steak,1,0,0.0,3,shear,shear,38,0.07613260000000001,284.506,0.0,False,36.54164505004883,train,weighted_all
red1-4.xls,red,new york strip steak,1,0,0.0,4,shear,shear,38,0.0724322,416.06,0.9004330305951602,False,34.73285675048828,train,weighted_all
red1-5.xls,red,new york strip steak,1,0,0.0,5,shear,shear,38,0.072678,108.031,-1.2078988025775028,False,34.85285568237305,test,weighted_all
red1-1.xls,red,new york strip steak,1,0,0.0,1,shear,shear,39,0.0735519,324.946,0.27679516971941803,False,35.27965545654297,train,weighted_all
red1-2.xls,red,new york strip steak,1,0,0.0,2,shear,shear,39,0.0694183,185.961,-0.6745,False,33.26327133178711,train,weighted_all
red1-3.xls,red,new york strip steak,1,0,0.0,3,shear,shear,39,0.07613260000000001,284.506,0.0,False,36.54164505004883,train,weighted_all
red1-4.xls,red,new york strip steak,1,0,0.0,4,shear,shear,39,0.0724322,416.06,0.9004330305951602,False,34.73285675048828,train,weighted_all
red1-5.xls,red,new york strip steak,1,0,0.0,5,shear,shear,39,0.072678,108.031,-1.2078988025775028,False,34.85285568237305,test,weighted_all
red1-1.xls,red,new york strip steak,1,0,0.0,1,shear,shear,40,0.0735519,324.946,0.3029844380019333,False,35.27965545654297,train,weighted_all
red1-2.xls,red,new york strip steak,1,0,0.0,2,shear,shear,40,0.0793451,194.479,-0.6745,False,38.1161003112793,train,weighted_all
red1-3.xls,red,new york strip steak,1,0,0.0,3,shear,shear,40,0.07613260000000001,284.506,0.0,False,36.54164505004883,train,weighted_all
red1-4.xls,red,new york strip steak,1,0,0.0,4,shear,shear,40,0.0724322,416.06,0.9856284559076729,False,34.73285675048828,train,weighted_all
red1-5.xls,red,new york strip steak,1,0,0.0,5,shear,shear,40,0.072678,108.031,-1.322185427705022,False,34.85285568237305,test,weighted_all
red1-1.xls,red,new york strip steak,1,0,0.0,1,shear,shear,41,0.0735518,324.946,0.3029844380019333,False,35.279605865478516,train,weighted_all
red1-2.xls,red,new york strip steak,1,0,0.0,2,shear,shear,41,0.0793451,194.479,-0.6745,False,38.1161003112793,train,weighted_all
red1-3.xls,red,new york strip steak,1,0,0.0,3,shear,shear,41,0.07613260000000001,284.506,0.0,False,36.54164505004883,train,weighted_all
red1-4.xls,red,new york strip steak,1,0,0.0,4,shear,shear,41,0.08283979999999999,439.211,1.1590803036866726,False,39.833457946777344,train,weighted_all
red1-5.xls,red,new york strip steak,1,0,0.0,5,shear,shear,41,0.0825937,109.792,-1.3089916691659171,False,39.71235275268555,test,weighted_all
red1-1.xls,red,new york strip steak,1,0,0.0,1,shear,shear,42,0.0834277,340.554,0.4199226454285938,False,40.122840881347656,train,weighted_all
red1-2.xls,red,new york strip steak,1,0,0.0,2,shear,shear,42,0.0793451,194.479,-0.6745,False,38.1161003112793,train,weighted_all
red1-3.xls,red,new york strip steak,1,0,0.0,3,shear,shear,42,0.07613260000000001,284.506,0.0,False,36.54164505004883,train,weighted_all
red1-4.xls,red,new york strip steak,1,0,0.0,4,shear,shear,42,0.08283979999999999,439.211,1.1590803036866726,False,39.833457946777344,train,weighted_all
red1-5.xls,red,new york strip steak,1,0,0.0,5,shear,shear,42,0.0825937,109.792,-1.3089916691659171,False,39.71235275268555,test,weighted_all
red1-1.xls,red,new york strip steak,1,0,0.0,1,shear,shear,43,0.0834277,340.554,0.3061569806212738,False,40.122840881347656,train,weighted_all
red1-2.xls,red,new york strip steak,1,0,0.0,2,shear,shear,43,0.0793451,194.479,-0.6745000000000001,False,38.1161003112793,train,weighted_all
red1-3.xls,red,new york strip steak,1,0,0.0,3,shear,shear,43,0.0855892,294.95,0.0,False,41.188053131103516,train,weighted_all
red1-4.xls,red,new york strip steak,1,0,0.0,4,shear,shear,43,0.08283979999999999,439.211,0.9684789093370231,False,39.833457946777344,train,weighted_all
red1-5.xls,red,new york strip steak,1,0,0.0,5,shear,shear,43,0.0825937,109.792,-1.2430360103910583,False,39.71235275268555,test,weighted_all
red1-1.xls,red,new york strip steak,1,0,0.0,1,shear,shear,44,0.0834277,340.554,0.3061569806212738,False,40.122840881347656,train,weighted_all
red1-2.xls,red,new york strip steak,1,0,0.0,2,shear,shear,44,0.0793451,194.479,-0.6745000000000001,False,38.1161003112793,train,weighted_all
red1-3.xls,red,new york strip steak,1,0,0.0,3,shear,shear,44,0.0855892,294.95,0.0,False,41.188053131103516,train,weighted_all
red1-4.xls,red,new york strip steak,1,0,0.0,4,shear,shear,44,0.08283979999999999,439.211,0.9684789093370231,False,39.833457946777344,train,weighted_all
red1-5.xls,red,new york strip steak,1,0,0.0,5,shear,shear,44,0.0825937,109.792,-1.2430360103910583,False,39.71235275268555,test,weighted_all
red1-1.xls,red,new york strip steak,1,0,0.0,1,shear,shear,45,0.0834277,340.554,0.3275361025630104,False,40.122840881347656,train,weighted_all
red1-2.xls,red,new york strip steak,1,0,0.0,2,shear,shear,45,0.0893159,201.037,-0.6745,False,43.0292854309082,train,weighted_all
red1-3.xls,red,new york strip steak,1,0,0.0,3,shear,shear,45,0.0855892,294.95,0.0,False,41.188053131103516,train,weighted_all
red1-4.xls,red,new york strip steak,1,0,0.0,4,shear,shear,45,0.0828397,439.211,1.0361083609297972,False,39.833404541015625,train,weighted_all
red1-5.xls,red,new york strip steak,1,0,0.0,5,shear,shear,45,0.0825937,109.792,-1.3298379457583083,False,39.71235275268555,test,weighted_all
red1-1.xls,red,new york strip steak,1,0,0.0,1,shear,shear,46,0.0834277,340.554,0.3275361025630104,False,40.122840881347656,train,weighted_all
red1-2.xls,red,new york strip steak,1,0,0.0,2,shear,shear,46,0.0893159,201.037,-0.6745,False,43.0292854309082,train,weighted_all
red1-3.xls,red,new york strip steak,1,0,0.0,3,shear,shear,46,0.0855892,294.95,0.0,False,41.188053131103516,train,weighted_all
red1-4.xls,red,new york strip steak,1,0,0.0,4,shear,shear,46,0.0828397,439.211,1.0361083609297972,False,39.833404541015625,train,weighted_all
red1-5.xls,red,new york strip steak,1,0,0.0,5,shear,shear,46,0.0925407,111.699,-1.3161415299266341,False,44.62748718261719,test,weighted_all
red1-1.xls,red,new york strip steak,1,0,0.0,1,shear,shear,47,0.0934333,353.728,0.4221541320158021,False,45.0706787109375,train,weighted_all
red1-2.xls,red,new york strip steak,1,0,0.0,2,shear,shear,47,0.0893158,201.037,-0.6745,False,43.029239654541016,train,weighted_all
red1-3.xls,red,new york strip steak,1,0,0.0,3,shear,shear,47,0.0855892,294.95,0.0,False,41.188053131103516,train,weighted_all
red1-4.xls,red,new york strip steak,1,0,0.0,4,shear,shear,47,0.0932373,459.402,1.1811237421869178,False,44.97333908081055,train,weighted_all
red1-5.xls,red,new york strip steak,1,0,0.0,5,shear,shear,47,0.0925409,111.699,-1.3161415299266341,False,44.62758255004883,test,weighted_all
red1-1.xls,red,new york strip steak,1,0,0.0,1,shear,shear,48,0.0934333,353.728,0.32337886230851987,False,45.0706787109375,train,weighted_all
red1-2.xls,red,new york strip steak,1,0,0.0,2,shear,shear,48,0.0893158,201.037,-0.6745,False,43.029239654541016,train,weighted_all
red1-3.xls,red,new york strip steak,1,0,0.0,3,shear,shear,48,0.0950574,304.246,0.0,False,45.8780403137207,train,weighted_all
red1-4.xls,red,new york strip steak,1,0,0.0,4,shear,shear,48,0.0932373,459.402,1.0139883343506866,False,44.97333908081055,train,weighted_all
red1-5.xls,red,new york strip steak,1,0,0.0,5,shear,shear,48,0.0925409,111.699,-1.258349092617892,False,44.62758255004883,test,weighted_all
red1-1.xls,red,new york strip steak,1,0,0.0,1,shear,shear,49,0.0934334,353.728,0.32337886230851987,False,45.07072830200195,train,weighted_all
red1-2.xls,red,new york strip steak,1,0,0.0,2,shear,shear,49,0.0893158,201.037,-0.6745,False,43.029239654541016,train,weighted_all
red1-3.xls,red,new york strip steak,1,0,0.0,3,shear,shear,49,0.0950574,304.246,0.0,False,45.8780403137207,train,weighted_all
red1-4.xls,red,new york strip steak,1,0,0.0,4,shear,shear,49,0.0932373,459.402,1.0139883343506866,False,44.97333908081055,train,weighted_all
red1-5.xls,red,new york strip steak,1,0,0.0,5,shear,shear,49,0.0925407,111.699,-1.258349092617892,False,44.62748718261719,test,weighted_all
red1-1.xls,red,new york strip steak,1,0,0.0,1,shear,shear,50,0.0934334,353.728,0.3400296367989407,False,45.07072830200195,train,weighted_all
red1-2.xls,red,new york strip steak,1,0,0.0,2,shear,shear,50,0.09916140000000001,206.091,-0.6745,False,47.92377471923828,train,weighted_all
red1-3.xls,red,new york strip steak,1,0,0.0,3,shear,shear,50,0.0950574,304.246,0.0,False,45.8780403137207,train,weighted_all
red1-4.xls,red,new york strip steak,1,0,0.0,4,shear,shear,50,0.0932373,459.402,1.0661985838724468,False,44.97333908081055,train,weighted_all
red1-5.xls,red,new york strip steak,1,0,0.0,5,shear,shear,50,0.0925407,111.699,-1.323141475217768,False,44.62748718261719,test,weighted_all
red1-1.xls,red,new york strip steak,1,0,0.0,1,shear,shear,51,0.09343320000000001,353.728,0.3400296367989407,False,45.07063293457031,train,weighted_all
red1-2.xls,red,new york strip steak,1,0,0.0,2,shear,shear,51,0.09916140000000001,206.091,-0.6745,False,47.92377471923828,train,weighted_all
red1-3.xls,red,new york strip steak,1,0,0.0,3,shear,shear,51,0.0950574,304.246,0.0,False,45.8780403137207,train,weighted_all
red1-4.xls,red,new york strip steak,1,0,0.0,4,shear,shear,51,0.0932371,459.402,1.0661985838724468,False,44.973243713378906,train,weighted_all
red1-5.xls,red,new york strip steak,1,0,0.0,5,shear,shear,51,0.10242699999999999,114.143,-1.3063468340889413,False,49.557456970214844,test,weighted_all
red1-1.xls,red,new york strip steak,1,0,0.0,1,shear,shear,52,0.103276,363.122,0.33123917275170217,False,49.983055114746094,train,weighted_all
red1-2.xls,red,new york strip steak,1,0,0.0,2,shear,shear,52,0.09916140000000001,206.091,-0.6745,False,47.92377471923828,train,weighted_all
red1-3.xls,red,new york strip steak,1,0,0.0,3,shear,shear,52,0.10454599999999999,311.404,0.0,False,50.62040328979492,train,weighted_all
red1-4.xls,red,new york strip steak,1,0,0.0,4,shear,shear,52,0.103629,476.237,1.055708777643786,False,50.16014099121094,train,weighted_all
red1-5.xls,red,new york strip steak,1,0,0.0,5,shear,shear,52,0.10242699999999999,114.143,-1.263400952399039,False,49.557456970214844,test,weighted_all
red1-1.xls,red,new york strip steak,1,0,0.0,1,shear,shear,53,0.103276,363.122,0.33123917275170217,False,49.983055114746094,train,weighted_all
red1-2.xls,red,new york strip steak,1,0,0.0,2,shear,shear,53,0.09916140000000001,206.091,-0.6745,False,47.92377471923828,train,weighted_all
red1-3.xls,red,new york strip steak,1,0,0.0,3,shear,shear,53,0.10454599999999999,311.404,0.0,False,50.62040328979492,train,weighted_all
red1-4.xls,red,new york strip steak,1,0,0.0,4,shear,shear,53,0.103629,476.237,1.055708777643786,False,50.16014099121094,train,weighted_all
red1-5.xls,red,new york strip steak,1,0,0.0,5,shear,shear,53,0.10242699999999999,114.143,-1.263400952399039,False,49.557456970214844,test,weighted_all
red1-1.xls,red,new york strip steak,1,0,0.0,1,shear,shear,54,0.103276,363.122,0.33123917275170217,False,49.983055114746094,train,weighted_all
red1-2.xls,red,new york strip steak,1,0,0.0,2,shear,shear,54,0.09916140000000001,206.091,-0.6745,False,47.92377471923828,train,weighted_all
red1-3.xls,red,new york strip steak,1,0,0.0,3,shear,shear,54,0.10454599999999999,311.404,0.0,False,50.62040328979492,train,weighted_all
red1-4.xls,red,new york strip steak,1,0,0.0,4,shear,shear,54,0.103629,476.237,1.055708777643786,False,50.16014099121094,train,weighted_all
red1-5.xls,red,new york strip steak,1,0,0.0,5,shear,shear,54,0.10242699999999999,114.143,-1.263400952399039,False,49.557456970214844,test,weighted_all
red1-1.xls,red,new york strip steak,1,0,0.0,1,shear,shear,55,0.103276,363.122,0.35390225121488517,False,49.983055114746094,train,weighted_all
red1-2.xls,red,new york strip steak,1,0,0.0,2,shear,shear,55,0.109153,212.835,-0.6745,False,52.939517974853516,train,weighted_all
red1-3.xls,red,new york strip steak,1,0,0.0,3,shear,shear,55,0.10454599999999999,311.404,0.0,False,50.62040328979492,train,weighted_all
red1-4.xls,red,new york strip steak,1,0,0.0,4,shear,shear,55,0.103629,476.237,1.1279393977822645,False,50.16014099121094,train,weighted_all
red1-5.xls,red,new york strip steak,1,0,0.0,5,shear,shear,55,0.10242699999999999,114.143,-1.3498416794326817,False,49.557456970214844,test,weighted_all
red1-1.xls,red,new york strip steak,1,0,0.0,1,shear,shear,56,0.103276,363.122,0.35390225121488517,False,49.983055114746094,train,weighted_all
red1-2.xls,red,new york strip steak,1,0,0.0,2,shear,shear,56,0.109153,212.835,-0.6745,False,52.939517974853516,train,weighted_all
red1-3.xls,red,new york strip steak,1,0,0.0,3,shear,shear,56,0.10454599999999999,311.404,0.0,False,50.62040328979492,train,weighted_all
red1-4.xls,red,new york strip steak,1,0,0.0,4,shear,shear,56,0.103629,476.237,1.1279393977822645,False,50.16014099121094,train,weighted_all
red1-5.xls,red,new york strip steak,1,0,0.0,5,shear,shear,56,0.11239800000000001,114.464,-1.347645101401049,False,54.57985305786133,test,weighted_all
red1-1.xls,red,new york strip steak,1,0,0.0,1,shear,shear,57,0.113236,371.581,0.34813692886613723,False,55.004417419433594,train,weighted_all
red1-2.xls,red,new york strip steak,1,0,0.0,2,shear,shear,57,0.109153,212.835,-0.6745,False,52.939517974853516,train,weighted_all
red1-3.xls,red,new york strip steak,1,0,0.0,3,shear,shear,57,0.114093,317.539,0.0,False,55.438995361328125,train,weighted_all
red1-4.xls,red,new york strip steak,1,0,0.0,4,shear,shear,57,0.114024,490.078,1.1114910175351467,False,55.40398406982422,train,weighted_all
red1-5.xls,red,new york strip steak,1,0,0.0,5,shear,shear,57,0.11239800000000001,114.464,-1.3082030056158316,False,54.57985305786133,test,weighted_all
red1-1.xls,red,new york strip steak,1,0,0.0,1,shear,shear,58,0.113236,371.581,0.34813692886613723,False,55.004417419433594,train,weighted_all
red1-2.xls,red,new york strip steak,1,0,0.0,2,shear,shear,58,0.109153,212.835,-0.6745,False,52.939517974853516,train,weighted_all
red1-3.xls,red,new york strip steak,1,0,0.0,3,shear,shear,58,0.114093,317.539,0.0,False,55.438995361328125,train,weighted_all
red1-4.xls,red,new york strip steak,1,0,0.0,4,shear,shear,58,0.114024,490.078,1.1114910175351467,False,55.40398406982422,train,weighted_all
red1-5.xls,red,new york strip steak,1,0,0.0,5,shear,shear,58,0.11239800000000001,114.464,-1.3082030056158316,False,54.57985305786133,test,weighted_all
red1-1.xls,red,new york strip steak,1,0,0.0,1,shear,shear,59,0.113236,371.581,0.34813692886613723,False,55.004417419433594,train,weighted_all
red1-2.xls,red,new york strip steak,1,0,0.0,2,shear,shear,59,0.109153,212.835,-0.6745,False,52.939517974853516,train,weighted_all
red1-3.xls,red,new york strip steak,1,0,0.0,3,shear,shear,59,0.114093,317.539,0.0,False,55.438995361328125,train,weighted_all
red1-4.xls,red,new york strip steak,1,0,0.0,4,shear,shear,59,0.114024,490.078,1.1114910175351467,False,55.40398406982422,train,weighted_all
red1-5.xls,red,new york strip steak,1,0,0.0,5,shear,shear,59,0.11239800000000001,114.464,-1.3082030056158316,False,54.57985305786133,test,weighted_all
red1-1.xls,red,new york strip steak,1,0,0.0,1,shear,shear,60,0.113236,371.581,0.363477379468515,False,55.004417419433594,train,weighted_all
red1-2.xls,red,new york strip steak,1,0,0.0,2,shear,shear,60,0.119042,217.254,-0.6745,False,57.956871032714844,train,weighted_all
red1-3.xls,red,new york strip steak,1,0,0.0,3,shear,shear,60,0.114093,317.539,0.0,False,55.438995361328125,train,weighted_all
red1-4.xls,red,new york strip steak,1,0,0.0,4,shear,shear,60,0.114024,490.078,1.1604682205713714,False,55.40398406982422,train,weighted_all
red1-5.xls,red,new york strip steak,1,0,0.0,5,shear,shear,60,0.11239800000000001,114.464,-1.3658482076083163,False,54.57985305786133,test,weighted_all
red1-1.xls,red,new york strip steak,1,0,0.0,1,shear,shear,61,0.113236,371.581,0.363477379468515,False,55.004417419433594,train,weighted_all
red1-2.xls,red,new york strip steak,1,0,0.0,2,shear,shear,61,0.119042,217.254,-0.6745,False,57.956871032714844,train,weighted_all
red1-3.xls,red,new york strip steak,1,0,0.0,3,shear,shear,61,0.114093,317.539,0.0,False,55.438995361328125,train,weighted_all
red1-4.xls,red,new york strip steak,1,0,0.0,4,shear,shear,61,0.114024,490.078,1.1604682205713714,False,55.40398406982422,train,weighted_all
red1-5.xls,red,new york strip steak,1,0,0.0,5,shear,shear,61,0.122305,113.916,-1.369533963204866,False,59.624874114990234,test,weighted_all
red1-1.xls,red,new york strip steak,1,0,0.0,1,shear,shear,62,0.123116,377.335,0.3756734603563647,False,60.04041290283203,train,weighted_all
red1-2.xls,red,new york strip steak,1,0,0.0,2,shear,shear,62,0.119042,217.254,-0.6744999999999999,False,57.956871032714844,train,weighted_all
red1-3.xls,red,new york strip steak,1,0,0.0,3,shear,shear,62,0.12353,320.07,0.0,False,60.252723693847656,train,weighted_all
red1-4.xls,red,new york strip steak,1,0,0.0,4,shear,shear,62,0.124421,500.229,1.1818904207516339,False,60.70995330810547,train,weighted_all
red1-5.xls,red,new york strip steak,1,0,0.0,5,shear,shear,62,0.122305,113.916,-1.3524244572829132,False,59.624874114990234,test,weighted_all
red1-1.xls,red,new york strip steak,1,0,0.0,1,shear,shear,63,0.123116,377.335,0.3756734603563647,False,60.04041290283203,train,weighted_all
red1-2.xls,red,new york strip steak,1,0,0.0,2,shear,shear,63,0.119042,217.254,-0.6744999999999999,False,57.956871032714844,train,weighted_all
red1-3.xls,red,new york strip steak,1,0,0.0,3,shear,shear,63,0.12353,320.07,0.0,False,60.252723693847656,train,weighted_all
red1-4.xls,red,new york strip steak,1,0,0.0,4,shear,shear,63,0.124421,500.229,1.1818904207516339,False,60.70995330810547,train,weighted_all
red1-5.xls,red,new york strip steak,1,0,0.0,5,shear,shear,63,0.122304,113.916,-1.3524244572829132,False,59.62435531616211,test,weighted_all
red1-1.xls,red,new york strip steak,1,0,0.0,1,shear,shear,64,0.123116,377.335,0.3756734603563647,False,60.04041290283203,train,weighted_all
red1-2.xls,red,new york strip steak,1,0,0.0,2,shear,shear,64,0.119042,217.254,-0.6744999999999999,False,57.956871032714844,train,weighted_all
red1-3.xls,red,new york strip steak,1,0,0.0,3,shear,shear,64,0.12353,320.07,0.0,False,60.252723693847656,train,weighted_all
red1-4.xls,red,new york strip steak,1,0,0.0,4,shear,shear,64,0.124421,500.229,1.1818904207516339,False,60.70995330810547,train,weighted_all
red1-5.xls,red,new york strip steak,1,0,0.0,5,shear,shear,64,0.122304,113.916,-1.3524244572829132,False,59.62435531616211,test,weighted_all
red1-1.xls,red,new york strip steak,1,0,0.0,1,shear,shear,65,0.123116,377.335,0.38030071875153837,False,60.04041290283203,train,weighted_all
red1-2.xls,red,new york strip steak,1,0,0.0,2,shear,shear,65,0.12893100000000002,218.505,-0.6745,False,63.03201675415039,train,weighted_all
red1-3.xls,red,new york strip steak,1,0,0.0,3,shear,shear,65,0.12353,320.07,0.0,False,60.252723693847656,train,weighted_all
red1-4.xls,red,new york strip steak,1,0,0.0,4,shear,shear,65,0.124421,500.229,1.1964480431250921,False,60.70995330810547,train,weighted_all
red1-5.xls,red,new york strip steak,1,0,0.0,5,shear,shear,65,0.122304,113.916,-1.3690825875055384,False,59.62435531616211,test,weighted_all
red1-1.xls,red,new york strip steak,1,0,0.0,1,shear,shear,66,0.123116,377.335,0.38030071875153837,False,60.04041290283203,train,weighted_all
red1-2.xls,red,new york strip steak,1,0,0.0,2,shear,shear,66,0.12893100000000002,218.505,-0.6745,False,63.03201675415039,train,weighted_all
red1-3.xls,red,new york strip steak,1,0,0.0,3,shear,shear,66,0.12353,320.07,0.0,False,60.252723693847656,train,weighted_all
red1-4.xls,red,new york strip steak,1,0,0.0,4,shear,shear,66,0.124421,500.229,1.1964480431250921,False,60.70995330810547,train,weighted_all
red1-5.xls,red,new york strip steak,1,0,0.0,5,shear,shear,66,0.132185,114.643,-1.364254531580761,False,64.71546936035156,test,weighted_all
red1-1.xls,red,new york strip steak,1,0,0.0,1,shear,shear,67,0.133036,383.095,0.3739578079992448,False,65.1568603515625,train,weighted_all
red1-2.xls,red,new york strip steak,1,0,0.0,2,shear,shear,67,0.12893000000000002,218.505,-0.6745000000000001,False,63.03150177001953,train,weighted_all
red1-3.xls,red,new york strip steak,1,0,0.0,3,shear,shear,67,0.133022,324.39,0.0,False,65.14961242675781,train,weighted_all
red1-4.xls,red,new york strip steak,1,0,0.0,4,shear,shear,67,0.124421,500.229,1.1201152712848845,False,60.70995330810547,train,weighted_all
red1-5.xls,red,new york strip steak,1,0,0.0,5,shear,shear,67,0.132185,114.643,-1.3361132502242998,False,64.71546936035156,test,weighted_all
red1-1.xls,red,new york strip steak,1,0,0.0,1,shear,shear,68,0.133036,383.095,0.3739578079992448,False,65.1568603515625,train,weighted_all
red1-2.xls,red,new york strip steak,1,0,0.0,2,shear,shear,68,0.12893000000000002,218.505,-0.6745000000000001,False,63.03150177001953,train,weighted_all
red1-3.xls,red,new york strip steak,1,0,0.0,3,shear,shear,68,0.133022,324.39,0.0,False,65.14961242675781,train,weighted_all
red1-4.xls,red,new york strip steak,1,0,0.0,4,shear,shear,68,0.134829,506.746,1.1616293337111017,False,66.08844757080078,train,weighted_all
red1-5.xls,red,new york strip steak,1,0,0.0,5,shear,shear,68,0.132185,114.643,-1.3361132502242998,False,64.71546936035156,test,weighted_all
red1-1.xls,red,new york strip steak,1,0,0.0,1,shear,shear,69,0.133036,383.095,0.3878703703703707,False,65.1568603515625,train,weighted_all
red1-2.xls,red,new york strip steak,1,0,0.0,2,shear,shear,69,0.138868,222.303,-0.6745000000000001,False,68.19490814208984,train,weighted_all
red1-3.xls,red,new york strip steak,1,0,0.0,3,shear,shear,69,0.133022,324.39,0.0,False,65.14961242675781,train,weighted_all
red1-4.xls,red,new york strip steak,1,0,0.0,4,shear,shear,69,0.134829,506.746,1.204846082263168,False,66.08844757080078,train,weighted_all
red1-5.xls,red,new york strip steak,1,0,0.0,5,shear,shear,69,0.132185,114.643,-1.385821421924437,False,64.71546936035156,test,weighted_all
red1-1.xls,red,new york strip steak,1,0,0.0,1,shear,shear,70,0.133036,383.095,0.3878703703703707,False,65.1568603515625,train,weighted_all
red1-2.xls,red,new york strip steak,1,0,0.0,2,shear,shear,70,0.138868,222.303,-0.6745000000000001,False,68.19490814208984,train,weighted_all
red1-3.xls,red,new york strip steak,1,0,0.0,3,shear,shear,70,0.133022,324.39,0.0,False,65.14961242675781,train,weighted_all
red1-4.xls,red,new york strip steak,1,0,0.0,4,shear,shear,70,0.134829,506.746,1.204846082263168,False,66.08844757080078,train,weighted_all
red1-5.xls,red,new york strip steak,1,0,0.0,5,shear,shear,70,0.132185,114.643,-1.385821421924437,False,64.71546936035156,test,weighted_all
red1-1.xls,red,new york strip steak,1,0,0.0,1,shear,shear,71,0.133036,383.095,0.3436868058619753,False,65.1568603515625,train,weighted_all
red1-2.xls,red,new york strip steak,1,0,0.0,2,shear,shear,71,0.138868,222.303,-0.6745,False,68.19490814208984,train,weighted_all
red1-3.xls,red,new york strip steak,1,0,0.0,3,shear,shear,71,0.142477,328.82,0.0,False,70.08665466308594,train,weighted_all
red1-4.xls,red,new york strip steak,1,0,0.0,4,shear,shear,71,0.134829,506.746,1.126684820263432,False,66.08844757080078,train,weighted_all
red1-5.xls,red,new york strip steak,1,0,0.0,5,shear,shear,71,0.142118,115.214,-1.3526220884929168,False,69.89807891845703,test,weighted_all
red1-1.xls,red,new york strip steak,1,0,0.0,1,shear,shear,72,0.142944,387.255,0.37002926762864147,False,70.33210754394531,train,weighted_all
red1-2.xls,red,new york strip steak,1,0,0.0,2,shear,shear,72,0.138868,222.303,-0.6745,False,68.19490814208984,train,weighted_all
red1-3.xls,red,new york strip steak,1,0,0.0,3,shear,shear,72,0.142477,328.82,0.0,False,70.08665466308594,train,weighted_all
red1-4.xls,red,new york strip steak,1,0,0.0,4,shear,shear,72,0.134829,506.746,1.126684820263432,False,66.08844757080078,train,weighted_all
red1-5.xls,red,new york strip steak,1,0,0.0,5,shear,shear,72,0.142118,115.214,-1.3526220884929168,False,69.89807891845703,test,weighted_all
red1-1.xls,red,new york strip steak,1,0,0.0,1,shear,shear,73,0.142944,387.255,0.37002926762864147,False,70.33210754394531,train,weighted_all
red1-2.xls,red,new york strip steak,1,0,0.0,2,shear,shear,73,0.138868,222.303,-0.6745,False,68.19490814208984,train,weighted_all
red1-3.xls,red,new york strip steak,1,0,0.0,3,shear,shear,73,0.142477,328.82,0.0,False,70.08665466308594,train,weighted_all
red1-4.xls,red,new york strip steak,1,0,0.0,4,shear,shear,73,0.145221,509.863,1.1464226696208117,False,71.53114318847656,train,weighted_all
red1-5.xls,red,new york strip steak,1,0,0.0,5,shear,shear,73,0.142118,115.214,-1.3526220884929168,False,69.89807891845703,test,weighted_all
red1-1.xls,red,new york strip steak,1,0,0.0,1,shear,shear,74,0.142944,387.255,0.3829020702183881,False,70.33210754394531,train,weighted_all
red1-2.xls,red,new york strip steak,1,0,0.0,2,shear,shear,74,0.14876,225.884,-0.6745,False,73.40223693847656,train,weighted_all
red1-3.xls,red,new york strip steak,1,0,0.0,3,shear,shear,74,0.142477,328.82,0.0,False,70.08665466308594,train,weighted_all
red1-4.xls,red,new york strip steak,1,0,0.0,4,shear,shear,74,0.145221,509.863,1.1863051167715861,False,71.53114318847656,train,weighted_all
red1-5.xls,red,new york strip steak,1,0,0.0,5,shear,shear,74,0.142118,115.214,-1.3996779260899976,False,69.89807891845703,test,weighted_all
red1-1.xls,red,new york strip steak,1,0,0.0,1,shear,shear,75,0.142944,387.255,0.3829020702183881,False,70.33210754394531,train,weighted_all
red1-2.xls,red,new york strip steak,1,0,0.0,2,shear,shear,75,0.14876,225.884,-0.6745,False,73.40223693847656,train,weighted_all
red1-3.xls,red,new york strip steak,1,0,0.0,3,shear,shear,75,0.142477,328.82,0.0,False,70.08665466308594,train,weighted_all
red1-4.xls,red,new york strip steak,1,0,0.0,4,shear,shear,75,0.145221,509.863,1.1863051167715861,False,71.53114318847656,train,weighted_all
red1-5.xls,red,new york strip steak,1,0,0.0,5,shear,shear,75,0.142118,115.214,-1.3996779260899976,False,69.89807891845703,test,weighted_all
red1-1.xls,red,new york strip steak,1,0,0.0,1,shear,shear,76,0.142944,387.255,0.36620007553447825,False,70.33210754394531,train,weighted_all
red1-2.xls,red,new york strip steak,1,0,0.0,2,shear,shear,76,0.14876,225.884,-0.6745000000000001,False,73.40223693847656,train,weighted_all
red1-3.xls,red,new york strip steak,1,0,0.0,3,shear,shear,76,0.151982,330.472,0.0,False,75.1137924194336,train,weighted_all
red1-4.xls,red,new york strip steak,1,0,0.0,4,shear,shear,76,0.145221,509.863,1.1569131210081465,False,71.53114318847656,train,weighted_all
red1-5.xls,red,new york strip steak,1,0,0.0,5,shear,shear,76,0.152038,118.031,-1.3700563592381534,False,75.14363098144531,test,weighted_all
red1-1.xls,red,new york strip steak,1,0,0.0,1,shear,shear,77,0.152867,392.964,0.4030180709067963,False,75.58528900146484,train,weighted_all
red1-2.xls,red,new york strip steak,1,0,0.0,2,shear,shear,77,0.14876,225.884,-0.6745000000000001,False,73.40223693847656,train,weighted_all
red1-3.xls,red,new york strip steak,1,0,0.0,3,shear,shear,77,0.151982,330.472,0.0,False,75.1137924194336,train,weighted_all
red1-4.xls,red,new york strip steak,1,0,0.0,4,shear,shear,77,0.145221,509.863,1.1569131210081465,False,71.53114318847656,train,weighted_all
red1-5.xls,red,new york strip steak,1,0,0.0,5,shear,shear,77,0.152038,118.031,-1.3700563592381534,False,75.14363098144531,test,weighted_all
red1-1.xls,red,new york strip steak,1,0,0.0,1,shear,shear,78,0.152867,392.964,0.4030180709067963,False,75.58528900146484,train,weighted_all
red1-2.xls,red,new york strip steak,1,0,0.0,2,shear,shear,78,0.14876,225.884,-0.6745000000000001,False,73.40223693847656,train,weighted_all
red1-3.xls,red,new york strip steak,1,0,0.0,3,shear,shear,78,0.151982,330.472,0.0,False,75.1137924194336,train,weighted_all
red1-4.xls,red,new york strip steak,1,0,0.0,4,shear,shear,78,0.15561,511.074,1.164722998814396,False,77.05046844482422,train,weighted_all
red1-5.xls,red,new york strip steak,1,0,0.0,5,shear,shear,78,0.152038,118.031,-1.3700563592381534,False,75.14363098144531,test,weighted_all
red1-1.xls,red,new york strip steak,1,0,0.0,1,shear,shear,79,0.152867,392.964,0.4098244450710253,False,75.58528900146484,train,weighted_all
red1-2.xls,red,new york strip steak,1,0,0.0,2,shear,shear,79,0.158702,227.621,-0.6745,False,78.70907592773438,train,weighted_all
red1-3.xls,red,new york strip steak,1,0,0.0,3,shear,shear,79,0.151982,330.472,0.0,False,75.1137924194336,train,weighted_all
red1-4.xls,red,new york strip steak,1,0,0.0,4,shear,shear,79,0.15561,511.074,1.184393433218929,False,77.05046844482422,train,weighted_all
red1-5.xls,red,new york strip steak,1,0,0.0,5,shear,shear,79,0.152038,118.031,-1.393194567870026,False,75.14363098144531,test,weighted_all
red1-1.xls,red,new york strip steak,1,0,0.0,1,shear,shear,80,0.152867,392.964,0.4098244450710253,False,75.58528900146484,train,weighted_all
red1-2.xls,red,new york strip steak,1,0,0.0,2,shear,shear,80,0.158702,227.621,-0.6745,False,78.70907592773438,train,weighted_all
red1-3.xls,red,new york strip steak,1,0,0.0,3,shear,shear,80,0.151982,330.472,0.0,False,75.1137924194336,train,weighted_all
red1-4.xls,red,new york strip steak,1,0,0.0,4,shear,shear,80,0.15561,511.074,1.184393433218929,False,77.05046844482422,train,weighted_all
red1-5.xls,red,new york strip steak,1,0,0.0,5,shear,shear,80,0.152038,118.031,-1.393194567870026,False,75.14363098144531,test,weighted_all
red1-1.xls,red,new york strip steak,1,0,0.0,1,shear,shear,81,0.152868,392.964,0.4175435304140065,False,75.5858154296875,train,weighted_all
red1-2.xls,red,new york strip steak,1,0,0.0,2,shear,shear,81,0.158702,227.621,-0.6745,False,78.70907592773438,train,weighted_all
red1-3.xls,red,new york strip steak,1,0,0.0,3,shear,shear,81,0.161464,329.745,0.0,False,80.19709014892578,train,weighted_all
red1-4.xls,red,new york strip steak,1,0,0.0,4,shear,shear,81,0.15561,511.074,1.1976265177627199,False,77.05046844482422,train,weighted_all
red1-5.xls,red,new york strip steak,1,0,0.0,5,shear,shear,81,0.161945,118.068,-1.3980664339430497,False,80.45686340332031,test,weighted_all
red1-1.xls,red,new york strip steak,1,0,0.0,1,shear,shear,82,0.162791,397.462,0.4472515422427636,False,80.91419219970703,train,weighted_all
red1-2.xls,red,new york strip steak,1,0,0.0,2,shear,shear,82,0.158702,227.621,-0.6745,False,78.70907592773438,train,weighted_all
red1-3.xls,red,new york strip steak,1,0,0.0,3,shear,shear,82,0.161464,329.745,0.0,False,80.19709014892578,train,weighted_all
red1-4.xls,red,new york strip steak,1,0,0.0,4,shear,shear,82,0.15561,511.074,1.1976265177627199,False,77.05046844482422,train,weighted_all
red1-5.xls,red,new york strip steak,1,0,0.0,5,shear,shear,82,0.161945,118.068,-1.3980664339430497,False,80.45686340332031,test,weighted_all
red1-1.xls,red,new york strip steak,1,0,0.0,1,shear,shear,83,0.162792,397.462,0.4472515422427636,False,80.91471862792969,train,weighted_all
red1-2.xls,red,new york strip steak,1,0,0.0,2,shear,shear,83,0.158702,227.621,-0.6745,False,78.70907592773438,train,weighted_all
red1-3.xls,red,new york strip steak,1,0,0.0,3,shear,shear,83,0.161464,329.745,0.0,False,80.19709014892578,train,weighted_all
red1-4.xls,red,new york strip steak,1,0,0.0,4,shear,shear,83,0.165973,510.843,1.1961008284046846,False,82.63958740234375,train,weighted_all
red1-5.xls,red,new york strip steak,1,0,0.0,5,shear,shear,83,0.161945,118.068,-1.3980664339430497,False,80.45686340332031,test,weighted_all
red1-1.xls,red,new york strip steak,1,0,0.0,1,shear,shear,84,0.162792,397.462,0.4566415710229544,False,80.91471862792969,train,weighted_all
red1-2.xls,red,new york strip steak,1,0,0.0,2,shear,shear,84,0.168613,229.721,-0.6745,False,84.07747650146484,train,weighted_all
red1-3.xls,red,new york strip steak,1,0,0.0,3,shear,shear,84,0.161464,329.745,0.0,False,80.19709014892578,train,weighted_all
red1-4.xls,red,new york strip steak,1,0,0.0,4,shear,shear,84,0.165973,510.843,1.2212129188994643,False,82.63958740234375,train,weighted_all
red1-5.xls,red,new york strip steak,1,0,0.0,5,shear,shear,84,0.161945,118.068,-1.427418784491722,False,80.45686340332031,test,weighted_all
red1-1.xls,red,new york strip steak,1,0,0.0,1,shear,shear,85,0.162792,397.462,0.4566415710229544,False,80.91471862792969,train,weighted_all
red1-2.xls,red,new york strip steak,1,0,0.0,2,shear,shear,85,0.168613,229.721,-0.6745,False,84.07747650146484,train,weighted_all
red1-3.xls,red,new york strip steak,1,0,0.0,3,shear,shear,85,0.161464,329.745,0.0,False,80.19709014892578,train,weighted_all
red1-4.xls,red,new york strip steak,1,0,0.0,4,shear,shear,85,0.165973,510.843,1.2212129188994643,False,82.63958740234375,train,weighted_all
red1-5.xls,red,new york strip steak,1,0,0.0,5,shear,shear,85,0.161945,118.068,-1.427418784491722,False,80.45686340332031,test,weighted_all
red1-1.xls,red,new york strip steak,1,0,0.0,1,shear,shear,86,0.162792,397.462,0.44023658567825347,False,80.91471862792969,train,weighted_all
red1-2.xls,red,new york strip steak,1,0,0.0,2,shear,shear,86,0.168613,229.721,-0.6745,False,84.07747650146484,train,weighted_all
red1-3.xls,red,new york strip steak,1,0,0.0,3,shear,shear,86,0.170982,331.217,0.0,False,85.37276458740234,train,weighted_all
red1-4.xls,red,new york strip steak,1,0,0.0,4,shear,shear,86,0.165973,510.843,1.1937193288405459,False,82.63958740234375,train,weighted_all
red1-5.xls,red,new york strip steak,1,0,0.0,5,shear,shear,86,0.171936,117.815,-1.4181805095767324,False,85.89573669433594,test,weighted_all
red1-1.xls,red,new york strip steak,1,0,0.0,1,shear,shear,87,0.17272500000000002,403.191,0.4783091254827776,False,86.32886505126953,train,weighted_all
red1-2.xls,red,new york strip steak,1,0,0.0,2,shear,shear,87,0.168613,229.721,-0.6745,False,84.07747650146484,train,weighted_all
red1-3.xls,red,new york strip steak,1,0,0.0,3,shear,shear,87,0.170982,331.217,0.0,False,85.37276458740234,train,weighted_all
red1-4.xls,red,new york strip steak,1,0,0.0,4,shear,shear,87,0.165973,510.843,1.1937193288405459,False,82.63958740234375,train,weighted_all
red1-5.xls,red,new york strip steak,1,0,0.0,5,shear,shear,87,0.171936,117.815,-1.4181805095767324,False,85.89573669433594,test,weighted_all
red1-1.xls,red,new york strip steak,1,0,0.0,1,shear,shear,88,0.17272500000000002,403.191,0.4783091254827776,False,86.32886505126953,train,weighted_all
red1-2.xls,red,new york strip steak,1,0,0.0,2,shear,shear,88,0.168613,229.721,-0.6745,False,84.07747650146484,train,weighted_all
red1-3.xls,red,new york strip steak,1,0,0.0,3,shear,shear,88,0.170982,331.217,0.0,False,85.37276458740234,train,weighted_all
red1-4.xls,red,new york strip steak,1,0,0.0,4,shear,shear,88,0.176373,507.657,1.172546504295736,False,88.33844757080078,train,weighted_all
red1-5.xls,red,new york strip steak,1,0,0.0,5,shear,shear,88,0.171936,117.815,-1.4181805095767324,False,85.89573669433594,test,weighted_all
red1-1.xls,red,new york strip steak,1,0,0.0,1,shear,shear,89,0.17272500000000002,403.191,0.4803916937143762,False,86.32886505126953,train,weighted_all
red1-2.xls,red,new york strip steak,1,0,0.0,2,shear,shear,89,0.17854,230.161,-0.6745,False,89.53777313232422,train,weighted_all
red1-3.xls,red,new york strip steak,1,0,0.0,3,shear,shear,89,0.170982,331.217,0.0,False,85.37276458740234,train,weighted_all
red1-4.xls,red,new york strip steak,1,0,0.0,4,shear,shear,89,0.176373,507.657,1.1776517970234328,False,88.33844757080078,train,weighted_all
red1-5.xls,red,new york strip steak,1,0,0.0,5,shear,shear,89,0.171936,117.815,-1.424355298052565,False,85.89573669433594,test,weighted_all
red1-1.xls,red,new york strip steak,1,0,0.0,1,shear,shear,90,0.17272500000000002,403.191,0.4599271911663212,False,86.32886505126953,train,weighted_all
red1-2.xls,red,new york strip steak,1,0,0.0,2,shear,shear,90,0.17854,230.161,-0.6745,False,89.53777313232422,train,weighted_all
red1-3.xls,red,new york strip steak,1,0,0.0,3,shear,shear,90,0.180453,333.04,0.0,False,90.5999984741211,train,weighted_all
red1-4.xls,red,new york strip steak,1,0,0.0,4,shear,shear,90,0.176373,507.657,1.144831953071083,False,88.33844757080078,train,weighted_all
red1-5.xls,red,new york strip steak,1,0,0.0,5,shear,shear,90,0.171936,117.815,-1.4110679779158037,False,85.89573669433594,test,weighted_all
red1-1.xls,red,new york strip steak,1,0,0.0,1,shear,shear,91,0.17272500000000002,403.191,0.4599271911663212,False,86.32886505126953,train,weighted_all
red1-2.xls,red,new york strip steak,1,0,0.0,2,shear,shear,91,0.17854,230.161,-0.6745,False,89.53777313232422,train,weighted_all
red1-3.xls,red,new york strip steak,1,0,0.0,3,shear,shear,91,0.180453,333.04,0.0,False,90.5999984741211,train,weighted_all
red1-4.xls,red,new york strip steak,1,0,0.0,4,shear,shear,91,0.176373,507.657,1.144831953071083,False,88.33844757080078,train,weighted_all
red1-5.xls,red,new york strip steak,1,0,0.0,5,shear,shear,91,0.181812,118.644,-1.4056328502415458,False,91.35662841796875,test,weighted_all
red1-1.xls,red,new york strip steak,1,0,0.0,1,shear,shear,92,0.18263300000000002,407.063,0.4853129744651481,False,91.81454467773438,train,weighted_all
red1-2.xls,red,new york strip steak,1,0,0.0,2,shear,shear,92,0.17854,230.161,-0.6745,False,89.53777313232422,train,weighted_all
red1-3.xls,red,new york strip steak,1,0,0.0,3,shear,shear,92,0.180453,333.04,0.0,False,90.5999984741211,train,weighted_all
red1-4.xls,red,new york strip steak,1,0,0.0,4,shear,shear,92,0.176373,507.657,1.144831953071083,False,88.33844757080078,train,weighted_all
red1-5.xls,red,new york strip steak,1,0,0.0,5,shear,shear,92,0.181812,118.644,-1.4056328502415458,False,91.35662841796875,test,weighted_all
red1-1.xls,red,new york strip steak,1,0,0.0,1,shear,shear,93,0.18263300000000002,407.063,0.4853129744651481,False,91.81454467773438,train,weighted_all
red1-2.xls,red,new york strip steak,1,0,0.0,2,shear,shear,93,0.17854,230.161,-0.6745,False,89.53777313232422,train,weighted_all
red1-3.xls,red,new york strip steak,1,0,0.0,3,shear,shear,93,0.180453,333.04,0.0,False,90.5999984741211,train,weighted_all
red1-4.xls,red,new york strip steak,1,0,0.0,4,shear,shear,93,0.176373,507.657,1.144831953071083,False,88.33844757080078,train,weighted_all
red1-5.xls,red,new york strip steak,1,0,0.0,5,shear,shear,93,0.181813,118.644,-1.4056328502415458,False,91.35720825195312,test,weighted_all
red1-1.xls,red,new york strip steak,1,0,0.0,1,shear,shear,94,0.18263300000000002,407.063,0.49681101613962436,False,91.81454467773438,train,weighted_all
red1-2.xls,red,new york strip steak,1,0,0.0,2,shear,shear,94,0.188467,232.542,-0.6745,False,95.08650970458984,train,weighted_all
red1-3.xls,red,new york strip steak,1,0,0.0,3,shear,shear,94,0.180453,333.04,0.0,False,90.5999984741211,train,weighted_all
red1-4.xls,red,new york strip steak,1,0,0.0,4,shear,shear,94,0.186785,502.113,1.1347463481860331,False,94.13992309570312,train,weighted_all
red1-5.xls,red,new york strip steak,1,0,0.0,5,shear,shear,94,0.181813,118.644,-1.4389351230870264,False,91.35720825195312,test,weighted_all
red1-1.xls,red,new york strip steak,1,0,0.0,1,shear,shear,95,0.18263200000000002,407.063,0.45491506437932977,False,91.81401062011719,train,weighted_all
red1-2.xls,red,new york strip steak,1,0,0.0,2,shear,shear,95,0.188467,232.542,-0.6745,False,95.08650970458984,train,weighted_all
red1-3.xls,red,new york strip steak,1,0,0.0,3,shear,shear,95,0.18996500000000002,336.768,0.0,False,95.93184661865234,train,weighted_all
red1-4.xls,red,new york strip steak,1,0,0.0,4,shear,shear,95,0.186785,502.113,1.0700324535144787,False,94.13992309570312,train,weighted_all
red1-5.xls,red,new york strip steak,1,0,0.0,5,shear,shear,95,0.181813,118.644,-1.411592481722411,False,91.35720825195312,test,weighted_all
red1-1.xls,red,new york strip steak,1,0,0.0,1,shear,shear,96,0.192584,411.764,0.4853376508740625,False,97.4149169921875,train,weighted_all
red1-2.xls,red,new york strip steak,1,0,0.0,2,shear,shear,96,0.188467,232.542,-0.6745,False,95.08650970458984,train,weighted_all
red1-3.xls,red,new york strip steak,1,0,0.0,3,shear,shear,96,0.18996500000000002,336.768,0.0,False,95.93184661865234,train,weighted_all
red1-4.xls,red,new york strip steak,1,0,0.0,4,shear,shear,96,0.186785,502.113,1.0700324535144787,False,94.13992309570312,train,weighted_all
red1-5.xls,red,new york strip steak,1,0,0.0,5,shear,shear,96,0.19171700000000003,120.01,-1.4027523938364708,False,96.92320251464844,test,weighted_all
red1-1.xls,red,new york strip steak,1,0,0.0,1,shear,shear,97,0.192585,411.764,0.4853376508740625,False,97.41546630859375,train,weighted_all
red1-2.xls,red,new york strip steak,1,0,0.0,2,shear,shear,97,0.188467,232.542,-0.6745,False,95.08650970458984,train,weighted_all
red1-3.xls,red,new york strip steak,1,0,0.0,3,shear,shear,97,0.18996500000000002,336.768,0.0,False,95.93184661865234,train,weighted_all
red1-4.xls,red,new york strip steak,1,0,0.0,4,shear,shear,97,0.186785,502.113,1.0700324535144787,False,94.13992309570312,train,weighted_all
red1-5.xls,red,new york strip steak,1,0,0.0,5,shear,shear,97,0.19171600000000003,120.01,-1.4027523938364708,False,96.92266845703125,test,weighted_all
red1-1.xls,red,new york strip steak,1,0,0.0,1,shear,shear,98,0.192585,411.764,0.4853376508740625,False,97.41546630859375,train,weighted_all
red1-2.xls,red,new york strip steak,1,0,0.0,2,shear,shear,98,0.188467,232.542,-0.6745,False,95.08650970458984,train,weighted_all
red1-3.xls,red,new york strip steak,1,0,0.0,3,shear,shear,98,0.18996500000000002,336.768,0.0,False,95.93184661865234,train,weighted_all
red1-4.xls,red,new york strip steak,1,0,0.0,4,shear,shear,98,0.186785,502.113,1.0700324535144787,False,94.13992309570312,train,weighted_all
red1-5.xls,red,new york strip steak,1,0,0.0,5,shear,shear,98,0.19171600000000003,120.01,-1.4027523938364708,False,96.92266845703125,test,weighted_all
red1-1.xls,red,new york strip steak,1,0,0.0,1,shear,shear,99,0.192584,411.764,0.4805928649470338,False,97.4149169921875,train,weighted_all
red1-2.xls,red,new york strip steak,1,0,0.0,2,shear,shear,99,0.19837,231.513,-0.6745,False,100.71517181396484,train,weighted_all
red1-3.xls,red,new york strip steak,1,0,0.0,3,shear,shear,99,0.18996500000000002,336.768,0.0,False,95.93184661865234,train,weighted_all
red1-4.xls,red,new york strip steak,1,0,0.0,4,shear,shear,99,0.197156,498.06,1.0335989169160615,False,100.01998138427734,train,weighted_all
red1-5.xls,red,new york strip steak,1,0,0.0,5,shear,shear,99,0.19171600000000003,120.01,-1.3890387250011877,False,96.92266845703125,test,weighted_all
red2-1.xls,red,new york strip steak,2,24,1.0,1,shear,shear,0,-2.41094e-05,13.5404,0.0,False,-0.006065655965358019,train,weighted_all
red2-2.xls,red,new york strip steak,2,24,1.0,2,shear,shear,0,1.12871e-05,43.266,0.6785127885806334,False,0.0028397084679454565,train,weighted_all
red2-3.xls,red,new york strip steak,2,24,1.0,3,shear,shear,0,0.015583800000000002,89.1552,1.725973867843437,False,3.9223520755767822,train,weighted_all
red2-4.xls,red,new york strip steak,2,24,1.0,4,shear,shear,0,0.00124467,9.91565,-0.08273808536775208,False,0.31314584612846375,train,weighted_all
red2-5.xls,red,new york strip steak,2,24,1.0,5,shear,shear,0,-0.0012962499999999999,-16.0094,-0.6744999999999999,False,-0.3261229991912842,test,weighted_all
red2-1.xls,red,new york strip steak,2,24,1.0,1,shear,shear,1,-2.40954e-05,13.5404,0.0,False,-0.006062133703380823,train,weighted_all
red2-2.xls,red,new york strip steak,2,24,1.0,2,shear,shear,1,1.12871e-05,43.266,0.6785127885806334,False,0.0028397084679454565,train,weighted_all
red2-3.xls,red,new york strip steak,2,24,1.0,3,shear,shear,1,0.015583800000000002,89.1552,1.725973867843437,False,3.9223520755767822,train,weighted_all
red2-4.xls,red,new york strip steak,2,24,1.0,4,shear,shear,1,0.00124467,9.91565,-0.08273808536775208,False,0.31314584612846375,train,weighted_all
red2-5.xls,red,new york strip steak,2,24,1.0,5,shear,shear,1,-0.0012962499999999999,-16.0094,-0.6744999999999999,False,-0.3261229991912842,test,weighted_all
red2-1.xls,red,new york strip steak,2,24,1.0,1,shear,shear,2,-2.40954e-05,13.5404,0.0,False,-0.006062133703380823,train,weighted_all
red2-4.xls,red,new york strip steak,2,24,1.0,4,shear,shear,2,0.00124467,9.91565,-0.6745,False,0.31314584612846375,train,weighted_all
red2-5.xls,red,new york strip steak,2,24,1.0,5,shear,shear,2,0.00361278,10.1271,-0.6351530036554244,False,0.9089556932449341,test,weighted_all
red2-1.xls,red,new york strip steak,2,24,1.0,1,shear,shear,3,0.00521855,49.9611,0.1362702126503898,False,1.3129905462265015,train,weighted_all
red2-2.xls,red,new york strip steak,2,24,1.0,2,shear,shear,3,1.12867e-05,43.266,0.0,False,0.0028396076522767544,train,weighted_all
red2-3.xls,red,new york strip steak,2,24,1.0,3,shear,shear,3,0.00517281,106.329,1.2835668504386084,False,1.3014812469482422,train,weighted_all
red2-4.xls,red,new york strip steak,2,24,1.0,4,shear,shear,3,0.0012446599999999999,9.91565,-0.6788037947849808,False,0.3131433427333832,train,weighted_all
red2-5.xls,red,new york strip steak,2,24,1.0,5,shear,shear,3,0.00361278,10.1271,-0.6745,False,0.9089556932449341,test,weighted_all
red2-1.xls,red,new york strip steak,2,24,1.0,1,shear,shear,4,0.00521855,49.9611,0.0,False,1.3129905462265015,train,weighted_all
red2-2.xls,red,new york strip steak,2,24,1.0,2,shear,shear,4,0.0068359499999999995,104.057,0.9111568118225665,False,1.7199872732162476,train,weighted_all
red2-3.xls,red,new york strip steak,2,24,1.0,3,shear,shear,4,0.00517281,106.329,0.9494249296736581,False,1.3014812469482422,train,weighted_all
red2-4.xls,red,new york strip steak,2,24,1.0,4,shear,shear,4,0.0012446599999999999,9.91565,-0.6745,False,0.3131433427333832,train,weighted_all
red2-5.xls,red,new york strip steak,2,24,1.0,5,shear,shear,4,0.00361276,10.1271,-0.670938471162142,False,0.9089506268501282,test,weighted_all
red2-1.xls,red,new york strip steak,2,24,1.0,1,shear,shear,5,0.00521855,49.9611,0.0,False,1.3129905462265015,train,weighted_all
red2-2.xls,red,new york strip steak,2,24,1.0,2,shear,shear,5,0.0068359499999999995,104.057,0.9159934867198873,False,1.7199872732162476,train,weighted_all
red2-3.xls,red,new york strip steak,2,24,1.0,3,shear,shear,5,0.00517279,106.329,0.9544647424310888,False,1.301476240158081,train,weighted_all
red2-4.xls,red,new york strip steak,2,24,1.0,4,shear,shear,5,0.0101484,40.7073,-0.15669247627654775,False,2.553677558898926,train,weighted_all
red2-5.xls,red,new york strip steak,2,24,1.0,5,shear,shear,5,0.00361276,10.1271,-0.6745,False,0.9089506268501282,test,weighted_all
red2-1.xls,red,new york strip steak,2,24,1.0,1,shear,shear,6,0.00521855,49.9611,0.0,False,1.3129905462265015,train,weighted_all
red2-4.xls,red,new york strip steak,2,24,1.0,4,shear,shear,6,0.0101484,40.7073,-0.6745,False,2.553677558898926,train,weighted_all
red2-5.xls,red,new york strip steak,2,24,1.0,5,shear,shear,6,0.0123539,48.1008,-0.13559536082474236,False,3.1089208126068115,test,weighted_all
red2-1.xls,red,new york strip steak,2,24,1.0,1,shear,shear,7,0.014713,108.082,0.6745,False,3.703007936477661,train,weighted_all
red2-2.xls,red,new york strip steak,2,24,1.0,2,shear,shear,7,0.0068359499999999995,104.057,0.0,False,1.7199872732162476,train,weighted_all
red2-3.xls,red,new york strip steak,2,24,1.0,3,shear,shear,7,0.00517278,106.329,0.3807363975155273,False,1.301473617553711,train,weighted_all
red2-1.xls,red,new york strip steak,2,24,1.0,1,shear,shear,8,0.014713,108.082,0.0,False,3.703007936477661,train,weighted_all
red2-2.xls,red,new york strip steak,2,24,1.0,2,shear,shear,8,0.0163187,206.276,0.9830374458068092,False,4.107487678527832,train,weighted_all
red2-3.xls,red,new york strip steak,2,24,1.0,3,shear,shear,8,0.015034400000000002,185.259,0.7726325534659153,False,3.7839608192443848,train,weighted_all
red2-4.xls,red,new york strip steak,2,24,1.0,4,shear,shear,8,0.010148299999999999,40.7073,-0.6745,False,2.553652286529541,train,weighted_all
red2-5.xls,red,new york strip steak,2,24,1.0,5,shear,shear,8,0.0123539,48.1008,-0.600482368010544,False,3.1089208126068115,test,weighted_all
red2-1.xls,red,new york strip steak,2,24,1.0,1,shear,shear,9,0.014713,108.082,-0.08351293947167003,False,3.703007936477661,train,weighted_all
red2-2.xls,red,new york strip steak,2,24,1.0,2,shear,shear,9,0.0163187,206.276,0.8839799319867012,False,4.107487678527832,train,weighted_all
red2-3.xls,red,new york strip steak,2,24,1.0,3,shear,shear,9,0.015034400000000002,185.259,0.6769021300900415,False,3.7839608192443848,train,weighted_all
red2-4.xls,red,new york strip steak,2,24,1.0,4,shear,shear,9,0.0182911,116.558,0.0,False,4.604490280151367,train,weighted_all
red2-5.xls,red,new york strip steak,2,24,1.0,5,shear,shear,9,0.0123539,48.1008,-0.6745,False,3.1089208126068115,test,weighted_all
red2-1.xls,red,new york strip steak,2,24,1.0,1,shear,shear,10,0.014713,108.082,-0.08351293947167003,False,3.703007936477661,train,weighted_all
red2-2.xls,red,new york strip steak,2,24,1.0,2,shear,shear,10,0.0163187,206.276,0.8839799319867012,False,4.107487678527832,train,weighted_all
red2-3.xls,red,new york strip steak,2,24,1.0,3,shear,shear,10,0.015034400000000002,185.259,0.6769021300900415,False,3.7839608192443848,train,weighted_all
red2-4.xls,red,new york strip steak,2,24,1.0,4,shear,shear,10,0.0182911,116.558,0.0,False,4.604490280151367,train,weighted_all
red2-5.xls,red,new york strip steak,2,24,1.0,5,shear,shear,10,0.0123539,48.1008,-0.6745,False,3.1089208126068115,test,weighted_all
red2-1.xls,red,new york strip steak,2,24,1.0,1,shear,shear,11,0.0147128,108.082,-0.4531955608402699,False,3.70295786857605,train,weighted_all
red2-4.xls,red,new york strip steak,2,24,1.0,4,shear,shear,11,0.018290999999999998,116.558,0.0,False,4.604465007781982,train,weighted_all
red2-5.xls,red,new york strip steak,2,24,1.0,5,shear,shear,11,0.0212568,103.943,-0.6745,False,5.352138996124268,test,weighted_all
red2-1.xls,red,new york strip steak,2,24,1.0,1,shear,shear,12,0.0244273,174.397,0.0,False,6.15195894241333,train,weighted_all
red2-2.xls,red,new york strip steak,2,24,1.0,2,shear,shear,12,0.0163187,206.276,0.6745,False,4.107487678527832,train,weighted_all
red2-3.xls,red,new york strip steak,2,24,1.0,3,shear,shear,12,0.015034400000000002,185.259,0.22981959910913113,False,3.7839608192443848,train,weighted_all
red2-4.xls,red,new york strip steak,2,24,1.0,4,shear,shear,12,0.018290999999999998,116.558,-1.2237650334075711,False,4.604465007781982,train,weighted_all
red2-5.xls,red,new york strip steak,2,24,1.0,5,shear,shear,12,0.0212567,103.943,-1.4906748329621369,False,5.352113723754883,test,weighted_all
red2-1.xls,red,new york strip steak,2,24,1.0,1,shear,shear,13,0.0244273,174.397,0.0,False,6.15195894241333,train,weighted_all
red2-2.xls,red,new york strip steak,2,24,1.0,2,shear,shear,13,0.0257696,277.564,0.9876819130212625,False,6.4907660484313965,train,weighted_all
red2-3.xls,red,new york strip steak,2,24,1.0,3,shear,shear,13,0.0249191,261.847,0.8372132881028757,False,6.27608060836792,train,weighted_all
red2-4.xls,red,new york strip steak,2,24,1.0,4,shear,shear,13,0.026476299999999998,160.04,-0.13744849831095468,False,6.669191360473633,train,weighted_all
red2-5.xls,red,new york strip steak,2,24,1.0,5,shear,shear,13,0.0212567,103.943,-0.6745,False,5.352113723754883,test,weighted_all
red2-1.xls,red,new york strip steak,2,24,1.0,1,shear,shear,14,0.0244273,174.397,0.0,False,6.15195894241333,train,weighted_all
red2-2.xls,red,new york strip steak,2,24,1.0,2,shear,shear,14,0.0257696,277.564,0.9876819130212625,False,6.4907660484313965,train,weighted_all
red2-3.xls,red,new york strip steak,2,24,1.0,3,shear,shear,14,0.0249191,261.847,0.8372132881028757,False,6.27608060836792,train,weighted_all
red2-4.xls,red,new york strip steak,2,24,1.0,4,shear,shear,14,0.026476299999999998,160.04,-0.13744849831095468,False,6.669191360473633,train,weighted_all
red2-5.xls,red,new york strip steak,2,24,1.0,5,shear,shear,14,0.0212567,103.943,-0.6745,False,5.352113723754883,test,weighted_all
red2-1.xls,red,new york strip steak,2,24,1.0,1,shear,shear,15,0.0244273,174.397,0.0,False,6.15195894241333,train,weighted_all
red2-2.xls,red,new york strip steak,2,24,1.0,2,shear,shear,15,0.0257696,277.564,1.8366274677998315,False,6.4907660484313965,train,weighted_all
red2-3.xls,red,new york strip steak,2,24,1.0,3,shear,shear,15,0.024918999999999997,261.847,1.5568260399070941,False,6.276052474975586,train,weighted_all
red2-4.xls,red,new york strip steak,2,24,1.0,4,shear,shear,15,0.026476299999999998,160.04,-0.25559006809543916,False,6.669191360473633,train,weighted_all
red2-5.xls,red,new york strip steak,2,24,1.0,5,shear,shear,15,0.0301575,136.509,-0.6745,False,7.599189758300781,test,weighted_all
red2-1.xls,red,new york strip steak,2,24,1.0,1,shear,shear,16,0.0244273,174.397,0.0,False,6.15195894241333,train,weighted_all
red2-2.xls,red,new york strip steak,2,24,1.0,2,shear,shear,16,0.0257696,277.564,1.8366274677998315,False,6.4907660484313965,train,weighted_all
red2-3.xls,red,new york strip steak,2,24,1.0,3,shear,shear,16,0.024918999999999997,261.847,1.5568260399070941,False,6.276052474975586,train,weighted_all
red2-4.xls,red,new york strip steak,2,24,1.0,4,shear,shear,16,0.026476299999999998,160.04,-0.25559006809543916,False,6.669191360473633,train,weighted_all
red2-5.xls,red,new york strip steak,2,24,1.0,5,shear,shear,16,0.0301574,136.509,-0.6745,False,7.599164009094238,test,weighted_all
red2-1.xls,red,new york strip steak,2,24,1.0,1,shear,shear,17,0.0340055,218.198,0.0,False,8.57246208190918,train,weighted_all
red2-2.xls,red,new york strip steak,2,24,1.0,2,shear,shear,17,0.0257696,277.564,0.9173719214644099,False,6.4907660484313965,train,weighted_all
red2-3.xls,red,new york strip steak,2,24,1.0,3,shear,shear,17,0.024918999999999997,261.847,0.6745,False,6.276052474975586,train,weighted_all
red2-4.xls,red,new york strip steak,2,24,1.0,4,shear,shear,17,0.034704399999999996,195.031,-0.35799540653852346,False,8.749373435974121,train,weighted_all
red2-5.xls,red,new york strip steak,2,24,1.0,5,shear,shear,17,0.0301574,136.509,-1.2623251506334634,False,7.599164009094238,test,weighted_all
red2-1.xls,red,new york strip steak,2,24,1.0,1,shear,shear,18,0.0340055,218.198,0.0,False,8.57246208190918,train,weighted_all
red2-2.xls,red,new york strip steak,2,24,1.0,2,shear,shear,18,0.0352838,324.413,0.877009358665181,False,8.896066665649414,train,weighted_all
red2-3.xls,red,new york strip steak,2,24,1.0,3,shear,shear,18,0.034842,313.322,0.7854317962026708,False,8.78420639038086,train,weighted_all
red2-4.xls,red,new york strip steak,2,24,1.0,4,shear,shear,18,0.034704399999999996,195.031,-0.1912881966972297,False,8.749373435974121,train,weighted_all
red2-5.xls,red,new york strip steak,2,24,1.0,5,shear,shear,18,0.0301573,136.509,-0.6745,False,7.5991387367248535,test,weighted_all
red2-1.xls,red,new york strip steak,2,24,1.0,1,shear,shear,19,0.0340055,218.198,0.0,False,8.57246208190918,train,weighted_all
red2-2.xls,red,new york strip steak,2,24,1.0,2,shear,shear,19,0.0352838,324.413,0.877009358665181,False,8.896066665649414,train,weighted_all
red2-3.xls,red,new york strip steak,2,24,1.0,3,shear,shear,19,0.034842,313.322,0.7854317962026708,False,8.78420639038086,train,weighted_all
red2-4.xls,red,new york strip steak,2,24,1.0,4,shear,shear,19,0.034704399999999996,195.031,-0.1912881966972297,False,8.749373435974121,train,weighted_all
red2-5.xls,red,new york strip steak,2,24,1.0,5,shear,shear,19,0.0301573,136.509,-0.6745,False,7.5991387367248535,test,weighted_all
red2-1.xls,red,new york strip steak,2,24,1.0,1,shear,shear,20,0.0340055,218.198,0.0,False,8.57246208190918,train,weighted_all
red2-2.xls,red,new york strip steak,2,24,1.0,2,shear,shear,20,0.0352838,324.413,1.2688312257584613,False,8.896066665649414,train,weighted_all
red2-3.xls,red,new york strip steak,2,24,1.0,3,shear,shear,20,0.034842,313.322,1.136339514372244,False,8.78420639038086,train,weighted_all
red2-4.xls,red,new york strip steak,2,24,1.0,4,shear,shear,20,0.034704399999999996,195.031,-0.2767501106919576,False,8.749373435974121,train,weighted_all
red2-5.xls,red,new york strip steak,2,24,1.0,5,shear,shear,20,0.0390449,161.735,-0.6745,False,9.84908390045166,test,weighted_all
red2-1.xls,red,new york strip steak,2,24,1.0,1,shear,shear,21,0.0340055,218.198,-0.06595944585590341,False,8.57246208190918,train,weighted_all
red2-2.xls,red,new york strip steak,2,24,1.0,2,shear,shear,21,0.0352838,324.413,1.0787926034226547,False,8.896066665649414,train,weighted_all
red2-3.xls,red,new york strip steak,2,24,1.0,3,shear,shear,21,0.0348421,313.322,0.9592572743396768,False,8.784231185913086,train,weighted_all
red2-4.xls,red,new york strip steak,2,24,1.0,4,shear,shear,21,0.0430069,224.318,0.0,False,10.854568481445312,train,weighted_all
red2-5.xls,red,new york strip steak,2,24,1.0,5,shear,shear,21,0.0390449,161.735,-0.6745,False,9.84908390045166,test,weighted_all
red2-1.xls,red,new york strip steak,2,24,1.0,1,shear,shear,22,0.043644600000000006,256.748,0.0,False,11.016566276550293,train,weighted_all
red2-2.xls,red,new york strip steak,2,24,1.0,2,shear,shear,22,0.0352838,324.413,0.6745,False,8.896066665649414,train,weighted_all
red2-3.xls,red,new york strip steak,2,24,1.0,3,shear,shear,22,0.0447745,351.458,0.9440906672578142,False,11.3037109375,train,weighted_all
red2-4.xls,red,new york strip steak,2,24,1.0,4,shear,shear,22,0.0430069,224.318,-0.3232695632897359,False,10.854568481445312,train,weighted_all
red2-5.xls,red,new york strip steak,2,24,1.0,5,shear,shear,22,0.0390449,161.735,-0.9471110396807798,False,9.84908390045166,test,weighted_all
red2-1.xls,red,new york strip steak,2,24,1.0,1,shear,shear,23,0.043644600000000006,256.748,0.0,False,11.016566276550293,train,weighted_all
red2-2.xls,red,new york strip steak,2,24,1.0,2,shear,shear,23,0.0448767,357.597,0.7182203621581668,False,11.329689025878906,train,weighted_all
red2-3.xls,red,new york strip steak,2,24,1.0,3,shear,shear,23,0.0447744,351.458,0.6745,False,11.303685188293457,train,weighted_all
red2-4.xls,red,new york strip steak,2,24,1.0,4,shear,shear,23,0.0430069,224.318,-0.23095802977510269,False,10.854568481445312,train,weighted_all
red2-5.xls,red,new york strip steak,2,24,1.0,5,shear,shear,23,0.0390449,161.735,-0.6766578872347161,False,9.84908390045166,test,weighted_all
red2-1.xls,red,new york strip steak,2,24,1.0,1,shear,shear,24,0.043644600000000006,256.748,0.0,False,11.016566276550293,train,weighted_all
red2-2.xls,red,new york strip steak,2,24,1.0,2,shear,shear,24,0.0448767,357.597,0.8960252186627325,False,11.329689025878906,train,weighted_all
red2-3.xls,red,new york strip steak,2,24,1.0,3,shear,shear,24,0.0447744,351.458,0.8414813082881082,False,11.303685188293457,train,weighted_all
red2-4.xls,red,new york strip steak,2,24,1.0,4,shear,shear,24,0.0430069,224.318,-0.2881347146846513,False,10.854568481445312,train,weighted_all
red2-5.xls,red,new york strip steak,2,24,1.0,5,shear,shear,24,0.047973999999999996,180.832,-0.6745,False,12.11762809753418,test,weighted_all
red2-1.xls,red,new york strip steak,2,24,1.0,1,shear,shear,25,0.043644600000000006,256.748,0.0,False,11.016566276550293,train,weighted_all
red2-2.xls,red,new york strip steak,2,24,1.0,2,shear,shear,25,0.0448767,357.597,0.8960252186627325,False,11.329689025878906,train,weighted_all
red2-3.xls,red,new york strip steak,2,24,1.0,3,shear,shear,25,0.0447744,351.458,0.8414813082881082,False,11.303685188293457,train,weighted_all
red2-4.xls,red,new york strip steak,2,24,1.0,4,shear,shear,25,0.0430069,224.318,-0.2881347146846513,False,10.854568481445312,train,weighted_all
red2-5.xls,red,new york strip steak,2,24,1.0,5,shear,shear,25,0.047973800000000004,180.832,-0.6745,False,12.11757755279541,test,weighted_all
red2-1.xls,red,new york strip steak,2,24,1.0,1,shear,shear,26,0.043644600000000006,256.748,0.0,False,11.016566276550293,train,weighted_all
red2-2.xls,red,new york strip steak,2,24,1.0,2,shear,shear,26,0.0448767,357.597,0.8960252186627325,False,11.329689025878906,train,weighted_all
red2-3.xls,red,new york strip steak,2,24,1.0,3,shear,shear,26,0.0447744,351.458,0.8414813082881082,False,11.303685188293457,train,weighted_all
red2-4.xls,red,new york strip steak,2,24,1.0,4,shear,shear,26,0.0510979,250.216,-0.05803564465988709,False,12.913551330566406,train,weighted_all
red2-5.xls,red,new york strip steak,2,24,1.0,5,shear,shear,26,0.047973800000000004,180.832,-0.6745,False,12.11757755279541,test,weighted_all
red2-1.xls,red,new york strip steak,2,24,1.0,1,shear,shear,27,0.053389,278.456,0.0,False,13.4981107711792,train,weighted_all
red2-2.xls,red,new york strip steak,2,24,1.0,2,shear,shear,27,0.054356,381.846,0.9552691022163774,False,13.745052337646484,train,weighted_all
red2-3.xls,red,new york strip steak,2,24,1.0,3,shear,shear,27,0.0447744,351.458,0.6745,False,11.303685188293457,train,weighted_all
red2-4.xls,red,new york strip steak,2,24,1.0,4,shear,shear,27,0.0510978,250.216,-0.2609227144461796,False,12.91352653503418,train,weighted_all
red2-5.xls,red,new york strip steak,2,24,1.0,5,shear,shear,27,0.047973800000000004,180.832,-0.9019943015259856,False,12.11757755279541,test,weighted_all
red2-1.xls,red,new york strip steak,2,24,1.0,1,shear,shear,28,0.053389,278.456,0.0,False,13.4981107711792,train,weighted_all
red2-2.xls,red,new york strip steak,2,24,1.0,2,shear,shear,28,0.054356,381.846,0.7143382262558385,False,13.745052337646484,train,weighted_all
red2-3.xls,red,new york strip steak,2,24,1.0,3,shear,shear,28,0.0547248,381.583,0.71252111673359,False,13.83926773071289,train,weighted_all
red2-4.xls,red,new york strip steak,2,24,1.0,4,shear,shear,28,0.0510978,250.216,-0.19511472588707696,False,12.91352653503418,train,weighted_all
red2-5.xls,red,new york strip steak,2,24,1.0,5,shear,shear,28,0.047973800000000004,180.832,-0.6744999999999999,False,12.11757755279541,test,weighted_all
red2-1.xls,red,new york strip steak,2,24,1.0,1,shear,shear,29,0.053389,278.456,0.0,False,13.4981107711792,train,weighted_all
red2-2.xls,red,new york strip steak,2,24,1.0,2,shear,shear,29,0.054356,381.846,0.8648958824258958,False,13.745052337646484,train,weighted_all
red2-3.xls,red,new york strip steak,2,24,1.0,3,shear,shear,29,0.0547248,381.583,0.8626957894084085,False,13.83926773071289,train,weighted_all
red2-4.xls,red,new york strip steak,2,24,1.0,4,shear,shear,29,0.0510978,250.216,-0.2362381247674563,False,12.91352653503418,train,weighted_all
red2-5.xls,red,new york strip steak,2,24,1.0,5,shear,shear,29,0.056935900000000005,197.826,-0.6745,False,14.404535293579102,test,weighted_all
red2-1.xls,red,new york strip steak,2,24,1.0,1,shear,shear,30,0.053389,278.456,0.0,False,13.4981107711792,train,weighted_all
red2-2.xls,red,new york strip steak,2,24,1.0,2,shear,shear,30,0.054356,381.846,0.8648958824258958,False,13.745052337646484,train,weighted_all
red2-3.xls,red,new york strip steak,2,24,1.0,3,shear,shear,30,0.0547248,381.583,0.8626957894084085,False,13.83926773071289,train,weighted_all
red2-4.xls,red,new york strip steak,2,24,1.0,4,shear,shear,30,0.0592851,272.632,-0.048719930546942916,False,15.005901336669922,train,weighted_all
red2-5.xls,red,new york strip steak,2,24,1.0,5,shear,shear,30,0.056935900000000005,197.826,-0.6745,False,14.404535293579102,test,weighted_all
red2-1.xls,red,new york strip steak,2,24,1.0,1,shear,shear,31,0.053389,278.456,0.0,False,13.4981107711792,train,weighted_all
red2-2.xls,red,new york strip steak,2,24,1.0,2,shear,shear,31,0.054356,381.846,0.8648958824258958,False,13.745052337646484,train,weighted_all
red2-3.xls,red,new york strip steak,2,24,1.0,3,shear,shear,31,0.0547248,381.583,0.8626957894084085,False,13.83926773071289,train,weighted_all
red2-4.xls,red,new york strip steak,2,24,1.0,4,shear,shear,31,0.059285,272.632,-0.048719930546942916,False,15.005875587463379,train,weighted_all
red2-5.xls,red,new york strip steak,2,24,1.0,5,shear,shear,31,0.056936,197.826,-0.6745,False,14.404560089111328,test,weighted_all
red2-1.xls,red,new york strip steak,2,24,1.0,1,shear,shear,32,0.0630038,307.064,0.0,False,15.959598541259766,train,weighted_all
red2-2.xls,red,new york strip steak,2,24,1.0,2,shear,shear,32,0.0637963,400.117,0.8422583300903124,False,16.16313362121582,train,weighted_all
red2-3.xls,red,new york strip steak,2,24,1.0,3,shear,shear,32,0.0547248,381.583,0.6745,False,13.83926773071289,train,weighted_all
red2-4.xls,red,new york strip steak,2,24,1.0,4,shear,shear,32,0.059285,272.632,-0.3116572149384722,False,15.005875587463379,train,weighted_all
red2-5.xls,red,new york strip steak,2,24,1.0,5,shear,shear,32,0.056936,197.826,-0.9887549618218174,False,14.404560089111328,test,weighted_all
red2-1.xls,red,new york strip steak,2,24,1.0,1,shear,shear,33,0.0630038,307.064,0.0,False,15.959598541259766,train,weighted_all
red2-2.xls,red,new york strip steak,2,24,1.0,2,shear,shear,33,0.0637963,400.117,0.6745,False,16.16313362121582,train,weighted_all
red2-3.xls,red,new york strip steak,2,24,1.0,3,shear,shear,33,0.064657,408.597,0.7359677656819229,False,16.38429832458496,train,weighted_all
red2-4.xls,red,new york strip steak,2,24,1.0,4,shear,shear,33,0.059285,272.632,-0.24958232405188455,False,15.005875587463379,train,weighted_all
red2-5.xls,red,new york strip steak,2,24,1.0,5,shear,shear,33,0.0657879,209.708,-0.705690541949212,False,16.67508888244629,test,weighted_all
red2-1.xls,red,new york strip steak,2,24,1.0,1,shear,shear,34,0.0630038,307.064,0.0,False,15.959598541259766,train,weighted_all
red2-2.xls,red,new york strip steak,2,24,1.0,2,shear,shear,34,0.0637963,400.117,0.6745,False,16.16313362121582,train,weighted_all
red2-3.xls,red,new york strip steak,2,24,1.0,3,shear,shear,34,0.064657,408.597,0.7359677656819229,False,16.38429832458496,train,weighted_all
red2-4.xls,red,new york strip steak,2,24,1.0,4,shear,shear,34,0.0675189,292.774,-0.10358188344276933,False,17.12061309814453,train,weighted_all
red2-5.xls,red,new york strip steak,2,24,1.0,5,shear,shear,34,0.0657879,209.708,-0.705690541949212,False,16.67508888244629,test,weighted_all
red2-1.xls,red,new york strip steak,2,24,1.0,1,shear,shear,35,0.0630038,307.064,0.0,False,15.959598541259766,train,weighted_all
red2-2.xls,red,new york strip steak,2,24,1.0,2,shear,shear,35,0.0637963,400.117,0.6745,False,16.16313362121582,train,weighted_all
red2-3.xls,red,new york strip steak,2,24,1.0,3,shear,shear,35,0.064657,408.597,0.7359677656819229,False,16.38429832458496,train,weighted_all
red2-4.xls,red,new york strip steak,2,24,1.0,4,shear,shear,35,0.0675191,292.774,-0.10358188344276933,False,17.120664596557617,train,weighted_all
red2-5.xls,red,new york strip steak,2,24,1.0,5,shear,shear,35,0.06578780000000001,209.708,-0.705690541949212,False,16.675064086914062,test,weighted_all
red2-1.xls,red,new york strip steak,2,24,1.0,1,shear,shear,36,0.0727262,329.189,0.0,False,18.464092254638672,train,weighted_all
red2-2.xls,red,new york strip steak,2,24,1.0,2,shear,shear,36,0.0637963,400.117,0.6745,False,16.16313362121582,train,weighted_all
red2-3.xls,red,new york strip steak,2,24,1.0,3,shear,shear,36,0.064657,408.597,0.7551417775772611,False,16.38429832458496,train,weighted_all
red2-4.xls,red,new york strip steak,2,24,1.0,4,shear,shear,36,0.0675191,292.774,-0.34629367104669545,False,17.120664596557617,train,weighted_all
red2-5.xls,red,new york strip steak,2,24,1.0,5,shear,shear,36,0.06578780000000001,209.708,-1.136221724847733,False,16.675064086914062,test,weighted_all
red2-1.xls,red,new york strip steak,2,24,1.0,1,shear,shear,37,0.0727262,329.189,0.0,False,18.464092254638672,train,weighted_all
red2-2.xls,red,new york strip steak,2,24,1.0,2,shear,shear,37,0.0732907,415.261,0.6745,False,18.610036849975586,train,weighted_all
red2-3.xls,red,new york strip steak,2,24,1.0,3,shear,shear,37,0.0745796,431.067,0.7983631262199088,False,18.94348907470703,train,weighted_all
red2-4.xls,red,new york strip steak,2,24,1.0,4,shear,shear,37,0.067519,292.774,-0.28536478181057734,False,17.12063980102539,train,weighted_all
red2-5.xls,red,new york strip steak,2,24,1.0,5,shear,shear,37,0.06578769999999999,209.708,-0.9363083755460546,False,16.67504119873047,test,weighted_all
red2-1.xls,red,new york strip steak,2,24,1.0,1,shear,shear,38,0.0727262,329.189,0.0,False,18.464092254638672,train,weighted_all
red2-2.xls,red,new york strip steak,2,24,1.0,2,shear,shear,38,0.0732907,415.261,0.6745,False,18.610036849975586,train,weighted_all
red2-3.xls,red,new york strip steak,2,24,1.0,3,shear,shear,38,0.0745796,431.067,0.7983631262199088,False,18.94348907470703,train,weighted_all
red2-4.xls,red,new york strip steak,2,24,1.0,4,shear,shear,38,0.0756658,310.67,-0.1451234489729529,False,19.224761962890625,train,weighted_all
red2-5.xls,red,new york strip steak,2,24,1.0,5,shear,shear,38,0.0747024,220.175,-0.8542841225950367,False,18.975276947021484,test,weighted_all
red2-1.xls,red,new york strip steak,2,24,1.0,1,shear,shear,39,0.0727262,329.189,0.0,False,18.464092254638672,train,weighted_all
red2-2.xls,red,new york strip steak,2,24,1.0,2,shear,shear,39,0.07329,415.261,0.6745,False,18.609851837158203,train,weighted_all
red2-3.xls,red,new york strip steak,2,24,1.0,3,shear,shear,39,0.0745796,431.067,0.7983631262199088,False,18.94348907470703,train,weighted_all
red2-4.xls,red,new york strip steak,2,24,1.0,4,shear,shear,39,0.0756658,310.67,-0.1451234489729529,False,19.224761962890625,train,weighted_all
red2-5.xls,red,new york strip steak,2,24,1.0,5,shear,shear,39,0.0747023,220.175,-0.8542841225950367,False,18.975252151489258,test,weighted_all
red2-1.xls,red,new york strip steak,2,24,1.0,1,shear,shear,40,0.0727262,329.189,0.0,False,18.464092254638672,train,weighted_all
red2-2.xls,red,new york strip steak,2,24,1.0,2,shear,shear,40,0.07329,415.261,0.6745,False,18.609851837158203,train,weighted_all
red2-3.xls,red,new york strip steak,2,24,1.0,3,shear,shear,40,0.0745796,431.067,0.7983631262199088,False,18.94348907470703,train,weighted_all
red2-4.xls,red,new york strip steak,2,24,1.0,4,shear,shear,40,0.0756658,310.67,-0.1451234489729529,False,19.224761962890625,train,weighted_all
red2-5.xls,red,new york strip steak,2,24,1.0,5,shear,shear,40,0.0747023,220.175,-0.8542841225950367,False,18.975252151489258,test,weighted_all
red2-1.xls,red,new york strip steak,2,24,1.0,1,shear,shear,41,0.0823311,349.211,0.0,False,20.955934524536133,train,weighted_all
red2-2.xls,red,new york strip steak,2,24,1.0,2,shear,shear,41,0.0827774,427.334,0.6745,False,21.072187423706055,train,weighted_all
red2-3.xls,red,new york strip steak,2,24,1.0,3,shear,shear,41,0.0745797,431.067,0.7067300538893796,False,18.94351577758789,train,weighted_all
red2-4.xls,red,new york strip steak,2,24,1.0,4,shear,shear,41,0.0756658,310.67,-0.3327560961560616,False,19.224761962890625,train,weighted_all
red2-5.xls,red,new york strip steak,2,24,1.0,5,shear,shear,41,0.0747025,220.175,-1.1140737298874852,False,18.975303649902344,test,weighted_all
red2-1.xls,red,new york strip steak,2,24,1.0,1,shear,shear,42,0.0823311,349.211,0.0,False,20.955934524536133,train,weighted_all
red2-2.xls,red,new york strip steak,2,24,1.0,2,shear,shear,42,0.0827774,427.334,0.6745,False,21.072187423706055,train,weighted_all
red2-3.xls,red,new york strip steak,2,24,1.0,3,shear,shear,42,0.08446669999999999,446.874,0.8432048628444889,False,21.51259994506836,train,weighted_all
red2-4.xls,red,new york strip steak,2,24,1.0,4,shear,shear,42,0.0838424,327.267,-0.18946056859055607,False,21.349763870239258,train,weighted_all
red2-5.xls,red,new york strip steak,2,24,1.0,5,shear,shear,42,0.08358779999999999,227.766,-1.048534394480499,False,21.283382415771484,test,weighted_all
red2-1.xls,red,new york strip steak,2,24,1.0,1,shear,shear,43,0.0823311,349.211,0.0,False,20.955934524536133,train,weighted_all
red2-2.xls,red,new york strip steak,2,24,1.0,2,shear,shear,43,0.0827782,427.334,0.6745,False,21.072389602661133,train,weighted_all
red2-3.xls,red,new york strip steak,2,24,1.0,3,shear,shear,43,0.0844665,446.874,0.8432048628444889,False,21.512548446655273,train,weighted_all
red2-4.xls,red,new york strip steak,2,24,1.0,4,shear,shear,43,0.0838425,327.267,-0.18946056859055607,False,21.349790573120117,train,weighted_all
red2-5.xls,red,new york strip steak,2,24,1.0,5,shear,shear,43,0.0835877,227.766,-1.048534394480499,False,21.283355712890625,test,weighted_all
red2-1.xls,red,new york strip steak,2,24,1.0,1,shear,shear,44,0.0823311,349.211,0.0,False,20.955934524536133,train,weighted_all
red2-2.xls,red,new york strip steak,2,24,1.0,2,shear,shear,44,0.0827782,427.334,0.6745,False,21.072389602661133,train,weighted_all
red2-3.xls,red,new york strip steak,2,24,1.0,3,shear,shear,44,0.0844665,446.874,0.8432048628444889,False,21.512548446655273,train,weighted_all
red2-4.xls,red,new york strip steak,2,24,1.0,4,shear,shear,44,0.0838425,327.267,-0.18946056859055607,False,21.349790573120117,train,weighted_all
red2-5.xls,red,new york strip steak,2,24,1.0,5,shear,shear,44,0.0835877,227.766,-1.048534394480499,False,21.283355712890625,test,weighted_all
red2-1.xls,red,new york strip steak,2,24,1.0,1,shear,shear,45,0.0823311,349.211,0.0,False,20.955934524536133,train,weighted_all
red2-2.xls,red,new york strip steak,2,24,1.0,2,shear,shear,45,0.0827782,427.334,0.6745,False,21.072389602661133,train,weighted_all
red2-3.xls,red,new york strip steak,2,24,1.0,3,shear,shear,45,0.0844665,446.874,0.8432048628444889,False,21.512548446655273,train,weighted_all
red2-4.xls,red,new york strip steak,2,24,1.0,4,shear,shear,45,0.0838425,327.267,-0.18946056859055607,False,21.349790573120117,train,weighted_all
red2-5.xls,red,new york strip steak,2,24,1.0,5,shear,shear,45,0.08358750000000001,227.766,-1.048534394480499,False,21.28330421447754,test,weighted_all
red2-1.xls,red,new york strip steak,2,24,1.0,1,shear,shear,46,0.0919919,367.159,0.0,False,23.482303619384766,train,weighted_all
red2-2.xls,red,new york strip steak,2,24,1.0,2,shear,shear,46,0.0922517,435.889,0.6745,False,23.55054473876953,train,weighted_all
red2-3.xls,red,new york strip steak,2,24,1.0,3,shear,shear,46,0.0844665,446.874,0.782304197584752,False,21.512548446655273,train,weighted_all
red2-4.xls,red,new york strip steak,2,24,1.0,4,shear,shear,46,0.09203070000000001,341.895,-0.24793493379892337,False,23.49249267578125,train,weighted_all
red2-5.xls,red,new york strip steak,2,24,1.0,5,shear,shear,46,0.09250080000000001,231.651,-1.3298435326640472,False,23.615985870361328,test,weighted_all
red2-1.xls,red,new york strip steak,2,24,1.0,1,shear,shear,47,0.0919919,367.159,0.0,False,23.482303619384766,train,weighted_all
red2-2.xls,red,new york strip steak,2,24,1.0,2,shear,shear,47,0.09225080000000001,435.889,0.6745,False,23.550304412841797,train,weighted_all
red2-3.xls,red,new york strip steak,2,24,1.0,3,shear,shear,47,0.09437820000000001,460.879,0.9197459624618071,False,24.109712600708008,train,weighted_all
red2-4.xls,red,new york strip steak,2,24,1.0,4,shear,shear,47,0.0920308,341.895,-0.24793493379892337,False,23.49251937866211,train,weighted_all
red2-5.xls,red,new york strip steak,2,24,1.0,5,shear,shear,47,0.09250069999999999,231.651,-1.3298435326640472,False,23.6159610748291,test,weighted_all
red2-1.xls,red,new york strip steak,2,24,1.0,1,shear,shear,48,0.0919919,367.159,0.0,False,23.482303619384766,train,weighted_all
red2-2.xls,red,new york strip steak,2,24,1.0,2,shear,shear,48,0.09225080000000001,435.889,0.6745,False,23.550304412841797,train,weighted_all
red2-3.xls,red,new york strip steak,2,24,1.0,3,shear,shear,48,0.09437820000000001,460.879,0.9197459624618071,False,24.109712600708008,train,weighted_all
red2-4.xls,red,new york strip steak,2,24,1.0,4,shear,shear,48,0.0920308,341.895,-0.24793493379892337,False,23.49251937866211,train,weighted_all
red2-5.xls,red,new york strip steak,2,24,1.0,5,shear,shear,48,0.09250069999999999,231.651,-1.3298435326640472,False,23.6159610748291,test,weighted_all
red2-1.xls,red,new york strip steak,2,24,1.0,1,shear,shear,49,0.0919919,367.159,0.0,False,23.482303619384766,train,weighted_all
red2-2.xls,red,new york strip steak,2,24,1.0,2,shear,shear,49,0.09225080000000001,435.889,0.6745,False,23.550304412841797,train,weighted_all
red2-3.xls,red,new york strip steak,2,24,1.0,3,shear,shear,49,0.09437820000000001,460.879,0.9197459624618071,False,24.109712600708008,train,weighted_all
red2-4.xls,red,new york strip steak,2,24,1.0,4,shear,shear,49,0.0920306,341.895,-0.24793493379892337,False,23.492467880249023,train,weighted_all
red2-5.xls,red,new york strip steak,2,24,1.0,5,shear,shear,49,0.09250059999999999,231.651,-1.3298435326640472,False,23.615934371948242,test,weighted_all
red2-1.xls,red,new york strip steak,2,24,1.0,1,shear,shear,50,0.0919919,367.159,0.0,False,23.482303619384766,train,weighted_all
red2-2.xls,red,new york strip steak,2,24,1.0,2,shear,shear,50,0.09225080000000001,435.889,0.6745,False,23.550304412841797,train,weighted_all
red2-3.xls,red,new york strip steak,2,24,1.0,3,shear,shear,50,0.09437820000000001,460.879,0.9197459624618071,False,24.109712600708008,train,weighted_all
red2-4.xls,red,new york strip steak,2,24,1.0,4,shear,shear,50,0.100205,355.715,-0.112308715262622,False,25.64766502380371,train,weighted_all
red2-5.xls,red,new york strip steak,2,24,1.0,5,shear,shear,50,0.09250059999999999,231.651,-1.3298435326640472,False,23.615934371948242,test,weighted_all
red2-1.xls,red,new york strip steak,2,24,1.0,1,shear,shear,51,0.10162900000000001,383.418,0.0,False,26.024864196777344,train,weighted_all
red2-2.xls,red,new york strip steak,2,24,1.0,2,shear,shear,51,0.101744,444.154,0.6745,False,26.05535125732422,train,weighted_all
red2-3.xls,red,new york strip steak,2,24,1.0,3,shear,shear,51,0.0943781,460.879,0.8602384829425714,False,24.10968589782715,train,weighted_all
red2-4.xls,red,new york strip steak,2,24,1.0,4,shear,shear,51,0.100205,355.715,-0.30765400256849357,False,25.64766502380371,train,weighted_all
red2-5.xls,red,new york strip steak,2,24,1.0,5,shear,shear,51,0.10138899999999999,236.281,-1.6340211159773448,False,25.96124839782715,test,weighted_all
red2-1.xls,red,new york strip steak,2,24,1.0,1,shear,shear,52,0.10162900000000001,383.418,0.0,False,26.024864196777344,train,weighted_all
red2-2.xls,red,new york strip steak,2,24,1.0,2,shear,shear,52,0.101744,444.154,0.6745,False,26.05535125732422,train,weighted_all
red2-3.xls,red,new york strip steak,2,24,1.0,3,shear,shear,52,0.10429000000000001,472.137,0.9852635257507903,False,26.731168746948242,train,weighted_all
red2-4.xls,red,new york strip steak,2,24,1.0,4,shear,shear,52,0.100205,355.715,-0.30765400256849357,False,25.64766502380371,train,weighted_all
red2-5.xls,red,new york strip steak,2,24,1.0,5,shear,shear,52,0.10138899999999999,236.281,-1.6340211159773448,False,25.96124839782715,test,weighted_all
red2-1.xls,red,new york strip steak,2,24,1.0,1,shear,shear,53,0.10162900000000001,383.418,0.0,False,26.024864196777344,train,weighted_all
red2-2.xls,red,new york strip steak,2,24,1.0,2,shear,shear,53,0.101744,444.154,0.6745,False,26.05535125732422,train,weighted_all
red2-3.xls,red,new york strip steak,2,24,1.0,3,shear,shear,53,0.10429000000000001,472.137,0.9852635257507903,False,26.731168746948242,train,weighted_all
red2-4.xls,red,new york strip steak,2,24,1.0,4,shear,shear,53,0.100205,355.715,-0.30765400256849357,False,25.64766502380371,train,weighted_all
red2-5.xls,red,new york strip steak,2,24,1.0,5,shear,shear,53,0.10138899999999999,236.281,-1.6340211159773448,False,25.96124839782715,test,weighted_all
red2-1.xls,red,new york strip steak,2,24,1.0,1,shear,shear,54,0.10162900000000001,383.418,0.0,False,26.024864196777344,train,weighted_all
red2-2.xls,red,new york strip steak,2,24,1.0,2,shear,shear,54,0.101744,444.154,0.6745,False,26.05535125732422,train,weighted_all
red2-3.xls,red,new york strip steak,2,24,1.0,3,shear,shear,54,0.10429000000000001,472.137,0.9852635257507903,False,26.731168746948242,train,weighted_all
red2-4.xls,red,new york strip steak,2,24,1.0,4,shear,shear,54,0.10842,368.295,-0.1679475681638566,False,27.83124351501465,train,weighted_all
red2-5.xls,red,new york strip steak,2,24,1.0,5,shear,shear,54,0.10138899999999999,236.281,-1.6340211159773448,False,25.96124839782715,test,weighted_all
red2-1.xls,red,new york strip steak,2,24,1.0,1,shear,shear,55,0.10162900000000001,383.418,0.0,False,26.024864196777344,train,weighted_all
red2-2.xls,red,new york strip steak,2,24,1.0,2,shear,shear,55,0.101744,444.154,0.6745,False,26.05535125732422,train,weighted_all
red2-3.xls,red,new york strip steak,2,24,1.0,3,shear,shear,55,0.10429000000000001,472.137,0.9852635257507903,False,26.731168746948242,train,weighted_all
red2-4.xls,red,new york strip steak,2,24,1.0,4,shear,shear,55,0.10842,368.295,-0.1679475681638566,False,27.83124351501465,train,weighted_all
red2-5.xls,red,new york strip steak,2,24,1.0,5,shear,shear,55,0.11028600000000001,234.73,-1.6512456533192839,False,28.32984733581543,test,weighted_all
red2-1.xls,red,new york strip steak,2,24,1.0,1,shear,shear,56,0.11134000000000001,399.609,0.0,False,28.611934661865234,train,weighted_all
red2-2.xls,red,new york strip steak,2,24,1.0,2,shear,shear,56,0.11128199999999999,449.921,0.6744999999999999,False,28.596399307250977,train,weighted_all
red2-3.xls,red,new york strip steak,2,24,1.0,3,shear,shear,56,0.10429000000000001,472.137,0.9723353474320242,False,26.731168746948242,train,weighted_all
red2-4.xls,red,new york strip steak,2,24,1.0,4,shear,shear,56,0.10842,368.295,-0.41980626888217465,False,27.83124351501465,train,weighted_all
red2-5.xls,red,new york strip steak,2,24,1.0,5,shear,shear,56,0.11028600000000001,234.73,-2.2104246601208453,False,28.32984733581543,test,weighted_all
red2-1.xls,red,new york strip steak,2,24,1.0,1,shear,shear,57,0.11134000000000001,399.609,0.0,False,28.611934661865234,train,weighted_all
red2-2.xls,red,new york strip steak,2,24,1.0,2,shear,shear,57,0.11128199999999999,449.921,0.6744999999999999,False,28.596399307250977,train,weighted_all
red2-3.xls,red,new york strip steak,2,24,1.0,3,shear,shear,57,0.11429299999999999,480.966,1.0906999622356497,False,29.403982162475586,train,weighted_all
red2-4.xls,red,new york strip steak,2,24,1.0,4,shear,shear,57,0.10842,368.295,-0.41980626888217465,False,27.83124351501465,train,weighted_all
red2-5.xls,red,new york strip steak,2,24,1.0,5,shear,shear,57,0.11028600000000001,234.73,-2.2104246601208453,False,28.32984733581543,test,weighted_all
red2-1.xls,red,new york strip steak,2,24,1.0,1,shear,shear,58,0.11134000000000001,399.609,0.0,False,28.611934661865234,train,weighted_all
red2-2.xls,red,new york strip steak,2,24,1.0,2,shear,shear,58,0.11128199999999999,449.921,0.6744999999999999,False,28.596399307250977,train,weighted_all
red2-3.xls,red,new york strip steak,2,24,1.0,3,shear,shear,58,0.11429299999999999,480.966,1.0906999622356497,False,29.403982162475586,train,weighted_all
red2-4.xls,red,new york strip steak,2,24,1.0,4,shear,shear,58,0.11655900000000001,379.887,-0.2643999244712988,False,30.013532638549805,train,weighted_all
red2-5.xls,red,new york strip steak,2,24,1.0,5,shear,shear,58,0.11028600000000001,234.73,-2.2104246601208453,False,28.32984733581543,test,weighted_all
red2-1.xls,red,new york strip steak,2,24,1.0,1,shear,shear,59,0.11134000000000001,399.609,0.0,False,28.611934661865234,train,weighted_all
red2-2.xls,red,new york strip steak,2,24,1.0,2,shear,shear,59,0.11128199999999999,449.921,0.6744999999999999,False,28.596399307250977,train,weighted_all
red2-3.xls,red,new york strip steak,2,24,1.0,3,shear,shear,59,0.11429299999999999,480.966,1.0906999622356497,False,29.403982162475586,train,weighted_all
red2-4.xls,red,new york strip steak,2,24,1.0,4,shear,shear,59,0.11655900000000001,379.887,-0.2643999244712988,False,30.013532638549805,train,weighted_all
red2-5.xls,red,new york strip steak,2,24,1.0,5,shear,shear,59,0.11028600000000001,234.73,-2.2104246601208453,False,28.32984733581543,test,weighted_all
red2-1.xls,red,new york strip steak,2,24,1.0,1,shear,shear,60,0.11134000000000001,399.609,0.0,False,28.611934661865234,train,weighted_all
red2-2.xls,red,new york strip steak,2,24,1.0,2,shear,shear,60,0.120726,453.036,0.6744999999999999,False,31.138572692871094,train,weighted_all
red2-3.xls,red,new york strip steak,2,24,1.0,3,shear,shear,60,0.11429299999999999,480.966,1.027107951035993,False,29.403982162475586,train,weighted_all
red2-4.xls,red,new york strip steak,2,24,1.0,4,shear,shear,60,0.11655900000000001,379.887,-0.24898438991521107,False,30.013532638549805,train,weighted_all
red2-5.xls,red,new york strip steak,2,24,1.0,5,shear,shear,60,0.119161,235.308,-2.07425130551968,False,30.71539878845215,test,weighted_all
red2-1.xls,red,new york strip steak,2,24,1.0,1,shear,shear,61,0.12096,413.403,0.0,False,31.201906204223633,train,weighted_all
red2-2.xls,red,new york strip steak,2,24,1.0,2,shear,shear,61,0.120726,453.036,0.6745,False,31.138572692871094,train,weighted_all
red2-3.xls,red,new york strip steak,2,24,1.0,3,shear,shear,61,0.11429299999999999,480.966,1.1498307849519345,False,29.403982162475586,train,weighted_all
red2-4.xls,red,new york strip steak,2,24,1.0,4,shear,shear,61,0.11655900000000001,379.887,-0.5703969419423214,False,30.013532638549805,train,weighted_all
red2-5.xls,red,new york strip steak,2,24,1.0,5,shear,shear,61,0.119161,235.308,-3.030935773219289,False,30.71539878845215,test,weighted_all
red2-1.xls,red,new york strip steak,2,24,1.0,1,shear,shear,62,0.12096,413.403,0.0,False,31.201906204223633,train,weighted_all
red2-2.xls,red,new york strip steak,2,24,1.0,2,shear,shear,62,0.120726,453.036,0.6745,False,31.138572692871094,train,weighted_all
red2-3.xls,red,new york strip steak,2,24,1.0,3,shear,shear,62,0.12414199999999999,488.634,1.280329763076225,False,32.06494903564453,train,weighted_all
red2-4.xls,red,new york strip steak,2,24,1.0,4,shear,shear,62,0.12479599999999999,390.688,-0.38657854565639815,False,32.242740631103516,train,weighted_all
red2-5.xls,red,new york strip steak,2,24,1.0,5,shear,shear,62,0.119161,235.308,-3.030935773219289,False,30.71539878845215,test,weighted_all
red2-1.xls,red,new york strip steak,2,24,1.0,1,shear,shear,63,0.12096,413.403,0.0,False,31.201906204223633,train,weighted_all
red2-2.xls,red,new york strip steak,2,24,1.0,2,shear,shear,63,0.120726,453.036,0.6745,False,31.138572692871094,train,weighted_all
red2-3.xls,red,new york strip steak,2,24,1.0,3,shear,shear,63,0.12414199999999999,488.634,1.280329763076225,False,32.06494903564453,train,weighted_all
red2-4.xls,red,new york strip steak,2,24,1.0,4,shear,shear,63,0.12479599999999999,390.688,-0.38657854565639815,False,32.242740631103516,train,weighted_all
red2-5.xls,red,new york strip steak,2,24,1.0,5,shear,shear,63,0.119161,235.308,-3.030935773219289,False,30.71539878845215,test,weighted_all
red2-1.xls,red,new york strip steak,2,24,1.0,1,shear,shear,64,0.12096,413.403,0.0,False,31.201906204223633,train,weighted_all
red2-2.xls,red,new york strip steak,2,24,1.0,2,shear,shear,64,0.120726,453.036,0.6745,False,31.138572692871094,train,weighted_all
red2-3.xls,red,new york strip steak,2,24,1.0,3,shear,shear,64,0.12414199999999999,488.634,1.280329763076225,False,32.06494903564453,train,weighted_all
red2-4.xls,red,new york strip steak,2,24,1.0,4,shear,shear,64,0.12479599999999999,390.688,-0.38657854565639815,False,32.242740631103516,train,weighted_all
red2-5.xls,red,new york strip steak,2,24,1.0,5,shear,shear,64,0.128058,233.366,-3.063985983902305,False,33.131622314453125,test,weighted_all
red2-1.xls,red,new york strip steak,2,24,1.0,1,shear,shear,65,0.130647,426.195,0.0,False,33.839656829833984,train,weighted_all
red2-2.xls,red,new york strip steak,2,24,1.0,2,shear,shear,65,0.130232,451.82,0.48677901540541296,False,33.72601318359375,train,weighted_all
red2-3.xls,red,new york strip steak,2,24,1.0,3,shear,shear,65,0.12414199999999999,488.634,1.1861071197228716,False,32.06494903564453,train,weighted_all
red2-4.xls,red,new york strip steak,2,24,1.0,4,shear,shear,65,0.12479599999999999,390.688,-0.6745,False,32.242740631103516,train,weighted_all
red2-1.xls,red,new york strip steak,2,24,1.0,1,shear,shear,66,0.130647,426.195,0.0,False,33.839656829833984,train,weighted_all
red2-2.xls,red,new york strip steak,2,24,1.0,2,shear,shear,66,0.130232,451.82,0.48677901540541296,False,33.72601318359375,train,weighted_all
red2-3.xls,red,new york strip steak,2,24,1.0,3,shear,shear,66,0.12414199999999999,488.634,1.1861071197228716,False,32.06494903564453,train,weighted_all
red2-4.xls,red,new york strip steak,2,24,1.0,4,shear,shear,66,0.12479599999999999,390.688,-0.6745,False,32.242740631103516,train,weighted_all
red2-1.xls,red,new york strip steak,2,24,1.0,1,shear,shear,67,0.130647,426.195,0.0,False,33.839656829833984,train,weighted_all
red2-2.xls,red,new york strip steak,2,24,1.0,2,shear,shear,67,0.130232,451.82,0.6745,False,33.72601318359375,train,weighted_all
red2-3.xls,red,new york strip steak,2,24,1.0,3,shear,shear,67,0.13406700000000002,496.079,1.8394832390243905,False,34.77848815917969,train,weighted_all
red2-4.xls,red,new york strip steak,2,24,1.0,4,shear,shear,67,0.13298400000000002,401.356,-0.6538109463414633,False,34.480751037597656,train,weighted_all
red2-1.xls,red,new york strip steak,2,24,1.0,1,shear,shear,68,0.130647,426.195,0.0,False,33.839656829833984,train,weighted_all
red2-2.xls,red,new york strip steak,2,24,1.0,2,shear,shear,68,0.130232,451.82,0.6745,False,33.72601318359375,train,weighted_all
red2-3.xls,red,new york strip steak,2,24,1.0,3,shear,shear,68,0.13406700000000002,496.079,1.8394832390243905,False,34.77848815917969,train,weighted_all
red2-4.xls,red,new york strip steak,2,24,1.0,4,shear,shear,68,0.13298400000000002,401.356,-0.6538109463414633,False,34.480751037597656,train,weighted_all
red2-1.xls,red,new york strip steak,2,24,1.0,1,shear,shear,69,0.130647,426.195,0.0,False,33.839656829833984,train,weighted_all
red2-2.xls,red,new york strip steak,2,24,1.0,2,shear,shear,69,0.130232,451.82,0.6745,False,33.72601318359375,train,weighted_all
red2-3.xls,red,new york strip steak,2,24,1.0,3,shear,shear,69,0.13406700000000002,496.079,1.8394832390243905,False,34.77848815917969,train,weighted_all
red2-4.xls,red,new york strip steak,2,24,1.0,4,shear,shear,69,0.13298500000000002,401.356,-0.6538109463414633,False,34.481021881103516,train,weighted_all
red2-1.xls,red,new york strip steak,2,24,1.0,1,shear,shear,70,0.140259,440.281,0.0,False,36.488868713378906,train,weighted_all
red2-2.xls,red,new york strip steak,2,24,1.0,2,shear,shear,70,0.139731,452.013,0.20329438664097568,False,36.34247970581055,train,weighted_all
red2-3.xls,red,new york strip steak,2,24,1.0,3,shear,shear,70,0.13406700000000002,496.079,0.966878638407193,False,34.77848815917969,train,weighted_all
red2-4.xls,red,new york strip steak,2,24,1.0,4,shear,shear,70,0.13298500000000002,401.356,-0.6745,False,34.481021881103516,train,weighted_all
red2-1.xls,red,new york strip steak,2,24,1.0,1,shear,shear,71,0.140259,440.281,0.0,False,36.488868713378906,train,weighted_all
red2-2.xls,red,new york strip steak,2,24,1.0,2,shear,shear,71,0.13973000000000002,452.013,0.2694508989376186,False,36.34220504760742,train,weighted_all
red2-3.xls,red,new york strip steak,2,24,1.0,3,shear,shear,71,0.13406700000000002,496.079,1.2815224393898121,False,34.77848815917969,train,weighted_all
red2-4.xls,red,new york strip steak,2,24,1.0,4,shear,shear,71,0.14110799999999998,410.913,-0.6745,False,36.72447204589844,train,weighted_all
red2-1.xls,red,new york strip steak,2,24,1.0,1,shear,shear,72,0.140259,440.281,0.0,False,36.488868713378906,train,weighted_all
red2-2.xls,red,new york strip steak,2,24,1.0,2,shear,shear,72,0.13973000000000002,452.013,0.2694508989376186,False,36.34220504760742,train,weighted_all
red2-3.xls,red,new york strip steak,2,24,1.0,3,shear,shear,72,0.143994,499.549,1.3612185371833283,False,37.52737808227539,train,weighted_all
red2-4.xls,red,new york strip steak,2,24,1.0,4,shear,shear,72,0.14110799999999998,410.913,-0.6745,False,36.72447204589844,train,weighted_all
red2-1.xls,red,new york strip steak,2,24,1.0,1,shear,shear,73,0.14026,440.281,0.0,False,36.48914337158203,train,weighted_all
red2-2.xls,red,new york strip steak,2,24,1.0,2,shear,shear,73,0.13973000000000002,452.013,0.2694508989376186,False,36.34220504760742,train,weighted_all
red2-3.xls,red,new york strip steak,2,24,1.0,3,shear,shear,73,0.143994,499.549,1.3612185371833283,False,37.52737808227539,train,weighted_all
red2-4.xls,red,new york strip steak,2,24,1.0,4,shear,shear,73,0.141109,410.913,-0.6745,False,36.72475051879883,train,weighted_all
red2-1.xls,red,new york strip steak,2,24,1.0,1,shear,shear,74,0.14026,440.281,0.0,False,36.48914337158203,train,weighted_all
red2-2.xls,red,new york strip steak,2,24,1.0,2,shear,shear,74,0.13973000000000002,452.013,0.2694508989376186,False,36.34220504760742,train,weighted_all
red2-3.xls,red,new york strip steak,2,24,1.0,3,shear,shear,74,0.143994,499.549,1.3612185371833283,False,37.52737808227539,train,weighted_all
red2-4.xls,red,new york strip steak,2,24,1.0,4,shear,shear,74,0.141109,410.913,-0.6745,False,36.72475051879883,train,weighted_all
red2-1.xls,red,new york strip steak,2,24,1.0,1,shear,shear,75,0.149955,452.054,0.0,False,39.19585418701172,train,weighted_all
red2-2.xls,red,new york strip steak,2,24,1.0,2,shear,shear,75,0.149194,454.932,0.060664739523111064,False,38.982078552246094,train,weighted_all
red2-3.xls,red,new york strip steak,2,24,1.0,3,shear,shear,75,0.143993,499.549,1.0011368324010137,False,37.527099609375,train,weighted_all
red2-4.xls,red,new york strip steak,2,24,1.0,4,shear,shear,75,0.149306,420.055,-0.6745,False,39.0135383605957,train,weighted_all
red2-1.xls,red,new york strip steak,2,24,1.0,1,shear,shear,76,0.149955,452.054,0.0,False,39.19585418701172,train,weighted_all
red2-2.xls,red,new york strip steak,2,24,1.0,2,shear,shear,76,0.149194,454.932,0.060664739523111064,False,38.982078552246094,train,weighted_all
red2-3.xls,red,new york strip steak,2,24,1.0,3,shear,shear,76,0.143993,499.549,1.0011368324010137,False,37.527099609375,train,weighted_all
red2-4.xls,red,new york strip steak,2,24,1.0,4,shear,shear,76,0.149306,420.055,-0.6745,False,39.0135383605957,train,weighted_all
red2-1.xls,red,new york strip steak,2,24,1.0,1,shear,shear,77,0.149954,452.054,0.0,False,39.195579528808594,train,weighted_all
red2-2.xls,red,new york strip steak,2,24,1.0,2,shear,shear,77,0.149194,454.932,0.060664739523111064,False,38.982078552246094,train,weighted_all
red2-3.xls,red,new york strip steak,2,24,1.0,3,shear,shear,77,0.153909,504.605,1.1077111628488412,False,40.3103141784668,train,weighted_all
red2-4.xls,red,new york strip steak,2,24,1.0,4,shear,shear,77,0.149305,420.055,-0.6745,False,39.01324462890625,train,weighted_all
red2-1.xls,red,new york strip steak,2,24,1.0,1,shear,shear,78,0.149954,452.054,0.0,False,39.195579528808594,train,weighted_all
red2-2.xls,red,new york strip steak,2,24,1.0,2,shear,shear,78,0.149194,454.932,0.060664739523111064,False,38.982078552246094,train,weighted_all
red2-3.xls,red,new york strip steak,2,24,1.0,3,shear,shear,78,0.153909,504.605,1.1077111628488412,False,40.3103141784668,train,weighted_all
red2-4.xls,red,new york strip steak,2,24,1.0,4,shear,shear,78,0.149305,420.055,-0.6745,False,39.01324462890625,train,weighted_all
red2-1.xls,red,new york strip steak,2,24,1.0,1,shear,shear,79,0.149955,452.054,0.0,False,39.19585418701172,train,weighted_all
red2-2.xls,red,new york strip steak,2,24,1.0,2,shear,shear,79,0.158686,455.878,0.11043836437593715,False,41.665245056152344,train,weighted_all
red2-3.xls,red,new york strip steak,2,24,1.0,3,shear,shear,79,0.153909,504.605,1.517689980732181,False,40.3103141784668,train,weighted_all
red2-4.xls,red,new york strip steak,2,24,1.0,4,shear,shear,79,0.157469,428.699,-0.6745,False,41.31916046142578,train,weighted_all
red2-1.xls,red,new york strip steak,2,24,1.0,1,shear,shear,80,0.159578,463.317,0.18461332278597517,False,41.9193000793457,train,weighted_all
red2-2.xls,red,new york strip steak,2,24,1.0,2,shear,shear,80,0.158686,455.878,0.0,False,41.665245056152344,train,weighted_all
red2-3.xls,red,new york strip steak,2,24,1.0,3,shear,shear,80,0.153909,504.605,1.209255730527247,False,40.3103141784668,train,weighted_all
red2-4.xls,red,new york strip steak,2,24,1.0,4,shear,shear,80,0.157469,428.699,-0.6745,False,41.31916046142578,train,weighted_all
red2-1.xls,red,new york strip steak,2,24,1.0,1,shear,shear,81,0.159578,463.317,0.18461332278597517,False,41.9193000793457,train,weighted_all
red2-2.xls,red,new york strip steak,2,24,1.0,2,shear,shear,81,0.158686,455.878,0.0,False,41.665245056152344,train,weighted_all
red2-3.xls,red,new york strip steak,2,24,1.0,3,shear,shear,81,0.153909,504.605,1.209255730527247,False,40.3103141784668,train,weighted_all
red2-4.xls,red,new york strip steak,2,24,1.0,4,shear,shear,81,0.157469,428.699,-0.6745,False,41.31916046142578,train,weighted_all
red2-1.xls,red,new york strip steak,2,24,1.0,1,shear,shear,82,0.159578,463.317,0.18461332278597517,False,41.9193000793457,train,weighted_all
red2-2.xls,red,new york strip steak,2,24,1.0,2,shear,shear,82,0.158686,455.878,0.0,False,41.665245056152344,train,weighted_all
red2-3.xls,red,new york strip steak,2,24,1.0,3,shear,shear,82,0.163846,504.606,1.209280547481513,False,43.13956832885742,train,weighted_all
red2-4.xls,red,new york strip steak,2,24,1.0,4,shear,shear,82,0.157469,428.699,-0.6745,False,41.31916046142578,train,weighted_all
red2-1.xls,red,new york strip steak,2,24,1.0,1,shear,shear,83,0.159578,463.317,0.2509430107526888,False,41.9193000793457,train,weighted_all
red2-2.xls,red,new york strip steak,2,24,1.0,2,shear,shear,83,0.158686,455.878,0.0,False,41.665245056152344,train,weighted_all
red2-3.xls,red,new york strip steak,2,24,1.0,3,shear,shear,83,0.163846,504.606,1.6437627406851711,False,43.13956832885742,train,weighted_all
red2-4.xls,red,new york strip steak,2,24,1.0,4,shear,shear,83,0.16567900000000002,435.883,-0.6745,False,43.666080474853516,train,weighted_all
red2-1.xls,red,new york strip steak,2,24,1.0,1,shear,shear,84,0.159578,463.317,0.244097746227165,False,41.9193000793457,train,weighted_all
red2-2.xls,red,new york strip steak,2,24,1.0,2,shear,shear,84,0.16819299999999998,456.027,0.0,False,44.39058303833008,train,weighted_all
red2-3.xls,red,new york strip steak,2,24,1.0,3,shear,shear,84,0.163846,504.606,1.6266151459491658,False,43.13956832885742,train,weighted_all
red2-4.xls,red,new york strip steak,2,24,1.0,4,shear,shear,84,0.16567900000000002,435.883,-0.6745,False,43.666080474853516,train,weighted_all
red2-1.xls,red,new york strip steak,2,24,1.0,1,shear,shear,85,0.169229,474.926,0.6328125248212866,False,44.68996047973633,train,weighted_all
red2-2.xls,red,new york strip steak,2,24,1.0,2,shear,shear,85,0.16819299999999998,456.027,0.0,False,44.39058303833008,train,weighted_all
red2-3.xls,red,new york strip steak,2,24,1.0,3,shear,shear,85,0.163846,504.606,1.6266151459491658,False,43.13956832885742,train,weighted_all
red2-4.xls,red,new york strip steak,2,24,1.0,4,shear,shear,85,0.165678,435.883,-0.6745,False,43.66577911376953,train,weighted_all
red2-1.xls,red,new york strip steak,2,24,1.0,1,shear,shear,86,0.169229,474.926,0.6328125248212866,False,44.68996047973633,train,weighted_all
red2-2.xls,red,new york strip steak,2,24,1.0,2,shear,shear,86,0.16819299999999998,456.027,0.0,False,44.39058303833008,train,weighted_all
red2-3.xls,red,new york strip steak,2,24,1.0,3,shear,shear,86,0.163846,504.606,1.6266151459491658,False,43.13956832885742,train,weighted_all
red2-4.xls,red,new york strip steak,2,24,1.0,4,shear,shear,86,0.165678,435.883,-0.6745,False,43.66577911376953,train,weighted_all
red2-1.xls,red,new york strip steak,2,24,1.0,1,shear,shear,87,0.169229,474.926,0.6745,False,44.68996047973633,train,weighted_all
red2-2.xls,red,new york strip steak,2,24,1.0,2,shear,shear,87,0.16819299999999998,456.027,0.0,False,44.39058303833008,train,weighted_all
red2-3.xls,red,new york strip steak,2,24,1.0,3,shear,shear,87,0.173765,507.037,1.820532567860733,False,46.006492614746094,train,weighted_all
red2-4.xls,red,new york strip steak,2,24,1.0,4,shear,shear,87,0.17384,442.807,-0.47181808561299426,False,46.0283317565918,train,weighted_all
red2-1.xls,red,new york strip steak,2,24,1.0,1,shear,shear,88,0.169229,474.926,0.6745,False,44.68996047973633,train,weighted_all
red2-2.xls,red,new york strip steak,2,24,1.0,2,shear,shear,88,0.16819299999999998,456.027,0.0,False,44.39058303833008,train,weighted_all
red2-3.xls,red,new york strip steak,2,24,1.0,3,shear,shear,88,0.173765,507.037,1.820532567860733,False,46.006492614746094,train,weighted_all
red2-4.xls,red,new york strip steak,2,24,1.0,4,shear,shear,88,0.17384,442.807,-0.47181808561299426,False,46.0283317565918,train,weighted_all
red2-1.xls,red,new york strip steak,2,24,1.0,1,shear,shear,89,0.169229,474.926,0.6745,False,44.68996047973633,train,weighted_all
red2-2.xls,red,new york strip steak,2,24,1.0,2,shear,shear,89,0.17768,458.554,0.0,False,47.150413513183594,train,weighted_all
red2-3.xls,red,new york strip steak,2,24,1.0,3,shear,shear,89,0.173765,507.037,1.997421420718298,False,46.006492614746094,train,weighted_all
red2-4.xls,red,new york strip steak,2,24,1.0,4,shear,shear,89,0.17384,442.807,-0.6487510078182239,False,46.0283317565918,train,weighted_all
red2-1.xls,red,new york strip steak,2,24,1.0,1,shear,shear,90,0.17890799999999998,485.673,0.6745,False,47.51071548461914,train,weighted_all
red2-2.xls,red,new york strip steak,2,24,1.0,2,shear,shear,90,0.17768,458.554,0.0,False,47.150413513183594,train,weighted_all
red2-3.xls,red,new york strip steak,2,24,1.0,3,shear,shear,90,0.173765,507.037,1.205862439617979,False,46.006492614746094,train,weighted_all
red2-4.xls,red,new york strip steak,2,24,1.0,4,shear,shear,90,0.17384,442.807,-0.3916571960618002,False,46.0283317565918,train,weighted_all
red2-1.xls,red,new york strip steak,2,24,1.0,1,shear,shear,91,0.17890799999999998,485.673,0.6745,False,47.51071548461914,train,weighted_all
red2-2.xls,red,new york strip steak,2,24,1.0,2,shear,shear,91,0.17768,458.554,0.0,False,47.150413513183594,train,weighted_all
red2-3.xls,red,new york strip steak,2,24,1.0,3,shear,shear,91,0.173765,507.037,1.205862439617979,False,46.006492614746094,train,weighted_all
red2-4.xls,red,new york strip steak,2,24,1.0,4,shear,shear,91,0.18201699999999998,449.164,-0.2335467753235733,False,48.42610168457031,train,weighted_all
red2-1.xls,red,new york strip steak,2,24,1.0,1,shear,shear,92,0.17890799999999998,485.673,0.6745,False,47.51071548461914,train,weighted_all
red2-2.xls,red,new york strip steak,2,24,1.0,2,shear,shear,92,0.17768,458.554,0.0,False,47.150413513183594,train,weighted_all
red2-3.xls,red,new york strip steak,2,24,1.0,3,shear,shear,92,0.183676,506.762,1.199022677827353,False,48.9164924621582,train,weighted_all
red2-4.xls,red,new york strip steak,2,24,1.0,4,shear,shear,92,0.18201699999999998,449.164,-0.2335467753235733,False,48.42610168457031,train,weighted_all
red2-1.xls,red,new york strip steak,2,24,1.0,1,shear,shear,93,0.17890799999999998,485.673,0.6745000000000001,False,47.51071548461914,train,weighted_all
red2-2.xls,red,new york strip steak,2,24,1.0,2,shear,shear,93,0.187144,459.607,0.0,False,49.945960998535156,train,weighted_all
red2-3.xls,red,new york strip steak,2,24,1.0,3,shear,shear,93,0.183676,506.762,1.2202120578531426,False,48.9164924621582,train,weighted_all
red2-4.xls,red,new york strip steak,2,24,1.0,4,shear,shear,93,0.18201799999999999,449.164,-0.27022955190669967,False,48.42640686035156,train,weighted_all
red2-1.xls,red,new york strip steak,2,24,1.0,1,shear,shear,94,0.18853799999999998,497.286,0.6745,False,50.36144256591797,train,weighted_all
red2-2.xls,red,new york strip steak,2,24,1.0,2,shear,shear,94,0.187144,459.607,0.0,False,49.945960998535156,train,weighted_all
red2-3.xls,red,new york strip steak,2,24,1.0,3,shear,shear,94,0.183676,506.762,0.8441319435229173,False,48.9164924621582,train,weighted_all
red2-4.xls,red,new york strip steak,2,24,1.0,4,shear,shear,94,0.18201799999999999,449.164,-0.18694242150800264,False,48.42640686035156,train,weighted_all
red2-1.xls,red,new york strip steak,2,24,1.0,1,shear,shear,95,0.18853799999999998,497.286,0.6745,False,50.36144256591797,train,weighted_all
red2-2.xls,red,new york strip steak,2,24,1.0,2,shear,shear,95,0.187144,459.607,0.0,False,49.945960998535156,train,weighted_all
red2-3.xls,red,new york strip steak,2,24,1.0,3,shear,shear,95,0.183676,506.762,0.8441319435229173,False,48.9164924621582,train,weighted_all
red2-4.xls,red,new york strip steak,2,24,1.0,4,shear,shear,95,0.190164,455.468,-0.07409314206852646,False,50.847320556640625,train,weighted_all
red2-1.xls,red,new york strip steak,2,24,1.0,1,shear,shear,96,0.18853799999999998,497.286,0.6745,False,50.36144256591797,train,weighted_all
red2-2.xls,red,new york strip steak,2,24,1.0,2,shear,shear,96,0.187144,459.607,0.0,False,49.945960998535156,train,weighted_all
red2-3.xls,red,new york strip steak,2,24,1.0,3,shear,shear,96,0.183676,506.762,0.8441319435229173,False,48.9164924621582,train,weighted_all
red2-4.xls,red,new york strip steak,2,24,1.0,4,shear,shear,96,0.190164,455.468,-0.07409314206852646,False,50.847320556640625,train,weighted_all
red2-1.xls,red,new york strip steak,2,24,1.0,1,shear,shear,97,0.18853799999999998,497.286,0.6745,False,50.36144256591797,train,weighted_all
red2-2.xls,red,new york strip steak,2,24,1.0,2,shear,shear,97,0.187144,459.607,0.0,False,49.945960998535156,train,weighted_all
red2-3.xls,red,new york strip steak,2,24,1.0,3,shear,shear,97,0.193584,501.467,0.7493449932323042,False,51.873680114746094,train,weighted_all
red2-4.xls,red,new york strip steak,2,24,1.0,4,shear,shear,97,0.190164,455.468,-0.07409314206852646,False,50.847320556640625,train,weighted_all
red2-1.xls,red,new york strip steak,2,24,1.0,1,shear,shear,98,0.18853799999999998,497.286,0.6745,False,50.36144256591797,train,weighted_all
red2-2.xls,red,new york strip steak,2,24,1.0,2,shear,shear,98,0.196706,462.209,0.0,False,52.81586456298828,train,weighted_all
red2-3.xls,red,new york strip steak,2,24,1.0,3,shear,shear,98,0.193584,501.467,0.7548969695241893,False,51.873680114746094,train,weighted_all
red2-4.xls,red,new york strip steak,2,24,1.0,4,shear,shear,98,0.190164,455.468,-0.12962352823787637,False,50.847320556640625,train,weighted_all
red2-1.xls,red,new york strip steak,2,24,1.0,1,shear,shear,99,0.198196,506.516,0.761247936726273,False,53.2673454284668,train,weighted_all
red2-2.xls,red,new york strip steak,2,24,1.0,2,shear,shear,99,0.196706,462.209,0.0,False,52.81586456298828,train,weighted_all
red2-3.xls,red,new york strip steak,2,24,1.0,3,shear,shear,99,0.193583,501.467,0.6745,False,51.87337112426758,train,weighted_all
red2-4.xls,red,new york strip steak,2,24,1.0,4,shear,shear,99,0.198363,461.741,-0.008040806969280454,False,53.318031311035156,train,weighted_all
red3-2.xls,red,new york strip steak,3,48,2.0,2,shear,shear,0,-0.00311724,-11.6218,-2.185211159869781,False,-0.6025276184082031,train,weighted_all
red3-3.xls,red,new york strip steak,3,48,2.0,3,shear,shear,0,0.00584913,25.2888,0.5529217533324533,False,1.130618691444397,train,weighted_all
red3-4.xls,red,new york strip steak,3,48,2.0,4,shear,shear,0,-0.00038375,17.8353,0.0,False,-0.07417336851358414,train,weighted_all
red3-5.xls,red,new york strip steak,3,48,2.0,5,shear,shear,0,0.00030741899999999996,26.9277,0.6745,False,0.059419650584459305,test,weighted_all
red3-2.xls,red,new york strip steak,3,48,2.0,2,shear,shear,1,0.0027106200000000004,18.5292,0.0,False,0.5239303708076477,train,weighted_all
red3-3.xls,red,new york strip steak,3,48,2.0,3,shear,shear,1,0.00260104,53.9812,2.8472196225516453,False,0.5027492642402649,train,weighted_all
red3-4.xls,red,new york strip steak,3,48,2.0,4,shear,shear,1,-0.00038375,17.8353,-0.0557284693695302,False,-0.07417336851358414,train,weighted_all
red3-5.xls,red,new york strip steak,3,48,2.0,5,shear,shear,1,0.000307269,26.9277,0.6745,False,0.059390656650066376,test,weighted_all
red3-1.xls,red,new york strip steak,3,48,2.0,1,shear,shear,2,0.00385021,2.41676,-0.6745000000000001,False,0.7442088723182678,train,weighted_all
red3-2.xls,red,new york strip steak,3,48,2.0,2,shear,shear,2,0.0027106200000000004,18.5292,-0.23111264806653686,False,0.5239303708076477,train,weighted_all
red3-3.xls,red,new york strip steak,3,48,2.0,3,shear,shear,2,0.00260104,53.9812,0.74446699106603,False,0.5027492642402649,train,weighted_all
red3-4.xls,red,new york strip steak,3,48,2.0,4,shear,shear,2,0.00404474,61.2423,0.9442802968796788,False,0.7818120121955872,train,weighted_all
red3-5.xls,red,new york strip steak,3,48,2.0,5,shear,shear,2,0.000307269,26.9277,0.0,False,0.059390656650066376,test,weighted_all
red3-1.xls,red,new york strip steak,3,48,2.0,1,shear,shear,3,0.00385017,2.41676,-0.6745000000000001,False,0.744201123714447,train,weighted_all
red3-2.xls,red,new york strip steak,3,48,2.0,2,shear,shear,3,0.0027106200000000004,18.5292,-0.23111264806653686,False,0.5239303708076477,train,weighted_all
red3-3.xls,red,new york strip steak,3,48,2.0,3,shear,shear,3,0.00260104,53.9812,0.74446699106603,False,0.5027492642402649,train,weighted_all
red3-4.xls,red,new york strip steak,3,48,2.0,4,shear,shear,3,0.00404474,61.2423,0.9442802968796788,False,0.7818120121955872,train,weighted_all
red3-5.xls,red,new york strip steak,3,48,2.0,5,shear,shear,3,0.000307266,26.9277,0.0,False,0.059390075504779816,test,weighted_all
red3-1.xls,red,new york strip steak,3,48,2.0,1,shear,shear,4,0.00385017,2.41676,-0.6745000000000001,False,0.744201123714447,train,weighted_all
red3-2.xls,red,new york strip steak,3,48,2.0,2,shear,shear,4,0.0027106,18.5292,-0.23111264806653686,False,0.5239264965057373,train,weighted_all
red3-3.xls,red,new york strip steak,3,48,2.0,3,shear,shear,4,0.00260104,53.9812,0.74446699106603,False,0.5027492642402649,train,weighted_all
red3-4.xls,red,new york strip steak,3,48,2.0,4,shear,shear,4,0.00404474,61.2423,0.9442802968796788,False,0.7818120121955872,train,weighted_all
red3-5.xls,red,new york strip steak,3,48,2.0,5,shear,shear,4,0.000307266,26.9277,0.0,False,0.059390075504779816,test,weighted_all
red3-1.xls,red,new york strip steak,3,48,2.0,1,shear,shear,5,0.00385017,2.41676,-0.6745000000000001,False,0.744201123714447,train,weighted_all
red3-2.xls,red,new york strip steak,3,48,2.0,2,shear,shear,5,0.0027106,18.5292,-0.23111264806653686,False,0.5239264965057373,train,weighted_all
red3-3.xls,red,new york strip steak,3,48,2.0,3,shear,shear,5,0.00260102,53.9812,0.74446699106603,False,0.5027453899383545,train,weighted_all
red3-4.xls,red,new york strip steak,3,48,2.0,4,shear,shear,5,0.00404474,61.2423,0.9442802968796788,False,0.7818120121955872,train,weighted_all
red3-5.xls,red,new york strip steak,3,48,2.0,5,shear,shear,5,0.000307266,26.9277,0.0,False,0.059390075504779816,test,weighted_all
red3-1.xls,red,new york strip steak,3,48,2.0,1,shear,shear,6,0.0120208,36.3352,-1.3107568093688795,False,2.3240256309509277,train,weighted_all
red3-2.xls,red,new york strip steak,3,48,2.0,2,shear,shear,6,0.010886199999999999,74.0592,0.6745,False,2.1045749187469482,train,weighted_all
red3-4.xls,red,new york strip steak,3,48,2.0,4,shear,shear,6,0.00404474,61.2423,0.0,False,0.7818120121955872,train,weighted_all
red3-5.xls,red,new york strip steak,3,48,2.0,5,shear,shear,6,0.0109909,60.4692,-0.040685029141211956,False,2.1248250007629395,test,weighted_all
red3-1.xls,red,new york strip steak,3,48,2.0,1,shear,shear,7,0.0120208,36.3352,-0.6745,False,2.3240256309509277,train,weighted_all
red3-2.xls,red,new york strip steak,3,48,2.0,2,shear,shear,7,0.010886199999999999,74.0592,0.0,False,2.1045749187469482,train,weighted_all
red3-3.xls,red,new york strip steak,3,48,2.0,3,shear,shear,7,0.0115572,158.122,1.5030314547768,False,2.234354019165039,train,weighted_all
red3-4.xls,red,new york strip steak,3,48,2.0,4,shear,shear,7,0.013106199999999998,129.803,0.9966915783055876,False,2.5339887142181396,train,weighted_all
red3-5.xls,red,new york strip steak,3,48,2.0,5,shear,shear,7,0.0109909,60.4692,-0.24298735552963635,False,2.1248250007629395,test,weighted_all
red3-1.xls,red,new york strip steak,3,48,2.0,1,shear,shear,8,0.0120208,36.3352,-0.6745,False,2.3240256309509277,train,weighted_all
red3-2.xls,red,new york strip steak,3,48,2.0,2,shear,shear,8,0.010886199999999999,74.0592,0.0,False,2.1045749187469482,train,weighted_all
red3-3.xls,red,new york strip steak,3,48,2.0,3,shear,shear,8,0.0115572,158.122,1.5030314547768,False,2.234354019165039,train,weighted_all
red3-4.xls,red,new york strip steak,3,48,2.0,4,shear,shear,8,0.0131061,129.803,0.9966915783055876,False,2.5339694023132324,train,weighted_all
red3-5.xls,red,new york strip steak,3,48,2.0,5,shear,shear,8,0.0109909,60.4692,-0.24298735552963635,False,2.1248250007629395,test,weighted_all
red3-1.xls,red,new york strip steak,3,48,2.0,1,shear,shear,9,0.0120207,36.3352,-0.6745,False,2.3240060806274414,train,weighted_all
red3-2.xls,red,new york strip steak,3,48,2.0,2,shear,shear,9,0.010886199999999999,74.0592,0.0,False,2.1045749187469482,train,weighted_all
red3-3.xls,red,new york strip steak,3,48,2.0,3,shear,shear,9,0.0115572,158.122,1.5030314547768,False,2.234354019165039,train,weighted_all
red3-4.xls,red,new york strip steak,3,48,2.0,4,shear,shear,9,0.0131061,129.803,0.9966915783055876,False,2.5339694023132324,train,weighted_all
red3-5.xls,red,new york strip steak,3,48,2.0,5,shear,shear,9,0.0109909,60.4692,-0.24298735552963635,False,2.1248250007629395,test,weighted_all
red3-1.xls,red,new york strip steak,3,48,2.0,1,shear,shear,10,0.0201824,95.7667,-1.462517928458919,False,3.903704881668091,train,weighted_all
red3-2.xls,red,new york strip steak,3,48,2.0,2,shear,shear,10,0.0192004,170.097,1.0849027996544887,False,3.713517904281616,train,weighted_all
red3-3.xls,red,new york strip steak,3,48,2.0,3,shear,shear,10,0.0115572,158.122,0.6745,False,2.234354019165039,train,weighted_all
red3-4.xls,red,new york strip steak,3,48,2.0,4,shear,shear,10,0.0131061,129.803,-0.2960383618718561,False,2.5339694023132324,train,weighted_all
red3-5.xls,red,new york strip steak,3,48,2.0,5,shear,shear,10,0.0197387,138.441,0.0,False,3.817767858505249,test,weighted_all
red3-1.xls,red,new york strip steak,3,48,2.0,1,shear,shear,11,0.0201824,95.7667,-1.4369260654610077,False,3.903704881668091,train,weighted_all
red3-2.xls,red,new york strip steak,3,48,2.0,2,shear,shear,11,0.0192004,170.097,0.0,False,3.713517904281616,train,weighted_all
red3-3.xls,red,new york strip steak,3,48,2.0,3,shear,shear,11,0.020572499999999997,276.092,2.0490564185606606,False,3.9792683124542236,train,weighted_all
red3-4.xls,red,new york strip steak,3,48,2.0,4,shear,shear,11,0.022172499999999998,204.988,0.6745,False,4.2892560958862305,train,weighted_all
red3-5.xls,red,new york strip steak,3,48,2.0,5,shear,shear,11,0.019738500000000003,138.441,-0.6119621678942997,False,3.8177289962768555,test,weighted_all
red3-1.xls,red,new york strip steak,3,48,2.0,1,shear,shear,12,0.0201824,95.7667,-1.4369260654610077,False,3.903704881668091,train,weighted_all
red3-2.xls,red,new york strip steak,3,48,2.0,2,shear,shear,12,0.0192004,170.097,0.0,False,3.713517904281616,train,weighted_all
red3-3.xls,red,new york strip steak,3,48,2.0,3,shear,shear,12,0.020572499999999997,276.092,2.0490564185606606,False,3.9792683124542236,train,weighted_all
red3-4.xls,red,new york strip steak,3,48,2.0,4,shear,shear,12,0.022172499999999998,204.988,0.6745,False,4.2892560958862305,train,weighted_all
red3-5.xls,red,new york strip steak,3,48,2.0,5,shear,shear,12,0.019738500000000003,138.441,-0.6119621678942997,False,3.8177289962768555,test,weighted_all
red3-1.xls,red,new york strip steak,3,48,2.0,1,shear,shear,13,0.0201824,95.7667,-1.4369260654610077,False,3.903704881668091,train,weighted_all
red3-2.xls,red,new york strip steak,3,48,2.0,2,shear,shear,13,0.0192004,170.097,0.0,False,3.713517904281616,train,weighted_all
red3-3.xls,red,new york strip steak,3,48,2.0,3,shear,shear,13,0.020572499999999997,276.092,2.0490564185606606,False,3.9792683124542236,train,weighted_all
red3-4.xls,red,new york strip steak,3,48,2.0,4,shear,shear,13,0.022172499999999998,204.988,0.6745,False,4.2892560958862305,train,weighted_all
red3-5.xls,red,new york strip steak,3,48,2.0,5,shear,shear,13,0.019738500000000003,138.441,-0.6119621678942997,False,3.8177289962768555,test,weighted_all
red3-1.xls,red,new york strip steak,3,48,2.0,1,shear,shear,14,0.028344499999999998,132.316,-1.881949781156416,False,5.486171722412109,train,weighted_all
red3-2.xls,red,new york strip steak,3,48,2.0,2,shear,shear,14,0.0274859,229.142,0.6255038393611304,False,5.319547653198242,train,weighted_all
red3-3.xls,red,new york strip steak,3,48,2.0,3,shear,shear,14,0.020572499999999997,276.092,1.8413440835444983,False,3.9792683124542236,train,weighted_all
red3-4.xls,red,new york strip steak,3,48,2.0,4,shear,shear,14,0.022172499999999998,204.988,0.0,False,4.2892560958862305,train,weighted_all
red3-5.xls,red,new york strip steak,3,48,2.0,5,shear,shear,14,0.0284334,178.942,-0.6745,False,5.503425598144531,test,weighted_all
red3-1.xls,red,new york strip steak,3,48,2.0,1,shear,shear,15,0.028344499999999998,132.316,-1.881949781156416,False,5.486171722412109,train,weighted_all
red3-2.xls,red,new york strip steak,3,48,2.0,2,shear,shear,15,0.0274859,229.142,0.6255038393611304,False,5.319547653198242,train,weighted_all
red3-4.xls,red,new york strip steak,3,48,2.0,4,shear,shear,15,0.022172499999999998,204.988,0.0,False,4.2892560958862305,train,weighted_all
red3-5.xls,red,new york strip steak,3,48,2.0,5,shear,shear,15,0.0284334,178.942,-0.6745,False,5.503425598144531,test,weighted_all
red3-1.xls,red,new york strip steak,3,48,2.0,1,shear,shear,16,0.028344499999999998,132.316,-1.3009788247011953,False,5.486171722412109,train,weighted_all
red3-2.xls,red,new york strip steak,3,48,2.0,2,shear,shear,16,0.0274857,229.142,0.0,False,5.319509029388428,train,weighted_all
red3-3.xls,red,new york strip steak,3,48,2.0,3,shear,shear,16,0.029358399999999996,348.633,1.6055115438247014,False,5.682986736297607,train,weighted_all
red3-4.xls,red,new york strip steak,3,48,2.0,4,shear,shear,16,0.0312819,241.665,0.16826222111553785,False,6.056539535522461,train,weighted_all
red3-5.xls,red,new york strip steak,3,48,2.0,5,shear,shear,16,0.0284334,178.942,-0.6745,False,5.503425598144531,test,weighted_all
red3-1.xls,red,new york strip steak,3,48,2.0,1,shear,shear,17,0.028344499999999998,132.316,-1.3009788247011953,False,5.486171722412109,train,weighted_all
red3-2.xls,red,new york strip steak,3,48,2.0,2,shear,shear,17,0.0274857,229.142,0.0,False,5.319509029388428,train,weighted_all
red3-3.xls,red,new york strip steak,3,48,2.0,3,shear,shear,17,0.029358399999999996,348.633,1.6055115438247014,False,5.682986736297607,train,weighted_all
red3-4.xls,red,new york strip steak,3,48,2.0,4,shear,shear,17,0.0312819,241.665,0.16826222111553785,False,6.056539535522461,train,weighted_all
red3-5.xls,red,new york strip steak,3,48,2.0,5,shear,shear,17,0.0284334,178.942,-0.6745,False,5.503425598144531,test,weighted_all
red3-1.xls,red,new york strip steak,3,48,2.0,1,shear,shear,18,0.028344499999999998,132.316,-1.1758988010777547,False,5.486171722412109,train,weighted_all
red3-2.xls,red,new york strip steak,3,48,2.0,2,shear,shear,18,0.0357406,275.921,0.3683763850581127,False,6.923357963562012,train,weighted_all
red3-3.xls,red,new york strip steak,3,48,2.0,3,shear,shear,18,0.029358399999999996,348.633,1.1502944055609585,False,5.682986736297607,train,weighted_all
red3-4.xls,red,new york strip steak,3,48,2.0,4,shear,shear,18,0.0312819,241.665,0.0,False,6.056539535522461,train,weighted_all
red3-5.xls,red,new york strip steak,3,48,2.0,5,shear,shear,18,0.0284334,178.942,-0.6745,False,5.503425598144531,test,weighted_all
red3-1.xls,red,new york strip steak,3,48,2.0,1,shear,shear,19,0.0365841,157.239,-1.6623463626809898,False,7.087498664855957,train,weighted_all
red3-2.xls,red,new york strip steak,3,48,2.0,2,shear,shear,19,0.0357406,275.921,0.6745,False,6.923357963562012,train,weighted_all
red3-3.xls,red,new york strip steak,3,48,2.0,3,shear,shear,19,0.0382496,406.659,3.2487287774404483,False,7.411745071411133,train,weighted_all
red3-4.xls,red,new york strip steak,3,48,2.0,4,shear,shear,19,0.0312819,241.665,0.0,False,6.056539535522461,train,weighted_all
red3-5.xls,red,new york strip steak,3,48,2.0,5,shear,shear,19,0.037174200000000004,212.436,-0.5755184639187293,False,7.202355861663818,test,weighted_all
red3-1.xls,red,new york strip steak,3,48,2.0,1,shear,shear,20,0.0365841,157.239,-1.338533682915084,False,7.087498664855957,train,weighted_all
red3-2.xls,red,new york strip steak,3,48,2.0,2,shear,shear,20,0.0357403,275.921,0.08924039096081485,False,6.923300266265869,train,weighted_all
red3-3.xls,red,new york strip steak,3,48,2.0,3,shear,shear,20,0.0382496,406.659,1.6620511530847029,False,7.411745071411133,train,weighted_all
red3-4.xls,red,new york strip steak,3,48,2.0,4,shear,shear,20,0.0404411,268.503,0.0,False,7.838726043701172,train,weighted_all
red3-5.xls,red,new york strip steak,3,48,2.0,5,shear,shear,20,0.037174200000000004,212.436,-0.6745,False,7.202355861663818,test,weighted_all
red3-1.xls,red,new york strip steak,3,48,2.0,1,shear,shear,21,0.0365841,157.239,-1.338533682915084,False,7.087498664855957,train,weighted_all
red3-2.xls,red,new york strip steak,3,48,2.0,2,shear,shear,21,0.0357403,275.921,0.08924039096081485,False,6.923300266265869,train,weighted_all
red3-3.xls,red,new york strip steak,3,48,2.0,3,shear,shear,21,0.0382496,406.659,1.6620511530847029,False,7.411745071411133,train,weighted_all
red3-4.xls,red,new york strip steak,3,48,2.0,4,shear,shear,21,0.0404411,268.503,0.0,False,7.838726043701172,train,weighted_all
red3-5.xls,red,new york strip steak,3,48,2.0,5,shear,shear,21,0.037174200000000004,212.436,-0.6745,False,7.202355861663818,test,weighted_all
red3-1.xls,red,new york strip steak,3,48,2.0,1,shear,shear,22,0.0447728,180.908,-1.0537897069577473,False,8.683852195739746,train,weighted_all
red3-2.xls,red,new york strip steak,3,48,2.0,2,shear,shear,22,0.044053699999999994,314.262,0.550492187918027,False,8.543440818786621,train,weighted_all
red3-3.xls,red,new york strip steak,3,48,2.0,3,shear,shear,22,0.0382496,406.659,1.6620511530847029,False,7.411745071411133,train,weighted_all
red3-4.xls,red,new york strip steak,3,48,2.0,4,shear,shear,22,0.0404411,268.503,0.0,False,7.838726043701172,train,weighted_all
red3-5.xls,red,new york strip steak,3,48,2.0,5,shear,shear,22,0.037174200000000004,212.436,-0.6745,False,7.202355861663818,test,weighted_all
red3-1.xls,red,new york strip steak,3,48,2.0,1,shear,shear,23,0.0447728,180.908,-1.291173922069975,False,8.683852195739746,train,weighted_all
red3-2.xls,red,new york strip steak,3,48,2.0,2,shear,shear,23,0.044053699999999994,314.262,0.6745,False,8.543440818786621,train,weighted_all
red3-3.xls,red,new york strip steak,3,48,2.0,3,shear,shear,23,0.0382496,406.659,2.036456697043204,False,7.411745071411133,train,weighted_all
red3-4.xls,red,new york strip steak,3,48,2.0,4,shear,shear,23,0.0404411,268.503,0.0,False,7.838726043701172,train,weighted_all
red3-5.xls,red,new york strip steak,3,48,2.0,5,shear,shear,23,0.0459182,238.866,-0.4368573723201987,False,8.907598495483398,test,weighted_all
red3-1.xls,red,new york strip steak,3,48,2.0,1,shear,shear,24,0.0447728,180.908,-1.291173922069975,False,8.683852195739746,train,weighted_all
red3-2.xls,red,new york strip steak,3,48,2.0,2,shear,shear,24,0.044053699999999994,314.262,0.6745,False,8.543440818786621,train,weighted_all
red3-3.xls,red,new york strip steak,3,48,2.0,3,shear,shear,24,0.04715,456.069,2.7647734216219755,False,9.14835262298584,train,weighted_all
red3-4.xls,red,new york strip steak,3,48,2.0,4,shear,shear,24,0.0404411,268.503,0.0,False,7.838726043701172,train,weighted_all
red3-5.xls,red,new york strip steak,3,48,2.0,5,shear,shear,24,0.0459182,238.866,-0.4368573723201987,False,8.907598495483398,test,weighted_all
red3-1.xls,red,new york strip steak,3,48,2.0,1,shear,shear,25,0.0447728,180.908,-1.5482159108687403,False,8.683852195739746,train,weighted_all
red3-2.xls,red,new york strip steak,3,48,2.0,2,shear,shear,25,0.044053699999999994,314.262,0.46209347830945685,False,8.543440818786621,train,weighted_all
red3-3.xls,red,new york strip steak,3,48,2.0,3,shear,shear,25,0.04715,456.069,2.5998317055181843,False,9.14835262298584,train,weighted_all
red3-4.xls,red,new york strip steak,3,48,2.0,4,shear,shear,25,0.0494907,283.609,0.0,False,9.606244087219238,train,weighted_all
red3-5.xls,red,new york strip steak,3,48,2.0,5,shear,shear,25,0.0459182,238.866,-0.6745,False,8.907598495483398,test,weighted_all
red3-1.xls,red,new york strip steak,3,48,2.0,1,shear,shear,26,0.0447728,180.908,-1.140840324440052,False,8.683852195739746,train,weighted_all
red3-2.xls,red,new york strip steak,3,48,2.0,2,shear,shear,26,0.05229110000000001,344.329,0.6745,False,10.154780387878418,train,weighted_all
red3-3.xls,red,new york strip steak,3,48,2.0,3,shear,shear,26,0.04715,456.069,1.915748847167325,False,9.14835262298584,train,weighted_all
red3-4.xls,red,new york strip steak,3,48,2.0,4,shear,shear,26,0.0494907,283.609,0.0,False,9.606244087219238,train,weighted_all
red3-5.xls,red,new york strip steak,3,48,2.0,5,shear,shear,26,0.0459182,238.866,-0.4970216320816858,False,8.907598495483398,test,weighted_all
red3-1.xls,red,new york strip steak,3,48,2.0,1,shear,shear,27,0.0530156,198.348,-0.9471104166666658,False,10.296826362609863,train,weighted_all
red3-2.xls,red,new york strip steak,3,48,2.0,2,shear,shear,27,0.05229110000000001,344.329,0.6745,False,10.154780387878418,train,weighted_all
red3-3.xls,red,new york strip steak,3,48,2.0,3,shear,shear,27,0.04715,456.069,1.915748847167325,False,9.14835262298584,train,weighted_all
red3-4.xls,red,new york strip steak,3,48,2.0,4,shear,shear,27,0.049490299999999994,283.609,0.0,False,9.606165885925293,train,weighted_all
red3-5.xls,red,new york strip steak,3,48,2.0,5,shear,shear,27,0.0546754,261.907,-0.24107376482213427,False,10.622452735900879,test,weighted_all
red3-1.xls,red,new york strip steak,3,48,2.0,1,shear,shear,28,0.0530156,198.348,-0.9471104166666658,False,10.296826362609863,train,weighted_all
red3-2.xls,red,new york strip steak,3,48,2.0,2,shear,shear,28,0.05229110000000001,344.329,0.6745,False,10.154780387878418,train,weighted_all
red3-3.xls,red,new york strip steak,3,48,2.0,3,shear,shear,28,0.056023699999999996,498.692,2.389220742753622,False,10.887192726135254,train,weighted_all
red3-4.xls,red,new york strip steak,3,48,2.0,4,shear,shear,28,0.049490299999999994,283.609,0.0,False,9.606165885925293,train,weighted_all
red3-5.xls,red,new york strip steak,3,48,2.0,5,shear,shear,28,0.0546754,261.907,-0.24107376482213427,False,10.622452735900879,test,weighted_all
red3-1.xls,red,new york strip steak,3,48,2.0,1,shear,shear,29,0.0530156,198.348,-0.9761711454963031,False,10.296826362609863,train,weighted_all
red3-2.xls,red,new york strip steak,3,48,2.0,2,shear,shear,29,0.05229110000000001,344.329,0.6745,False,10.154780387878418,train,weighted_all
red3-3.xls,red,new york strip steak,3,48,2.0,3,shear,shear,29,0.056023699999999996,498.692,2.419950093041189,False,10.887192726135254,train,weighted_all
red3-4.xls,red,new york strip steak,3,48,2.0,4,shear,shear,29,0.0586024,284.678,0.0,False,11.394096374511719,train,weighted_all
red3-5.xls,red,new york strip steak,3,48,2.0,5,shear,shear,29,0.0546754,261.907,-0.25748167675311406,False,10.622452735900879,test,weighted_all
red3-1.xls,red,new york strip steak,3,48,2.0,1,shear,shear,30,0.0530156,198.348,-0.7011979938104353,False,10.296826362609863,train,weighted_all
red3-2.xls,red,new york strip steak,3,48,2.0,2,shear,shear,30,0.060546300000000004,367.721,0.6745,False,11.776731491088867,train,weighted_all
red3-3.xls,red,new york strip steak,3,48,2.0,3,shear,shear,30,0.056023699999999996,498.692,1.7382855026913766,False,10.887192726135254,train,weighted_all
red3-4.xls,red,new york strip steak,3,48,2.0,4,shear,shear,30,0.0586024,284.678,0.0,False,11.394096374511719,train,weighted_all
red3-5.xls,red,new york strip steak,3,48,2.0,5,shear,shear,30,0.0546754,261.907,-0.18495284972845405,False,10.622452735900879,test,weighted_all
red3-1.xls,red,new york strip steak,3,48,2.0,1,shear,shear,31,0.0611632,213.688,-0.6745,False,11.898256301879883,train,weighted_all
red3-2.xls,red,new york strip steak,3,48,2.0,2,shear,shear,31,0.060546300000000004,367.721,0.7890196295252851,False,11.776731491088867,train,weighted_all
red3-3.xls,red,new york strip steak,3,48,2.0,3,shear,shear,31,0.056023699999999996,498.692,2.0334193970981826,False,10.887192726135254,train,weighted_all
red3-4.xls,red,new york strip steak,3,48,2.0,4,shear,shear,31,0.0586024,284.678,0.0,False,11.394096374511719,train,weighted_all
red3-5.xls,red,new york strip steak,3,48,2.0,5,shear,shear,31,0.0546754,261.907,-0.21635497253134256,False,10.622452735900879,test,weighted_all
red3-1.xls,red,new york strip steak,3,48,2.0,1,shear,shear,32,0.0611632,213.688,-0.6745,False,11.898256301879883,train,weighted_all
red3-2.xls,red,new york strip steak,3,48,2.0,2,shear,shear,32,0.060546300000000004,367.721,0.7890196295252851,False,11.776731491088867,train,weighted_all
red3-3.xls,red,new york strip steak,3,48,2.0,3,shear,shear,32,0.056023699999999996,498.692,2.0334193970981826,False,10.887192726135254,train,weighted_all
red3-4.xls,red,new york strip steak,3,48,2.0,4,shear,shear,32,0.0586024,284.678,0.0,False,11.394096374511719,train,weighted_all
red3-5.xls,red,new york strip steak,3,48,2.0,5,shear,shear,32,0.0633843,280.803,-0.03681768558951965,False,12.336183547973633,test,weighted_all
red3-1.xls,red,new york strip steak,3,48,2.0,1,shear,shear,33,0.0611632,213.688,-0.6745,False,11.898256301879883,train,weighted_all
red3-2.xls,red,new york strip steak,3,48,2.0,2,shear,shear,33,0.060546300000000004,367.721,0.7890196295252851,False,11.776731491088867,train,weighted_all
red3-3.xls,red,new york strip steak,3,48,2.0,3,shear,shear,33,0.0649028,537.237,2.3996484786589654,False,12.635939598083496,train,weighted_all
red3-4.xls,red,new york strip steak,3,48,2.0,4,shear,shear,33,0.0586024,284.678,0.0,False,11.394096374511719,train,weighted_all
red3-5.xls,red,new york strip steak,3,48,2.0,5,shear,shear,33,0.0633843,280.803,-0.03681768558951965,False,12.336183547973633,test,weighted_all
red3-1.xls,red,new york strip steak,3,48,2.0,1,shear,shear,34,0.0611632,213.688,-0.6745,False,11.898256301879883,train,weighted_all
red3-2.xls,red,new york strip steak,3,48,2.0,2,shear,shear,34,0.0688311,386.837,0.9642758608593154,False,13.41280746459961,train,weighted_all
red3-3.xls,red,new york strip steak,3,48,2.0,3,shear,shear,34,0.0649028,537.237,2.3877428717761617,False,12.635939598083496,train,weighted_all
red3-4.xls,red,new york strip steak,3,48,2.0,4,shear,shear,34,0.067709,284.954,0.0,False,13.190690994262695,train,weighted_all
red3-5.xls,red,new york strip steak,3,48,2.0,5,shear,shear,34,0.0633843,280.803,-0.03928731091965322,False,12.336183547973633,test,weighted_all
red3-1.xls,red,new york strip steak,3,48,2.0,1,shear,shear,35,0.06939530000000001,225.959,-0.6745,False,13.52455997467041,train,weighted_all
red3-2.xls,red,new york strip steak,3,48,2.0,2,shear,shear,35,0.0688311,386.837,1.1648458937198065,False,13.41280746459961,train,weighted_all
red3-3.xls,red,new york strip steak,3,48,2.0,3,shear,shear,35,0.0649028,537.237,2.8843950080515293,False,12.635939598083496,train,weighted_all
red3-4.xls,red,new york strip steak,3,48,2.0,4,shear,shear,35,0.067709,284.954,0.0,False,13.190690994262695,train,weighted_all
red3-5.xls,red,new york strip steak,3,48,2.0,5,shear,shear,35,0.0633843,280.803,-0.047459098228663565,False,12.336183547973633,test,weighted_all
red3-1.xls,red,new york strip steak,3,48,2.0,1,shear,shear,36,0.06939530000000001,225.959,-0.6745,False,13.52455997467041,train,weighted_all
red3-2.xls,red,new york strip steak,3,48,2.0,2,shear,shear,36,0.0688311,386.837,0.8475171260256674,False,13.41280746459961,train,weighted_all
red3-3.xls,red,new york strip steak,3,48,2.0,3,shear,shear,36,0.0649028,537.237,2.270405126586716,False,12.635939598083496,train,weighted_all
red3-4.xls,red,new york strip steak,3,48,2.0,4,shear,shear,36,0.067709,284.954,-0.1163665053650327,False,13.190690994262695,train,weighted_all
red3-5.xls,red,new york strip steak,3,48,2.0,5,shear,shear,36,0.0721365,297.254,0.0,False,14.068140983581543,test,weighted_all
red3-1.xls,red,new york strip steak,3,48,2.0,1,shear,shear,37,0.06939479999999999,225.959,-0.6745,False,13.524458885192871,train,weighted_all
red3-2.xls,red,new york strip steak,3,48,2.0,2,shear,shear,37,0.0688311,386.837,0.8475171260256674,False,13.41280746459961,train,weighted_all
red3-3.xls,red,new york strip steak,3,48,2.0,3,shear,shear,37,0.0738075,569.857,2.5790128830913797,False,14.400031089782715,train,weighted_all
red3-4.xls,red,new york strip steak,3,48,2.0,4,shear,shear,37,0.067709,284.954,-0.1163665053650327,False,13.190690994262695,train,weighted_all
red3-5.xls,red,new york strip steak,3,48,2.0,5,shear,shear,37,0.0721365,297.254,0.0,False,14.068140983581543,test,weighted_all
red3-1.xls,red,new york strip steak,3,48,2.0,1,shear,shear,38,0.06939479999999999,225.959,-0.6745,False,13.524458885192871,train,weighted_all
red3-2.xls,red,new york strip steak,3,48,2.0,2,shear,shear,38,0.0688311,386.837,0.8475171260256674,False,13.41280746459961,train,weighted_all
red3-3.xls,red,new york strip steak,3,48,2.0,3,shear,shear,38,0.0738075,569.857,2.5790128830913797,False,14.400031089782715,train,weighted_all
red3-4.xls,red,new york strip steak,3,48,2.0,4,shear,shear,38,0.067709,284.954,-0.1163665053650327,False,13.190690994262695,train,weighted_all
red3-5.xls,red,new york strip steak,3,48,2.0,5,shear,shear,38,0.0721365,297.254,0.0,False,14.068140983581543,test,weighted_all
red3-1.xls,red,new york strip steak,3,48,2.0,1,shear,shear,39,0.07759339999999999,236.18,-0.6745,False,15.153520584106445,train,weighted_all
red3-2.xls,red,new york strip steak,3,48,2.0,2,shear,shear,39,0.0771624,399.157,1.1254146363427966,False,15.067627906799316,train,weighted_all
red3-3.xls,red,new york strip steak,3,48,2.0,3,shear,shear,39,0.0738075,569.857,3.0106219258604305,False,14.400031089782715,train,weighted_all
red3-4.xls,red,new york strip steak,3,48,2.0,4,shear,shear,39,0.0769304,288.662,-0.09488987130366484,False,15.021408081054688,train,weighted_all
red3-5.xls,red,new york strip steak,3,48,2.0,5,shear,shear,39,0.0721365,297.254,0.0,False,14.068140983581543,test,weighted_all
red3-1.xls,red,new york strip steak,3,48,2.0,1,shear,shear,40,0.07759339999999999,236.18,-0.6745,False,15.153520584106445,train,weighted_all
red3-2.xls,red,new york strip steak,3,48,2.0,2,shear,shear,40,0.0771624,399.157,1.1254146363427966,False,15.067627906799316,train,weighted_all
red3-3.xls,red,new york strip steak,3,48,2.0,3,shear,shear,40,0.0738075,569.857,3.0106219258604305,False,14.400031089782715,train,weighted_all
red3-4.xls,red,new york strip steak,3,48,2.0,4,shear,shear,40,0.0769304,288.662,-0.09488987130366484,False,15.021408081054688,train,weighted_all
red3-5.xls,red,new york strip steak,3,48,2.0,5,shear,shear,40,0.0721365,297.254,0.0,False,14.068140983581543,test,weighted_all
red3-1.xls,red,new york strip steak,3,48,2.0,1,shear,shear,41,0.07759339999999999,236.18,-0.6745,False,15.153520584106445,train,weighted_all
red3-2.xls,red,new york strip steak,3,48,2.0,2,shear,shear,41,0.0771624,399.157,0.7825805696940771,False,15.067627906799316,train,weighted_all
red3-3.xls,red,new york strip steak,3,48,2.0,3,shear,shear,41,0.0738075,569.857,2.3087078959228027,False,14.400031089782715,train,weighted_all
red3-4.xls,red,new york strip steak,3,48,2.0,4,shear,shear,41,0.0769304,288.662,-0.2052896055352318,False,15.021408081054688,train,weighted_all
red3-5.xls,red,new york strip steak,3,48,2.0,5,shear,shear,41,0.080872,311.624,0.0,False,15.807842254638672,test,weighted_all
red3-1.xls,red,new york strip steak,3,48,2.0,1,shear,shear,42,0.07759339999999999,236.18,-0.6745,False,15.153520584106445,train,weighted_all
red3-2.xls,red,new york strip steak,3,48,2.0,2,shear,shear,42,0.0771624,399.157,0.7825805696940771,False,15.067627906799316,train,weighted_all
red3-3.xls,red,new york strip steak,3,48,2.0,3,shear,shear,42,0.082652,601.741,2.5937638049414127,False,16.163814544677734,train,weighted_all
red3-4.xls,red,new york strip steak,3,48,2.0,4,shear,shear,42,0.0769304,288.662,-0.2052896055352318,False,15.021408081054688,train,weighted_all
red3-5.xls,red,new york strip steak,3,48,2.0,5,shear,shear,42,0.080872,311.624,0.0,False,15.807842254638672,test,weighted_all
red3-1.xls,red,new york strip steak,3,48,2.0,1,shear,shear,43,0.0858228,244.335,-0.6745,False,16.79922103881836,train,weighted_all
red3-2.xls,red,new york strip steak,3,48,2.0,2,shear,shear,43,0.08534660000000001,411.716,1.0033148657284248,False,16.703685760498047,train,weighted_all
red3-3.xls,red,new york strip steak,3,48,2.0,3,shear,shear,43,0.0826512,601.741,2.9081115264010453,False,16.16364860534668,train,weighted_all
red3-4.xls,red,new york strip steak,3,48,2.0,4,shear,shear,43,0.08588520000000001,285.046,-0.2664159223647255,False,16.811744689941406,train,weighted_all
red3-5.xls,red,new york strip steak,3,48,2.0,5,shear,shear,43,0.080872,311.624,0.0,False,15.807842254638672,test,weighted_all
red3-1.xls,red,new york strip steak,3,48,2.0,1,shear,shear,44,0.0858228,244.335,-0.6745,False,16.79922103881836,train,weighted_all
red3-2.xls,red,new york strip steak,3,48,2.0,2,shear,shear,44,0.08534660000000001,411.716,1.0033148657284248,False,16.703685760498047,train,weighted_all
red3-3.xls,red,new york strip steak,3,48,2.0,3,shear,shear,44,0.0826512,601.741,2.9081115264010453,False,16.16364860534668,train,weighted_all
red3-4.xls,red,new york strip steak,3,48,2.0,4,shear,shear,44,0.08588520000000001,285.046,-0.2664159223647255,False,16.811744689941406,train,weighted_all
red3-5.xls,red,new york strip steak,3,48,2.0,5,shear,shear,44,0.080872,311.624,0.0,False,15.807842254638672,test,weighted_all
red3-1.xls,red,new york strip steak,3,48,2.0,1,shear,shear,45,0.0858228,244.335,-0.6745,False,16.79922103881836,train,weighted_all
red3-2.xls,red,new york strip steak,3,48,2.0,2,shear,shear,45,0.08534660000000001,411.716,0.8069129969820231,False,16.703685760498047,train,weighted_all
red3-3.xls,red,new york strip steak,3,48,2.0,3,shear,shear,45,0.0826512,601.741,2.4887377247080433,False,16.16364860534668,train,weighted_all
red3-4.xls,red,new york strip steak,3,48,2.0,4,shear,shear,45,0.0858844,285.046,-0.31418548090801746,False,16.811588287353516,train,weighted_all
red3-5.xls,red,new york strip steak,3,48,2.0,5,shear,shear,45,0.0896644,320.545,0.0,False,17.571392059326172,test,weighted_all
red3-1.xls,red,new york strip steak,3,48,2.0,1,shear,shear,46,0.0858228,244.335,-0.6745,False,16.79922103881836,train,weighted_all
red3-2.xls,red,new york strip steak,3,48,2.0,2,shear,shear,46,0.08534660000000001,411.716,0.8069129969820231,False,16.703685760498047,train,weighted_all
red3-3.xls,red,new york strip steak,3,48,2.0,3,shear,shear,46,0.091579,630.76,2.7455716769452825,False,17.957210540771484,train,weighted_all
red3-4.xls,red,new york strip steak,3,48,2.0,4,shear,shear,46,0.0858844,285.046,-0.31418548090801746,False,16.811588287353516,train,weighted_all
red3-5.xls,red,new york strip steak,3,48,2.0,5,shear,shear,46,0.0896644,320.545,0.0,False,17.571392059326172,test,weighted_all
red3-1.xls,red,new york strip steak,3,48,2.0,1,shear,shear,47,0.09400510000000001,250.037,-0.6745,False,18.447084426879883,train,weighted_all
red3-2.xls,red,new york strip steak,3,48,2.0,2,shear,shear,47,0.0936715,416.76,0.9204206260282516,False,18.37965965270996,train,weighted_all
red3-3.xls,red,new york strip steak,3,48,2.0,3,shear,shear,47,0.091579,630.76,2.967606760934929,False,17.957210540771484,train,weighted_all
red3-4.xls,red,new york strip steak,3,48,2.0,4,shear,shear,47,0.0858844,285.046,-0.3395937411357578,False,16.811588287353516,train,weighted_all
red3-5.xls,red,new york strip steak,3,48,2.0,5,shear,shear,47,0.0896644,320.545,0.0,False,17.571392059326172,test,weighted_all
red3-1.xls,red,new york strip steak,3,48,2.0,1,shear,shear,48,0.09400510000000001,250.037,-0.6745,False,18.447084426879883,train,weighted_all
red3-2.xls,red,new york strip steak,3,48,2.0,2,shear,shear,48,0.0936715,416.76,0.9204206260282516,False,18.37965965270996,train,weighted_all
red3-3.xls,red,new york strip steak,3,48,2.0,3,shear,shear,48,0.091579,630.76,2.967606760934929,False,17.957210540771484,train,weighted_all
red3-4.xls,red,new york strip steak,3,48,2.0,4,shear,shear,48,0.094999,289.353,-0.2983917285981733,False,18.648090362548828,train,weighted_all
red3-5.xls,red,new york strip steak,3,48,2.0,5,shear,shear,48,0.0896644,320.545,0.0,False,17.571392059326172,test,weighted_all
red3-1.xls,red,new york strip steak,3,48,2.0,1,shear,shear,49,0.09400510000000001,250.037,-0.6745,False,18.447084426879883,train,weighted_all
red3-2.xls,red,new york strip steak,3,48,2.0,2,shear,shear,49,0.0936715,416.76,0.8988206041188657,False,18.37965965270996,train,weighted_all
red3-3.xls,red,new york strip steak,3,48,2.0,3,shear,shear,49,0.091579,630.76,2.918281681963178,False,17.957210540771484,train,weighted_all
red3-4.xls,red,new york strip steak,3,48,2.0,4,shear,shear,49,0.094999,289.353,-0.3034853657171636,False,18.648090362548828,train,weighted_all
red3-5.xls,red,new york strip steak,3,48,2.0,5,shear,shear,49,0.09836690000000001,321.513,0.0,False,19.330617904663086,test,weighted_all
red3-1.xls,red,new york strip steak,3,48,2.0,1,shear,shear,50,0.09400510000000001,250.037,-0.6745,False,18.447084426879883,train,weighted_all
red3-2.xls,red,new york strip steak,3,48,2.0,2,shear,shear,50,0.0936715,416.76,0.8988206041188657,False,18.37965965270996,train,weighted_all
red3-3.xls,red,new york strip steak,3,48,2.0,3,shear,shear,50,0.10040900000000001,657.853,3.1739511164586727,False,19.74555778503418,train,weighted_all
red3-4.xls,red,new york strip steak,3,48,2.0,4,shear,shear,50,0.094999,289.353,-0.3034853657171636,False,18.648090362548828,train,weighted_all
red3-5.xls,red,new york strip steak,3,48,2.0,5,shear,shear,50,0.09836690000000001,321.513,0.0,False,19.330617904663086,test,weighted_all
red3-1.xls,red,new york strip steak,3,48,2.0,1,shear,shear,51,0.102231,254.887,-0.6745,False,20.116477966308594,train,weighted_all
red3-2.xls,red,new york strip steak,3,48,2.0,2,shear,shear,51,0.101926,421.183,1.0090267313060972,False,20.054340362548828,train,weighted_all
red3-3.xls,red,new york strip steak,3,48,2.0,3,shear,shear,51,0.10040900000000001,657.853,3.404996998168884,False,19.74555778503418,train,weighted_all
red3-4.xls,red,new york strip steak,3,48,2.0,4,shear,shear,51,0.094999,289.353,-0.32557740221535114,False,18.648090362548828,train,weighted_all
red3-5.xls,red,new york strip steak,3,48,2.0,5,shear,shear,51,0.09836690000000001,321.513,0.0,False,19.330617904663086,test,weighted_all
red3-1.xls,red,new york strip steak,3,48,2.0,1,shear,shear,52,0.102231,254.887,-0.6745,False,20.116477966308594,train,weighted_all
red3-2.xls,red,new york strip steak,3,48,2.0,2,shear,shear,52,0.101926,421.183,1.0090267313060972,False,20.054340362548828,train,weighted_all
red3-3.xls,red,new york strip steak,3,48,2.0,3,shear,shear,52,0.10040900000000001,657.853,3.404996998168884,False,19.74555778503418,train,weighted_all
red3-4.xls,red,new york strip steak,3,48,2.0,4,shear,shear,52,0.104067,296.419,-0.25404351154204063,False,20.49094581604004,train,weighted_all
red3-5.xls,red,new york strip steak,3,48,2.0,5,shear,shear,52,0.09836690000000001,321.513,0.0,False,19.330617904663086,test,weighted_all
red3-1.xls,red,new york strip steak,3,48,2.0,1,shear,shear,53,0.102231,254.887,-0.6745,False,20.116477966308594,train,weighted_all
red3-2.xls,red,new york strip steak,3,48,2.0,2,shear,shear,53,0.101926,421.183,1.0090267313060972,False,20.054340362548828,train,weighted_all
red3-3.xls,red,new york strip steak,3,48,2.0,3,shear,shear,53,0.10040900000000001,657.853,3.404996998168884,False,19.74555778503418,train,weighted_all
red3-4.xls,red,new york strip steak,3,48,2.0,4,shear,shear,53,0.104067,296.419,-0.25404351154204063,False,20.49094581604004,train,weighted_all
red3-5.xls,red,new york strip steak,3,48,2.0,5,shear,shear,53,0.09836690000000001,321.513,0.0,False,19.330617904663086,test,weighted_all
red3-1.xls,red,new york strip steak,3,48,2.0,1,shear,shear,54,0.102231,254.887,-0.6745,False,20.116477966308594,train,weighted_all
red3-2.xls,red,new york strip steak,3,48,2.0,2,shear,shear,54,0.101926,421.183,1.0417936010037645,False,20.054340362548828,train,weighted_all
red3-3.xls,red,new york strip steak,3,48,2.0,3,shear,shear,54,0.10040900000000001,657.853,3.4843971906845796,False,19.74555778503418,train,weighted_all
red3-4.xls,red,new york strip steak,3,48,2.0,4,shear,shear,54,0.104067,296.419,-0.24586006977384714,False,20.49094581604004,train,weighted_all
red3-5.xls,red,new york strip steak,3,48,2.0,5,shear,shear,54,0.107069,320.241,0.0,False,21.10475730895996,test,weighted_all
red3-1.xls,red,new york strip steak,3,48,2.0,1,shear,shear,55,0.110492,258.574,-0.6745,False,21.807016372680664,train,weighted_all
red3-2.xls,red,new york strip steak,3,48,2.0,2,shear,shear,55,0.110154,425.722,1.153727836606289,False,21.7375545501709,train,weighted_all
red3-4.xls,red,new york strip steak,3,48,2.0,4,shear,shear,55,0.104067,296.419,-0.26055976454181345,False,20.49094581604004,train,weighted_all
red3-5.xls,red,new york strip steak,3,48,2.0,5,shear,shear,55,0.107069,320.241,0.0,False,21.10475730895996,test,weighted_all
red3-1.xls,red,new york strip steak,3,48,2.0,1,shear,shear,56,0.110492,258.574,-0.6745,False,21.807016372680664,train,weighted_all
red3-2.xls,red,new york strip steak,3,48,2.0,2,shear,shear,56,0.110154,425.722,1.153727836606289,False,21.7375545501709,train,weighted_all
red3-4.xls,red,new york strip steak,3,48,2.0,4,shear,shear,56,0.104067,296.419,-0.26055976454181345,False,20.49094581604004,train,weighted_all
red3-5.xls,red,new york strip steak,3,48,2.0,5,shear,shear,56,0.107069,320.241,0.0,False,21.10475730895996,test,weighted_all
red3-1.xls,red,new york strip steak,3,48,2.0,1,shear,shear,57,0.110492,258.574,-0.6745,False,21.807016372680664,train,weighted_all
red3-2.xls,red,new york strip steak,3,48,2.0,2,shear,shear,57,0.110154,425.722,1.153727836606289,False,21.7375545501709,train,weighted_all
red3-4.xls,red,new york strip steak,3,48,2.0,4,shear,shear,57,0.113172,302.475,-0.19432057664553132,False,22.358661651611328,train,weighted_all
red3-5.xls,red,new york strip steak,3,48,2.0,5,shear,shear,57,0.107069,320.241,0.0,False,21.10475730895996,test,weighted_all
red3-1.xls,red,new york strip steak,3,48,2.0,1,shear,shear,58,0.110492,258.574,-0.6745,False,21.807016372680664,train,weighted_all
red3-2.xls,red,new york strip steak,3,48,2.0,2,shear,shear,58,0.110154,425.722,1.4510906108597295,False,21.7375545501709,train,weighted_all
red3-4.xls,red,new york strip steak,3,48,2.0,4,shear,shear,58,0.113172,302.475,-0.1162189950980387,False,22.358661651611328,train,weighted_all
red3-5.xls,red,new york strip steak,3,48,2.0,5,shear,shear,58,0.115775,311.614,0.0,False,22.896028518676758,test,weighted_all
red3-1.xls,red,new york strip steak,3,48,2.0,1,shear,shear,59,0.118621,261.895,-0.6745,False,23.485368728637695,train,weighted_all
red3-2.xls,red,new york strip steak,3,48,2.0,2,shear,shear,59,0.11843500000000001,422.848,1.5090273939540224,False,23.446794509887695,train,weighted_all
red3-4.xls,red,new york strip steak,3,48,2.0,4,shear,shear,59,0.113172,302.475,-0.12398188821174941,False,22.358661651611328,train,weighted_all
red3-5.xls,red,new york strip steak,3,48,2.0,5,shear,shear,59,0.115775,311.614,0.0,False,22.896028518676758,test,weighted_all
red3-1.xls,red,new york strip steak,3,48,2.0,1,shear,shear,60,0.118621,261.895,-0.6745,False,23.485368728637695,train,weighted_all
red3-2.xls,red,new york strip steak,3,48,2.0,2,shear,shear,60,0.11843500000000001,422.848,1.5090273939540224,False,23.446794509887695,train,weighted_all
red3-4.xls,red,new york strip steak,3,48,2.0,4,shear,shear,60,0.113172,302.475,-0.12398188821174941,False,22.358661651611328,train,weighted_all
red3-5.xls,red,new york strip steak,3,48,2.0,5,shear,shear,60,0.115775,311.614,0.0,False,22.896028518676758,test,weighted_all
red3-1.xls,red,new york strip steak,3,48,2.0,1,shear,shear,61,0.118621,261.895,-0.6745,False,23.485368728637695,train,weighted_all
red3-2.xls,red,new york strip steak,3,48,2.0,2,shear,shear,61,0.11843500000000001,422.848,1.5090273939540224,False,23.446794509887695,train,weighted_all
red3-4.xls,red,new york strip steak,3,48,2.0,4,shear,shear,61,0.12224299999999999,306.936,-0.06346288139343105,False,24.23821258544922,train,weighted_all
red3-5.xls,red,new york strip steak,3,48,2.0,5,shear,shear,61,0.115775,311.614,0.0,False,22.896028518676758,test,weighted_all
red3-1.xls,red,new york strip steak,3,48,2.0,1,shear,shear,62,0.118621,261.895,-0.6745,False,23.485368728637695,train,weighted_all
red3-2.xls,red,new york strip steak,3,48,2.0,2,shear,shear,62,0.11843500000000001,422.848,1.7358105725894193,False,23.446794509887695,train,weighted_all
red3-4.xls,red,new york strip steak,3,48,2.0,4,shear,shear,62,0.12224299999999999,306.936,0.0,False,24.23821258544922,train,weighted_all
red3-5.xls,red,new york strip steak,3,48,2.0,5,shear,shear,62,0.124523,304.438,-0.03740816145289833,False,24.713768005371094,test,weighted_all
red3-1.xls,red,new york strip steak,3,48,2.0,1,shear,shear,63,0.118621,261.895,-0.6745,False,23.485368728637695,train,weighted_all
red3-2.xls,red,new york strip steak,3,48,2.0,2,shear,shear,63,0.11843500000000001,422.848,1.7358105725894193,False,23.446794509887695,train,weighted_all
red3-4.xls,red,new york strip steak,3,48,2.0,4,shear,shear,63,0.12224299999999999,306.936,0.0,False,24.23821258544922,train,weighted_all
red3-5.xls,red,new york strip steak,3,48,2.0,5,shear,shear,63,0.124523,304.438,-0.03740816145289833,False,24.713768005371094,test,weighted_all
red3-1.xls,red,new york strip steak,3,48,2.0,1,shear,shear,64,0.126886,263.395,-0.6745,False,25.208023071289062,train,weighted_all
red3-2.xls,red,new york strip steak,3,48,2.0,2,shear,shear,64,0.126758,415.414,1.6804485657196668,False,25.18120574951172,train,weighted_all
red3-4.xls,red,new york strip steak,3,48,2.0,4,shear,shear,64,0.12224299999999999,306.936,0.0,False,24.23821258544922,train,weighted_all
red3-5.xls,red,new york strip steak,3,48,2.0,5,shear,shear,64,0.124523,304.438,-0.03869688339725761,False,24.713768005371094,test,weighted_all
red3-1.xls,red,new york strip steak,3,48,2.0,1,shear,shear,65,0.126886,263.395,-0.6745,False,25.208023071289062,train,weighted_all
red3-2.xls,red,new york strip steak,3,48,2.0,2,shear,shear,65,0.126758,415.414,1.6804485657196668,False,25.18120574951172,train,weighted_all
red3-4.xls,red,new york strip steak,3,48,2.0,4,shear,shear,65,0.12224299999999999,306.936,0.0,False,24.23821258544922,train,weighted_all
red3-5.xls,red,new york strip steak,3,48,2.0,5,shear,shear,65,0.124523,304.438,-0.03869688339725761,False,24.713768005371094,test,weighted_all
red3-1.xls,red,new york strip steak,3,48,2.0,1,shear,shear,66,0.126886,263.395,-0.6745,False,25.208023071289062,train,weighted_all
red3-2.xls,red,new york strip steak,3,48,2.0,2,shear,shear,66,0.126758,415.414,1.6853263676325045,False,25.18120574951172,train,weighted_all
red3-4.xls,red,new york strip steak,3,48,2.0,4,shear,shear,66,0.131386,306.846,0.0,False,26.153226852416992,train,weighted_all
red3-5.xls,red,new york strip steak,3,48,2.0,5,shear,shear,66,0.124523,304.438,-0.037379945225656706,False,24.713768005371094,test,weighted_all
red3-1.xls,red,new york strip steak,3,48,2.0,1,shear,shear,67,0.126886,263.395,-0.6745,False,25.208023071289062,train,weighted_all
red3-2.xls,red,new york strip steak,3,48,2.0,2,shear,shear,67,0.126758,415.414,1.6853263676325045,False,25.18120574951172,train,weighted_all
red3-4.xls,red,new york strip steak,3,48,2.0,4,shear,shear,67,0.131386,306.846,0.0,False,26.153226852416992,train,weighted_all
red3-5.xls,red,new york strip steak,3,48,2.0,5,shear,shear,67,0.133267,301.879,-0.07710389864444979,False,26.549911499023438,test,weighted_all
red3-1.xls,red,new york strip steak,3,48,2.0,1,shear,shear,68,0.135058,267.399,-0.6745,False,26.928503036499023,train,weighted_all
red3-2.xls,red,new york strip steak,3,48,2.0,2,shear,shear,68,0.135055,410.105,1.765614508074125,False,26.927860260009766,train,weighted_all
red3-4.xls,red,new york strip steak,3,48,2.0,4,shear,shear,68,0.131386,306.846,0.0,False,26.153226852416992,train,weighted_all
red3-5.xls,red,new york strip steak,3,48,2.0,5,shear,shear,68,0.133267,301.879,-0.08493019748016298,False,26.549911499023438,test,weighted_all
red3-1.xls,red,new york strip steak,3,48,2.0,1,shear,shear,69,0.135058,267.399,-0.6745,False,26.928503036499023,train,weighted_all
red3-2.xls,red,new york strip steak,3,48,2.0,2,shear,shear,69,0.135055,410.105,1.765614508074125,False,26.927860260009766,train,weighted_all
red3-4.xls,red,new york strip steak,3,48,2.0,4,shear,shear,69,0.131385,306.846,0.0,False,26.15302085876465,train,weighted_all
red3-5.xls,red,new york strip steak,3,48,2.0,5,shear,shear,69,0.133267,301.879,-0.08493019748016298,False,26.549911499023438,test,weighted_all
red3-1.xls,red,new york strip steak,3,48,2.0,1,shear,shear,70,0.135058,267.399,-0.6745,False,26.928503036499023,train,weighted_all
red3-2.xls,red,new york strip steak,3,48,2.0,2,shear,shear,70,0.135055,410.105,1.76920755794765,False,26.927860260009766,train,weighted_all
red3-4.xls,red,new york strip steak,3,48,2.0,4,shear,shear,70,0.14044700000000002,306.788,0.0,False,28.07298469543457,train,weighted_all
red3-5.xls,red,new york strip steak,3,48,2.0,5,shear,shear,70,0.133267,301.879,-0.08406206047373617,False,26.549911499023438,test,weighted_all
red3-1.xls,red,new york strip steak,3,48,2.0,1,shear,shear,71,0.135058,267.399,-0.6745,False,26.928503036499023,train,weighted_all
red3-2.xls,red,new york strip steak,3,48,2.0,2,shear,shear,71,0.135055,410.105,1.76920755794765,False,26.927860260009766,train,weighted_all
red3-4.xls,red,new york strip steak,3,48,2.0,4,shear,shear,71,0.14044700000000002,306.788,0.0,False,28.07298469543457,train,weighted_all
red3-5.xls,red,new york strip steak,3,48,2.0,5,shear,shear,71,0.141956,292.703,-0.2411925283708655,False,28.394933700561523,test,weighted_all
red3-1.xls,red,new york strip steak,3,48,2.0,1,shear,shear,72,0.14321899999999999,267.969,-0.6745,False,28.66488265991211,train,weighted_all
red3-2.xls,red,new york strip steak,3,48,2.0,2,shear,shear,72,0.143227,405.527,1.7156406785337064,False,28.666597366333008,train,weighted_all
red3-4.xls,red,new york strip steak,3,48,2.0,4,shear,shear,72,0.14044700000000002,306.788,0.0,False,28.07298469543457,train,weighted_all
red3-5.xls,red,new york strip steak,3,48,2.0,5,shear,shear,72,0.141956,292.703,-0.2447340864009897,False,28.394933700561523,test,weighted_all
red3-1.xls,red,new york strip steak,3,48,2.0,1,shear,shear,73,0.14321899999999999,267.969,-0.6745,False,28.66488265991211,train,weighted_all
red3-2.xls,red,new york strip steak,3,48,2.0,2,shear,shear,73,0.143227,405.527,1.7156406785337064,False,28.666597366333008,train,weighted_all
red3-4.xls,red,new york strip steak,3,48,2.0,4,shear,shear,73,0.14044700000000002,306.788,0.0,False,28.07298469543457,train,weighted_all
red3-5.xls,red,new york strip steak,3,48,2.0,5,shear,shear,73,0.141956,292.703,-0.2447340864009897,False,28.394933700561523,test,weighted_all
red3-1.xls,red,new york strip steak,3,48,2.0,1,shear,shear,74,0.14321899999999999,267.969,-0.6745,False,28.66488265991211,train,weighted_all
red3-2.xls,red,new york strip steak,3,48,2.0,2,shear,shear,74,0.143227,405.527,1.7156406785337064,False,28.666597366333008,train,weighted_all
red3-4.xls,red,new york strip steak,3,48,2.0,4,shear,shear,74,0.14044700000000002,306.788,0.0,False,28.07298469543457,train,weighted_all
red3-5.xls,red,new york strip steak,3,48,2.0,5,shear,shear,74,0.141956,292.703,-0.2447340864009897,False,28.394933700561523,test,weighted_all
red3-1.xls,red,new york strip steak,3,48,2.0,1,shear,shear,75,0.14321799999999998,267.969,-0.6745,False,28.6646728515625,train,weighted_all
red3-2.xls,red,new york strip steak,3,48,2.0,2,shear,shear,75,0.143227,405.527,1.613046129191321,False,28.666597366333008,train,weighted_all
red3-4.xls,red,new york strip steak,3,48,2.0,4,shear,shear,75,0.149507,308.529,0.0,False,30.015893936157227,train,weighted_all
red3-5.xls,red,new york strip steak,3,48,2.0,5,shear,shear,75,0.141956,292.703,-0.2631813856015783,False,28.394933700561523,test,weighted_all
red3-1.xls,red,new york strip steak,3,48,2.0,1,shear,shear,76,0.151503,270.123,-0.6745,False,30.447223663330078,train,weighted_all
red3-2.xls,red,new york strip steak,3,48,2.0,2,shear,shear,76,0.15154299999999998,404.305,1.6820525959485497,False,30.455875396728516,train,weighted_all
red3-4.xls,red,new york strip steak,3,48,2.0,4,shear,shear,76,0.149507,308.529,0.0,False,30.015893936157227,train,weighted_all
red3-5.xls,red,new york strip steak,3,48,2.0,5,shear,shear,76,0.150738,288.705,-0.3481562255897518,False,30.281766891479492,test,weighted_all
red3-1.xls,red,new york strip steak,3,48,2.0,1,shear,shear,77,0.151503,270.123,-0.6745,False,30.447223663330078,train,weighted_all
red3-2.xls,red,new york strip steak,3,48,2.0,2,shear,shear,77,0.15154299999999998,404.305,1.6820525959485497,False,30.455875396728516,train,weighted_all
red3-4.xls,red,new york strip steak,3,48,2.0,4,shear,shear,77,0.149507,308.529,0.0,False,30.015893936157227,train,weighted_all
red3-5.xls,red,new york strip steak,3,48,2.0,5,shear,shear,77,0.150738,288.705,-0.3481562255897518,False,30.281766891479492,test,weighted_all
red3-1.xls,red,new york strip steak,3,48,2.0,1,shear,shear,78,0.151503,270.123,-0.6745,False,30.447223663330078,train,weighted_all
red3-2.xls,red,new york strip steak,3,48,2.0,2,shear,shear,78,0.15154299999999998,404.305,1.6820525959485497,False,30.455875396728516,train,weighted_all
red3-4.xls,red,new york strip steak,3,48,2.0,4,shear,shear,78,0.149507,308.529,0.0,False,30.015893936157227,train,weighted_all
red3-5.xls,red,new york strip steak,3,48,2.0,5,shear,shear,78,0.150738,288.705,-0.3481562255897518,False,30.281766891479492,test,weighted_all
red3-1.xls,red,new york strip steak,3,48,2.0,1,shear,shear,79,0.151503,270.123,-0.6745,False,30.447223663330078,train,weighted_all
red3-2.xls,red,new york strip steak,3,48,2.0,2,shear,shear,79,0.15154299999999998,404.305,1.6367967720516874,False,30.455875396728516,train,weighted_all
red3-4.xls,red,new york strip steak,3,48,2.0,4,shear,shear,79,0.158627,309.281,0.0,False,31.99681854248047,train,weighted_all
red3-5.xls,red,new york strip steak,3,48,2.0,5,shear,shear,79,0.150738,288.705,-0.3544234128402883,False,30.281766891479492,test,weighted_all
red3-1.xls,red,new york strip steak,3,48,2.0,1,shear,shear,80,0.15966,273.433,-0.6745,False,32.22285079956055,train,weighted_all
red3-2.xls,red,new york strip steak,3,48,2.0,2,shear,shear,80,0.159746,401.335,1.7320470598080773,False,32.24169921875,train,weighted_all
red3-4.xls,red,new york strip steak,3,48,2.0,4,shear,shear,80,0.158627,309.281,0.0,False,31.99681854248047,train,weighted_all
red3-5.xls,red,new york strip steak,3,48,2.0,5,shear,shear,80,0.159413,277.451,-0.5988991017629989,False,32.16878128051758,test,weighted_all
red3-1.xls,red,new york strip steak,3,48,2.0,1,shear,shear,81,0.15966,273.433,-0.6745,False,32.22285079956055,train,weighted_all
red3-2.xls,red,new york strip steak,3,48,2.0,2,shear,shear,81,0.159746,401.335,1.7320470598080773,False,32.24169921875,train,weighted_all
red3-4.xls,red,new york strip steak,3,48,2.0,4,shear,shear,81,0.158627,309.281,0.0,False,31.99681854248047,train,weighted_all
red3-5.xls,red,new york strip steak,3,48,2.0,5,shear,shear,81,0.159413,277.451,-0.5988991017629989,False,32.16878128051758,test,weighted_all
red3-1.xls,red,new york strip steak,3,48,2.0,1,shear,shear,82,0.15966,273.433,-0.6745,False,32.22285079956055,train,weighted_all
red3-2.xls,red,new york strip steak,3,48,2.0,2,shear,shear,82,0.159746,401.335,1.7320470598080773,False,32.24169921875,train,weighted_all
red3-4.xls,red,new york strip steak,3,48,2.0,4,shear,shear,82,0.158627,309.281,0.0,False,31.99681854248047,train,weighted_all
red3-5.xls,red,new york strip steak,3,48,2.0,5,shear,shear,82,0.159413,277.451,-0.5988991017629989,False,32.16878128051758,test,weighted_all
red3-1.xls,red,new york strip steak,3,48,2.0,1,shear,shear,83,0.15966,273.433,-0.6745,False,32.22285079956055,train,weighted_all
red3-2.xls,red,new york strip steak,3,48,2.0,2,shear,shear,83,0.159746,401.335,1.7320470598080773,False,32.24169921875,train,weighted_all
red3-4.xls,red,new york strip steak,3,48,2.0,4,shear,shear,83,0.158627,309.281,0.0,False,31.99681854248047,train,weighted_all
red3-5.xls,red,new york strip steak,3,48,2.0,5,shear,shear,83,0.159413,277.451,-0.5988991017629989,False,32.16878128051758,test,weighted_all
red3-1.xls,red,new york strip steak,3,48,2.0,1,shear,shear,84,0.167867,275.43,-0.6226703674495405,False,34.03119659423828,train,weighted_all
red3-2.xls,red,new york strip steak,3,48,2.0,2,shear,shear,84,0.168017,398.421,1.4217742563521205,False,34.064456939697266,train,weighted_all
red3-4.xls,red,new york strip steak,3,48,2.0,4,shear,shear,84,0.167697,312.889,0.0,False,33.993499755859375,train,weighted_all
red3-5.xls,red,new york strip steak,3,48,2.0,5,shear,shear,84,0.16814900000000002,272.312,-0.6745,False,34.09373092651367,test,weighted_all
red3-1.xls,red,new york strip steak,3,48,2.0,1,shear,shear,85,0.167867,275.43,-0.6226703674495405,False,34.03119659423828,train,weighted_all
red3-2.xls,red,new york strip steak,3,48,2.0,2,shear,shear,85,0.168016,398.421,1.4217742563521205,False,34.064239501953125,train,weighted_all
red3-4.xls,red,new york strip steak,3,48,2.0,4,shear,shear,85,0.167697,312.889,0.0,False,33.993499755859375,train,weighted_all
red3-5.xls,red,new york strip steak,3,48,2.0,5,shear,shear,85,0.16814900000000002,272.312,-0.6745,False,34.09373092651367,test,weighted_all
red3-1.xls,red,new york strip steak,3,48,2.0,1,shear,shear,86,0.167867,275.43,-0.6226703674495405,False,34.03119659423828,train,weighted_all
red3-2.xls,red,new york strip steak,3,48,2.0,2,shear,shear,86,0.168016,398.421,1.4217742563521205,False,34.064239501953125,train,weighted_all
red3-4.xls,red,new york strip steak,3,48,2.0,4,shear,shear,86,0.167697,312.889,0.0,False,33.993499755859375,train,weighted_all
red3-5.xls,red,new york strip steak,3,48,2.0,5,shear,shear,86,0.16814900000000002,272.312,-0.6745,False,34.09373092651367,test,weighted_all
red3-1.xls,red,new york strip steak,3,48,2.0,1,shear,shear,87,0.167867,275.43,-0.6226703674495405,False,34.03119659423828,train,weighted_all
red3-2.xls,red,new york strip steak,3,48,2.0,2,shear,shear,87,0.168016,398.421,1.4217742563521205,False,34.064239501953125,train,weighted_all
red3-4.xls,red,new york strip steak,3,48,2.0,4,shear,shear,87,0.167697,312.889,0.0,False,33.993499755859375,train,weighted_all
red3-5.xls,red,new york strip steak,3,48,2.0,5,shear,shear,87,0.16814900000000002,272.312,-0.6745,False,34.09373092651367,test,weighted_all
red3-1.xls,red,new york strip steak,3,48,2.0,1,shear,shear,88,0.176088,278.806,-0.5572662928565699,False,35.8657341003418,train,weighted_all
red3-2.xls,red,new york strip steak,3,48,2.0,2,shear,shear,88,0.176291,392.933,1.503024944463774,False,35.91133499145508,train,weighted_all
red3-4.xls,red,new york strip steak,3,48,2.0,4,shear,shear,88,0.176815,309.675,0.0,False,36.029117584228516,train,weighted_all
red3-5.xls,red,new york strip steak,3,48,2.0,5,shear,shear,88,0.16814900000000002,272.312,-0.6745,False,34.09373092651367,test,weighted_all
red3-1.xls,red,new york strip steak,3,48,2.0,1,shear,shear,89,0.176088,278.806,-0.46636071540563573,False,35.8657341003418,train,weighted_all
red3-2.xls,red,new york strip steak,3,48,2.0,2,shear,shear,89,0.176292,392.933,1.257839918469739,False,35.911556243896484,train,weighted_all
red3-4.xls,red,new york strip steak,3,48,2.0,4,shear,shear,89,0.176815,309.675,0.0,False,36.029117584228516,train,weighted_all
red3-5.xls,red,new york strip steak,3,48,2.0,5,shear,shear,89,0.176921,265.029,-0.6745,False,36.052947998046875,test,weighted_all
red3-1.xls,red,new york strip steak,3,48,2.0,1,shear,shear,90,0.176088,278.806,-0.46636071540563573,False,35.8657341003418,train,weighted_all
red3-2.xls,red,new york strip steak,3,48,2.0,2,shear,shear,90,0.176292,392.933,1.257839918469739,False,35.911556243896484,train,weighted_all
red3-4.xls,red,new york strip steak,3,48,2.0,4,shear,shear,90,0.176815,309.675,0.0,False,36.029117584228516,train,weighted_all
red3-5.xls,red,new york strip steak,3,48,2.0,5,shear,shear,90,0.176921,265.029,-0.6745,False,36.052947998046875,test,weighted_all
red3-1.xls,red,new york strip steak,3,48,2.0,1,shear,shear,91,0.176088,278.806,-0.46636071540563573,False,35.8657341003418,train,weighted_all
red3-2.xls,red,new york strip steak,3,48,2.0,2,shear,shear,91,0.176291,392.933,1.257839918469739,False,35.91133499145508,train,weighted_all
red3-4.xls,red,new york strip steak,3,48,2.0,4,shear,shear,91,0.176815,309.675,0.0,False,36.029117584228516,train,weighted_all
red3-5.xls,red,new york strip steak,3,48,2.0,5,shear,shear,91,0.176921,265.029,-0.6745,False,36.052947998046875,test,weighted_all
red3-1.xls,red,new york strip steak,3,48,2.0,1,shear,shear,92,0.18425,280.761,-0.4368250907136134,False,37.711143493652344,train,weighted_all
red3-2.xls,red,new york strip steak,3,48,2.0,2,shear,shear,92,0.18453,392.328,1.2486997379384481,False,37.774906158447266,train,weighted_all
red3-4.xls,red,new york strip steak,3,48,2.0,4,shear,shear,92,0.176815,309.675,0.0,False,36.029117584228516,train,weighted_all
red3-5.xls,red,new york strip steak,3,48,2.0,5,shear,shear,92,0.176921,265.029,-0.6745,False,36.052947998046875,test,weighted_all
red3-1.xls,red,new york strip steak,3,48,2.0,1,shear,shear,93,0.18425,280.761,-0.40836595878700577,False,37.711143493652344,train,weighted_all
red3-2.xls,red,new york strip steak,3,48,2.0,2,shear,shear,93,0.18453,392.328,0.94593875641141,False,37.774906158447266,train,weighted_all
red3-4.xls,red,new york strip steak,3,48,2.0,4,shear,shear,93,0.185884,314.402,0.0,False,38.083580017089844,train,weighted_all
red3-5.xls,red,new york strip steak,3,48,2.0,5,shear,shear,93,0.185619,258.837,-0.6745,False,38.02310562133789,test,weighted_all
red3-1.xls,red,new york strip steak,3,48,2.0,1,shear,shear,94,0.18425,280.761,-0.40836595878700577,False,37.711143493652344,train,weighted_all
red3-2.xls,red,new york strip steak,3,48,2.0,2,shear,shear,94,0.18453,392.328,0.94593875641141,False,37.774906158447266,train,weighted_all
red3-4.xls,red,new york strip steak,3,48,2.0,4,shear,shear,94,0.185884,314.402,0.0,False,38.083580017089844,train,weighted_all
red3-5.xls,red,new york strip steak,3,48,2.0,5,shear,shear,94,0.185619,258.837,-0.6745,False,38.02310562133789,test,weighted_all
red3-1.xls,red,new york strip steak,3,48,2.0,1,shear,shear,95,0.18425,280.761,-0.40836595878700577,False,37.711143493652344,train,weighted_all
red3-2.xls,red,new york strip steak,3,48,2.0,2,shear,shear,95,0.18453,392.328,0.94593875641141,False,37.774906158447266,train,weighted_all
red3-4.xls,red,new york strip steak,3,48,2.0,4,shear,shear,95,0.185884,314.402,0.0,False,38.083580017089844,train,weighted_all
red3-5.xls,red,new york strip steak,3,48,2.0,5,shear,shear,95,0.185619,258.837,-0.6745,False,38.02310562133789,test,weighted_all
red3-1.xls,red,new york strip steak,3,48,2.0,1,shear,shear,96,0.192447,284.254,-0.3659646540088181,False,39.58979797363281,train,weighted_all
red3-2.xls,red,new york strip steak,3,48,2.0,2,shear,shear,96,0.18453,392.328,0.94593875641141,False,37.774906158447266,train,weighted_all
red3-4.xls,red,new york strip steak,3,48,2.0,4,shear,shear,96,0.185884,314.402,0.0,False,38.083580017089844,train,weighted_all
red3-5.xls,red,new york strip steak,3,48,2.0,5,shear,shear,96,0.185619,258.837,-0.6745,False,38.02310562133789,test,weighted_all
red3-1.xls,red,new york strip steak,3,48,2.0,1,shear,shear,97,0.192447,284.254,-0.3430880040492658,False,39.58979797363281,train,weighted_all
red3-2.xls,red,new york strip steak,3,48,2.0,2,shear,shear,97,0.19283999999999998,390.038,0.8607471233338962,False,39.68052673339844,train,weighted_all
red3-4.xls,red,new york strip steak,3,48,2.0,4,shear,shear,97,0.185882,314.402,0.0,False,38.08312225341797,train,weighted_all
red3-5.xls,red,new york strip steak,3,48,2.0,5,shear,shear,97,0.194332,255.132,-0.6745,False,40.02552795410156,test,weighted_all
red3-1.xls,red,new york strip steak,3,48,2.0,1,shear,shear,98,0.192447,284.254,-0.3360238054210535,False,39.58979797363281,train,weighted_all
red3-2.xls,red,new york strip steak,3,48,2.0,2,shear,shear,98,0.19283999999999998,390.038,0.893471619595747,False,39.68052673339844,train,weighted_all
red3-4.xls,red,new york strip steak,3,48,2.0,4,shear,shear,98,0.195,313.165,0.0,False,40.18026351928711,train,weighted_all
red3-5.xls,red,new york strip steak,3,48,2.0,5,shear,shear,98,0.194332,255.132,-0.6745,False,40.02552795410156,test,weighted_all
red3-1.xls,red,new york strip steak,3,48,2.0,1,shear,shear,99,0.192447,284.254,-0.3360238054210535,False,39.58979797363281,train,weighted_all
red3-2.xls,red,new york strip steak,3,48,2.0,2,shear,shear,99,0.19283999999999998,390.038,0.893471619595747,False,39.68052673339844,train,weighted_all
red3-4.xls,red,new york strip steak,3,48,2.0,4,shear,shear,99,0.195,313.165,0.0,False,40.18026351928711,train,weighted_all
red3-5.xls,red,new york strip steak,3,48,2.0,5,shear,shear,99,0.194332,255.132,-0.6745,False,40.02552795410156,test,weighted_all
