epoch,train_loss,val_loss
1,0.26754704117774963,0.1917749047279358
2,0.26747408509254456,0.19171683490276337
3,0.2674012780189514,0.1916588693857193
4,0.26732853055000305,0.1916010081768036
5,0.2672559320926666,0.19154328107833862
6,0.26718348264694214,0.19148561358451843
7,0.2671111226081848,0.191428080201149
8,0.26703891158103943,0.1913706660270691
9,0.2669668197631836,0.19131334125995636
10,0.2668948769569397,0.19125613570213318
11,0.26682305335998535,0.19119903445243835
12,0.26675137877464294,0.19114206731319427
13,0.2666798532009125,0.19108520448207855
14,0.26660844683647156,0.19102843105793
15,0.26653721928596497,0.19097179174423218
16,0.2664661109447479,0.1909153163433075
17,0.2663951516151428,0.19085893034934998
18,0.26632434129714966,0.190802663564682
19,0.26625367999076843,0.1907465159893036
20,0.26618316769599915,0.19069050252437592
21,0.2661127746105194,0.190634623169899
22,0.2660425901412964,0.19057883322238922
23,0.2659725248813629,0.1905231773853302
24,0.26590263843536377,0.19046767055988312
25,0.2658328711986542,0.1904122680425644
26,0.2657632827758789,0.1903570145368576
27,0.2656938135623932,0.19030186533927917
28,0.2656245529651642,0.1902468502521515
29,0.26555541157722473,0.19019196927547455
30,0.265486478805542,0.19013722240924835
31,0.2654176354408264,0.1900825798511505
32,0.26534900069236755,0.1900280863046646
33,0.26528051495552063,0.18997372686862946
34,0.26521217823028564,0.18991947174072266
35,0.2651439905166626,0.1898653656244278
36,0.2650759816169739,0.1898113638162613
37,0.2650080919265747,0.18975752592086792
38,0.26494044065475464,0.1897038072347641
39,0.2648729085922241,0.18965022265911102
40,0.26480549573898315,0.1895967423915863
41,0.2647382616996765,0.18954341113567352
42,0.2646712064743042,0.1894902139902115
43,0.2646043002605438,0.1894371211528778
44,0.2645375728607178,0.18938417732715607
45,0.2644709646701813,0.18933136761188507
46,0.2644045650959015,0.18927869200706482
47,0.26433828473091125,0.18922613561153412
48,0.26427215337753296,0.18917369842529297
49,0.2642062306404114,0.18912138044834137
50,0.26414042711257935,0.1890692114830017
51,0.26407480239868164,0.1890171617269516
52,0.2640093266963959,0.18896523118019104
53,0.26394397020339966,0.18891344964504242
54,0.26387882232666016,0.18886177241802216
55,0.2638138234615326,0.18881024420261383
56,0.2637489438056946,0.18875882029533386
57,0.2636842429637909,0.18870753049850464
58,0.26361972093582153,0.18865638971328735
59,0.2635553181171417,0.18860533833503723
60,0.26349109411239624,0.18855442106723785
61,0.2634270191192627,0.18850363790988922
62,0.2633630633354187,0.18845297396183014
63,0.2632993161678314,0.1884024441242218
64,0.2632356882095337,0.18835203349590302
65,0.2631722092628479,0.18830174207687378
66,0.26310890913009644,0.1882515698671341
67,0.2630457580089569,0.18820151686668396
68,0.26298272609710693,0.18815158307552338
69,0.2629198431968689,0.18810176849365234
70,0.2628571391105652,0.18805208802223206
71,0.2627946138381958,0.1880025565624237
72,0.2627321481704712,0.18795311450958252
73,0.2626699209213257,0.18790379166603088
74,0.2626078128814697,0.1878545880317688
75,0.2625458240509033,0.18780551850795746
76,0.26248401403427124,0.18775653839111328
77,0.2624223530292511,0.18770769238471985
78,0.2623608112335205,0.18765898048877716
79,0.26229941844940186,0.18761037290096283
80,0.26223820447921753,0.18756189942359924
81,0.26217710971832275,0.187513530254364
82,0.2621161639690399,0.18746528029441833
83,0.262055367231369,0.187417134642601
84,0.26199471950531006,0.18736912310123444
85,0.26193419098854065,0.18732120096683502
86,0.2618738114833832,0.18727341294288635
87,0.26181358098983765,0.18722574412822723
88,0.26175349950790405,0.18717819452285767
89,0.2616935670375824,0.18713074922561646
90,0.2616337835788727,0.1870834231376648
91,0.2615741193294525,0.1870362013578415
92,0.2615146040916443,0.18698909878730774
93,0.261455237865448,0.18694211542606354
94,0.26139599084854126,0.1868952512741089
95,0.26133689284324646,0.1868484765291214
96,0.2612779140472412,0.18680180609226227
97,0.2612191140651703,0.18675528466701508
98,0.26116040349006653,0.18670883774757385
99,0.2611019015312195,0.18666253983974457
100,0.2610434591770172,0.18661633133888245
101,0.26098519563674927,0.18657024204730988
102,0.26092708110809326,0.18652425706386566
103,0.2608690559864044,0.1864783614873886
104,0.2608112096786499,0.1864325851202011
105,0.26075348258018494,0.18638694286346436
106,0.2606958746910095,0.18634139001369476
107,0.26063841581344604,0.18629592657089233
108,0.2605810761451721,0.18625061213970184
109,0.26052388548851013,0.18620538711547852
110,0.2604668140411377,0.18616026639938354
111,0.2604099214076996,0.18611523509025574
112,0.26035311818122864,0.18607033789157867
113,0.26029643416404724,0.18602553009986877
114,0.2602398991584778,0.18598082661628723
115,0.26018351316452026,0.18593625724315643
116,0.2601272165775299,0.1858917623758316
117,0.2600710988044739,0.18584738671779633
118,0.260015070438385,0.1858031153678894
119,0.2599591910839081,0.18575894832611084
120,0.2599034309387207,0.18571485579013824
121,0.25984781980514526,0.1856709122657776
122,0.2597923278808594,0.1856270581483841
123,0.25973692536354065,0.18558329343795776
124,0.25968170166015625,0.1855396330356598
125,0.259626567363739,0.18549607694149017
126,0.2595715820789337,0.18545259535312653
127,0.25951671600341797,0.18540926277637482
128,0.25946199893951416,0.18536603450775146
129,0.2594073712825775,0.1853228658437729
130,0.2593528628349304,0.18527983129024506
131,0.25929850339889526,0.1852368712425232
132,0.25924432277679443,0.18519403040409088
133,0.259190171957016,0.18515127897262573
134,0.2591361701488495,0.18510864675045013
135,0.2590823173522949,0.1850660890340805
136,0.2590285539627075,0.18502362072467804
137,0.25897493958473206,0.18498127162456512
138,0.25892144441604614,0.18493901193141937
139,0.2588680386543274,0.18489685654640198
140,0.2588147819042206,0.18485479056835175
141,0.2587616443634033,0.18481282889842987
142,0.2587085962295532,0.18477097153663635
143,0.25865572690963745,0.18472920358181
144,0.25860294699668884,0.1846875250339508
145,0.2585502862930298,0.18464595079421997
146,0.2584977447986603,0.1846044659614563
147,0.2584453523159027,0.1845630705356598
148,0.2583930194377899,0.18452177941799164
149,0.25834083557128906,0.18448059260845184
150,0.25828877091407776,0.18443948030471802
151,0.2582367956638336,0.18439847230911255
152,0.2581849992275238,0.18435756862163544
153,0.25813329219818115,0.1843167543411255
154,0.25808167457580566,0.1842760145664215
155,0.2580302059650421,0.18423539400100708
156,0.25797879695892334,0.18419484794139862
157,0.2579275369644165,0.18415440618991852
158,0.2578764259815216,0.18411403894424438
159,0.2578253746032715,0.1840737909078598
160,0.2577744722366333,0.18403360247612
161,0.2577236592769623,0.18399353325366974
162,0.2576729655265808,0.18395353853702545
163,0.2576223909854889,0.18391363322734833
164,0.2575719654560089,0.18387383222579956
165,0.2575215995311737,0.18383410573005676
166,0.25747138261795044,0.18379448354244232
167,0.25742125511169434,0.18375493586063385
168,0.2573712170124054,0.18371547758579254
169,0.2573213279247284,0.1836761236190796
170,0.25727152824401855,0.1836368590593338
171,0.25722184777259827,0.18359766900539398
172,0.25717228651046753,0.18355856835842133
173,0.25712281465530396,0.18351957201957703
174,0.2570734918117523,0.1834806501865387
175,0.25702419877052307,0.18344181776046753
176,0.25697508454322815,0.18340308964252472
177,0.2569260895252228,0.1833644062280655
178,0.2568771243095398,0.1833258420228958
179,0.25682830810546875,0.1832873672246933
180,0.25677964091300964,0.18324893712997437
181,0.2567310333251953,0.18321064114570618
182,0.25668254494667053,0.18317241966724396
183,0.2566341757774353,0.1831342726945877
184,0.25658589601516724,0.18309621512889862
185,0.25653770565986633,0.1830582618713379
186,0.25648966431617737,0.18302038311958313
187,0.2564416825771332,0.18298256397247314
188,0.25639382004737854,0.18294484913349152
189,0.25634610652923584,0.18290720880031586
190,0.2562984526157379,0.18286965787410736
191,0.25625088810920715,0.18283218145370483
192,0.25620347261428833,0.18279479444026947
193,0.2561561167240143,0.18275751173496246
194,0.2561088800430298,0.18272028863430023
195,0.2560617923736572,0.18268316984176636
196,0.25601473450660706,0.18264609575271606
197,0.25596779584884644,0.18260914087295532
198,0.25592097640037537,0.18257224559783936
199,0.25587424635887146,0.18253542482852936
200,0.2558276355266571,0.18249867856502533
201,0.2557811439037323,0.18246205151081085
202,0.2557346820831299,0.18242549896240234
203,0.2556883692741394,0.18238897621631622
204,0.2556421756744385,0.18235260248184204
205,0.2555960416793823,0.18231627345085144
206,0.2555500268936157,0.18228000402450562
207,0.2555041015148163,0.18224383890628815
208,0.2554582953453064,0.18220777809619904
209,0.2554125487804413,0.1821717470884323
210,0.2553669214248657,0.18213583528995514
211,0.2553214132785797,0.18209998309612274
212,0.25527602434158325,0.18206419050693512
213,0.2552306652069092,0.18202850222587585
214,0.25518542528152466,0.18199288845062256
215,0.2551402747631073,0.18195734918117523
216,0.2550952434539795,0.18192188441753387
217,0.25505030155181885,0.1818864941596985
218,0.25500544905662537,0.18185119330883026
219,0.25496071577072144,0.181815966963768
220,0.2549160420894623,0.18178081512451172
221,0.2548714876174927,0.1817457377910614
222,0.25482702255249023,0.18171073496341705
223,0.25478264689445496,0.18167580664157867
224,0.25473836064338684,0.18164093792438507
225,0.2546941936016083,0.18160618841648102
226,0.2546501159667969,0.18157149851322174
227,0.25460609793663025,0.18153685331344604
228,0.2545621991157532,0.1815023124217987
229,0.25451838970184326,0.18146783113479614
230,0.2544746696949005,0.18143342435359955
231,0.2544310688972473,0.18139909207820892
232,0.2543875575065613,0.18136484920978546
233,0.25434410572052,0.18133068084716797
234,0.25430071353912354,0.18129657208919525
235,0.254257470369339,0.1812625527381897
236,0.2542143166065216,0.18122856318950653
237,0.2541712522506714,0.18119469285011292
238,0.25412827730178833,0.1811608523130417
239,0.25408539175987244,0.18112713098526
240,0.25404253602027893,0.18109343945980072
241,0.25399985909461975,0.1810598522424698
242,0.25395724177360535,0.18102633953094482
243,0.2539146840572357,0.18099287152290344
244,0.253872275352478,0.18095949292182922
245,0.2538299262523651,0.18092618882656097
246,0.253787636756897,0.1808929443359375
247,0.2537454664707184,0.1808597594499588
248,0.25370338559150696,0.18082667887210846
249,0.2536613941192627,0.1807936429977417
250,0.2536194622516632,0.18076066672801971
251,0.2535776197910309,0.1807277798652649
252,0.2535358667373657,0.18069496750831604
253,0.2534942328929901,0.18066221475601196
254,0.25345268845558167,0.18062952160835266
255,0.2534111738204956,0.18059691786766052
256,0.2533698081970215,0.18056437373161316
257,0.25332850217819214,0.18053188920021057
258,0.25328728556632996,0.18049949407577515
259,0.25324612855911255,0.1804671585559845
260,0.2532050609588623,0.18043489754199982
261,0.2531641125679016,0.18040268123149872
262,0.2531232237815857,0.1803705394268036
263,0.25308242440223694,0.18033847212791443
264,0.25304171442985535,0.18030646443367004
265,0.2530010938644409,0.18027454614639282
266,0.25296056270599365,0.18024267256259918
267,0.25292009115219116,0.1802108883857727
268,0.25287970900535583,0.1801791489124298
269,0.25283944606781006,0.18014748394489288
270,0.25279921293258667,0.18011587858200073
271,0.25275909900665283,0.18008434772491455
272,0.25271904468536377,0.18005286157131195
273,0.2526790499687195,0.1800214797258377
274,0.25263920426368713,0.17999012768268585
275,0.2525993883609772,0.17995887994766235
276,0.2525596618652344,0.17992766201496124
277,0.25252005457878113,0.1798965185880661
278,0.25248047709465027,0.17986543476581573
279,0.25244101881980896,0.17983444035053253
280,0.25240159034729004,0.1798034906387329
281,0.25236228108406067,0.17977263033390045
282,0.25232306122779846,0.1797417849302292
283,0.25228390097618103,0.17971102893352509
284,0.25224483013153076,0.17968033254146576
285,0.25220581889152527,0.1796497106552124
286,0.2521669268608093,0.17961913347244263
287,0.25212806463241577,0.17958863079547882
288,0.25208932161331177,0.1795581877231598
289,0.25205063819885254,0.17952783405780792
290,0.2520120441913605,0.17949751019477844
291,0.2519735097885132,0.17946726083755493
292,0.25193509459495544,0.1794370710849762
293,0.2518967092037201,0.17940694093704224
294,0.2518584132194519,0.17937688529491425
295,0.2518202066421509,0.17934685945510864
296,0.25178205966949463,0.1793169379234314
297,0.25174400210380554,0.17928704619407654
298,0.2517060339450836,0.17925722897052765
299,0.25166812539100647,0.17922747135162354
300,0.2516303062438965,0.1791977733373642
301,0.2515925467014313,0.17916813492774963
302,0.2515548765659332,0.17913855612277985
303,0.25151726603507996,0.17910903692245483
304,0.25147974491119385,0.1790795922279358
305,0.2514422833919525,0.17905019223690033
306,0.25140491127967834,0.17902085185050964
307,0.25136762857437134,0.17899157106876373
308,0.2513304054737091,0.1789623498916626
309,0.25129327178001404,0.17893320322036743
310,0.25125616788864136,0.17890411615371704
311,0.2512191832065582,0.17887507379055023
312,0.2511822581291199,0.178846076130867
313,0.2511453926563263,0.17881715297698975
314,0.2511086165904999,0.17878828942775726
315,0.25107190012931824,0.17875948548316956
316,0.25103524327278137,0.17873074114322662
317,0.25099867582321167,0.17870205640792847
318,0.2509622275829315,0.17867343127727509
319,0.25092577934265137,0.17864485085010529
320,0.2508894205093384,0.17861633002758026
321,0.25085318088531494,0.1785878837108612
322,0.2508169710636139,0.17855948209762573
323,0.2507808804512024,0.17853114008903503
324,0.2507447898387909,0.1785028576850891
325,0.25070878863334656,0.17847461998462677
326,0.2506728768348694,0.1784464567899704
327,0.250637024641037,0.1784183382987976
328,0.25060126185417175,0.1783902496099472
329,0.2505655586719513,0.17836228013038635
330,0.250529944896698,0.1783343106508255
331,0.2504943907260895,0.17830641567707062
332,0.25045886635780334,0.1782785803079605
333,0.25042346119880676,0.17825080454349518
334,0.25038808584213257,0.17822307348251343
335,0.2503528296947479,0.17819540202617645
336,0.25031760334968567,0.17816780507564545
337,0.2502824664115906,0.17814023792743683
338,0.25024738907814026,0.17811273038387299
339,0.2502123713493347,0.17808526754379272
340,0.25017744302749634,0.17805787920951843
341,0.25014254450798035,0.17803055047988892
342,0.2501077651977539,0.1780032515525818
343,0.25007304549217224,0.17797601222991943
344,0.25003835558891296,0.17794884741306305
345,0.25000375509262085,0.17792171239852905
346,0.2499692142009735,0.17789465188980103
347,0.24993476271629333,0.1778676062822342
348,0.24990038573741913,0.17784065008163452
349,0.24986602365970612,0.17781373858451843
350,0.24983176589012146,0.17778688669204712
351,0.24979756772518158,0.17776009440422058
352,0.24976344406604767,0.17773333191871643
353,0.24972938001155853,0.17770662903785706
354,0.24969537556171417,0.17767998576164246
355,0.24966144561767578,0.17765338718891144
356,0.24962757527828217,0.177626833319664
357,0.24959377944469452,0.17760035395622253
358,0.24956005811691284,0.17757390439510345
359,0.24952636659145355,0.17754752933979034
360,0.24949276447296143,0.17752116918563843
361,0.24945920705795288,0.17749489843845367
362,0.2494257539510727,0.1774686872959137
363,0.2493923306465149,0.17744247615337372
364,0.24935898184776306,0.1774163544178009
365,0.249325692653656,0.17739027738571167
366,0.2492924928665161,0.1773642599582672
367,0.2492593377828598,0.17733828723430634
368,0.24922624230384827,0.17731235921382904
369,0.2491932064294815,0.17728646099567413
370,0.24916024506092072,0.1772606521844864
371,0.2491273432970047,0.17723485827445984
372,0.24909450113773346,0.17720915377140045
373,0.2490617334842682,0.17718346416950226
374,0.2490290105342865,0.17715784907341003
375,0.24899634718894958,0.1771322637796402
376,0.24896377325057983,0.17710673809051514
377,0.24893122911453247,0.17708124220371246
378,0.24889877438545227,0.17705582082271576
379,0.24886637926101685,0.17703045904636383
380,0.2488340437412262,0.1770051270723343
381,0.24880176782608032,0.17697983980178833
382,0.24876955151557922,0.17695462703704834
383,0.2487373799085617,0.17692944407463074
384,0.24870529770851135,0.17690429091453552
385,0.24867326021194458,0.17687921226024628
386,0.24864128232002258,0.17685416340827942
387,0.24860936403274536,0.17682917416095734
388,0.24857750535011292,0.17680422961711884
389,0.24854570627212524,0.17677932977676392
390,0.24851398169994354,0.17675448954105377
391,0.24848231673240662,0.1767296940088272
392,0.24845071136951447,0.17670494318008423
393,0.2484191507101059,0.17668025195598602
394,0.2483876645565033,0.1766555905342102
395,0.24835625290870667,0.17663097381591797
396,0.24832485616207123,0.17660640180110931
397,0.24829353392124176,0.17658188939094543
398,0.24826227128505707,0.17655743658542633
399,0.24823108315467834,0.17653299868106842
400,0.2481999397277832,0.17650863528251648
401,0.24816887080669403,0.17648430168628693
402,0.24813781678676605,0.17646001279354095
403,0.24810686707496643,0.17643576860427856
404,0.2480759471654892,0.17641156911849976
405,0.24804510176181793,0.17638742923736572
406,0.24801431596279144,0.17636334896087646
407,0.24798358976840973,0.1763392835855484
408,0.2479529231786728,0.1763152778148651
409,0.24792228639125824,0.1762913316488266
410,0.24789172410964966,0.17626740038394928
411,0.24786120653152466,0.17624352872371674
412,0.24783077836036682,0.17621968686580658
413,0.24780039489269257,0.1761959195137024
414,0.2477700412273407,0.1761721819639206
415,0.247739776968956,0.17614848911762238
416,0.24770954251289368,0.17612484097480774
417,0.24767936766147614,0.1761012226343155
418,0.24764928221702576,0.17607766389846802
419,0.24761921167373657,0.17605416476726532
420,0.24758920073509216,0.176030695438385
421,0.24755927920341492,0.1760072559118271
422,0.24752937257289886,0.17598389089107513
423,0.24749954044818878,0.17596054077148438
424,0.24746976792812347,0.1759372502565384
425,0.24744005501270294,0.1759139895439148
426,0.2474103718996048,0.17589080333709717
427,0.247380793094635,0.17586763203144073
428,0.24735122919082642,0.17584450542926788
429,0.2473216950893402,0.1758214384317398
430,0.24729226529598236,0.17579840123653412
431,0.2472628802061081,0.175775408744812
432,0.2472335398197174,0.1757524609565735
433,0.2472042441368103,0.17572954297065735
434,0.24717502295970917,0.175706684589386
435,0.24714583158493042,0.1756838709115982
436,0.24711669981479645,0.1756610870361328
437,0.24708762764930725,0.1756383329629898
438,0.24705861508846283,0.17561566829681396
439,0.247029647231102,0.17559298872947693
440,0.24700073897838593,0.17557038366794586
441,0.24697187542915344,0.17554780840873718
442,0.24694305658340454,0.17552530765533447
443,0.2469143122434616,0.17550283670425415
444,0.24688562750816345,0.17548038065433502
445,0.2468569576740265,0.17545796930789948
446,0.2468283772468567,0.1754356175661087
447,0.24679982662200928,0.17541329562664032
448,0.24677132070064545,0.17539101839065552
449,0.24674290418624878,0.1753687709569931
450,0.24671447277069092,0.17534658312797546
451,0.2466861605644226,0.1753244400024414
452,0.2466578632593155,0.17530231177806854
453,0.24662964046001434,0.17528022825717926
454,0.24660144746303558,0.17525821924209595
455,0.2465733140707016,0.17523621022701263
456,0.2465452253818512,0.1752142757177353
457,0.24651718139648438,0.17519235610961914
458,0.24648922681808472,0.17517049610614777
459,0.24646130204200745,0.17514866590499878
460,0.24643340706825256,0.175126850605011
461,0.24640558660030365,0.17510510981082916
462,0.24637779593467712,0.17508341372013092
463,0.24635006487369537,0.17506173253059387
464,0.2463224083185196,0.1750401109457016
465,0.2462947517633438,0.17501850426197052
466,0.2462671846151352,0.17499694228172302
467,0.24623966217041016,0.1749754250049591
468,0.2462121844291687,0.17495395243167877
469,0.24618473649024963,0.17493250966072083
470,0.24615734815597534,0.17491112649440765
471,0.24613003432750702,0.17488977313041687
472,0.24610275030136108,0.17486844956874847
473,0.24607551097869873,0.17484718561172485
474,0.24604831635951996,0.17482592165470123
475,0.24602119624614716,0.1748047173023224
476,0.24599409103393555,0.17478357255458832
477,0.2459670603275299,0.17476242780685425
478,0.24594005942344666,0.17474134266376495
479,0.24591310322284698,0.17472028732299805
480,0.24588623642921448,0.17469929158687592
481,0.24585936963558197,0.17467831075191498
482,0.24583257734775543,0.17465735971927643
483,0.24580581486225128,0.17463646829128265
484,0.2457791119813919,0.17461560666561127
485,0.2457524538040161,0.17459478974342346
486,0.2457258254289627,0.17457398772239685
487,0.24569927155971527,0.1745532602071762
488,0.24567276239395142,0.17453253269195557
489,0.24564628303050995,0.1745118796825409
490,0.24561989307403564,0.17449121177196503
491,0.24559348821640015,0.17447061836719513
492,0.2455671727657318,0.17445005476474762
493,0.24554088711738586,0.1744295358657837
494,0.2455146461725235,0.17440903186798096
495,0.2454884648323059,0.174388587474823
496,0.2454622983932495,0.17436815798282623
497,0.24543620645999908,0.17434778809547424
498,0.24541017413139343,0.17432746291160583
499,0.24538415670394897,0.17430715262889862
500,0.24535821378231049,0.1742868721485138
501,0.24533230066299438,0.17426663637161255
502,0.24530643224716187,0.1742464303970337
503,0.24528060853481293,0.1742262840270996
504,0.24525481462478638,0.17420613765716553
505,0.245229110121727,0.17418603599071503
506,0.2452034056186676,0.1741659939289093
507,0.245177760720253,0.17414598166942596
508,0.24515217542648315,0.17412598431110382
509,0.2451266050338745,0.17410604655742645
510,0.24510112404823303,0.17408612370491028
511,0.24507564306259155,0.17406626045703888
512,0.24505023658275604,0.17404641211032867
513,0.2450248748064041,0.17402659356594086
514,0.24499954283237457,0.17400681972503662
515,0.2449742555618286,0.17398707568645477
516,0.24494899809360504,0.1739673763513565
517,0.24492381513118744,0.17394772171974182
518,0.24489864706993103,0.17392808198928833
519,0.24487356841564178,0.17390848696231842
520,0.24484847486019135,0.1738889068365097
521,0.24482345581054688,0.17386938631534576
522,0.2447984665632248,0.17384988069534302
523,0.24477353692054749,0.17383041977882385
524,0.24474865198135376,0.17381098866462708
525,0.24472378194332123,0.17379160225391388
526,0.24469898641109467,0.17377224564552307
527,0.24467425048351288,0.17375291883945465
528,0.2446494996547699,0.1737336367368698
529,0.24462482333183289,0.17371435463428497
530,0.24460020661354065,0.1736951470375061
531,0.2445756196975708,0.17367595434188843
532,0.24455106258392334,0.17365680634975433
533,0.24452652037143707,0.17363767325878143
534,0.24450208246707916,0.17361856997013092
535,0.24447767436504364,0.17359952628612518
536,0.2444532811641693,0.17358051240444183
537,0.24442893266677856,0.17356149852275848
538,0.2444046437740326,0.1735425591468811
539,0.244380384683609,0.17352361977100372
540,0.2443562000989914,0.17350472509860992
541,0.24433203041553497,0.1734858602285385
542,0.24430786073207855,0.17346704006195068
543,0.2442837953567505,0.17344824969768524
544,0.24425974488258362,0.1734294891357422
545,0.24423572421073914,0.17341077327728271
546,0.24421176314353943,0.17339207231998444
547,0.2441878467798233,0.17337340116500854
548,0.24416397511959076,0.17335478961467743
549,0.24414010345935822,0.17333616316318512
550,0.24411632120609283,0.17331762611865997
551,0.24409255385398865,0.17329905927181244
552,0.24406883120536804,0.17328058183193207
553,0.24404513835906982,0.1732621043920517
554,0.24402150511741638,0.1732436567544937
555,0.24399791657924652,0.1732252687215805
556,0.24397435784339905,0.1732068657875061
557,0.24395084381103516,0.17318852245807648
558,0.24392734467983246,0.17317020893096924
559,0.24390392005443573,0.17315194010734558
560,0.243880495429039,0.17313368618488312
561,0.24385716021060944,0.17311546206474304
562,0.24383382499217987,0.17309729754924774
563,0.24381056427955627,0.17307913303375244
564,0.24378730356693268,0.17306101322174072
565,0.24376411736011505,0.173042893409729
566,0.24374094605445862,0.17302484810352325
567,0.24371780455112457,0.1730068176984787
568,0.2436947226524353,0.17298881709575653
569,0.2436717003583908,0.17297084629535675
570,0.2436486780643463,0.17295290529727936
571,0.2436257004737854,0.17293499410152435
572,0.24360279738903046,0.17291711270809174
573,0.2435799092054367,0.1728992760181427
574,0.24355703592300415,0.17288143932819366
575,0.24353423714637756,0.1728636473417282
576,0.24351146817207336,0.17284591495990753
577,0.24348872900009155,0.17282818257808685
578,0.24346603453159332,0.17281047999858856
579,0.2434433400630951,0.17279282212257385
580,0.24342072010040283,0.17277517914772034
581,0.24339814484119415,0.1727575659751892
582,0.24337559938430786,0.17273998260498047
583,0.24335308372974396,0.1727224439382553
584,0.24333061277866364,0.17270494997501373
585,0.2433082014322281,0.17268744111061096
586,0.24328579008579254,0.17266999185085297
587,0.24326343834400177,0.17265255749225616
588,0.2432411164045334,0.17263516783714294
589,0.2432188093662262,0.17261779308319092
590,0.24319660663604736,0.17260044813156128
591,0.24317435920238495,0.17258311808109283
592,0.2431522011756897,0.17256584763526917
593,0.24313007295131683,0.1725485771894455
594,0.24310794472694397,0.1725313812494278
595,0.24308590590953827,0.1725141704082489
596,0.24306385219097137,0.1724970042705536
597,0.24304187297821045,0.17247988283634186
598,0.2430199235677719,0.17246276140213013
599,0.24299800395965576,0.17244568467140198
600,0.242976114153862,0.17242862284183502
601,0.2429542988538742,0.17241160571575165
602,0.24293246865272522,0.17239461839199066
603,0.24291068315505981,0.17237766087055206
604,0.24288897216320038,0.17236070334911346
605,0.24286727607250214,0.17234380543231964
606,0.24284560978412628,0.1723269373178482
607,0.242823988199234,0.17231006920337677
608,0.24280239641666412,0.17229324579238892
609,0.24278083443641663,0.17227646708488464
610,0.2427593171596527,0.17225968837738037
611,0.24273782968521118,0.1722429394721985
612,0.24271637201309204,0.17222623527050018
613,0.24269497394561768,0.17220954596996307
614,0.2426735907793045,0.17219288647174835
615,0.24265223741531372,0.17217625677585602
616,0.24263091385364532,0.17215965688228607
617,0.2426096498966217,0.1721430867910385
618,0.24258843064308167,0.17212651669979095
619,0.24256719648838043,0.17211002111434937
620,0.24254602193832397,0.17209352552890778
621,0.2425249069929123,0.17207707464694977
622,0.2425037920475006,0.17206060886383057
623,0.2424827367067337,0.17204420268535614
624,0.242461696267128,0.1720278412103653
625,0.24244068562984467,0.17201146483421326
626,0.24241973459720612,0.171995148062706
627,0.24239879846572876,0.17197884619235992
628,0.24237793684005737,0.17196257412433624
629,0.2423570603132248,0.17194631695747375
630,0.2423362284898758,0.17193010449409485
631,0.24231544137001038,0.17191390693187714
632,0.24229466915130615,0.17189772427082062
633,0.2422739416360855,0.17188158631324768
634,0.24225325882434845,0.17186547815799713
635,0.24223259091377258,0.17184938490390778
636,0.24221199750900269,0.1718333214521408
637,0.2421913892030716,0.17181728780269623
638,0.24217082560062408,0.17180128395557404
639,0.24215030670166016,0.17178528010845184
640,0.24212981760501862,0.17176933586597443
641,0.24210935831069946,0.1717534214258194
642,0.2420889288187027,0.17173750698566437
643,0.2420685589313507,0.17172162234783173
644,0.24204818904399872,0.17170578241348267
645,0.24202784895896912,0.1716899573802948
646,0.2420075535774231,0.17167414724826813
647,0.24198731780052185,0.17165835201740265
648,0.2419670820236206,0.17164261639118195
649,0.24194687604904175,0.17162691056728363
650,0.24192672967910767,0.17161120474338531
651,0.24190658330917358,0.17159554362297058
652,0.24188652634620667,0.17157986760139465
653,0.24186643958091736,0.1715642660856247
654,0.24184641242027283,0.17154866456985474
655,0.2418264001607895,0.17153309285640717
656,0.24180644750595093,0.17151755094528198
657,0.24178647994995117,0.171502023935318
658,0.24176658689975739,0.1714865118265152
659,0.2417467087507248,0.17147104442119598
660,0.24172687530517578,0.17145563662052155
661,0.24170705676078796,0.17144019901752472
662,0.24168728291988373,0.17142479121685028
663,0.24166752398014069,0.17140942811965942
664,0.2416478395462036,0.17139406502246857
665,0.24162815511226654,0.17137877643108368
666,0.24160850048065186,0.1713634580373764
667,0.24158887565135956,0.1713481992483139
668,0.24156929552555084,0.1713329404592514
669,0.24154974520206451,0.17131774127483368
670,0.24153020977973938,0.17130251228809357
671,0.24151073396205902,0.17128735780715942
672,0.24149124324321747,0.17127220332622528
673,0.24147182703018188,0.17125707864761353
674,0.2414524108171463,0.17124198377132416
675,0.2414330691099167,0.1712268888950348
676,0.24141371250152588,0.171211838722229
677,0.24139438569545746,0.1711968332529068
678,0.2413751184940338,0.1711818128824234
679,0.24135585129261017,0.17116683721542358
680,0.2413366287946701,0.17115186154842377
681,0.24131746590137482,0.17113694548606873
682,0.24129828810691833,0.17112204432487488
683,0.24127916991710663,0.17110715806484222
684,0.24126006662845612,0.17109230160713196
685,0.241240993142128,0.17107746005058289
686,0.24122196435928345,0.1710626482963562
687,0.2412029653787613,0.1710478663444519
688,0.24118401110172272,0.1710330843925476
689,0.24116504192352295,0.1710183471441269
690,0.24114613234996796,0.17100363969802856
691,0.24112723767757416,0.17098894715309143
692,0.24110840260982513,0.1709742695093155
693,0.24108955264091492,0.17095960676670074
694,0.24107076227664948,0.17094498872756958
695,0.24105201661586761,0.1709304004907608
696,0.24103325605392456,0.17091581225395203
697,0.2410145401954651,0.17090126872062683
698,0.2409958690404892,0.17088671028614044
699,0.2409772127866745,0.17087222635746002
700,0.24095860123634338,0.17085771262645721
701,0.24094001948833466,0.170843243598938
702,0.24092143774032593,0.17082881927490234
703,0.24090290069580078,0.1708144098520279
704,0.24088439345359802,0.17080001533031464
705,0.24086591601371765,0.17078562080860138
706,0.24084746837615967,0.1707712858915329
707,0.24082906544208527,0.17075693607330322
708,0.24081066250801086,0.17074264585971832
709,0.24079231917858124,0.17072837054729462
710,0.2407739758491516,0.1707140952348709
711,0.24075569212436676,0.1706998646259308
712,0.24073737859725952,0.17068566381931305
713,0.24071913957595825,0.1706714630126953
714,0.24070093035697937,0.17065729200839996
715,0.24068275094032288,0.1706431359052658
716,0.24066460132598877,0.17062902450561523
717,0.24064645171165466,0.17061491310596466
718,0.24062836170196533,0.17060081660747528
719,0.240610271692276,0.17058676481246948
720,0.24059222638607025,0.17057274281978607
721,0.2405741810798645,0.17055872082710266
722,0.24055622518062592,0.17054472863674164
723,0.24053823947906494,0.17053073644638062
724,0.24052029848098755,0.17051680386066437
725,0.24050240218639374,0.17050288617610931
726,0.24048450589179993,0.17048896849155426
727,0.2404666543006897,0.1704750806093216
728,0.24044881761074066,0.1704612374305725
729,0.2404310405254364,0.17044737935066223
730,0.24041324853897095,0.17043358087539673
731,0.24039550125598907,0.17041976749897003
732,0.2403777837753296,0.17040598392486572
733,0.2403601109981537,0.170392245054245
734,0.24034243822097778,0.17037850618362427
735,0.24032479524612427,0.17036478221416473
736,0.24030719697475433,0.17035110294818878
737,0.2402896285057068,0.17033742368221283
738,0.24027206003665924,0.17032378911972046
739,0.24025453627109528,0.1703101545572281
740,0.2402370274066925,0.1702965497970581
741,0.2402195781469345,0.17028295993804932
742,0.2402021288871765,0.17026939988136292
743,0.2401847094297409,0.1702558547258377
744,0.2401672899723053,0.1702423244714737
745,0.24014991521835327,0.17022883892059326
746,0.24013260006904602,0.17021533846855164
747,0.24011528491973877,0.17020189762115479
748,0.2400979995727539,0.17018844187259674
749,0.24008071422576904,0.17017501592636108
750,0.24006348848342896,0.170161634683609
751,0.24004627764225006,0.17014826834201813
752,0.24002911150455475,0.17013490200042725
753,0.24001194536685944,0.17012156546115875
754,0.2399948090314865,0.17010822892189026
755,0.23997771739959717,0.17009495198726654
756,0.23996062576770782,0.17008168995380402
757,0.23994357883930206,0.1700684279203415
758,0.2399265617132187,0.17005518078804016
759,0.2399095594882965,0.1700419783592224
760,0.2398926019668579,0.17002879083156586
761,0.2398756444454193,0.1700156182050705
762,0.2398587167263031,0.17000246047973633
763,0.23984181880950928,0.16998931765556335
764,0.23982496559619904,0.16997620463371277
765,0.2398080974817276,0.16996313631534576
766,0.23979130387306213,0.16995006799697876
767,0.23977449536323547,0.16993699967861176
768,0.2397577315568924,0.16992396116256714
769,0.2397409826517105,0.1699109673500061
770,0.23972424864768982,0.16989794373512268
771,0.2397075593471527,0.16988496482372284
772,0.239690899848938,0.16987201571464539
773,0.23967424035072327,0.16985909640789032
774,0.23965762555599213,0.16984617710113525
775,0.23964104056358337,0.16983328759670258
776,0.23962445557117462,0.1698203980922699
777,0.23960794508457184,0.1698075532913208
778,0.23959140479564667,0.1697946935892105
779,0.23957492411136627,0.169781893491745
780,0.23955844342708588,0.16976910829544067
781,0.23954199254512787,0.16975632309913635
782,0.23952557146549225,0.16974356770515442
783,0.2395091950893402,0.16973084211349487
784,0.23949281871318817,0.16971810162067413
785,0.23947647213935852,0.16970539093017578
786,0.23946014046669006,0.169692724943161
787,0.2394438534975052,0.16968005895614624
788,0.2394275814294815,0.16966742277145386
789,0.2394113391637802,0.16965478658676147
790,0.2393951267004013,0.16964219510555267
791,0.2393789142370224,0.16962960362434387
792,0.23936273157596588,0.16961705684661865
793,0.23934657871723175,0.16960449516773224
794,0.2393304407596588,0.1695919781923294
795,0.23931436240673065,0.16957944631576538
796,0.2392982840538025,0.16956697404384613
797,0.2392822504043579,0.16955450177192688
798,0.23926620185375214,0.16954202950000763
799,0.23925018310546875,0.16952960193157196
800,0.23923419415950775,0.1695171743631363
801,0.23921823501586914,0.169504776597023
802,0.23920230567455292,0.16949240863323212
803,0.2391863763332367,0.16948004066944122
804,0.23917049169540405,0.16946770250797272
805,0.2391546368598938,0.1694553941488266
806,0.23913879692554474,0.1694430708885193
807,0.23912300169467926,0.16943079233169556
808,0.23910720646381378,0.16941851377487183
809,0.2390914410352707,0.16940627992153168
810,0.2390756607055664,0.16939404606819153
811,0.2390599399805069,0.16938182711601257
812,0.23904426395893097,0.1693696230649948
813,0.23902858793735504,0.16935746371746063
814,0.2390129119157791,0.16934528946876526
815,0.23899731040000916,0.16933315992355347
816,0.2389816790819168,0.16932103037834167
817,0.23896610736846924,0.16930893063545227
818,0.23895050585269928,0.16929683089256287
819,0.23893499374389648,0.16928479075431824
820,0.2389194667339325,0.16927272081375122
821,0.23890399932861328,0.16926069557666779
822,0.23888851702213287,0.16924867033958435
823,0.23887306451797485,0.1692366749048233
824,0.23885761201381683,0.16922467947006226
825,0.2388422191143036,0.1692127287387848
826,0.23882687091827393,0.16920079290866852
827,0.23881149291992188,0.16918887197971344
828,0.2387961596250534,0.16917695105075836
829,0.23878084123134613,0.16916505992412567
830,0.23876553773880005,0.16915318369865417
831,0.23875027894973755,0.16914135217666626
832,0.23873502016067505,0.16912949085235596
833,0.23871980607509613,0.16911765933036804
834,0.2387046068906784,0.1691058874130249
835,0.23868943750858307,0.16909408569335938
836,0.23867428302764893,0.16908232867717743
837,0.23865912854671478,0.1690705567598343
838,0.23864403367042542,0.16905882954597473
839,0.23862895369529724,0.16904710233211517
840,0.23861388862133026,0.1690354198217392
841,0.23859882354736328,0.16902373731136322
842,0.23858381807804108,0.16901206970214844
843,0.23856879770755768,0.16900041699409485
844,0.23855382204055786,0.16898879408836365
845,0.23853886127471924,0.16897717118263245
846,0.2385239452123642,0.16896559298038483
847,0.23850902915000916,0.168953999876976
848,0.2384941130876541,0.1689424365758896
849,0.23847922682762146,0.16893088817596436
850,0.23846440017223358,0.16891935467720032
851,0.2384495735168457,0.16890785098075867
852,0.23843474686145782,0.1688963621854782
853,0.23841996490955353,0.16888485848903656
854,0.23840518295764923,0.1688733994960785
855,0.2383904606103897,0.16886195540428162
856,0.2383757382631302,0.16885054111480713
857,0.23836106061935425,0.16883911192417145
858,0.23834636807441711,0.16882772743701935
859,0.23833170533180237,0.16881635785102844
860,0.23831707239151,0.16880498826503754
861,0.23830245435237885,0.16879364848136902
862,0.23828785121440887,0.1687823086977005
863,0.2382732778787613,0.16877099871635437
864,0.2382587194442749,0.16875971853733063
865,0.2382442057132721,0.16874843835830688
866,0.2382296770811081,0.16873715817928314
867,0.23821517825126648,0.1687259078025818
868,0.23820072412490845,0.16871465742588043
869,0.2381862848997116,0.16870346665382385
870,0.23817184567451477,0.16869227588176727
871,0.2381574660539627,0.1686810851097107
872,0.23814305663108826,0.1686699092388153
873,0.23812870681285858,0.1686587929725647
874,0.2381143569946289,0.1686476469039917
875,0.23810000717639923,0.1686365306377411
876,0.23808573186397552,0.16862542927265167
877,0.23807142674922943,0.16861432790756226
878,0.2380571812391281,0.16860328614711761
879,0.238042950630188,0.1685921996831894
880,0.23802872002124786,0.16858118772506714
881,0.23801450431346893,0.1685701608657837
882,0.23800033330917358,0.16855914890766144
883,0.23798614740371704,0.16854816675186157
884,0.23797200620174408,0.1685371696949005
885,0.2379579097032547,0.16852623224258423
886,0.23794379830360413,0.16851529479026794
887,0.23792973160743713,0.16850435733795166
888,0.23791566491127014,0.16849344968795776
889,0.23790161311626434,0.16848255693912506
890,0.23788759112358093,0.16847167909145355
891,0.2378736138343811,0.16846081614494324
892,0.2378596067428589,0.16844996809959412
893,0.23784567415714264,0.1684391349554062
894,0.2378317266702652,0.16842831671237946
895,0.23781780898571014,0.1684175282716751
896,0.2378038763999939,0.16840673983097076
897,0.23779001832008362,0.1683959662914276
898,0.23777614533901215,0.16838519275188446
899,0.23776233196258545,0.1683744490146637
900,0.23774848878383636,0.1683637499809265
901,0.23773470520973206,0.16835302114486694
902,0.23772090673446655,0.16834232211112976
903,0.23770713806152344,0.16833165287971497
904,0.23769336938858032,0.16832099854946136
905,0.23767967522144318,0.16831034421920776
906,0.23766595125198364,0.16829970479011536
907,0.23765228688716888,0.16828908026218414
908,0.23763860762119293,0.16827848553657532
909,0.23762497305870056,0.1682678908109665
910,0.2376113086938858,0.16825732588768005
911,0.23759771883487701,0.16824676096439362
912,0.23758412897586823,0.16823622584342957
913,0.23757055401802063,0.16822569072246552
914,0.23755700886249542,0.16821518540382385
915,0.2375434935092926,0.1682046800851822
916,0.2375299632549286,0.16819420456886292
917,0.23751647770404816,0.16818372905254364
918,0.23750297725200653,0.16817328333854675
919,0.2374895215034485,0.16816283762454987
920,0.23747608065605164,0.16815242171287537
921,0.23746266961097717,0.16814200580120087
922,0.2374492585659027,0.16813161969184875
923,0.23743589222431183,0.16812123358249664
924,0.23742252588272095,0.16811086237430573
925,0.23740917444229126,0.1681005209684372
926,0.23739588260650635,0.16809017956256866
927,0.23738254606723785,0.16807985305786133
928,0.23736926913261414,0.16806955635547638
929,0.23735599219799042,0.16805925965309143
930,0.2373427450656891,0.16804896295070648
931,0.23732952773571014,0.16803871095180511
932,0.2373162806034088,0.16802845895290375
933,0.23730310797691345,0.16801823675632477
934,0.2372899204492569,0.1680080145597458
935,0.23727676272392273,0.167997807264328
936,0.23726361989974976,0.1679876148700714
937,0.23725047707557678,0.167977437376976
938,0.23723739385604858,0.16796725988388062
939,0.23722431063652039,0.1679571121931076
940,0.2372112274169922,0.16794699430465698
941,0.23719817399978638,0.16793686151504517
942,0.23718515038490295,0.16792675852775574
943,0.23717212677001953,0.1679166704416275
944,0.23715916275978088,0.16790658235549927
945,0.23714616894721985,0.16789652407169342
946,0.2371332198381424,0.16788646578788757
947,0.23712027072906494,0.1678764522075653
948,0.23710735142230988,0.16786642372608185
949,0.237094447016716,0.16785641014575958
950,0.23708157241344452,0.1678464114665985
951,0.23706869781017303,0.16783644258975983
952,0.23705585300922394,0.16782647371292114
953,0.23704299330711365,0.16781651973724365
954,0.23703017830848694,0.16780659556388855
955,0.2370174080133438,0.16779667139053345
956,0.2370046228170395,0.16778676211833954
957,0.23699183762073517,0.16777685284614563
958,0.23697909712791443,0.1677669733762741
959,0.23696638643741608,0.16775710880756378
960,0.23695366084575653,0.16774722933769226
961,0.23694095015525818,0.16773739457130432
962,0.2369282841682434,0.16772757470607758
963,0.23691563308238983,0.16771775484085083
964,0.23690298199653625,0.16770794987678528
965,0.23689037561416626,0.16769815981388092
966,0.23687776923179626,0.16768838465213776
967,0.23686517775058746,0.1676786243915558
968,0.23685258626937866,0.167668879032135
969,0.23684005439281464,0.16765914857387543
970,0.23682750761508942,0.16764943301677704
971,0.23681499063968658,0.16763971745967865
972,0.23680248856544495,0.16763003170490265
973,0.2367900013923645,0.16762034595012665
974,0.23677752912044525,0.16761067509651184
975,0.2367650866508484,0.16760103404521942
976,0.23675265908241272,0.167591392993927
977,0.23674024641513824,0.16758176684379578
978,0.23672783374786377,0.16757215559482574
979,0.2367154359817505,0.1675625592470169
980,0.23670309782028198,0.16755296289920807
981,0.23669074475765228,0.16754338145256042
982,0.23667839169502258,0.16753380000591278
983,0.23666606843471527,0.1675242781639099
984,0.23665378987789154,0.16751474142074585
985,0.23664149641990662,0.16750523447990417
986,0.23662921786308289,0.1674957275390625
987,0.23661699891090393,0.16748622059822083
988,0.23660476505756378,0.16747674345970154
989,0.23659251630306244,0.16746725142002106
990,0.23658032715320587,0.16745780408382416
991,0.2365681529045105,0.16744835674762726
992,0.23655597865581512,0.16743892431259155
993,0.23654384911060333,0.16742952167987823
994,0.23653168976306915,0.16742010414600372
995,0.23651960492134094,0.1674107313156128
996,0.23650747537612915,0.16740134358406067
997,0.23649540543556213,0.16739197075366974
998,0.2364833503961563,0.1673826277256012
999,0.2364712953567505,0.16737326979637146
1000,0.23645924031734467,0.1673639416694641
1001,0.23644721508026123,0.16735465824604034
1002,0.23643521964550018,0.167345330119133
1003,0.23642323911190033,0.16733604669570923
1004,0.23641127347946167,0.16732679307460785
1005,0.236399307847023,0.1673174947500229
1006,0.23638738691806793,0.1673082560300827
1007,0.23637545108795166,0.16729901731014252
1008,0.23636355996131897,0.16728979349136353
1009,0.23635166883468628,0.16728058457374573
1010,0.2363397777080536,0.16727136075496674
1011,0.23632793128490448,0.16726218163967133
1012,0.23631608486175537,0.16725300252437592
1013,0.23630426824092865,0.1672438532114029
1014,0.23629245162010193,0.16723468899726868
1015,0.2362806648015976,0.16722555458545685
1016,0.23626887798309326,0.16721642017364502
1017,0.23625712096691132,0.16720731556415558
1018,0.23624537885189056,0.16719821095466614
1019,0.2362336367368698,0.1671891063451767
1020,0.23622193932533264,0.16718003153800964
1021,0.23621022701263428,0.16717098653316498
1022,0.2361985445022583,0.16716192662715912
1023,0.23618686199188232,0.16715286672115326
1024,0.23617523908615112,0.16714385151863098
1025,0.23616360127925873,0.1671348363161087
1026,0.23615196347236633,0.16712580621242523
1027,0.23614034056663513,0.16711683571338654
1028,0.2361287623643875,0.16710785031318665
1029,0.2361171692609787,0.16709886491298676
1030,0.23610563576221466,0.16708992421627045
1031,0.23609408736228943,0.16708098351955414
1032,0.2360825538635254,0.16707204282283783
1033,0.23607105016708374,0.16706311702728271
1034,0.23605957627296448,0.1670542061328888
1035,0.23604808747768402,0.16704531013965607
1036,0.23603659868240356,0.16703642904758453
1037,0.2360251545906067,0.1670275628566742
1038,0.23601371049880981,0.16701871156692505
1039,0.23600229620933533,0.1670098453760147
1040,0.23599088191986084,0.16700102388858795
1041,0.23597951233386993,0.1669921875
1042,0.23596812784671783,0.16698339581489563
1043,0.23595675826072693,0.16697460412979126
1044,0.2359454333782196,0.1669657826423645
1045,0.23593410849571228,0.16695700585842133
1046,0.23592276871204376,0.16694824397563934
1047,0.23591145873069763,0.16693948209285736
1048,0.23590020835399628,0.16693075001239777
1049,0.23588891327381134,0.16692200303077698
1050,0.23587766289710999,0.16691328585147858
1051,0.23586642742156982,0.16690458357334137
1052,0.23585517704486847,0.16689588129520416
1053,0.23584400117397308,0.16688719391822815
1054,0.23583278059959412,0.16687852144241333
1055,0.23582160472869873,0.1668698638677597
1056,0.23581045866012573,0.16686122119426727
1057,0.23579929769039154,0.16685257852077484
1058,0.23578815162181854,0.1668439507484436
1059,0.23577703535556793,0.16683532297611237
1060,0.23576591908931732,0.1668267399072647
1061,0.2357548177242279,0.16681812703609467
1062,0.23574374616146088,0.166809543967247
1063,0.23573268949985504,0.16680099070072174
1064,0.2357216626405716,0.16679240763187408
1065,0.23571060597896576,0.16678386926651
1066,0.2356995791196823,0.16677533090114594
1067,0.23568855226039886,0.16676680743694305
1068,0.235677570104599,0.16675828397274017
1069,0.23566661775112152,0.16674979031085968
1070,0.23565565049648285,0.1667412966489792
1071,0.23564468324184418,0.1667328178882599
1072,0.23563377559185028,0.1667243391275406
1073,0.23562286794185638,0.16671590507030487
1074,0.2356119304895401,0.16670744121074677
1075,0.2356010377407074,0.16669902205467224
1076,0.23559017479419708,0.16669057309627533
1077,0.23557931184768677,0.166682168841362
1078,0.23556844890117645,0.16667377948760986
1079,0.23555761575698853,0.16666539013385773
1080,0.2355467975139618,0.1666570007801056
1081,0.23553600907325745,0.16664865612983704
1082,0.2355252057313919,0.1666402816772461
1083,0.23551441729068756,0.16663192212581635
1084,0.2355036586523056,0.1666235774755478
1085,0.23549292981624603,0.16661527752876282
1086,0.23548217117786407,0.16660696268081665
1087,0.2354714572429657,0.16659866273403168
1088,0.23546074330806732,0.1665903478860855
1089,0.23545005917549133,0.16658207774162292
1090,0.23543937504291534,0.16657380759716034
1091,0.23542873561382294,0.16656553745269775
1092,0.23541805148124695,0.16655729711055756
1093,0.23540742695331573,0.16654904186725616
1094,0.23539678752422333,0.16654081642627716
1095,0.2353861778974533,0.16653262078762054
1096,0.23537559807300568,0.16652441024780273
1097,0.23536498844623566,0.16651619970798492
1098,0.2353544384241104,0.1665080189704895
1099,0.23534387350082397,0.16649983823299408
1100,0.23533335328102112,0.16649168729782104
1101,0.23532280325889587,0.16648352146148682
1102,0.2353123128414154,0.16647538542747498
1103,0.23530177772045135,0.16646727919578552
1104,0.2352912873029709,0.16645914316177368
1105,0.235280841588974,0.16645103693008423
1106,0.23527036607265472,0.16644294559955597
1107,0.23525993525981903,0.1664348542690277
1108,0.23524950444698334,0.16642676293849945
1109,0.23523908853530884,0.16641868650913239
1110,0.23522868752479553,0.1664106249809265
1111,0.23521827161312103,0.16640259325504303
1112,0.23520788550376892,0.16639454662799835
1113,0.2351975291967392,0.16638652980327606
1114,0.23518718779087067,0.16637851297855377
1115,0.23517684638500214,0.16637049615383148
1116,0.2351665049791336,0.16636250913143158
1117,0.23515620827674866,0.16635453701019287
1118,0.23514589667320251,0.16634654998779297
1119,0.23513561487197876,0.16633857786655426
1120,0.235125333070755,0.16633063554763794
1121,0.23511506617069244,0.16632269322872162
1122,0.23510482907295227,0.1663147360086441
1123,0.2350946068763733,0.16630683839321136
1124,0.2350843846797943,0.16629892587661743
1125,0.23507417738437653,0.1662910282611847
1126,0.23506398499011993,0.16628311574459076
1127,0.23505380749702454,0.1662752330303192
1128,0.23504364490509033,0.16626736521720886
1129,0.23503349721431732,0.1662594974040985
1130,0.23502330482006073,0.16625165939331055
1131,0.2350132018327713,0.16624382138252258
1132,0.23500308394432068,0.16623598337173462
1133,0.23499298095703125,0.16622816026210785
1134,0.23498287796974182,0.16622035205364227
1135,0.23497281968593597,0.1662125438451767
1136,0.23496274650096893,0.16620473563671112
1137,0.23495270311832428,0.16619695723056793
1138,0.23494265973567963,0.16618919372558594
1139,0.23493263125419617,0.16618144512176514
1140,0.2349226176738739,0.16617368161678314
1141,0.23491261899471283,0.16616594791412354
1142,0.23490263521671295,0.16615821421146393
1143,0.23489265143871307,0.16615048050880432
1144,0.23488269746303558,0.1661427766084671
1145,0.2348727583885193,0.16613508760929108
1146,0.2348627895116806,0.16612738370895386
1147,0.2348528653383255,0.16611969470977783
1148,0.2348429560661316,0.166112020611763
1149,0.23483306169509888,0.16610437631607056
1150,0.23482318222522736,0.16609670221805573
1151,0.23481330275535583,0.16608907282352448
1152,0.2348034679889679,0.16608144342899323
1153,0.23479360342025757,0.16607381403446198
1154,0.23478376865386963,0.16606619954109192
1155,0.2347739338874817,0.16605861485004425
1156,0.23476414382457733,0.1660510003566742
1157,0.2347543090581894,0.16604341566562653
1158,0.23474454879760742,0.16603583097457886
1159,0.23473475873470306,0.16602827608585358
1160,0.2347249984741211,0.1660207062959671
1161,0.23471525311470032,0.16601316630840302
1162,0.23470552265644073,0.16600562632083893
1163,0.23469579219818115,0.16599810123443604
1164,0.23468607664108276,0.16599057614803314
1165,0.23467637598514557,0.16598308086395264
1166,0.23466670513153076,0.16597557067871094
1167,0.23465701937675476,0.16596807539463043
1168,0.23464734852313995,0.1659606248140335
1169,0.23463767766952515,0.1659531444311142
1170,0.23462805151939392,0.16594569385051727
1171,0.2346184104681015,0.16593821346759796
1172,0.23460879921913147,0.16593077778816223
1173,0.23459923267364502,0.1659233421087265
1174,0.234589621424675,0.16591593623161316
1175,0.23458003997802734,0.16590853035449982
1176,0.2345704585313797,0.16590110957622528
1177,0.23456090688705444,0.16589368879795074
1178,0.23455137014389038,0.16588632762432098
1179,0.2345418483018875,0.16587895154953003
1180,0.23453231155872345,0.16587159037590027
1181,0.23452281951904297,0.1658642441034317
1182,0.2345133274793625,0.16585689783096313
1183,0.2345038205385208,0.16584955155849457
1184,0.23449435830116272,0.1658421903848648
1185,0.23448489606380463,0.16583488881587982
1186,0.23447546362876892,0.16582757234573364
1187,0.23446601629257202,0.16582028567790985
1188,0.2344565987586975,0.16581298410892487
1189,0.234447181224823,0.16580571234226227
1190,0.23443779349327087,0.16579844057559967
1191,0.23442840576171875,0.16579115390777588
1192,0.23441901803016663,0.16578391194343567
1193,0.2344096302986145,0.16577665507793427
1194,0.23440028727054596,0.16576941311359406
1195,0.234390988945961,0.16576220095157623
1196,0.23438163101673126,0.16575497388839722
1197,0.2343723177909851,0.1657477617263794
1198,0.23436298966407776,0.16574056446552277
1199,0.23435372114181519,0.16573335230350494
1200,0.23434440791606903,0.1657261848449707
1201,0.23433513939380646,0.16571900248527527
1202,0.23432587087154388,0.16571182012557983
1203,0.2343166321516037,0.1657046675682068
1204,0.2343074083328247,0.16569751501083374
1205,0.23429816961288452,0.16569039225578308
1206,0.23428894579410553,0.16568325459957123
1207,0.23427975177764893,0.16567613184452057
1208,0.23427055776119232,0.1656690239906311
1209,0.2342613786458969,0.16566191613674164
1210,0.2342521995306015,0.16565482318401337
1211,0.23424305021762848,0.1656477302312851
1212,0.23423390090465546,0.1656406670808792
1213,0.23422473669052124,0.16563358902931213
1214,0.2342156171798706,0.16562654078006744
1215,0.23420652747154236,0.16561949253082275
1216,0.23419742286205292,0.16561244428157806
1217,0.23418833315372467,0.16560541093349457
1218,0.2341792732477188,0.16559839248657227
1219,0.23417018353939056,0.16559137403964996
1220,0.2341611534357071,0.16558435559272766
1221,0.23415209352970123,0.16557735204696655
1222,0.23414306342601776,0.16557036340236664
1223,0.2341340184211731,0.1655634045600891
1224,0.234125018119812,0.1655564308166504
1225,0.23411601781845093,0.16554945707321167
1226,0.23410701751708984,0.16554249823093414
1227,0.23409804701805115,0.165535569190979
1228,0.23408907651901245,0.16552861034870148
1229,0.23408010601997375,0.16552169620990753
1230,0.23407118022441864,0.1655147671699524
1231,0.23406223952770233,0.16550785303115845
1232,0.23405331373214722,0.1655009537935257
1233,0.2340444177389145,0.16549405455589294
1234,0.23403550684452057,0.1654871702194214
1235,0.23402661085128784,0.16548030078411102
1236,0.23401771485805511,0.16547343134880066
1237,0.23400884866714478,0.1654665619134903
1238,0.23399999737739563,0.16545970737934113
1239,0.23399116098880768,0.16545285284519196
1240,0.23398230969905853,0.16544602811336517
1241,0.23397350311279297,0.1654392033815384
1242,0.2339646965265274,0.1654323786497116
1243,0.23395587503910065,0.16542555391788483
1244,0.23394706845283508,0.16541875898838043
1245,0.2339382916688919,0.16541197896003723
1246,0.23392951488494873,0.16540519893169403
1247,0.23392075300216675,0.16539841890335083
1248,0.23391200602054596,0.16539163887500763
1249,0.23390327394008636,0.16538487374782562
1250,0.23389454185962677,0.1653781235218048
1251,0.23388580977916718,0.1653713881969452
1252,0.23387710750102997,0.16536465287208557
1253,0.23386840522289276,0.16535790264606476
1254,0.23385971784591675,0.16535119712352753
1255,0.23385104537010193,0.1653444916009903
1256,0.2338423728942871,0.16533778607845306
1257,0.23383373022079468,0.16533109545707703
1258,0.23382507264614105,0.165324404835701
1259,0.23381644487380981,0.16531772911548615
1260,0.23380783200263977,0.1653110533952713
1261,0.23379918932914734,0.16530439257621765
1262,0.23379060626029968,0.165297731757164
1263,0.23378202319145203,0.16529108583927155
1264,0.23377342522144318,0.16528445482254028
1265,0.2337648570537567,0.16527783870697021
1266,0.23375631868839264,0.16527120769023895
1267,0.23374775052070618,0.16526459157466888
1268,0.2337392270565033,0.16525799036026
1269,0.23373067378997803,0.16525137424468994
1270,0.23372215032577515,0.16524480283260345
1271,0.23371364176273346,0.16523821651935577
1272,0.23370516300201416,0.1652316302061081
1273,0.23369666934013367,0.165225088596344
1274,0.23368817567825317,0.1652185320854187
1275,0.23367971181869507,0.16521196067333221
1276,0.23367126286029816,0.16520541906356812
1277,0.23366281390190125,0.1651989072561264
1278,0.23365436494350433,0.1651923805475235
1279,0.23364593088626862,0.1651858538389206
1280,0.23363752663135529,0.16517934203147888
1281,0.23362913727760315,0.16517284512519836
1282,0.23362073302268982,0.16516634821891785
1283,0.2336123287677765,0.16515986621379852
1284,0.23360396921634674,0.1651533842086792
1285,0.2335955798625946,0.16514691710472107
1286,0.23358722031116486,0.16514045000076294
1287,0.2335788756608963,0.1651339828968048
1288,0.23357056081295013,0.16512754559516907
1289,0.23356221616268158,0.16512110829353333
1290,0.2335539013147354,0.16511468589305878
1291,0.23354558646678925,0.16510826349258423
1292,0.23353731632232666,0.1651018261909485
1293,0.23352903127670288,0.16509543359279633
1294,0.2335207313299179,0.16508904099464417
1295,0.23351246118545532,0.165082648396492
1296,0.23350422084331512,0.16507625579833984
1297,0.23349598050117493,0.16506986320018768
1298,0.23348774015903473,0.1650635004043579
1299,0.23347949981689453,0.16505715250968933
1300,0.23347130417823792,0.16505078971385956
1301,0.2334630936384201,0.16504442691802979
1302,0.2334548979997635,0.1650381088256836
1303,0.23344668745994568,0.1650317907333374
1304,0.23343853652477264,0.16502544283866882
1305,0.23343032598495483,0.16501913964748383
1306,0.2334222048521042,0.16501282155513763
1307,0.23341403901576996,0.16500653326511383
1308,0.2334059178829193,0.16500023007392883
1309,0.23339778184890747,0.16499394178390503
1310,0.23338966071605682,0.16498766839504242
1311,0.23338153958320618,0.16498138010501862
1312,0.23337343335151672,0.1649751365184784
1313,0.23336535692214966,0.16496887803077698
1314,0.2333572953939438,0.16496263444423676
1315,0.23334920406341553,0.16495637595653534
1316,0.23334114253520966,0.1649501621723175
1317,0.23333311080932617,0.16494391858577728
1318,0.2333250641822815,0.16493771970272064
1319,0.233317032456398,0.1649314910173416
1320,0.23330898582935333,0.16492530703544617
1321,0.23330096900463104,0.16491909325122833
1322,0.23329296708106995,0.16491290926933289
1323,0.23328496515750885,0.16490671038627625
1324,0.23327699303627014,0.16490055620670319
1325,0.23326902091503143,0.16489438712596893
1326,0.23326104879379272,0.1648882031440735
1327,0.23325307667255402,0.16488207876682281
1328,0.2332451492547989,0.16487592458724976
1329,0.23323719203472137,0.1648697853088379
1330,0.23322924971580505,0.16486366093158722
1331,0.23322135210037231,0.16485755145549774
1332,0.2332134246826172,0.16485144197940826
1333,0.23320554196834564,0.1648453325033188
1334,0.2331976443529129,0.16483920812606812
1335,0.23318977653980255,0.16483312845230103
1336,0.233181893825531,0.16482703387737274
1337,0.23317404091358185,0.16482095420360565
1338,0.23316620290279388,0.16481487452983856
1339,0.23315832018852234,0.16480882465839386
1340,0.23315049707889557,0.16480275988578796
1341,0.2331426590681076,0.16479671001434326
1342,0.23313488066196442,0.16479066014289856
1343,0.23312705755233765,0.16478462517261505
1344,0.23311926424503326,0.16477860510349274
1345,0.2331114560365677,0.16477257013320923
1346,0.2331036776304245,0.1647665649652481
1347,0.2330959141254425,0.164760559797287
1348,0.2330881506204605,0.16475455462932587
1349,0.23308038711547852,0.16474856436252594
1350,0.23307263851165771,0.164742574095726
1351,0.2330649197101593,0.16473661363124847
1352,0.23305721580982208,0.16473062336444855
1353,0.23304946720600128,0.164724662899971
1354,0.23304176330566406,0.16471870243549347
1355,0.23303405940532684,0.16471274197101593
1356,0.23302637040615082,0.16470679640769958
1357,0.2330186814069748,0.16470086574554443
1358,0.23301102221012115,0.1646949201822281
1359,0.23300336301326752,0.16468903422355652
1360,0.23299571871757507,0.16468308866024017
1361,0.23298805952072144,0.16467717289924622
1362,0.23298043012619019,0.16467125713825226
1363,0.23297280073165894,0.16466538608074188
1364,0.23296518623828888,0.1646595001220703
1365,0.23295755684375763,0.16465361416339874
1366,0.23294998705387115,0.16464774310588837
1367,0.2329423725605011,0.164641872048378
1368,0.23293477296829224,0.1646360158920288
1369,0.23292720317840576,0.16463014483451843
1370,0.23291964828968048,0.16462430357933044
1371,0.2329121083021164,0.16461847722530365
1372,0.2329045534133911,0.16461263597011566
1373,0.23289701342582703,0.16460679471492767
1374,0.23288947343826294,0.16460098326206207
1375,0.23288196325302124,0.16459518671035767
1376,0.23287445306777954,0.16458934545516968
1377,0.23286694288253784,0.16458357870578766
1378,0.23285946249961853,0.16457778215408325
1379,0.23285198211669922,0.16457198560237885
1380,0.2328445017337799,0.16456621885299683
1381,0.2328370213508606,0.1645604372024536
1382,0.23282955586910248,0.1645546704530716
1383,0.23282212018966675,0.16454890370368958
1384,0.23281466960906982,0.16454315185546875
1385,0.2328072339296341,0.1645374298095703
1386,0.23279981315135956,0.1645316779613495
1387,0.23279239237308502,0.16452595591545105
1388,0.23278500139713287,0.1645202338695526
1389,0.23277758061885834,0.16451451182365417
1390,0.2327701896429062,0.16450878977775574
1391,0.23276281356811523,0.1645030826330185
1392,0.23275543749332428,0.16449739038944244
1393,0.23274807631969452,0.1644916832447052
1394,0.23274073004722595,0.16448600590229034
1395,0.23273338377475739,0.1644803285598755
1396,0.23272603750228882,0.16447466611862183
1397,0.23271869122982025,0.16446901857852936
1398,0.23271137475967407,0.1644633263349533
1399,0.2327040433883667,0.16445767879486084
1400,0.2326967418193817,0.16445201635360718
1401,0.23268945515155792,0.1644463837146759
1402,0.23268216848373413,0.16444075107574463
1403,0.23267489671707153,0.16443513333797455
1404,0.23266763985157013,0.16442950069904327
1405,0.23266035318374634,0.16442391276359558
1406,0.23265309631824493,0.1644182950258255
1407,0.23264585435390472,0.1644126921892166
1408,0.23263861238956451,0.16440708935260773
1409,0.2326313853263855,0.16440151631832123
1410,0.23262417316436768,0.16439592838287354
1411,0.23261696100234985,0.16439035534858704
1412,0.23260976374149323,0.16438478231430054
1413,0.2326025515794754,0.16437922418117523
1414,0.23259535431861877,0.16437368094921112
1415,0.23258817195892334,0.16436812281608582
1416,0.2325809895992279,0.1643625646829605
1417,0.23257383704185486,0.1643570512533188
1418,0.2325666844844818,0.16435152292251587
1419,0.23255953192710876,0.16434599459171295
1420,0.2325523942708969,0.16434048116207123
1421,0.23254525661468506,0.1643349677324295
1422,0.2325381487607956,0.16432945430278778
1423,0.23253101110458374,0.16432394087314606
1424,0.23252391815185547,0.16431847214698792
1425,0.2325168251991272,0.16431297361850739
1426,0.23250973224639893,0.16430750489234924
1427,0.23250266909599304,0.1643020063638687
1428,0.23249557614326477,0.16429655253887177
1429,0.2324885129928589,0.16429109871387482
1430,0.2324814349412918,0.16428565979003906
1431,0.2324744015932083,0.16428019106388092
1432,0.23246735334396362,0.16427476704120636
1433,0.23246031999588013,0.1642693281173706
1434,0.23245330154895782,0.16426390409469604
1435,0.23244626820087433,0.16425848007202148
1436,0.23243926465511322,0.16425305604934692
1437,0.2324322909116745,0.16424763202667236
1438,0.2324252724647522,0.1642422378063202
1439,0.23241828382015228,0.16423684358596802
1440,0.23241131007671356,0.16423143446445465
1441,0.23240432143211365,0.16422607004642487
1442,0.23239737749099731,0.1642206758260727
1443,0.2323904037475586,0.1642153114080429
1444,0.23238345980644226,0.16420993208885193
1445,0.23237653076648712,0.16420458257198334
1446,0.23236961662769318,0.16419923305511475
1447,0.23236267268657684,0.16419385373592377
1448,0.2323557734489441,0.16418851912021637
1449,0.23234885931015015,0.16418319940567017
1450,0.2323419600725174,0.16417786478996277
1451,0.23233507573604584,0.16417254507541656
1452,0.2323281615972519,0.16416722536087036
1453,0.23232130706310272,0.16416190564632416
1454,0.23231443762779236,0.16415660083293915
1455,0.2323075830936432,0.16415129601955414
1456,0.23230071365833282,0.16414600610733032
1457,0.23229385912418365,0.1641407161951065
1458,0.23228701949119568,0.1641354262828827
1459,0.2322801947593689,0.16413015127182007
1460,0.2322733849287033,0.16412489116191864
1461,0.23226656019687653,0.16411961615085602
1462,0.23225975036621094,0.16411437094211578
1463,0.23225295543670654,0.16410911083221436
1464,0.23224617540836334,0.16410386562347412
1465,0.23223938047885895,0.16409863531589508
1466,0.23223263025283813,0.16409339010715485
1467,0.23222585022449493,0.1640881597995758
1468,0.23221908509731293,0.16408292949199677
1469,0.23221233487129211,0.1640777289867401
1470,0.2322055846452713,0.16407251358032227
1471,0.23219886422157288,0.16406729817390442
1472,0.23219211399555206,0.16406211256980896
1473,0.23218540847301483,0.1640569120645523
1474,0.2321786880493164,0.16405172646045685
1475,0.23217199742794037,0.1640465408563614
1476,0.23216527700424194,0.16404138505458832
1477,0.2321585863828659,0.16403619945049286
1478,0.23215191066265106,0.1640310287475586
1479,0.23214523494243622,0.16402587294578552
1480,0.23213855922222137,0.16402071714401245
1481,0.23213189840316772,0.16401557624340057
1482,0.23212523758411407,0.1640104353427887
1483,0.23211859166622162,0.164005309343338
1484,0.23211194574832916,0.16400016844272614
1485,0.2321053296327591,0.16399505734443665
1486,0.23209869861602783,0.16398993134498596
1487,0.23209208250045776,0.16398480534553528
1488,0.2320854514837265,0.16397970914840698
1489,0.23207888007164001,0.1639745980501175
1490,0.23207226395606995,0.16396953165531158
1491,0.23206566274166107,0.1639644354581833
1492,0.23205909132957458,0.163959339261055
1493,0.2320525348186493,0.1639542579650879
1494,0.2320459485054016,0.16394919157028198
1495,0.23203939199447632,0.16394412517547607
1496,0.23203283548355103,0.16393907368183136
1497,0.23202630877494812,0.16393400728702545
1498,0.23201976716518402,0.16392895579338074
1499,0.23201322555541992,0.1639239341020584
1500,0.2320067286491394,0.1639188826084137
1501,0.2320002019405365,0.16391383111476898
1502,0.23199371993541718,0.16390882432460785
1503,0.23198719322681427,0.16390380263328552
1504,0.23198071122169495,0.1638987809419632
1505,0.23197419941425323,0.16389377415180206
1506,0.2319677323102951,0.16388875246047974
1507,0.23196125030517578,0.1638837605714798
1508,0.23195479810237885,0.16387875378131866
1509,0.23194831609725952,0.16387377679347992
1510,0.23194187879562378,0.16386879980564117
1511,0.23193545639514923,0.16386383771896362
1512,0.2319290190935135,0.16385886073112488
1513,0.23192256689071655,0.16385389864444733
1514,0.2319161593914032,0.16384893655776978
1515,0.23190975189208984,0.16384397447109222
1516,0.2319033294916153,0.16383902728557587
1517,0.23189693689346313,0.1638340801000595
1518,0.23189055919647217,0.16382914781570435
1519,0.2318841516971588,0.16382421553134918
1520,0.23187778890132904,0.1638192981481552
1521,0.23187141120433807,0.16381436586380005
1522,0.2318650484085083,0.16380943357944489
1523,0.23185871541500092,0.1638045459985733
1524,0.23185233771800995,0.16379964351654053
1525,0.23184600472450256,0.16379472613334656
1526,0.2318396419286728,0.16378985345363617
1527,0.2318333387374878,0.1637849658727646
1528,0.2318270057439804,0.163780078291893
1529,0.23182067275047302,0.16377519071102142
1530,0.23181438446044922,0.16377031803131104
1531,0.23180809617042542,0.16376544535160065
1532,0.23180179297924042,0.16376060247421265
1533,0.2317955046892166,0.16375572979450226
1534,0.23178920149803162,0.16375090181827545
1535,0.2317829579114914,0.16374604403972626
1536,0.2317766547203064,0.16374121606349945
1537,0.23177039623260498,0.16373635828495026
1538,0.23176418244838715,0.16373154520988464
1539,0.23175792396068573,0.16372670233249664
1540,0.23175166547298431,0.16372190415859222
1541,0.23174543678760529,0.1637170910835266
1542,0.23173923790454865,0.163712278008461
1543,0.23173299431800842,0.16370746493339539
1544,0.2317267805337906,0.16370268166065216
1545,0.23172058165073395,0.16369788348674774
1546,0.2317143827676773,0.16369308531284332
1547,0.23170818388462067,0.1636883020401001
1548,0.23170199990272522,0.16368353366851807
1549,0.23169583082199097,0.16367876529693604
1550,0.23168964684009552,0.163673996925354
1551,0.23168350756168365,0.16366922855377197
1552,0.2316773235797882,0.16366446018218994
1553,0.23167118430137634,0.1636597365140915
1554,0.23166504502296448,0.16365498304367065
1555,0.23165889084339142,0.163650244474411
1556,0.23165275156497955,0.16364549100399017
1557,0.23164665699005127,0.16364078223705292
1558,0.2316405177116394,0.16363604366779327
1559,0.23163440823554993,0.16363133490085602
1560,0.23162829875946045,0.16362661123275757
1561,0.23162220418453217,0.1636219024658203
1562,0.23161613941192627,0.16361720860004425
1563,0.2316100299358368,0.163612499833107
1564,0.2316039651632309,0.16360780596733093
1565,0.2315978854894638,0.16360312700271606
1566,0.2315918356180191,0.1635984480381012
1567,0.2315857708454132,0.16359378397464752
1568,0.2315797060728073,0.16358909010887146
1569,0.2315736711025238,0.16358442604541779
1570,0.2315676361322403,0.1635797619819641
1571,0.2315615862607956,0.16357511281967163
1572,0.23155559599399567,0.16357046365737915
1573,0.23154956102371216,0.16356581449508667
1574,0.23154354095458984,0.16356118023395538
1575,0.23153753578662872,0.1635565161705017
1576,0.23153156042099,0.16355189681053162
1577,0.23152557015419006,0.16354726254940033
1578,0.23151956498622894,0.16354264318943024
1579,0.2315135896205902,0.16353803873062134
1580,0.23150759935379028,0.16353341937065125
1581,0.23150165379047394,0.16352880001068115
1582,0.2314957082271576,0.16352421045303345
1583,0.23148974776268005,0.16351960599422455
1584,0.2314838021993637,0.16351501643657684
1585,0.23147782683372498,0.16351044178009033
1586,0.23147189617156982,0.16350585222244263
1587,0.23146599531173706,0.16350127756595612
1588,0.2314600795507431,0.1634967029094696
1589,0.23145416378974915,0.1634921282529831
1590,0.2314482480287552,0.16348756849765778
1591,0.23144233226776123,0.16348302364349365
1592,0.23143643140792847,0.16347846388816833
1593,0.2314305454492569,0.1634739190340042
1594,0.23142467439174652,0.16346938908100128
1595,0.23141880333423615,0.16346482932567596
1596,0.23141294717788696,0.16346031427383423
1597,0.2314070463180542,0.1634557843208313
1598,0.2314012199640274,0.16345126926898956
1599,0.23139533400535583,0.16344673931598663
1600,0.23138952255249023,0.1634422242641449
1601,0.23138371109962463,0.16343772411346436
1602,0.23137782514095306,0.16343320906162262
1603,0.23137202858924866,0.16342870891094208
1604,0.23136620223522186,0.16342422366142273
1605,0.23136036098003387,0.16341973841190338
1606,0.23135457932949066,0.16341525316238403
1607,0.23134876787662506,0.16341076791286469
1608,0.23134300112724304,0.16340629756450653
1609,0.23133718967437744,0.16340182721614838
1610,0.23133140802383423,0.16339737176895142
1611,0.2313256412744522,0.16339291632175446
1612,0.231319859623909,0.1633884608745575
1613,0.23131410777568817,0.16338402032852173
1614,0.23130834102630615,0.16337956488132477
1615,0.23130258917808533,0.1633751094341278
1616,0.2312968373298645,0.16337068378925323
1617,0.23129110038280487,0.16336624324321747
1618,0.23128536343574524,0.1633618324995041
1619,0.231279656291008,0.1633574217557907
1620,0.23127391934394836,0.16335298120975494
1621,0.23126821219921112,0.16334858536720276
1622,0.23126249015331268,0.16334417462348938
1623,0.23125678300857544,0.1633397787809372
1624,0.23125110566616058,0.163335382938385
1625,0.23124542832374573,0.16333097219467163
1626,0.23123973608016968,0.16332657635211945
1627,0.23123405873775482,0.16332219541072845
1628,0.23122839629650116,0.16331781446933746
1629,0.2312227189540863,0.16331346333026886
1630,0.23121704161167145,0.16330909729003906
1631,0.23121139407157898,0.16330471634864807
1632,0.2312057465314865,0.16330038011074066
1633,0.23120012879371643,0.16329601407051086
1634,0.23119449615478516,0.16329164803028107
1635,0.2311888486146927,0.16328729689121246
1636,0.2311832457780838,0.16328296065330505
1637,0.23117759823799133,0.16327860951423645
1638,0.23117201030254364,0.16327430307865143
1639,0.23116642236709595,0.1632699966430664
1640,0.23116081953048706,0.1632656455039978
1641,0.23115520179271698,0.16326133906841278
1642,0.2311496138572693,0.16325701773166656
1643,0.2311440259218216,0.16325272619724274
1644,0.2311384528875351,0.16324840486049652
1645,0.2311328947544098,0.1632441133260727
1646,0.2311273217201233,0.16323982179164886
1647,0.23112179338932037,0.16323553025722504
1648,0.23111622035503387,0.1632312536239624
1649,0.23111064732074738,0.16322694718837738
1650,0.23110513389110565,0.16322267055511475
1651,0.23109962046146393,0.1632183939218521
1652,0.231094092130661,0.16321413218975067
1653,0.2310885488986969,0.16320988535881042
1654,0.23108303546905518,0.16320562362670898
1655,0.23107752203941345,0.16320136189460754
1656,0.23107200860977173,0.1631971150636673
1657,0.2310665100812912,0.16319285333156586
1658,0.23106102645397186,0.163188636302948
1659,0.23105552792549133,0.16318437457084656
1660,0.23105007410049438,0.1631801575422287
1661,0.23104456067085266,0.16317594051361084
1662,0.2310391068458557,0.1631717085838318
1663,0.23103362321853638,0.16316749155521393
1664,0.23102819919586182,0.16316328942775726
1665,0.23102271556854248,0.1631590574979782
1666,0.23101729154586792,0.16315485537052155
1667,0.23101185262203217,0.16315065324306488
1668,0.23100639879703522,0.1631464660167694
1669,0.23100097477436066,0.16314227879047394
1670,0.2309955656528473,0.16313809156417847
1671,0.23099014163017273,0.163133904337883
1672,0.23098473250865936,0.16312973201274872
1673,0.2309793084859848,0.16312554478645325
1674,0.23097391426563263,0.16312140226364136
1675,0.23096852004528046,0.1631172150373459
1676,0.23096314072608948,0.1631130576133728
1677,0.2309577614068985,0.16310890018939972
1678,0.23095235228538513,0.16310475766658783
1679,0.23094700276851654,0.16310061514377594
1680,0.23094162344932556,0.16309645771980286
1681,0.23093625903129578,0.16309231519699097
1682,0.23093092441558838,0.16308820247650146
1683,0.2309255599975586,0.16308405995368958
1684,0.2309202253818512,0.16307993233203888
1685,0.2309148758649826,0.16307581961154938
1686,0.2309095412492752,0.16307170689105988
1687,0.230904221534729,0.16306759417057037
1688,0.2308989018201828,0.16306346654891968
1689,0.2308935523033142,0.16305936872959137
1690,0.2308882474899292,0.16305528581142426
1691,0.2308829426765442,0.16305118799209595
1692,0.23087765276432037,0.16304709017276764
1693,0.23087234795093536,0.16304299235343933
1694,0.23086708784103394,0.1630389243364334
1695,0.23086178302764893,0.1630348414182663
1696,0.2308565080165863,0.16303075850009918
1697,0.23085124790668488,0.16302670538425446
1698,0.23084598779678345,0.16302263736724854
1699,0.23084072768688202,0.1630185842514038
1700,0.2308354526758194,0.1630145162343979
1701,0.23083020746707916,0.16301047801971436
1702,0.23082496225833893,0.16300642490386963
1703,0.2308197170495987,0.1630023717880249
1704,0.23081447184085846,0.16299833357334137
1705,0.2308092713356018,0.16299429535865784
1706,0.23080404102802277,0.1629902869462967
1707,0.23079881072044373,0.16298621892929077
1708,0.23079359531402588,0.16298224031925201
1709,0.23078840970993042,0.16297820210456848
1710,0.23078319430351257,0.16297417879104614
1711,0.23077800869941711,0.1629701852798462
1712,0.23077282309532166,0.16296617686748505
1713,0.2307676374912262,0.1629621684551239
1714,0.23076243698596954,0.16295816004276276
1715,0.23075725138187408,0.1629541963338852
1716,0.2307521104812622,0.16295020282268524
1717,0.23074695467948914,0.1629462093114853
1718,0.23074176907539368,0.16294221580028534
1719,0.2307366132736206,0.16293825209140778
1720,0.23073148727416992,0.16293427348136902
1721,0.23072633147239685,0.16293030977249146
1722,0.23072120547294617,0.16292636096477509
1723,0.23071607947349548,0.16292236745357513
1724,0.2307109236717224,0.16291843354701996
1725,0.23070581257343292,0.1629144698381424
1726,0.23070070147514343,0.16291053593158722
1727,0.23069560527801514,0.16290658712387085
1728,0.23069047927856445,0.16290263831615448
1729,0.23068538308143616,0.1628987044095993
1730,0.23068031668663025,0.16289478540420532
1731,0.23067520558834076,0.16289083659648895
1732,0.23067012429237366,0.16288693249225616
1733,0.23066505789756775,0.162882998585701
1734,0.23065997660160065,0.1628790944814682
1735,0.23065491020679474,0.16287517547607422
1736,0.23064982891082764,0.16287127137184143
1737,0.23064477741718292,0.16286736726760864
1738,0.2306397259235382,0.16286346316337585
1739,0.23063473403453827,0.16285955905914307
1740,0.23062963783740997,0.16285569965839386
1741,0.23062461614608765,0.16285181045532227
1742,0.23061956465244293,0.16284792125225067
1743,0.2306145429611206,0.16284404695034027
1744,0.23060950636863708,0.16284017264842987
1745,0.23060451447963715,0.16283628344535828
1746,0.23059949278831482,0.16283243894577026
1747,0.2305944859981537,0.16282856464385986
1748,0.23058950901031494,0.16282470524311066
1749,0.23058448731899261,0.16282084584236145
1750,0.23057952523231506,0.16281700134277344
1751,0.23057453334331512,0.16281315684318542
1752,0.23056955635547638,0.1628093123435974
1753,0.23056457936763763,0.1628054827451706
1754,0.2305596023797989,0.16280163824558258
1755,0.23055464029312134,0.16279782354831696
1756,0.23054969310760498,0.16279397904872894
1757,0.23054470121860504,0.16279016435146332
1758,0.23053978383541107,0.1627863496541977
1759,0.23053482174873352,0.16278250515460968
1760,0.23052990436553955,0.16277872025966644
1761,0.2305249720811844,0.16277490556240082
1762,0.23052002489566803,0.1627711057662964
1763,0.23051509261131287,0.16276730597019196
1764,0.2305101752281189,0.16276349127292633
1765,0.23050527274608612,0.1627597063779831
1766,0.23050035536289215,0.16275593638420105
1767,0.23049545288085938,0.1627521514892578
1768,0.2304905503988266,0.16274835169315338
1769,0.23048566281795502,0.16274458169937134
1770,0.23048079013824463,0.1627408117055893
1771,0.23047590255737305,0.16273705661296844
1772,0.23047100007534027,0.1627332717180252
1773,0.23046614229679108,0.16272951662540436
1774,0.2304612696170807,0.1627257615327835
1775,0.2304564118385315,0.16272202134132385
1776,0.2304515391588211,0.162718266248703
1777,0.2304466962814331,0.16271451115608215
1778,0.2304418385028839,0.1627107709646225
1779,0.2304370105266571,0.16270703077316284
1780,0.2304321676492691,0.16270330548286438
1781,0.2304273247718811,0.16269956529140472
1782,0.2304224967956543,0.16269585490226746
1783,0.2304176688194275,0.1626920998096466
1784,0.23041287064552307,0.16268838942050934
1785,0.23040805757045746,0.16268469393253326
1786,0.23040322959423065,0.162680983543396
1787,0.23039844632148743,0.16267727315425873
1788,0.23039363324642181,0.16267357766628265
1789,0.2303888350725174,0.16266986727714539
1790,0.23038406670093536,0.1626661866903305
1791,0.23037925362586975,0.16266247630119324
1792,0.23037447035312653,0.16265879571437836
1793,0.2303696870803833,0.16265510022640228
1794,0.23036493360996246,0.1626514345407486
1795,0.23036015033721924,0.16264773905277252
1796,0.2303553968667984,0.16264407336711884
1797,0.23035064339637756,0.16264040768146515
1798,0.2303459197282791,0.16263675689697266
1799,0.23034115135669708,0.16263307631015778
1800,0.23033641278743744,0.1626294106245041
1801,0.230331689119339,0.1626257747411728
1802,0.23032695055007935,0.1626221090555191
1803,0.2303222268819809,0.1626184582710266
1804,0.23031750321388245,0.1626148372888565
1805,0.2303127646446228,0.162611186504364
1806,0.23030807077884674,0.16260755062103271
1807,0.2303033471107483,0.1626039445400238
1808,0.23029865324497223,0.1626003086566925
1809,0.23029395937919617,0.1625966727733612
1810,0.2302892655134201,0.1625930517911911
1811,0.23028457164764404,0.162589430809021
1812,0.23027987778186798,0.16258582472801208
1813,0.2302752137184143,0.16258220374584198
1814,0.23027053475379944,0.16257861256599426
1815,0.23026587069034576,0.16257499158382416
1816,0.2302612066268921,0.16257140040397644
1817,0.23025654256343842,0.16256780922412872
1818,0.23025187849998474,0.1625642031431198
1819,0.23024722933769226,0.1625605970621109
1820,0.23024258017539978,0.16255703568458557
1821,0.2302379459142685,0.16255344450473785
1822,0.2302333116531372,0.16254988312721252
1823,0.23022867739200592,0.1625462919473648
1824,0.23022405803203583,0.16254273056983948
1825,0.23021942377090454,0.16253916919231415
1826,0.23021480441093445,0.16253559291362762
1827,0.23021018505096436,0.16253206133842468
1828,0.23020558059215546,0.16252849996089935
1829,0.23020096123218536,0.16252492368221283
1830,0.23019638657569885,0.1625213772058487
1831,0.23019178211688995,0.16251784563064575
1832,0.23018716275691986,0.16251429915428162
1833,0.23018260300159454,0.16251076757907867
1834,0.23017801344394684,0.16250723600387573
1835,0.23017343878746033,0.1625037044286728
1836,0.230168879032135,0.16250017285346985
1837,0.2301643043756485,0.1624966412782669
1838,0.2301597148180008,0.16249313950538635
1839,0.23015518486499786,0.1624896079301834
1840,0.23015064001083374,0.16248609125614166
1841,0.2301461100578308,0.16248257458209991
1842,0.2301415503025055,0.16247908771038055
1843,0.2301369607448578,0.1624755710363388
1844,0.23013244569301605,0.16247206926345825
1845,0.23012793064117432,0.16246859729290009
1846,0.2301234006881714,0.16246509552001953
1847,0.23011887073516846,0.16246159374713898
1848,0.23011437058448792,0.1624581217765808
1849,0.2301098257303238,0.16245463490486145
1850,0.23010532557964325,0.16245116293430328
1851,0.2301008254289627,0.16244767606258392
1852,0.23009632527828217,0.16244421899318695
1853,0.23009184002876282,0.16244076192378998
1854,0.23008733987808228,0.162437304854393
1855,0.23008285462856293,0.16243383288383484
1856,0.23007839918136597,0.16243037581443787
1857,0.23007388412952423,0.1624269187450409
1858,0.23006942868232727,0.16242344677448273
1859,0.23006495833396912,0.16242001950740814
1860,0.23006050288677216,0.16241656243801117
1861,0.230056032538414,0.16241313517093658
1862,0.23005159199237823,0.162409707903862
1863,0.23004715144634247,0.16240626573562622
1864,0.23004268109798431,0.16240283846855164
1865,0.23003825545310974,0.16239941120147705
1866,0.23003380000591278,0.16239596903324127
1867,0.2300294041633606,0.16239255666732788
1868,0.23002494871616364,0.16238915920257568
1869,0.23002053797245026,0.1623857319355011
1870,0.2300160974264145,0.1623823344707489
1871,0.2300116866827011,0.1623789221048355
1872,0.23000729084014893,0.1623755246400833
1873,0.23000289499759674,0.16237212717533112
1874,0.22999846935272217,0.16236871480941772
1875,0.2299940437078476,0.16236534714698792
1876,0.2299896627664566,0.1623619645833969
1877,0.2299852967262268,0.16235856711864471
1878,0.229980930685997,0.16235516965389252
1879,0.22997650504112244,0.1623518019914627
1880,0.22997215390205383,0.1623484343290329
1881,0.22996777296066284,0.1623450517654419
1882,0.22996339201927185,0.16234168410301208
1883,0.22995907068252563,0.16233833134174347
1884,0.22995471954345703,0.16233494877815247
1885,0.22995033860206604,0.16233159601688385
1886,0.22994598746299744,0.16232824325561523
1887,0.22994165122509003,0.1623249053955078
1888,0.22993728518486023,0.1623215526342392
1889,0.2299329787492752,0.16231819987297058
1890,0.2299286276102066,0.16231487691402435
1891,0.2299242913722992,0.16231152415275574
1892,0.22991997003555298,0.1623082011938095
1893,0.22991566359996796,0.1623048633337021
1894,0.22991134226322174,0.16230152547359467
1895,0.22990703582763672,0.16229820251464844
1896,0.2299027293920517,0.1622948795557022
1897,0.22989840805530548,0.16229155659675598
1898,0.22989414632320404,0.16228824853897095
1899,0.22988982498645782,0.1622849404811859
1900,0.229885533452034,0.1622816026210785
1901,0.22988124191761017,0.16227830946445465
1902,0.22987698018550873,0.1622750163078308
1903,0.2298727035522461,0.16227170825004578
1904,0.22986842691898346,0.16226841509342194
1905,0.22986416518688202,0.1622651219367981
1906,0.22985988855361938,0.16226184368133545
1907,0.22985561192035675,0.16225853562355042
1908,0.2298513650894165,0.16225527226924896
1909,0.22984710335731506,0.1622520089149475
1910,0.229842871427536,0.16224871575832367
1911,0.22983859479427338,0.16224543750286102
1912,0.22983437776565552,0.16224218904972076
1913,0.22983013093471527,0.16223889589309692
1914,0.2298259139060974,0.16223563253879547
1915,0.22982168197631836,0.1622323840856552
1916,0.2298174649477005,0.16222912073135376
1917,0.22981323301792145,0.1622258573770523
1918,0.22980903089046478,0.16222263872623444
1919,0.22980481386184692,0.1622193604707718
1920,0.22980061173439026,0.16221611201763153
1921,0.2297964096069336,0.16221290826797485
1922,0.22979223728179932,0.1622096449136734
1923,0.22978802025318146,0.16220639646053314
1924,0.2297838181257248,0.16220319271087646
1925,0.2297796607017517,0.1621999442577362
1926,0.22977547347545624,0.16219672560691833
1927,0.22977128624916077,0.16219350695610046
1928,0.2297671139240265,0.1621903032064438
1929,0.2297629415988922,0.16218708455562592
1930,0.22975879907608032,0.16218386590480804
1931,0.22975462675094604,0.16218064725399017
1932,0.22975043952465057,0.1621774435043335
1933,0.2297462821006775,0.16217423975467682
1934,0.2297421395778656,0.16217105090618134
1935,0.22973798215389252,0.16216784715652466
1936,0.22973386943340302,0.16216465830802917
1937,0.22972972691059113,0.1621614545583725
1938,0.22972561419010162,0.1621582806110382
1939,0.22972145676612854,0.16215507686138153
1940,0.22971732914447784,0.16215190291404724
1941,0.22971321642398834,0.16214872896671295
1942,0.22970910370349884,0.16214555501937866
1943,0.22970499098300934,0.16214238107204437
1944,0.22970089316368103,0.16213922202587128
1945,0.22969676554203033,0.162136048078537
1946,0.22969268262386322,0.16213290393352509
1947,0.22968856990337372,0.1621297150850296
1948,0.2296844869852066,0.1621265709400177
1949,0.2296804040670395,0.1621234118938446
1950,0.22967632114887238,0.1621202528476715
1951,0.22967222332954407,0.1621171087026596
1952,0.22966815531253815,0.1621139645576477
1953,0.22966407239437103,0.1621108204126358
1954,0.22965998947620392,0.1621076911687851
1955,0.2296559363603592,0.16210457682609558
1956,0.22965186834335327,0.16210143268108368
1957,0.22964783012866974,0.16209830343723297
1958,0.22964376211166382,0.16209517419338226
1959,0.22963973879814148,0.16209204494953156
1960,0.22963570058345795,0.16208894550800323
1961,0.22963163256645203,0.16208581626415253
1962,0.2296275645494461,0.162082701921463
1963,0.22962357103824615,0.1620796024799347
1964,0.22961951792240143,0.16207648813724518
1965,0.22961550951004028,0.16207338869571686
1966,0.22961148619651794,0.16207027435302734
1967,0.2296074628829956,0.16206718981266022
1968,0.22960346937179565,0.1620640903711319
1969,0.22959941625595093,0.16206099092960358
1970,0.22959543764591217,0.16205790638923645
1971,0.22959144413471222,0.16205480694770813
1972,0.22958743572235107,0.1620517373085022
1973,0.22958344221115112,0.16204865276813507
1974,0.22957944869995117,0.16204558312892914
1975,0.22957545518875122,0.162042498588562
1976,0.22957147657871246,0.16203941404819489
1977,0.2295674830675125,0.16203635931015015
1978,0.22956351935863495,0.1620332896709442
1979,0.22955955564975739,0.16203022003173828
1980,0.22955559194087982,0.16202715039253235
1981,0.22955161333084106,0.1620241105556488
1982,0.2295476496219635,0.16202105581760406
1983,0.22954370081424713,0.16201801598072052
1984,0.22953972220420837,0.16201496124267578
1985,0.2295357882976532,0.16201192140579224
1986,0.22953185439109802,0.1620088666677475
1987,0.22952793538570404,0.16200582683086395
1988,0.22952395677566528,0.1620028167963028
1989,0.2295200377702713,0.16199977695941925
1990,0.22951611876487732,0.1619967371225357
1991,0.22951216995716095,0.16199371218681335
1992,0.22950825095176697,0.1619907021522522
1993,0.22950436174869537,0.16198767721652985
1994,0.2295004278421402,0.1619846373796463
1995,0.2294965237379074,0.16198164224624634
1996,0.22949260473251343,0.161978617310524
1997,0.22948870062828064,0.16197560727596283
1998,0.22948481142520905,0.16197261214256287
1999,0.22948092222213745,0.1619696021080017
2000,0.22947701811790466,0.16196660697460175
2001,0.22947311401367188,0.1619635969400406
2002,0.22946922481060028,0.16196060180664062
2003,0.22946536540985107,0.16195760667324066
2004,0.22946147620677948,0.1619546115398407
2005,0.22945763170719147,0.16195164620876312
2006,0.22945375740528107,0.16194866597652435
2007,0.22944986820220947,0.1619456559419632
2008,0.22944600880146027,0.16194269061088562
2009,0.22944213449954987,0.16193972527980804
2010,0.22943828999996185,0.16193674504756927
2011,0.22943444550037384,0.1619337946176529
2012,0.22943060100078583,0.16193081438541412
2013,0.229426771402359,0.16192783415317535
2014,0.2294229120016098,0.16192489862442017
2015,0.2294190526008606,0.1619219183921814
2016,0.22941522300243378,0.1619189828634262
2017,0.22941142320632935,0.16191603243350983
2018,0.22940757870674133,0.16191305220127106
2019,0.2294037640094757,0.16191013157367706
2020,0.22939994931221008,0.16190718114376068
2021,0.22939613461494446,0.1619042307138443
2022,0.22939231991767883,0.1619012951850891
2023,0.2293885052204132,0.16189834475517273
2024,0.22938469052314758,0.16189543902873993
2025,0.22938090562820435,0.16189250349998474
2026,0.2293771207332611,0.16188956797122955
2027,0.22937332093715668,0.16188663244247437
2028,0.22936952114105225,0.16188372671604156
2029,0.2293657511472702,0.16188080608844757
2030,0.22936195135116577,0.16187790036201477
2031,0.22935818135738373,0.16187497973442078
2032,0.2293543964624405,0.1618720442056656
2033,0.22935062646865845,0.16186915338039398
2034,0.2293468713760376,0.16186624765396118
2035,0.22934311628341675,0.16186334192752838
2036,0.2293393313884735,0.16186045110225677
2037,0.22933557629585266,0.16185754537582397
2038,0.229331836104393,0.16185465455055237
2039,0.22932808101177216,0.16185177862644196
2040,0.2293243259191513,0.16184888780117035
2041,0.22932060062885284,0.16184598207473755
2042,0.229316845536232,0.16184310615062714
2043,0.22931312024593353,0.16184023022651672
2044,0.22930936515331268,0.1618373692035675
2045,0.22930565476417542,0.1618344932794571
2046,0.22930192947387695,0.16183160245418549
2047,0.2292982041835785,0.16182872653007507
2048,0.22929449379444122,0.16182588040828705
2049,0.22929076850414276,0.16182300448417664
2050,0.2292870730161667,0.16182014346122742
2051,0.22928333282470703,0.1618172973394394
2052,0.22927965223789215,0.16181443631649017
2053,0.2292759269475937,0.16181157529354095
2054,0.22927223145961761,0.16180874407291412
2055,0.22926855087280273,0.1618058830499649
2056,0.22926487028598785,0.16180303692817688
2057,0.22926117479801178,0.16180020570755005
2058,0.2292575091123581,0.16179735958576202
2059,0.22925381362438202,0.1617945283651352
2060,0.22925014793872833,0.16179169714450836
2061,0.22924646735191345,0.16178885102272034
2062,0.22924280166625977,0.1617860198020935
2063,0.22923912107944489,0.16178320348262787
2064,0.22923550009727478,0.16178038716316223
2065,0.2292317897081375,0.1617775708436966
2066,0.2292281538248062,0.16177473962306976
2067,0.22922450304031372,0.16177190840244293
2068,0.22922085225582123,0.1617691069841385
2069,0.22921723127365112,0.16176632046699524
2070,0.22921356558799744,0.1617634892463684
2071,0.22920991480350494,0.16176070272922516
2072,0.22920629382133484,0.16175788640975952
2073,0.22920265793800354,0.16175509989261627
2074,0.22919902205467224,0.16175228357315063
2075,0.22919540107250214,0.1617494821548462
2076,0.22919178009033203,0.16174671053886414
2077,0.22918818891048431,0.1617439240217209
2078,0.2291845679283142,0.16174113750457764
2079,0.2291809469461441,0.1617383360862732
2080,0.2291773408651352,0.16173556447029114
2081,0.22917374968528748,0.1617327779531479
2082,0.22917014360427856,0.16173002123832703
2083,0.22916655242443085,0.16172724962234497
2084,0.22916296124458313,0.16172447800636292
2085,0.22915935516357422,0.16172170639038086
2086,0.2291557639837265,0.1617189347743988
2087,0.22915218770503998,0.16171617805957794
2088,0.22914859652519226,0.16171342134475708
2089,0.22914503514766693,0.16171066462993622
2090,0.2291414439678192,0.16170790791511536
2091,0.22913788259029388,0.1617051512002945
2092,0.22913430631160736,0.16170240938663483
2093,0.22913074493408203,0.16169966757297516
2094,0.2291271984577179,0.1616969108581543
2095,0.22912360727787018,0.16169416904449463
2096,0.22912006080150604,0.16169144213199615
2097,0.2291165292263031,0.1616887003183365
2098,0.22911296784877777,0.16168595850467682
2099,0.22910946607589722,0.16168324649333954
2100,0.2291058748960495,0.16168050467967987
2101,0.22910234332084656,0.1616777628660202
2102,0.229098841547966,0.16167505085468292
2103,0.22909530997276306,0.16167232394218445
2104,0.22909176349639893,0.16166961193084717
2105,0.22908824682235718,0.1616668850183487
2106,0.22908471524715424,0.1616641879081726
2107,0.2290811985731125,0.16166146099567413
2108,0.22907768189907074,0.16165876388549805
2109,0.22907418012619019,0.16165606677532196
2110,0.22907067835330963,0.1616533398628235
2111,0.2290671467781067,0.1616506576538086
2112,0.22906364500522614,0.1616479605436325
2113,0.22906017303466797,0.16164524853229523
2114,0.22905665636062622,0.16164256632328033
2115,0.22905315458774567,0.16163988411426544
2116,0.2290496826171875,0.16163720190525055
2117,0.22904621064662933,0.16163450479507446
2118,0.22904273867607117,0.16163180768489838
2119,0.2290392518043518,0.16162912547588348
2120,0.22903576493263245,0.16162645816802979
2121,0.22903229296207428,0.1616237759590149
2122,0.2290288358926773,0.1616211086511612
2123,0.22902536392211914,0.1616184413433075
2124,0.22902190685272217,0.1616157591342926
2125,0.229018434882164,0.1616131067276001
2126,0.22901496291160583,0.1616104245185852
2127,0.22901153564453125,0.1616077721118927
2128,0.22900807857513428,0.161605104804039
2129,0.2290046364068985,0.1616024672985077
2130,0.22900119423866272,0.16159981489181519
2131,0.22899776697158813,0.16159716248512268
2132,0.22899430990219116,0.16159449517726898
2133,0.22899089753627777,0.16159187257289886
2134,0.22898747026920319,0.16158923506736755
2135,0.2289840281009674,0.16158656775951385
2136,0.22898061573505402,0.16158393025398254
2137,0.22897718846797943,0.16158130764961243
2138,0.22897377610206604,0.16157867014408112
2139,0.22897037863731384,0.161576047539711
2140,0.22896693646907806,0.1615734100341797
2141,0.22896355390548706,0.16157077252864838
2142,0.22896011173725128,0.16156814992427826
2143,0.22895671427249908,0.16156552731990814
2144,0.2289533168077469,0.16156291961669922
2145,0.22894993424415588,0.1615603119134903
2146,0.22894655168056488,0.16155768930912018
2147,0.22894315421581268,0.16155508160591125
2148,0.22893978655338287,0.16155245900154114
2149,0.22893638908863068,0.16154985129833221
2150,0.22893300652503967,0.1615472435951233
2151,0.22892963886260986,0.16154466569423676
2152,0.22892624139785767,0.16154205799102783
2153,0.22892288863658905,0.1615394502878189
2154,0.22891950607299805,0.16153685748577118
2155,0.22891615331172943,0.16153427958488464
2156,0.22891278564929962,0.16153167188167572
2157,0.2289094477891922,0.16152909398078918
2158,0.2289060652256012,0.16152650117874146
2159,0.22890272736549377,0.16152392327785492
2160,0.22889938950538635,0.16152134537696838
2161,0.22889605164527893,0.16151876747608185
2162,0.22889268398284912,0.1615161895751953
2163,0.2288893461227417,0.16151362657546997
2164,0.22888603806495667,0.16151104867458344
2165,0.22888267040252686,0.1615084856748581
2166,0.22887936234474182,0.16150590777397156
2167,0.2288760393857956,0.16150334477424622
2168,0.22887268662452698,0.16150079667568207
2169,0.22886937856674194,0.16149823367595673
2170,0.22886605560779572,0.16149567067623138
2171,0.22886274755001068,0.16149312257766724
2172,0.22885943949222565,0.1614905446767807
2173,0.2288561314344406,0.16148802638053894
2174,0.22885282337665558,0.1614854782819748
2175,0.22884953022003174,0.16148291528224945
2176,0.2288462072610855,0.1614803671836853
2177,0.22884292900562286,0.16147784888744354
2178,0.22883962094783783,0.1614753007888794
2179,0.228836327791214,0.16147276759147644
2180,0.22883304953575134,0.1614702343940735
2181,0.2288297712802887,0.16146768629550934
2182,0.22882646322250366,0.16146516799926758
2183,0.2288231998682022,0.16146264970302582
2184,0.22881992161273956,0.16146011650562286
2185,0.2288166880607605,0.1614576131105423
2186,0.22881336510181427,0.16145507991313934
2187,0.228810116648674,0.16145257651805878
2188,0.22880685329437256,0.16145004332065582
2189,0.2288035899400711,0.16144753992557526
2190,0.22880034148693085,0.1614450216293335
2191,0.2287970781326294,0.16144250333309174
2192,0.22879382967948914,0.16143999993801117
2193,0.22879058122634888,0.1614375114440918
2194,0.2287873476743698,0.16143502295017242
2195,0.22878409922122955,0.16143251955509186
2196,0.2287808656692505,0.1614300012588501
2197,0.22877760231494904,0.16142752766609192
2198,0.22877436876296997,0.16142502427101135
2199,0.2287711501121521,0.16142255067825317
2200,0.22876791656017303,0.1614200472831726
2201,0.22876468300819397,0.16141755878925323
2202,0.2287614792585373,0.16141508519649506
2203,0.22875824570655823,0.16141259670257568
2204,0.22875504195690155,0.1614101231098175
2205,0.22875183820724487,0.16140764951705933
2206,0.228748619556427,0.16140517592430115
2207,0.22874541580677032,0.16140270233154297
2208,0.22874221205711365,0.1614002287387848
2209,0.22873900830745697,0.1613977700471878
2210,0.2287358045578003,0.16139528155326843
2211,0.22873260080814362,0.16139282286167145
2212,0.22872942686080933,0.16139037907123566
2213,0.22872623801231384,0.16138793528079987
2214,0.22872303426265717,0.1613854616880417
2215,0.22871984541416168,0.1613830178976059
2216,0.2287166565656662,0.1613805592060089
2217,0.2287134975194931,0.16137811541557312
2218,0.2287103235721588,0.16137565672397614
2219,0.22870713472366333,0.16137322783470154
2220,0.22870399057865143,0.16137076914310455
2221,0.22870078682899475,0.16136834025382996
2222,0.22869764268398285,0.16136589646339417
2223,0.22869449853897095,0.16136346757411957
2224,0.22869132459163666,0.16136102378368378
2225,0.22868818044662476,0.16135857999324799
2226,0.22868502140045166,0.16135618090629578
2227,0.22868186235427856,0.16135375201702118
2228,0.22867871820926666,0.1613513082265854
2229,0.22867557406425476,0.16134890913963318
2230,0.22867242991924286,0.16134649515151978
2231,0.22866930067539215,0.16134406626224518
2232,0.22866615653038025,0.16134165227413177
2233,0.22866304218769073,0.16133922338485718
2234,0.22865989804267883,0.16133682429790497
2235,0.22865678369998932,0.16133441030979156
2236,0.22865363955497742,0.16133201122283936
2237,0.2286505103111267,0.16132961213588715
2238,0.2286474108695984,0.16132719814777374
2239,0.22864429652690887,0.16132478415966034
2240,0.22864118218421936,0.16132239997386932
2241,0.22863808274269104,0.1613200157880783
2242,0.22863495349884033,0.1613176167011261
2243,0.228631854057312,0.1613152176141739
2244,0.2286287546157837,0.16131283342838287
2245,0.22862565517425537,0.16131046414375305
2246,0.22862257063388824,0.16130806505680084
2247,0.22861945629119873,0.16130569577217102
2248,0.2286163866519928,0.1613032966852188
2249,0.22861328721046448,0.161300927400589
2250,0.22861018776893616,0.16129854321479797
2251,0.22860713303089142,0.16129617393016815
2252,0.2286040484905243,0.16129380464553833
2253,0.22860096395015717,0.1612914353609085
2254,0.22859790921211243,0.16128908097743988
2255,0.2285948246717453,0.16128669679164886
2256,0.22859176993370056,0.16128432750701904
2257,0.22858871519565582,0.16128197312355042
2258,0.2285856306552887,0.1612796038389206
2259,0.22858259081840515,0.16127723455429077
2260,0.22857950627803802,0.16127489507198334
2261,0.2285764515399933,0.1612725406885147
2262,0.22857341170310974,0.16127021610736847
2263,0.2285703718662262,0.16126784682273865
2264,0.22856731712818146,0.16126549243927002
2265,0.2285642772912979,0.16126315295696259
2266,0.22856122255325317,0.16126081347465515
2267,0.22855819761753082,0.1612584888935089
2268,0.22855515778064728,0.16125613451004028
2269,0.22855213284492493,0.16125379502773285
2270,0.2285490781068802,0.1612514704465866
2271,0.22854606807231903,0.16124913096427917
2272,0.22854302823543549,0.16124679148197174
2273,0.22854001820087433,0.1612444818019867
2274,0.22853702306747437,0.16124214231967926
2275,0.22853399813175201,0.1612398326396942
2276,0.22853095829486847,0.16123750805854797
2277,0.2285279482603073,0.16123519837856293
2278,0.22852495312690735,0.1612328588962555
2279,0.22852195799350739,0.16123054921627045
2280,0.22851894795894623,0.1612282544374466
2281,0.22851592302322388,0.16122591495513916
2282,0.2285129576921463,0.1612236201763153
2283,0.22850994765758514,0.16122131049633026
2284,0.22850696742534637,0.1612190157175064
2285,0.2285039722919464,0.16121670603752136
2286,0.22850097715854645,0.1612144112586975
2287,0.22849799692630768,0.16121210157871246
2288,0.2284950315952301,0.1612098067998886
2289,0.22849205136299133,0.16120751202106476
2290,0.22848907113075256,0.1612052172422409
2291,0.228486105799675,0.16120292246341705
2292,0.22848312556743622,0.1612006425857544
2293,0.22848014533519745,0.16119836270809174
2294,0.22847719490528107,0.16119606792926788
2295,0.2284742295742035,0.1611938178539276
2296,0.22847126424312592,0.16119152307510376
2297,0.22846832871437073,0.1611892580986023
2298,0.22846534848213196,0.16118696331977844
2299,0.22846241295337677,0.16118468344211578
2300,0.22845947742462158,0.16118241846561432
2301,0.2284564971923828,0.16118013858795166
2302,0.22845356166362762,0.1611778885126114
2303,0.22845062613487244,0.16117562353610992
2304,0.22844769060611725,0.16117335855960846
2305,0.22844475507736206,0.161171093583107
2306,0.22844180464744568,0.16116884350776672
2307,0.2284388691186905,0.16116656363010406
2308,0.22843597829341888,0.1611643135547638
2309,0.2284330129623413,0.16116206347942352
2310,0.22843009233474731,0.16115979850292206
2311,0.2284272015094757,0.16115757822990417
2312,0.2284242808818817,0.1611553132534027
2313,0.22842136025428772,0.16115309298038483
2314,0.22841843962669373,0.16115082800388336
2315,0.22841553390026093,0.16114860773086548
2316,0.22841262817382812,0.161146342754364
2317,0.22840972244739532,0.16114412248134613
2318,0.22840681672096252,0.16114187240600586
2319,0.22840391099452972,0.16113965213298798
2320,0.2284010350704193,0.1611374020576477
2321,0.22839811444282532,0.16113518178462982
2322,0.2283952385187149,0.16113294661045074
2323,0.2283923327922821,0.16113071143627167
2324,0.2283894419670105,0.16112850606441498
2325,0.22838658094406128,0.1611262708902359
2326,0.22838367521762848,0.16112405061721802
2327,0.22838081419467926,0.16112184524536133
2328,0.22837790846824646,0.16111963987350464
2329,0.22837504744529724,0.16111741960048676
2330,0.22837217152118683,0.16111519932746887
2331,0.2283693104982376,0.16111299395561218
2332,0.2283664494752884,0.1611107885837555
2333,0.22836357355117798,0.1611085832118988
2334,0.22836072742938995,0.1611063927412033
2335,0.22835785150527954,0.16110417246818542
2336,0.22835500538349152,0.16110198199748993
2337,0.2283521592617035,0.16109977662563324
2338,0.22834929823875427,0.16109758615493774
2339,0.22834643721580505,0.16109539568424225
2340,0.22834362089633942,0.16109317541122437
2341,0.2283407598733902,0.16109098494052887
2342,0.22833791375160217,0.16108880937099457
2343,0.22833508253097534,0.16108664870262146
2344,0.2283322513103485,0.16108445823192596
2345,0.22832943499088287,0.16108226776123047
2346,0.22832657396793365,0.16108007729053497
2347,0.22832374274730682,0.16107790172100067
2348,0.2283209264278412,0.16107572615146637
2349,0.22831809520721436,0.16107356548309326
2350,0.22831527888774872,0.16107138991355896
2351,0.2283124476671219,0.16106919944286346
2352,0.22830964624881744,0.16106703877449036
2353,0.2283068150281906,0.16106489300727844
2354,0.22830402851104736,0.16106270253658295
2355,0.22830119729042053,0.16106054186820984
2356,0.2282983958721161,0.16105839610099792
2357,0.22829559445381165,0.16105623543262482
2358,0.2282928079366684,0.1610540747642517
2359,0.22828999161720276,0.1610519289970398
2360,0.2282872051000595,0.1610497683286667
2361,0.22828441858291626,0.16104759275913239
2362,0.228281632065773,0.16104546189308167
2363,0.22827883064746857,0.16104330122470856
2364,0.22827604413032532,0.16104117035865784
2365,0.22827324271202087,0.16103900969028473
2366,0.22827045619487762,0.161036878824234
2367,0.22826771438121796,0.1610347181558609
2368,0.2282649278640747,0.16103260219097137
2369,0.22826214134693146,0.16103047132492065
2370,0.2282593548297882,0.16102832555770874
2371,0.22825661301612854,0.16102619469165802
2372,0.22825384140014648,0.1610240638256073
2373,0.22825105488300323,0.16102193295955658
2374,0.22824831306934357,0.16101980209350586
2375,0.2282455414533615,0.16101768612861633
2376,0.22824278473854065,0.16101554036140442
2377,0.2282400280237198,0.1610134243965149
2378,0.22823728621006012,0.16101130843162537
2379,0.22823451459407806,0.16100920736789703
2380,0.2282317876815796,0.1610070914030075
2381,0.22822904586791992,0.1610049605369568
2382,0.22822630405426025,0.16100285947322845
2383,0.22822357714176178,0.16100074350833893
2384,0.22822082042694092,0.1609986275434494
2385,0.22821807861328125,0.16099654138088226
2386,0.22821535170078278,0.16099442541599274
2387,0.2282126247882843,0.1609923392534256
2388,0.22820988297462463,0.16099022328853607
2389,0.22820717096328735,0.16098812222480774
2390,0.22820444405078888,0.1609860360622406
2391,0.2282017171382904,0.16098393499851227
2392,0.22819900512695312,0.16098184883594513
2393,0.22819627821445465,0.1609797477722168
2394,0.22819355130195618,0.16097766160964966
2395,0.2281908541917801,0.16097557544708252
2396,0.228188157081604,0.1609734743833542
2397,0.22818543016910553,0.16097138822078705
2398,0.22818274796009064,0.1609693169593811
2399,0.22818005084991455,0.16096724569797516
2400,0.22817733883857727,0.16096515953540802
2401,0.22817462682724,0.16096308827400208
2402,0.2281719148159027,0.16096101701259613
2403,0.228169247508049,0.160958930850029
2404,0.22816653549671173,0.16095685958862305
2405,0.22816386818885803,0.1609547883272171
2406,0.22816118597984314,0.16095273196697235
2407,0.22815848886966705,0.1609506607055664
2408,0.22815582156181335,0.16094858944416046
2409,0.22815315425395966,0.1609465330839157
2410,0.22815045714378357,0.16094447672367096
2411,0.22814777493476868,0.1609424352645874
2412,0.22814512252807617,0.16094034910202026
2413,0.22814244031906128,0.1609382927417755
2414,0.2281397581100464,0.16093625128269196
2415,0.22813713550567627,0.1609341949224472
2416,0.22813443839550018,0.16093215346336365
2417,0.22813178598880768,0.1609300971031189
2418,0.22812911868095398,0.16092805564403534
2419,0.22812646627426147,0.1609259992837906
2420,0.22812381386756897,0.16092397272586823
2421,0.22812119126319885,0.16092193126678467
2422,0.22811850905418396,0.1609198898077011
2423,0.22811588644981384,0.16091784834861755
2424,0.22811324894428253,0.1609157919883728
2425,0.22811058163642883,0.16091376543045044
2426,0.22810794413089752,0.16091173887252808
2427,0.2281053215265274,0.1609097272157669
2428,0.2281026840209961,0.16090767085552216
2429,0.22810004651546478,0.160905659198761
2430,0.22809742391109467,0.16090363264083862
2431,0.22809478640556335,0.16090160608291626
2432,0.22809214890003204,0.1608995795249939
2433,0.22808955609798431,0.16089756786823273
2434,0.2280869334936142,0.16089554131031036
2435,0.22808429598808289,0.1608935445547104
2436,0.22808168828487396,0.16089151799678802
2437,0.22807906568050385,0.16088950634002686
2438,0.22807645797729492,0.16088749468326569
2439,0.2280738204717636,0.16088546812534332
2440,0.22807122766971588,0.16088348627090454
2441,0.22806863486766815,0.16088145971298218
2442,0.22806602716445923,0.1608794778585434
2443,0.2280634343624115,0.16087748110294342
2444,0.22806084156036377,0.16087545454502106
2445,0.22805824875831604,0.1608734428882599
2446,0.2280556559562683,0.1608714759349823
2447,0.2280530482530594,0.16086947917938232
2448,0.22805044054985046,0.16086748242378235
2449,0.22804786264896393,0.16086548566818237
2450,0.2280452698469162,0.1608635038137436
2451,0.22804272174835205,0.16086150705814362
2452,0.22804012894630432,0.16085951030254364
2453,0.2280375361442566,0.16085754334926605
2454,0.22803497314453125,0.16085556149482727
2455,0.22803238034248352,0.1608535647392273
2456,0.22802981734275818,0.1608515828847885
2457,0.22802725434303284,0.16084963083267212
2458,0.2280246764421463,0.16084763407707214
2459,0.22802211344242096,0.16084566712379456
2460,0.22801953554153442,0.16084368526935577
2461,0.22801697254180908,0.16084173321723938
2462,0.22801440954208374,0.1608397513628006
2463,0.2280118614435196,0.16083776950836182
2464,0.22800929844379425,0.16083581745624542
2465,0.2280067652463913,0.16083385050296783
2466,0.22800423204898834,0.16083189845085144
2467,0.228001669049263,0.16082993149757385
2468,0.22799912095069885,0.16082794964313507
2469,0.2279965579509735,0.16082601249217987
2470,0.22799403965473175,0.16082404553890228
2471,0.2279915064573288,0.16082210838794708
2472,0.22798897325992584,0.1608201414346695
2473,0.2279864102602005,0.1608182042837143
2474,0.22798389196395874,0.1608162522315979
2475,0.2279813438653946,0.1608143001794815
2476,0.22797882556915283,0.1608123630285263
2477,0.22797630727291107,0.1608104109764099
2478,0.2279737889766693,0.1608084738254547
2479,0.22797127068042755,0.1608065366744995
2480,0.2279687374830246,0.16080458462238312
2481,0.22796623408794403,0.1608026623725891
2482,0.22796371579170227,0.1608007252216339
2483,0.2279611974954605,0.16079877316951752
2484,0.22795869410037994,0.1607968509197235
2485,0.22795620560646057,0.1607949286699295
2486,0.2279536873102188,0.1607929915189743
2487,0.22795118391513824,0.1607910841703415
2488,0.2279486507177353,0.1607891321182251
2489,0.22794616222381592,0.1607872098684311
2490,0.22794367372989655,0.16078528761863708
2491,0.22794117033481598,0.16078338027000427
2492,0.2279386967420578,0.16078145802021027
2493,0.22793619334697723,0.16077953577041626
2494,0.22793370485305786,0.16077762842178345
2495,0.22793123126029968,0.16077572107315063
2496,0.22792872786521912,0.16077381372451782
2497,0.22792625427246094,0.16077187657356262
2498,0.22792378067970276,0.16076995432376862
2499,0.2279212921857834,0.160768061876297
2500,0.2279188185930252,0.16076615452766418
2501,0.22791633009910583,0.16076427698135376
2502,0.22791385650634766,0.16076236963272095
2503,0.22791141271591187,0.16076046228408813
2504,0.2279089391231537,0.16075855493545532
2505,0.22790645062923431,0.1607566475868225
2506,0.22790402173995972,0.1607547551393509
2507,0.22790153324604034,0.16075286269187927
2508,0.22789907455444336,0.16075097024440765
2509,0.22789661586284637,0.16074907779693604
2510,0.22789417207241058,0.16074717044830322
2511,0.2278916984796524,0.160745307803154
2512,0.2278892695903778,0.16074341535568237
2513,0.22788681089878082,0.16074152290821075
2514,0.22788436710834503,0.16073964536190033
2515,0.22788192331790924,0.1607377678155899
2516,0.22787946462631226,0.16073589026927948
2517,0.22787705063819885,0.16073401272296906
2518,0.22787460684776306,0.16073213517665863
2519,0.22787216305732727,0.1607302576303482
2520,0.22786971926689148,0.16072838008403778
2521,0.2278672754764557,0.16072651743888855
2522,0.2278648316860199,0.16072463989257812
2523,0.2278624325990677,0.1607227623462677
2524,0.22786001861095428,0.16072091460227966
2525,0.2278575897216797,0.16071905195713043
2526,0.2278551459312439,0.1607171893119812
2527,0.2278527468442917,0.16071531176567078
2528,0.22785034775733948,0.16071344912052155
2529,0.2278479039669037,0.1607116013765335
2530,0.22784548997879028,0.16070973873138428
2531,0.22784309089183807,0.16070787608623505
2532,0.22784069180488586,0.160706028342247
2533,0.22783829271793365,0.16070416569709778
2534,0.22783584892749786,0.16070231795310974
2535,0.22783344984054565,0.1607004851102829
2536,0.22783106565475464,0.16069862246513367
2537,0.22782868146896362,0.16069677472114563
2538,0.22782626748085022,0.1606949418783188
2539,0.22782385349273682,0.16069309413433075
2540,0.2278214693069458,0.1606912612915039
2541,0.2278190553188324,0.16068941354751587
2542,0.22781670093536377,0.16068758070468903
2543,0.22781431674957275,0.160685732960701
2544,0.22781193256378174,0.16068390011787415
2545,0.22780951857566833,0.1606820672750473
2546,0.2278071641921997,0.16068023443222046
2547,0.2278047800064087,0.16067840158939362
2548,0.22780239582061768,0.16067656874656677
2549,0.22780002653598785,0.16067475080490112
2550,0.22779762744903564,0.16067293286323547
2551,0.22779527306556702,0.16067110002040863
2552,0.227792888879776,0.1606692671775818
2553,0.22779053449630737,0.16066744923591614
2554,0.22778818011283875,0.1606656163930893
2555,0.22778579592704773,0.16066381335258484
2556,0.2277834266424179,0.1606619954109192
2557,0.22778110206127167,0.16066019237041473
2558,0.22777871787548065,0.16065837442874908
2559,0.22777637839317322,0.16065655648708344
2560,0.2277740091085434,0.16065475344657898
2561,0.22777168452739716,0.16065293550491333
2562,0.22776931524276733,0.16065113246440887
2563,0.2277669757604599,0.16064931452274323
2564,0.22776462137699127,0.16064751148223877
2565,0.22776229679584503,0.16064570844173431
2566,0.2277599573135376,0.16064392030239105
2567,0.22775760293006897,0.1606421172618866
2568,0.22775527834892273,0.16064032912254333
2569,0.2277529388666153,0.16063852608203888
2570,0.22775058448314667,0.16063672304153442
2571,0.22774825990200043,0.16063492000102997
2572,0.2277459353208542,0.1606331467628479
2573,0.22774361073970795,0.16063135862350464
2574,0.2277413010597229,0.16062955558300018
2575,0.22773894667625427,0.16062776744365692
2576,0.22773665189743042,0.16062599420547485
2577,0.22773434221744537,0.1606242060661316
2578,0.22773198783397675,0.16062241792678833
2579,0.2277296781539917,0.16062062978744507
2580,0.22772736847400665,0.160618856549263
2581,0.2277250736951828,0.16061708331108093
2582,0.22772273421287537,0.16061532497406006
2583,0.2277204543352127,0.1606135219335556
2584,0.22771812975406647,0.16061174869537354
2585,0.22771583497524261,0.16060999035835266
2586,0.22771354019641876,0.1606082022190094
2587,0.22771121561527252,0.16060645878314972
2588,0.22770893573760986,0.16060468554496765
2589,0.22770662605762482,0.16060292720794678
2590,0.22770434617996216,0.16060113906860352
2591,0.2277020663022995,0.16059936583042145
2592,0.22769975662231445,0.16059762239456177
2593,0.227697491645813,0.1605958640575409
2594,0.22769519686698914,0.16059409081935883
2595,0.22769290208816528,0.16059233248233795
2596,0.22769062221050262,0.16059057414531708
2597,0.22768832743167877,0.1605888307094574
2598,0.2276860624551773,0.16058708727359772
2599,0.22768379747867584,0.16058532893657684
2600,0.227681502699852,0.16058357059955597
2601,0.22767923772335052,0.16058184206485748
2602,0.22767695784568787,0.1605800837278366
2603,0.2276746928691864,0.16057834029197693
2604,0.22767242789268494,0.16057659685611725
2605,0.22767017781734467,0.16057483851909637
2606,0.227667897939682,0.1605731099843979
2607,0.22766563296318054,0.1605713665485382
2608,0.22766338288784027,0.16056965291500092
2609,0.2276611328125,0.16056787967681885
2610,0.22765886783599854,0.16056615114212036
2611,0.22765658795833588,0.16056442260742188
2612,0.227654367685318,0.1605626940727234
2613,0.22765208780765533,0.1605609655380249
2614,0.22764986753463745,0.16055923700332642
2615,0.227647602558136,0.16055749356746674
2616,0.2276453822851181,0.16055576503276825
2617,0.22764313220977783,0.16055403649806976
2618,0.22764088213443756,0.16055232286453247
2619,0.2276386320590973,0.16055060923099518
2620,0.2276364117860794,0.1605488806962967
2621,0.22763416171073914,0.1605471670627594
2622,0.22763195633888245,0.1605454534292221
2623,0.22762970626354218,0.16054373979568481
2624,0.2276274561882019,0.16054201126098633
2625,0.22762523591518402,0.16054031252861023
2626,0.22762303054332733,0.16053858399391174
2627,0.22762079536914825,0.16053687036037445
2628,0.22761860489845276,0.16053517162799835
2629,0.2276163548231125,0.16053345799446106
2630,0.2276141345500946,0.16053174436092377
2631,0.22761192917823792,0.16053003072738647
2632,0.22760970890522003,0.16052834689617157
2633,0.22760747373104095,0.16052663326263428
2634,0.22760528326034546,0.16052493453025818
2635,0.22760307788848877,0.16052323579788208
2636,0.2276008576154709,0.16052153706550598
2637,0.2275986522436142,0.16051985323429108
2638,0.2275964766740799,0.16051815450191498
2639,0.227594256401062,0.16051645576953888
2640,0.22759205102920532,0.16051475703716278
2641,0.22758983075618744,0.16051305830478668
2642,0.22758764028549194,0.16051140427589417
2643,0.22758544981479645,0.16050970554351807
2644,0.22758327424526215,0.16050802171230316
2645,0.22758106887340546,0.16050632297992706
2646,0.22757889330387115,0.16050463914871216
2647,0.22757671773433685,0.16050297021865845
2648,0.22757449746131897,0.16050128638744354
2649,0.22757232189178467,0.16049960255622864
2650,0.22757014632225037,0.16049791872501373
2651,0.22756795585155487,0.16049624979496002
2652,0.22756578028202057,0.1604945808649063
2653,0.22756358981132507,0.1604928970336914
2654,0.22756142914295197,0.1604912430047989
2655,0.22755926847457886,0.16048955917358398
2656,0.22755710780620575,0.16048787534236908
2657,0.22755493223667145,0.16048622131347656
2658,0.22755275666713715,0.16048456728458405
2659,0.22755058109760284,0.16048289835453033
2660,0.22754840552806854,0.16048122942447662
2661,0.22754627466201782,0.1604795604944229
2662,0.22754408419132233,0.1604779064655304
2663,0.2275419384241104,0.1604762226343155
2664,0.2275397926568985,0.16047459840774536
2665,0.2275376170873642,0.16047292947769165
2666,0.22753547132015228,0.16047127544879913
2667,0.22753334045410156,0.16046962141990662
2668,0.22753116488456726,0.1604679673910141
2669,0.22752903401851654,0.16046631336212158
2670,0.22752688825130463,0.16046465933322906
2671,0.2275247573852539,0.16046302020549774
2672,0.2275225967168808,0.16046135127544403
2673,0.22752046585083008,0.1604597121477127
2674,0.22751830518245697,0.16045807301998138
2675,0.22751618921756744,0.16045644879341125
2676,0.22751404345035553,0.16045477986335754
2677,0.22751189768314362,0.16045314073562622
2678,0.2275097668170929,0.1604515016078949
2679,0.22750765085220337,0.16044987738132477
2680,0.22750553488731384,0.16044823825359344
2681,0.22750338912010193,0.16044658422470093
2682,0.2275012582540512,0.1604449599981308
2683,0.22749914228916168,0.16044333577156067
2684,0.22749702632427216,0.16044169664382935
2685,0.22749492526054382,0.16044007241725922
2686,0.2274927943944931,0.1604384332895279
2687,0.22749067842960358,0.16043680906295776
2688,0.22748856246471405,0.16043518483638763
2689,0.22748646140098572,0.1604335755109787
2690,0.2274843156337738,0.16043195128440857
2691,0.22748222947120667,0.16043034195899963
2692,0.22748012840747833,0.1604287028312683
2693,0.22747802734375,0.16042709350585938
2694,0.22747591137886047,0.16042546927928925
2695,0.22747381031513214,0.1604238599538803
2696,0.22747169435024261,0.16042225062847137
2697,0.22746962308883667,0.16042062640190125
2698,0.22746752202510834,0.16041900217533112
2699,0.22746542096138,0.16041739284992218
2700,0.22746331989765167,0.16041578352451324
2701,0.22746124863624573,0.1604142040014267
2702,0.2274591326713562,0.16041257977485657
2703,0.22745709121227264,0.16041097044944763
2704,0.2274549901485443,0.1604093760251999
2705,0.22745288908481598,0.16040776669979095
2706,0.22745080292224884,0.1604061722755432
2707,0.22744868695735931,0.16040456295013428
2708,0.22744663059711456,0.16040296852588654
2709,0.2274445742368698,0.1604013741016388
2710,0.22744248807430267,0.16039977967739105
2711,0.22744041681289673,0.16039817035198212
2712,0.2274383306503296,0.16039659082889557
2713,0.22743625938892365,0.16039498150348663
2714,0.2274342030286789,0.16039340198040009
2715,0.22743211686611176,0.16039180755615234
2716,0.2274300754070282,0.1603902131319046
2717,0.22742801904678345,0.16038863360881805
2718,0.2274259328842163,0.1603870540857315
2719,0.22742389142513275,0.16038547456264496
2720,0.2274218201637268,0.16038388013839722
2721,0.22741976380348206,0.16038230061531067
2722,0.2274176925420761,0.16038072109222412
2723,0.22741565108299255,0.16037915647029877
2724,0.2274135947227478,0.16037757694721222
2725,0.22741155326366425,0.16037599742412567
2726,0.2274095118045807,0.16037441790103912
2727,0.22740745544433594,0.16037283837795258
2728,0.2274053990840912,0.16037127375602722
2729,0.22740337252616882,0.16036969423294067
2730,0.22740131616592407,0.1603681445121765
2731,0.2273992896080017,0.16036655008792877
2732,0.22739723324775696,0.1603650003671646
2733,0.2273951917886734,0.16036345064640045
2734,0.22739315032958984,0.1603618562221527
2735,0.22739115357398987,0.16036030650138855
2736,0.2273891121149063,0.1603587418794632
2737,0.22738707065582275,0.16035717725753784
2738,0.22738505899906158,0.1603555977344513
2739,0.22738301753997803,0.16035406291484833
2740,0.22738097608089447,0.16035249829292297
2741,0.2273789644241333,0.16035093367099762
2742,0.22737693786621094,0.16034938395023346
2743,0.22737491130828857,0.1603478342294693
2744,0.2273728996515274,0.16034629940986633
2745,0.22737088799476624,0.16034471988677979
2746,0.22736884653568268,0.16034318506717682
2747,0.2273668646812439,0.16034165024757385
2748,0.22736482322216034,0.1603401005268097
2749,0.22736282646656036,0.16033853590488434
2750,0.2273608148097992,0.16033698618412018
2751,0.22735881805419922,0.1603354513645172
2752,0.22735682129859924,0.16033391654491425
2753,0.22735480964183807,0.16033239662647247
2754,0.2273527979850769,0.1603308469057083
2755,0.22735080122947693,0.16032931208610535
2756,0.22734881937503815,0.16032777726650238
2757,0.22734680771827698,0.16032621264457703
2758,0.227344810962677,0.16032469272613525
2759,0.22734279930591583,0.1603231579065323
2760,0.22734083235263824,0.16032163798809052
2761,0.22733885049819946,0.16032010316848755
2762,0.2273368388414383,0.16031856834888458
2763,0.2273348569869995,0.1603170484304428
2764,0.22733287513256073,0.16031551361083984
2765,0.22733089327812195,0.16031399369239807
2766,0.22732891142368317,0.1603124737739563
2767,0.22732692956924438,0.16031093895435333
2768,0.2273249477148056,0.16030941903591156
2769,0.22732296586036682,0.16030791401863098
2770,0.22732096910476685,0.16030637919902802
2771,0.22731901705265045,0.16030488908290863
2772,0.22731705009937286,0.16030333936214447
2773,0.22731506824493408,0.16030184924602509
2774,0.2273131012916565,0.1603003293275833
2775,0.2273111194372177,0.16029880940914154
2776,0.22730915248394012,0.16029728949069977
2777,0.22730720043182373,0.16029579937458038
2778,0.22730521857738495,0.1602942794561386
2779,0.22730325162410736,0.16029275953769684
2780,0.22730131447315216,0.16029126942157745
2781,0.22729934751987457,0.16028976440429688
2782,0.22729739546775818,0.1602882593870163
2783,0.2272954136133194,0.1602867692708969
2784,0.2272934764623642,0.16028524935245514
2785,0.2272915244102478,0.16028375923633575
2786,0.2272895872592926,0.16028225421905518
2787,0.2272876352071762,0.1602807641029358
2788,0.22728568315505981,0.1602792590856552
2789,0.22728374600410461,0.16027776896953583
2790,0.22728179395198822,0.16027627885341644
2791,0.22727985680103302,0.16027478873729706
2792,0.22727790474891663,0.16027326881885529
2793,0.22727596759796143,0.1602717787027359
2794,0.22727401554584503,0.1602703034877777
2795,0.22727209329605103,0.16026881337165833
2796,0.22727017104625702,0.16026733815670013
2797,0.22726821899414062,0.16026584804058075
2798,0.22726629674434662,0.16026437282562256
2799,0.22726435959339142,0.16026288270950317
2800,0.2272624373435974,0.16026140749454498
2801,0.2272605150938034,0.1602599173784256
2802,0.2272585928440094,0.1602584272623062
2803,0.2272566556930542,0.16025695204734802
2804,0.2272547483444214,0.16025546193122864
2805,0.22725282609462738,0.16025400161743164
2806,0.22725090384483337,0.16025254130363464
2807,0.22724896669387817,0.16025105118751526
2808,0.22724705934524536,0.16024960577487946
2809,0.22724513709545135,0.16024811565876007
2810,0.22724322974681854,0.16024664044380188
2811,0.22724132239818573,0.1602451652288437
2812,0.22723940014839172,0.1602437049150467
2813,0.2272375226020813,0.1602422446012497
2814,0.2272356003522873,0.1602407842874527
2815,0.22723369300365448,0.1602393239736557
2816,0.22723178565502167,0.1602378487586975
2817,0.22722987830638885,0.1602363884449005
2818,0.22722798585891724,0.1602349430322647
2819,0.22722607851028442,0.16023346781730652
2820,0.2272241711616516,0.16023200750350952
2821,0.2272222936153412,0.16023054718971252
2822,0.22722040116786957,0.16022910177707672
2823,0.22721850872039795,0.16022765636444092
2824,0.22721663117408752,0.16022621095180511
2825,0.2272147238254547,0.16022475063800812
2826,0.2272128313779831,0.16022329032421112
2827,0.22721095383167267,0.16022184491157532
2828,0.22720907628536224,0.16022039949893951
2829,0.22720718383789062,0.16021893918514252
2830,0.2272052764892578,0.1602174937725067
2831,0.22720341384410858,0.1602160483598709
2832,0.22720153629779816,0.1602146029472351
2833,0.22719967365264893,0.1602131724357605
2834,0.2271977812051773,0.1602117270231247
2835,0.2271958887577057,0.16021029651165009
2836,0.22719402611255646,0.1602088361978531
2837,0.22719214856624603,0.16020740568637848
2838,0.227190300822258,0.16020597517490387
2839,0.22718843817710876,0.16020452976226807
2840,0.22718654572963715,0.16020309925079346
2841,0.2271846979856491,0.16020166873931885
2842,0.2271828055381775,0.16020025312900543
2843,0.22718095779418945,0.16019880771636963
2844,0.22717911005020142,0.16019737720489502
2845,0.227177232503891,0.1601959466934204
2846,0.22717538475990295,0.160194531083107
2847,0.22717353701591492,0.1601930856704712
2848,0.22717168927192688,0.16019167006015778
2849,0.22716981172561646,0.16019023954868317
2850,0.22716796398162842,0.16018880903720856
2851,0.22716611623764038,0.16018740832805634
2852,0.22716426849365234,0.16018599271774292
2853,0.2271624058485031,0.1601845622062683
2854,0.22716057300567627,0.1601831614971161
2855,0.22715869545936584,0.16018173098564148
2856,0.227156862616539,0.16018030047416687
2857,0.22715502977371216,0.16017891466617584
2858,0.2271532118320465,0.16017748415470123
2859,0.22715137898921967,0.16017606854438782
2860,0.22714953124523163,0.1601746529340744
2861,0.2271476686000824,0.160173237323761
2862,0.22714586555957794,0.16017185151576996
2863,0.2271440178155899,0.16017043590545654
2864,0.22714218497276306,0.16016903519630432
2865,0.22714035212993622,0.1601676195859909
2866,0.22713853418827057,0.1601662039756775
2867,0.22713670134544373,0.16016480326652527
2868,0.22713488340377808,0.16016341745853424
2869,0.22713305056095123,0.16016200184822083
2870,0.22713123261928558,0.1601606160402298
2871,0.22712939977645874,0.16015921533107758
2872,0.2271275669336319,0.16015781462192535
2873,0.22712573409080505,0.16015642881393433
2874,0.2271239459514618,0.1601550281047821
2875,0.22712212800979614,0.16015364229679108
2876,0.2271203249692917,0.16015222668647766
2877,0.22711850702762604,0.16015084087848663
2878,0.22711670398712158,0.1601494699716568
2879,0.22711488604545593,0.16014805436134338
2880,0.22711306810379028,0.16014668345451355
2881,0.22711126506328583,0.16014529764652252
2882,0.22710947692394257,0.1601439118385315
2883,0.22710765898227692,0.16014251112937927
2884,0.22710587084293365,0.16014112532138824
2885,0.227104052901268,0.1601397544145584
2886,0.22710226476192474,0.16013838350772858
2887,0.2271004468202591,0.16013699769973755
2888,0.22709865868091583,0.16013561189174652
2889,0.22709688544273376,0.1601342260837555
2890,0.22709506750106812,0.16013287007808685
2891,0.22709327936172485,0.16013148427009583
2892,0.2270914912223816,0.160130113363266
2893,0.22708970308303833,0.16012872755527496
2894,0.22708791494369507,0.16012735664844513
2895,0.227086141705513,0.1601259857416153
2896,0.22708435356616974,0.16012461483478546
2897,0.22708258032798767,0.16012324392795563
2898,0.22708076238632202,0.160121887922287
2899,0.22707898914813995,0.16012050211429596
2900,0.22707721590995789,0.16011914610862732
2901,0.22707542777061462,0.16011779010295868
2902,0.22707366943359375,0.16011640429496765
2903,0.2270718812942505,0.160115048289299
2904,0.22707012295722961,0.16011369228363037
2905,0.22706833481788635,0.16011235117912292
2906,0.22706657648086548,0.1601109653711319
2907,0.2270648032426834,0.16010962426662445
2908,0.22706303000450134,0.16010825335979462
2909,0.22706127166748047,0.16010691225528717
2910,0.2270595133304596,0.16010554134845734
2911,0.22705774009227753,0.1601041853427887
2912,0.22705598175525665,0.16010284423828125
2913,0.22705420851707458,0.1601014882326126
2914,0.2270524650812149,0.16010014712810516
2915,0.22705070674419403,0.16009880602359772
2916,0.22704894840717316,0.16009743511676788
2917,0.22704719007015228,0.16009609401226044
2918,0.2270454466342926,0.160094752907753
2919,0.22704368829727173,0.16009339690208435
2920,0.22704192996025085,0.1600920557975769
2921,0.22704017162322998,0.16009069979190826
2922,0.2270384281873703,0.160089373588562
2923,0.22703666985034943,0.16008804738521576
2924,0.22703492641448975,0.1600867062807083
2925,0.22703319787979126,0.16008536517620087
2926,0.22703148424625397,0.16008402407169342
2927,0.2270296812057495,0.16008268296718597
2928,0.22702796757221222,0.16008132696151733
2929,0.22702623903751373,0.1600799858570099
2930,0.22702449560165405,0.16007865965366364
2931,0.22702273726463318,0.16007734835147858
2932,0.2270210087299347,0.16007600724697113
2933,0.2270193099975586,0.16007468104362488
2934,0.2270175814628601,0.16007335484027863
2935,0.22701583802700043,0.16007201373577118
2936,0.22701410949230194,0.16007070243358612
2937,0.22701236605644226,0.16006936132907867
2938,0.22701065242290497,0.16006803512573242
2939,0.22700893878936768,0.16006670892238617
2940,0.2270071804523468,0.1600653976202011
2941,0.2270054668188095,0.16006405651569366
2942,0.22700375318527222,0.1600627601146698
2943,0.22700202465057373,0.16006143391132355
2944,0.22700031101703644,0.1600601077079773
2945,0.22699859738349915,0.16005879640579224
2946,0.22699688374996185,0.16005748510360718
2947,0.22699517011642456,0.16005617380142212
2948,0.22699344158172607,0.16005486249923706
2949,0.22699172794818878,0.1600535362958908
2950,0.22699002921581268,0.16005222499370575
2951,0.22698833048343658,0.16005092859268188
2952,0.22698663175106049,0.16004960238933563
2953,0.2269849181175232,0.16004829108715057
2954,0.2269832193851471,0.16004697978496552
2955,0.2269815057516098,0.16004569828510284
2956,0.2269797921180725,0.16004438698291779
2957,0.2269781082868576,0.16004306077957153
2958,0.2269763946533203,0.16004177927970886
2959,0.2269746959209442,0.1600404679775238
2960,0.2269730418920517,0.16003915667533875
2961,0.2269713282585144,0.16003787517547607
2962,0.2269696444272995,0.16003654897212982
2963,0.2269679307937622,0.16003525257110596
2964,0.2269662469625473,0.1600339710712433
2965,0.2269645482301712,0.16003265976905823
2966,0.2269628494977951,0.16003137826919556
2967,0.2269611805677414,0.1600300818681717
2968,0.2269594967365265,0.16002877056598663
2969,0.22695781290531158,0.16002748906612396
2970,0.2269560992717743,0.1600261926651001
2971,0.22695444524288177,0.16002491116523743
2972,0.22695276141166687,0.16002361476421356
2973,0.22695107758045197,0.1600223332643509
2974,0.22694940865039825,0.16002103686332703
2975,0.22694770991802216,0.16001977026462555
2976,0.22694605588912964,0.1600184589624405
2977,0.22694438695907593,0.160017192363739
2978,0.22694271802902222,0.16001592576503754
2979,0.2269410341978073,0.16001462936401367
2980,0.2269393503665924,0.1600133329629898
2981,0.22693771123886108,0.16001206636428833
2982,0.22693604230880737,0.16001078486442566
2983,0.22693435847759247,0.160009503364563
2984,0.22693267464637756,0.1600082367658615
2985,0.22693103551864624,0.16000694036483765
2986,0.22692938148975372,0.16000567376613617
2987,0.2269277125597,0.1600044071674347
2988,0.2269260436296463,0.16000312566757202
2989,0.22692440450191498,0.16000185906887054
2990,0.22692273557186127,0.16000059247016907
2991,0.22692108154296875,0.1599993109703064
2992,0.22691944241523743,0.15999804437160492
2993,0.2269177883863449,0.15999677777290344
2994,0.2269161194562912,0.15999549627304077
2995,0.22691446542739868,0.1599942445755005
2996,0.22691282629966736,0.1599929928779602
2997,0.22691115736961365,0.15999172627925873
2998,0.2269095480442047,0.15999044477939606
2999,0.226907879114151,0.15998917818069458
3000,0.22690623998641968,0.1599879264831543
3001,0.22690460085868835,0.159986674785614
3002,0.22690296173095703,0.15998540818691254
3003,0.2269013226032257,0.15998417139053345
3004,0.22689968347549438,0.15998288989067078
3005,0.22689804434776306,0.1599816381931305
3006,0.22689640522003174,0.1599803864955902
3007,0.22689476609230042,0.15997914969921112
3008,0.22689315676689148,0.15997788310050964
3009,0.22689151763916016,0.15997664630413055
3010,0.22688987851142883,0.15997536480426788
3011,0.2268882393836975,0.1599741280078888
3012,0.22688663005828857,0.1599728912115097
3013,0.22688499093055725,0.15997162461280823
3014,0.22688336670398712,0.15997038781642914
3015,0.22688175737857819,0.15996913611888885
3016,0.22688011825084686,0.15996788442134857
3017,0.22687849402427673,0.15996666252613068
3018,0.22687691450119019,0.1599654108285904
3019,0.22687526047229767,0.1599641740322113
3020,0.22687365114688873,0.15996293723583221
3021,0.2268720269203186,0.15996168553829193
3022,0.22687041759490967,0.15996046364307404
3023,0.22686880826950073,0.15995921194553375
3024,0.2268671989440918,0.15995797514915466
3025,0.22686557471752167,0.15995675325393677
3026,0.22686398029327393,0.15995550155639648
3027,0.226862370967865,0.1599542647600174
3028,0.22686074674129486,0.1599530428647995
3029,0.22685915231704712,0.1599518060684204
3030,0.22685754299163818,0.15995056927204132
3031,0.22685593366622925,0.15994933247566223
3032,0.2268543243408203,0.15994809567928314
3033,0.22685274481773376,0.15994690358638763
3034,0.22685112059116364,0.15994566679000854
3035,0.2268495112657547,0.15994442999362946
3036,0.22684794664382935,0.15994320809841156
3037,0.2268463522195816,0.15994198620319366
3038,0.22684474289417267,0.15994074940681458
3039,0.22684314846992493,0.15993955731391907
3040,0.226841539144516,0.15993832051753998
3041,0.22683997452259064,0.1599370837211609
3042,0.2268383800983429,0.1599358767271042
3043,0.22683677077293396,0.1599346399307251
3044,0.2268352061510086,0.1599334478378296
3045,0.22683362662792206,0.1599322259426117
3046,0.22683203220367432,0.1599310040473938
3047,0.22683043777942657,0.1599297821521759
3048,0.22682885825634003,0.1599285900592804
3049,0.22682727873325348,0.1599273681640625
3050,0.22682569921016693,0.1599261462688446
3051,0.2268241047859192,0.1599249541759491
3052,0.22682255506515503,0.1599237471818924
3053,0.22682099044322968,0.1599225252866745
3054,0.22681938111782074,0.1599213033914566
3055,0.22681781649589539,0.1599201112985611
3056,0.22681625187397003,0.1599189043045044
3057,0.22681468725204468,0.1599177122116089
3058,0.22681312263011932,0.159916490316391
3059,0.22681154310703278,0.1599152833223343
3060,0.22680996358394623,0.15991409122943878
3061,0.22680839896202087,0.15991288423538208
3062,0.22680683434009552,0.15991169214248657
3063,0.22680526971817017,0.15991050004959106
3064,0.2268037050962448,0.15990930795669556
3065,0.22680214047431946,0.15990810096263885
3066,0.2268005758523941,0.15990689396858215
3067,0.22679902613162994,0.15990571677684784
3068,0.2267974615097046,0.15990450978279114
3069,0.22679592669010162,0.15990331768989563
3070,0.22679436206817627,0.15990212559700012
3071,0.22679279744625092,0.15990093350410461
3072,0.22679124772548676,0.1598997414112091
3073,0.2267896980047226,0.1598985642194748
3074,0.22678813338279724,0.1598973572254181
3075,0.22678659856319427,0.15989618003368378
3076,0.22678504884243011,0.15989497303962708
3077,0.22678349912166595,0.15989381074905396
3078,0.226781964302063,0.15989263355731964
3079,0.22678039968013763,0.15989144146442413
3080,0.22677886486053467,0.15989024937152863
3081,0.2267773300409317,0.1598890870809555
3082,0.22677578032016754,0.15988789498806
3083,0.22677426040172577,0.15988671779632568
3084,0.2267727106809616,0.15988551080226898
3085,0.22677116096019745,0.15988434851169586
3086,0.22676964104175568,0.15988318622112274
3087,0.22676809132099152,0.15988199412822723
3088,0.22676658630371094,0.15988081693649292
3089,0.22676503658294678,0.1598796546459198
3090,0.2267635017633438,0.1598784625530243
3091,0.22676196694374084,0.15987730026245117
3092,0.22676044702529907,0.15987613797187805
3093,0.2267589122056961,0.15987494587898254
3094,0.22675734758377075,0.15987378358840942
3095,0.22675587236881256,0.1598726212978363
3096,0.2267543226480484,0.159871444106102
3097,0.22675281763076782,0.15987026691436768
3098,0.22675128281116486,0.15986911952495575
3099,0.22674976289272308,0.15986794233322144
3100,0.2267482578754425,0.1598667949438095
3101,0.22674673795700073,0.1598656326532364
3102,0.22674521803855896,0.15986445546150208
3103,0.2267436981201172,0.15986329317092896
3104,0.22674217820167542,0.15986213088035583
3105,0.22674068808555603,0.15986096858978271
3106,0.22673915326595306,0.1598598212003708
3107,0.2267376333475113,0.15985867381095886
3108,0.2267361283302307,0.15985749661922455
3109,0.22673462331295013,0.15985634922981262
3110,0.22673313319683075,0.1598551869392395
3111,0.22673159837722778,0.15985403954982758
3112,0.2267301231622696,0.15985287725925446
3113,0.22672858834266663,0.15985171496868134
3114,0.22672709822654724,0.1598505824804306
3115,0.22672557830810547,0.15984942018985748
3116,0.22672408819198608,0.15984828770160675
3117,0.2267225980758667,0.15984712541103363
3118,0.22672109305858612,0.1598459631204605
3119,0.22671958804130554,0.15984481573104858
3120,0.22671809792518616,0.15984369814395905
3121,0.22671659290790558,0.15984255075454712
3122,0.22671513259410858,0.1598414033651352
3123,0.2267136126756668,0.15984024107456207
3124,0.22671213746070862,0.15983909368515015
3125,0.22671061754226685,0.1598379760980606
3126,0.22670917212963104,0.15983682870864868
3127,0.22670765221118927,0.15983568131923676
3128,0.22670616209506989,0.15983454883098602
3129,0.2267046719789505,0.1598334163427353
3130,0.2267032265663147,0.15983226895332336
3131,0.22670172154903412,0.15983112156391144
3132,0.22670024633407593,0.1598299890756607
3133,0.22669875621795654,0.15982885658740997
3134,0.22669726610183716,0.15982772409915924
3135,0.22669582068920135,0.1598265916109085
3136,0.22669431567192078,0.15982545912265778
3137,0.22669285535812378,0.15982434153556824
3138,0.2266913652420044,0.1598232090473175
3139,0.226689875125885,0.15982207655906677
3140,0.2266884297132492,0.15982094407081604
3141,0.22668695449829102,0.1598198115825653
3142,0.22668546438217163,0.15981867909431458
3143,0.22668401896953583,0.15981756150722504
3144,0.22668252885341644,0.1598164290189743
3145,0.22668105363845825,0.15981531143188477
3146,0.22667960822582245,0.15981417894363403
3147,0.22667811810970306,0.1598130613565445
3148,0.22667667269706726,0.15981194376945496
3149,0.22667521238327026,0.15981082618236542
3150,0.22667375206947327,0.15980970859527588
3151,0.22667229175567627,0.15980857610702515
3152,0.22667083144187927,0.1598074585199356
3153,0.22666937112808228,0.15980635583400726
3154,0.22666792571544647,0.15980522334575653
3155,0.22666645050048828,0.15980413556098938
3156,0.22666500508785248,0.15980300307273865
3157,0.22666354477405548,0.1598018854856491
3158,0.22666209936141968,0.15980078279972076
3159,0.22666065394878387,0.15979966521263123
3160,0.22665920853614807,0.1597985476255417
3161,0.22665774822235107,0.15979744493961334
3162,0.22665628790855408,0.1597963273525238
3163,0.22665485739707947,0.15979522466659546
3164,0.22665339708328247,0.1597941368818283
3165,0.22665195167064667,0.15979300439357758
3166,0.22665052115917206,0.15979191660881042
3167,0.22664907574653625,0.15979081392288208
3168,0.22664764523506165,0.15978968143463135
3169,0.22664619982242584,0.1597885936498642
3170,0.22664476931095123,0.15978749096393585
3171,0.22664330899715424,0.1597864031791687
3172,0.22664186358451843,0.15978528559207916
3173,0.22664043307304382,0.159784197807312
3174,0.2266390025615692,0.15978309512138367
3175,0.2266375720500946,0.15978200733661652
3176,0.2266361266374588,0.15978088974952698
3177,0.22663471102714539,0.15977980196475983
3178,0.22663329541683197,0.15977869927883148
3179,0.22663185000419617,0.15977761149406433
3180,0.22663041949272156,0.15977652370929718
3181,0.22662898898124695,0.15977542102336884
3182,0.22662757337093353,0.1597743183374405
3183,0.22662612795829773,0.15977324545383453
3184,0.22662471234798431,0.15977217257022858
3185,0.2266232818365097,0.15977105498313904
3186,0.22662189602851868,0.15976998209953308
3187,0.22662046551704407,0.15976887941360474
3188,0.22661903500556946,0.15976780652999878
3189,0.22661761939525604,0.15976673364639282
3190,0.22661618888378143,0.15976563096046448
3191,0.2266148030757904,0.15976454317569733
3192,0.226613387465477,0.15976345539093018
3193,0.22661195695400238,0.15976238250732422
3194,0.22661052644252777,0.15976130962371826
3195,0.22660914063453674,0.1597602218389511
3196,0.22660771012306213,0.15975913405418396
3197,0.2266063243150711,0.1597580760717392
3198,0.22660492360591888,0.15975697338581085
3199,0.22660350799560547,0.1597559005022049
3200,0.22660209238529205,0.15975482761859894
3201,0.22660069167613983,0.1597537398338318
3202,0.22659927606582642,0.15975266695022583
3203,0.22659790515899658,0.15975159406661987
3204,0.22659648954868317,0.15975052118301392
3205,0.22659507393836975,0.15974944829940796
3206,0.22659367322921753,0.1597483903169632
3207,0.2265922725200653,0.15974731743335724
3208,0.2265908569097519,0.15974624454975128
3209,0.22658948600292206,0.15974518656730652
3210,0.22658810019493103,0.15974409878253937
3211,0.2265866994857788,0.1597430258989334
3212,0.2265852987766266,0.15974196791648865
3213,0.22658389806747437,0.15974090993404388
3214,0.22658252716064453,0.15973985195159912
3215,0.22658111155033112,0.15973876416683197
3216,0.22657974064350128,0.159737691283226
3217,0.22657835483551025,0.15973663330078125
3218,0.22657695412635803,0.15973559021949768
3219,0.2265755832195282,0.15973451733589172
3220,0.22657419741153717,0.15973345935344696
3221,0.22657281160354614,0.1597324162721634
3222,0.22657142579555511,0.15973132848739624
3223,0.22657005488872528,0.15973030030727386
3224,0.22656868398189545,0.1597292274236679
3225,0.22656726837158203,0.15972816944122314
3226,0.2265658974647522,0.15972712635993958
3227,0.22656452655792236,0.1597260683774948
3228,0.22656315565109253,0.15972501039505005
3229,0.2265617698431015,0.15972395241260529
3230,0.22656039893627167,0.15972290933132172
3231,0.22655902802944183,0.15972186625003815
3232,0.2265576422214508,0.15972080826759338
3233,0.22655628621578217,0.15971975028514862
3234,0.22655491530895233,0.15971870720386505
3235,0.2265535295009613,0.15971766412258148
3236,0.22655215859413147,0.15971660614013672
3237,0.22655080258846283,0.15971556305885315
3238,0.2265494465827942,0.15971451997756958
3239,0.22654807567596436,0.159713476896286
3240,0.22654670476913452,0.15971243381500244
3241,0.22654534876346588,0.15971137583255768
3242,0.22654399275779724,0.1597103476524353
3243,0.2265426218509674,0.15970928966999054
3244,0.22654126584529877,0.15970827639102936
3245,0.22653990983963013,0.15970724821090698
3246,0.2265385389328003,0.15970619022846222
3247,0.22653721272945404,0.15970514714717865
3248,0.2265358418226242,0.15970410406589508
3249,0.22653448581695557,0.1597030758857727
3250,0.22653312981128693,0.15970203280448914
3251,0.22653178870677948,0.15970100462436676
3252,0.22653041779994965,0.15969997644424438
3253,0.226529061794281,0.159698948264122
3254,0.22652775049209595,0.15969792008399963
3255,0.2265263795852661,0.15969686210155487
3256,0.22652503848075867,0.1596958339214325
3257,0.22652369737625122,0.15969480574131012
3258,0.2265223264694214,0.15969379246234894
3259,0.22652100026607513,0.15969276428222656
3260,0.2265196591615677,0.159691721200943
3261,0.22651833295822144,0.15969069302082062
3262,0.2265169471502304,0.15968967974185944
3263,0.22651562094688416,0.15968865156173706
3264,0.2265142798423767,0.15968762338161469
3265,0.22651295363903046,0.1596865952014923
3266,0.2265116274356842,0.15968558192253113
3267,0.22651025652885437,0.15968456864356995
3268,0.2265089452266693,0.15968352556228638
3269,0.22650760412216187,0.1596825271844864
3270,0.2265062779188156,0.159681499004364
3271,0.22650493681430817,0.15968047082424164
3272,0.2265036404132843,0.15967947244644165
3273,0.22650228440761566,0.15967844426631927
3274,0.2265009731054306,0.1596774309873581
3275,0.22649963200092316,0.1596764177083969
3276,0.2264983057975769,0.15967538952827454
3277,0.22649697959423065,0.15967437624931335
3278,0.2264956682920456,0.15967337787151337
3279,0.22649432718753815,0.15967236459255219
3280,0.2264930158853531,0.1596713364124298
3281,0.22649167478084564,0.15967033803462982
3282,0.22649036347866058,0.15966930985450745
3283,0.22648902237415314,0.15966832637786865
3284,0.22648772597312927,0.15966729819774628
3285,0.22648639976978302,0.1596662849187851
3286,0.22648510336875916,0.1596652865409851
3287,0.2264837622642517,0.15966428816318512
3288,0.22648246586322784,0.15966327488422394
3289,0.22648115456104279,0.15966227650642395
3290,0.22647982835769653,0.15966127812862396
3291,0.22647851705551147,0.15966026484966278
3292,0.22647720575332642,0.1596592664718628
3293,0.22647590935230255,0.1596582531929016
3294,0.2264745831489563,0.15965726971626282
3295,0.22647327184677124,0.15965625643730164
3296,0.22647199034690857,0.15965525805950165
3297,0.2264706790447235,0.15965425968170166
3298,0.22646938264369965,0.15965327620506287
3299,0.2264680713415146,0.15965226292610168
3300,0.22646674513816833,0.1596512645483017
3301,0.22646544873714447,0.1596502661705017
3302,0.2264641523361206,0.15964926779270172
3303,0.22646285593509674,0.15964829921722412
3304,0.22646155953407288,0.15964728593826294
3305,0.226460263133049,0.15964630246162415
3306,0.22645896673202515,0.15964530408382416
3307,0.22645768523216248,0.15964430570602417
3308,0.22645637392997742,0.15964333713054657
3309,0.22645507752895355,0.15964233875274658
3310,0.2264537811279297,0.1596413552761078
3311,0.22645249962806702,0.159640371799469
3312,0.22645118832588196,0.159639373421669
3313,0.22644992172718048,0.1596383899450302
3314,0.22644862532615662,0.1596374213695526
3315,0.22644732892513275,0.15963642299175262
3316,0.22644606232643127,0.15963543951511383
3317,0.2264447808265686,0.15963445603847504
3318,0.22644348442554474,0.15963345766067505
3319,0.22644218802452087,0.15963248908519745
3320,0.2264409214258194,0.15963152050971985
3321,0.22643962502479553,0.15963052213191986
3322,0.22643837332725525,0.15962955355644226
3323,0.22643707692623138,0.15962857007980347
3324,0.2264358103275299,0.15962760150432587
3325,0.22643451392650604,0.15962660312652588
3326,0.22643326222896576,0.15962564945220947
3327,0.2264319658279419,0.15962466597557068
3328,0.22643069922924042,0.15962368249893188
3329,0.22642941772937775,0.15962272882461548
3330,0.22642815113067627,0.1596217304468155
3331,0.2264268696308136,0.1596207618713379
3332,0.22642558813095093,0.1596197932958603
3333,0.22642433643341064,0.1596188247203827
3334,0.22642306983470917,0.1596178412437439
3335,0.2264217734336853,0.1596168726682663
3336,0.22642052173614502,0.1596159040927887
3337,0.22641925513744354,0.1596149504184723
3338,0.22641800343990326,0.1596139818429947
3339,0.22641673684120178,0.1596130132675171
3340,0.2264154851436615,0.15961205959320068
3341,0.22641420364379883,0.1596110612154007
3342,0.22641296684741974,0.1596101075410843
3343,0.22641167044639587,0.15960915386676788
3344,0.2264104038476944,0.15960818529129028
3345,0.2264091521501541,0.15960721671581268
3346,0.22640788555145264,0.15960626304149628
3347,0.22640666365623474,0.15960530936717987
3348,0.22640536725521088,0.15960435569286346
3349,0.2264041304588318,0.15960338711738586
3350,0.2264028936624527,0.15960241854190826
3351,0.22640162706375122,0.15960146486759186
3352,0.22640037536621094,0.15960051119327545
3353,0.22639912366867065,0.15959955751895905
3354,0.22639785706996918,0.15959860384464264
3355,0.22639663517475128,0.15959765017032623
3356,0.226395383477211,0.15959669649600983
3357,0.22639411687850952,0.15959574282169342
3358,0.22639286518096924,0.15959478914737701
3359,0.22639164328575134,0.1595938354730606
3360,0.22639037668704987,0.1595928817987442
3361,0.22638915479183197,0.1595919281244278
3362,0.2263879030942917,0.1595909744501114
3363,0.2263866662979126,0.15959003567695618
3364,0.22638541460037231,0.15958909690380096
3365,0.22638416290283203,0.15958814322948456
3366,0.22638294100761414,0.15958718955516815
3367,0.22638168931007385,0.15958623588085175
3368,0.22638046741485596,0.15958529710769653
3369,0.22637924551963806,0.15958434343338013
3370,0.22637797892093658,0.15958340466022491
3371,0.2263767570257187,0.1595824807882309
3372,0.2263755351305008,0.15958154201507568
3373,0.2263742983341217,0.15958058834075928
3374,0.22637306153774261,0.15957963466644287
3375,0.22637183964252472,0.15957869589328766
3376,0.22637061774730682,0.15957775712013245
3377,0.22636938095092773,0.15957683324813843
3378,0.22636815905570984,0.15957587957382202
3379,0.22636692225933075,0.159574955701828
3380,0.22636570036411285,0.1595740169286728
3381,0.22636447846889496,0.15957306325435638
3382,0.22636325657367706,0.15957213938236237
3383,0.22636201977729797,0.15957120060920715
3384,0.22636081278324127,0.15957027673721313
3385,0.22635959088802338,0.15956935286521912
3386,0.2263583540916443,0.1595683991909027
3387,0.22635716199874878,0.1595674753189087
3388,0.2263559103012085,0.15956653654575348
3389,0.226354718208313,0.15956561267375946
3390,0.2263534963130951,0.15956468880176544
3391,0.2263522744178772,0.15956375002861023
3392,0.2263510525226593,0.15956281125545502
3393,0.2263498306274414,0.1595619022846222
3394,0.2263486087322235,0.15956097841262817
3395,0.2263474017381668,0.15956003963947296
3396,0.2263462096452713,0.15955913066864014
3397,0.2263449877500534,0.15955819189548492
3398,0.2263437807559967,0.1595572680234909
3399,0.2263425886631012,0.15955635905265808
3400,0.2263413667678833,0.15955543518066406
3401,0.2263401597738266,0.15955449640750885
3402,0.2263389527797699,0.15955360233783722
3403,0.2263377606868744,0.1595526486635208
3404,0.2263365536928177,0.159551739692688
3405,0.2263353317975998,0.15955083072185516
3406,0.22633415460586548,0.15954990684986115
3407,0.22633294761180878,0.15954898297786713
3408,0.22633175551891327,0.1595480740070343
3409,0.22633053362369537,0.15954716503620148
3410,0.22632934153079987,0.15954624116420746
3411,0.22632814943790436,0.15954533219337463
3412,0.22632694244384766,0.15954440832138062
3413,0.22632573544979095,0.15954351425170898
3414,0.22632455825805664,0.15954257547855377
3415,0.22632335126399994,0.15954166650772095
3416,0.22632215917110443,0.15954075753688812
3417,0.2263209968805313,0.1595398634672165
3418,0.2263197898864746,0.15953893959522247
3419,0.2263185828924179,0.15953801572322845
3420,0.2263174057006836,0.15953713655471802
3421,0.22631622850894928,0.1595362275838852
3422,0.22631502151489258,0.15953531861305237
3423,0.22631385922431946,0.15953439474105835
3424,0.22631265223026276,0.15953350067138672
3425,0.22631147503852844,0.1595326066017151
3426,0.22631029784679413,0.15953168272972107
3427,0.22630910575389862,0.15953077375888824
3428,0.2263079285621643,0.1595298945903778
3429,0.2263067215681076,0.15952898561954498
3430,0.22630555927753448,0.15952807664871216
3431,0.22630438208580017,0.15952718257904053
3432,0.22630318999290466,0.1595262736082077
3433,0.22630199790000916,0.15952537953853607
3434,0.22630083560943604,0.15952450037002563
3435,0.22629967331886292,0.15952357649803162
3436,0.2262985110282898,0.15952269732952118
3437,0.2262973040342331,0.15952178835868835
3438,0.22629614174365997,0.15952089428901672
3439,0.22629497945308685,0.1595200151205063
3440,0.22629378736019135,0.15951909124851227
3441,0.22629262506961823,0.15951821208000183
3442,0.2262914627790451,0.1595173180103302
3443,0.2262902855873108,0.15951642394065857
3444,0.22628909349441528,0.15951554477214813
3445,0.22628793120384216,0.1595146358013153
3446,0.22628676891326904,0.15951375663280487
3447,0.2262856364250183,0.15951286256313324
3448,0.226284459233284,0.1595119684934616
3449,0.22628329694271088,0.15951107442378998
3450,0.22628213465213776,0.15951019525527954
3451,0.22628095746040344,0.1595093011856079
3452,0.22627979516983032,0.15950842201709747
3453,0.2262786477804184,0.15950754284858704
3454,0.22627748548984528,0.1595066636800766
3455,0.22627632319927216,0.15950576961040497
3456,0.22627516090869904,0.15950489044189453
3457,0.2262740135192871,0.1595040112733841
3458,0.226272851228714,0.15950311720371246
3459,0.22627170383930206,0.15950223803520203
3460,0.22627054154872894,0.1595013588666916
3461,0.22626937925815582,0.15950047969818115
3462,0.2262682318687439,0.15949958562850952
3463,0.22626708447933197,0.15949870645999908
3464,0.22626595199108124,0.15949782729148865
3465,0.2262648046016693,0.1594969630241394
3466,0.2262636423110962,0.15949609875679016
3467,0.22626248002052307,0.15949521958827972
3468,0.22626133263111115,0.1594943255186081
3469,0.2262602001428604,0.15949344635009766
3470,0.2262590378522873,0.1594925820827484
3471,0.22625789046287537,0.15949171781539917
3472,0.22625677287578583,0.15949083864688873
3473,0.2262556105852127,0.1594899743795395
3474,0.22625447809696198,0.15948909521102905
3475,0.22625333070755005,0.15948821604251862
3476,0.22625219821929932,0.15948733687400818
3477,0.22625106573104858,0.15948648750782013
3478,0.22624991834163666,0.1594856083393097
3479,0.22624875605106354,0.15948474407196045
3480,0.2262476533651352,0.1594838798046112
3481,0.22624650597572327,0.15948298573493958
3482,0.22624538838863373,0.15948213636875153
3483,0.2262442409992218,0.1594812572002411
3484,0.22624309360980988,0.15948040783405304
3485,0.22624197602272034,0.1594795286655426
3486,0.2262408435344696,0.15947867929935455
3487,0.22623969614505768,0.1594778150320053
3488,0.22623857855796814,0.15947695076465607
3489,0.2262374460697174,0.15947610139846802
3490,0.22623629868030548,0.15947523713111877
3491,0.22623519599437714,0.15947437286376953
3492,0.2262340486049652,0.1594735085964203
3493,0.22623293101787567,0.15947265923023224
3494,0.22623179852962494,0.159471794962883
3495,0.2262306809425354,0.15947094559669495
3496,0.22622954845428467,0.1594700813293457
3497,0.22622844576835632,0.15946921706199646
3498,0.2262272983789444,0.1594683676958084
3499,0.22622619569301605,0.15946751832962036
3500,0.2262250930070877,0.15946665406227112
3501,0.22622394561767578,0.15946580469608307
3502,0.22622284293174744,0.15946495532989502
3503,0.2262217104434967,0.15946409106254578
3504,0.22622060775756836,0.15946324169635773
3505,0.22621950507164001,0.15946239233016968
3506,0.22621837258338928,0.15946155786514282
3507,0.22621725499629974,0.15946070849895477
3508,0.2262161374092102,0.15945985913276672
3509,0.22621501982212067,0.15945900976657867
3510,0.22621391713619232,0.15945816040039062
3511,0.22621279954910278,0.15945729613304138
3512,0.22621169686317444,0.15945646166801453
3513,0.2262105941772461,0.15945561230182648
3514,0.22620946168899536,0.15945476293563843
3515,0.2262083888053894,0.15945392847061157
3516,0.22620724141597748,0.15945307910442352
3517,0.22620615363121033,0.15945222973823547
3518,0.22620506584644318,0.15945139527320862
3519,0.22620396316051483,0.15945056080818176
3520,0.2262028455734253,0.15944969654083252
3521,0.22620174288749695,0.15944887697696686
3522,0.2262006402015686,0.1594480276107788
3523,0.22619955241680145,0.15944719314575195
3524,0.2261984497308731,0.1594463437795639
3525,0.22619736194610596,0.15944550931453705
3526,0.22619624435901642,0.1594446748495102
3527,0.22619514167308807,0.15944384038448334
3528,0.22619403898715973,0.15944300591945648
3529,0.22619295120239258,0.15944215655326843
3530,0.22619186341762543,0.15944130718708038
3531,0.22619076073169708,0.15944050252437592
3532,0.22618967294692993,0.15943965315818787
3533,0.2261885702610016,0.159438818693161
3534,0.22618748247623444,0.15943799912929535
3535,0.22618639469146729,0.1594371795654297
3536,0.22618530690670013,0.15943633019924164
3537,0.2261841893196106,0.15943549573421478
3538,0.22618311643600464,0.15943467617034912
3539,0.2261820286512375,0.15943384170532227
3540,0.22618095576763153,0.1594330072402954
3541,0.22617985308170319,0.15943215787410736
3542,0.22617878019809723,0.1594313532114029
3543,0.22617767751216888,0.15943051874637604
3544,0.22617658972740173,0.15942968428134918
3545,0.22617550194263458,0.15942887961864471
3546,0.22617442905902863,0.15942806005477905
3547,0.22617334127426147,0.1594272255897522
3548,0.22617225348949432,0.15942639112472534
3549,0.22617119550704956,0.1594255566596985
3550,0.2261701226234436,0.15942475199699402
3551,0.22616904973983765,0.15942393243312836
3552,0.2261679470539093,0.1594230979681015
3553,0.22616687417030334,0.15942229330539703
3554,0.22616581618785858,0.15942145884037018
3555,0.22616474330425262,0.1594206541776657
3556,0.22616364061832428,0.15941983461380005
3557,0.22616258263587952,0.15941902995109558
3558,0.22616149485111237,0.15941819548606873
3559,0.2261604368686676,0.15941736102104187
3560,0.22615936398506165,0.1594165563583374
3561,0.2261582911014557,0.15941573679447174
3562,0.22615723311901093,0.15941493213176727
3563,0.22615616023540497,0.1594141125679016
3564,0.226155087351799,0.15941330790519714
3565,0.22615402936935425,0.15941248834133148
3566,0.2261529564857483,0.15941168367862701
3567,0.22615188360214233,0.15941084921360016
3568,0.22615081071853638,0.15941005945205688
3569,0.2261497527360916,0.15940923988819122
3570,0.22614867985248566,0.15940843522548676
3571,0.22614765167236328,0.1594076156616211
3572,0.22614654898643494,0.15940679609775543
3573,0.22614552080631256,0.15940599143505096
3574,0.2261444479227066,0.1594051718711853
3575,0.22614337503910065,0.15940439701080322
3576,0.22614231705665588,0.15940359234809875
3577,0.22614125907421112,0.1594027727842331
3578,0.22614021599292755,0.15940196812152863
3579,0.2261391580104828,0.15940116345882416
3580,0.22613810002803802,0.1594003587961197
3581,0.22613704204559326,0.15939956903457642
3582,0.2261359989643097,0.15939874947071075
3583,0.22613495588302612,0.1593979448080063
3584,0.22613388299942017,0.15939714014530182
3585,0.2261328250169754,0.15939635038375854
3586,0.22613178193569183,0.15939553081989288
3587,0.22613073885440826,0.1593947410583496
3588,0.2261296808719635,0.15939395129680634
3589,0.22612863779067993,0.15939314663410187
3590,0.22612757980823517,0.1593923419713974
3591,0.2261265516281128,0.15939153730869293
3592,0.22612549364566803,0.15939076244831085
3593,0.22612446546554565,0.15938995778560638
3594,0.2261233925819397,0.15938915312290192
3595,0.22612236440181732,0.15938836336135864
3596,0.22612130641937256,0.15938757359981537
3597,0.22612027823925018,0.1593867689371109
3598,0.2261192351579666,0.15938597917556763
3599,0.22611820697784424,0.15938518941402435
3600,0.22611713409423828,0.15938438475131989
3601,0.2261161059141159,0.1593835949897766
3602,0.22611507773399353,0.15938282012939453
3603,0.22611401975154877,0.15938203036785126
3604,0.2261129766702652,0.1593812257051468
3605,0.22611194849014282,0.1593804508447647
3606,0.22611092031002045,0.15937964618206024
3607,0.22610989212989807,0.15937887132167816
3608,0.2261088341474533,0.1593780815601349
3609,0.22610782086849213,0.1593772917985916
3610,0.22610679268836975,0.15937651693820953
3611,0.22610574960708618,0.15937572717666626
3612,0.226104736328125,0.15937493741512299
3613,0.22610369324684143,0.1593741625547409
3614,0.22610267996788025,0.15937337279319763
3615,0.22610165178775787,0.15937259793281555
3616,0.2261006236076355,0.15937179327011108
3617,0.22609958052635193,0.159371018409729
3618,0.22609855234622955,0.15937024354934692
3619,0.22609752416610718,0.15936946868896484
3620,0.2260964959859848,0.15936867892742157
3621,0.22609549760818481,0.1593679040670395
3622,0.22609443962574005,0.15936711430549622
3623,0.22609344124794006,0.15936633944511414
3624,0.2260924130678177,0.15936556458473206
3625,0.2260913848876953,0.15936477482318878
3626,0.22609037160873413,0.1593640148639679
3627,0.22608935832977295,0.15936324000358582
3628,0.22608833014965057,0.15936245024204254
3629,0.2260873168706894,0.15936167538166046
3630,0.22608628869056702,0.15936090052127838
3631,0.22608527541160583,0.1593601405620575
3632,0.22608424723148346,0.15935936570167542
3633,0.22608326375484467,0.15935859084129333
3634,0.22608225047588348,0.15935781598091125
3635,0.2260812371969223,0.15935705602169037
3636,0.22608020901679993,0.1593562811613083
3637,0.22607921063899994,0.1593555212020874
3638,0.22607818245887756,0.15935474634170532
3639,0.22607719898223877,0.15935395658016205
3640,0.2260761708021164,0.15935319662094116
3641,0.2260751724243164,0.15935242176055908
3642,0.22607415914535522,0.1593516618013382
3643,0.22607314586639404,0.15935088694095612
3644,0.22607211768627167,0.15935014188289642
3645,0.22607114911079407,0.15934936702251434
3646,0.22607013583183289,0.15934859216213226
3647,0.2260691076517105,0.15934783220291138
3648,0.22606810927391052,0.1593470722436905
3649,0.22606712579727173,0.1593463122844696
3650,0.22606611251831055,0.15934553742408752
3651,0.22606514394283295,0.15934477746486664
3652,0.22606411576271057,0.15934401750564575
3653,0.2260631024837494,0.15934325754642487
3654,0.2260620892047882,0.15934251248836517
3655,0.2260611206293106,0.1593417376279831
3656,0.22606010735034943,0.1593409776687622
3657,0.22605910897254944,0.15934021770954132
3658,0.22605812549591064,0.15933945775032043
3659,0.22605712711811066,0.15933869779109955
3660,0.22605614364147186,0.15933796763420105
3661,0.22605514526367188,0.15933717787265778
3662,0.2260541468858719,0.15933643281459808
3663,0.2260531634092331,0.1593356877565384
3664,0.2260521650314331,0.1593349277973175
3665,0.2260511815547943,0.1593341827392578
3666,0.22605018317699432,0.15933342278003693
3667,0.22604919970035553,0.15933266282081604
3668,0.22604820132255554,0.15933190286159515
3669,0.22604721784591675,0.15933115780353546
3670,0.22604621946811676,0.15933039784431458
3671,0.22604522109031677,0.15932966768741608
3672,0.22604425251483917,0.15932892262935638
3673,0.22604326903820038,0.1593281626701355
3674,0.22604228556156158,0.1593274027109146
3675,0.2260413020849228,0.15932665765285492
3676,0.2260403037071228,0.15932591259479523
3677,0.226039320230484,0.15932518243789673
3678,0.2260383665561676,0.15932442247867584
3679,0.22603736817836761,0.15932366251945496
3680,0.22603636980056763,0.15932293236255646
3681,0.22603540122509003,0.15932217240333557
3682,0.22603443264961243,0.15932144224643707
3683,0.22603343427181244,0.15932069718837738
3684,0.22603246569633484,0.1593199521303177
3685,0.22603149712085724,0.159319207072258
3686,0.22603052854537964,0.1593184620141983
3687,0.22602954506874084,0.1593177169561386
3688,0.22602857649326324,0.1593169867992401
3689,0.22602760791778564,0.15931624174118042
3690,0.22602660953998566,0.15931549668312073
3691,0.22602565586566925,0.15931475162506104
3692,0.22602467238903046,0.15931402146816254
3693,0.22602371871471405,0.15931327641010284
3694,0.22602273523807526,0.15931254625320435
3695,0.22602176666259766,0.15931180119514465
3696,0.22602076828479767,0.15931108593940735
3697,0.22601984441280365,0.15931032598018646
3698,0.22601886093616486,0.15930959582328796
3699,0.22601790726184845,0.15930885076522827
3700,0.22601692378520966,0.15930813550949097
3701,0.22601597011089325,0.15930739045143127
3702,0.22601501643657684,0.15930666029453278
3703,0.22601404786109924,0.15930593013763428
3704,0.22601306438446045,0.15930518507957458
3705,0.22601211071014404,0.15930448472499847
3706,0.22601115703582764,0.15930373966693878
3707,0.22601017355918884,0.1593029946088791
3708,0.22600921988487244,0.1593022644519806
3709,0.22600826621055603,0.1593015491962433
3710,0.22600731253623962,0.1593008190393448
3711,0.22600635886192322,0.15930010378360748
3712,0.2260054051876068,0.1592993587255478
3713,0.22600440680980682,0.1592986136674881
3714,0.2260034680366516,0.159297913312912
3715,0.2260025143623352,0.1592971682548523
3716,0.2260015606880188,0.159296452999115
3717,0.2260006070137024,0.1592957228422165
3718,0.225999653339386,0.159294992685318
3719,0.22599869966506958,0.1592942625284195
3720,0.22599774599075317,0.15929356217384338
3721,0.22599679231643677,0.1592928171157837
3722,0.22599586844444275,0.1592921018600464
3723,0.22599491477012634,0.1592913717031479
3724,0.22599396109580994,0.15929065644741058
3725,0.22599300742149353,0.15928992629051208
3726,0.22599205374717712,0.15928922593593597
3727,0.2259911149740219,0.15928849577903748
3728,0.2259901762008667,0.15928776562213898
3729,0.2259892225265503,0.15928706526756287
3730,0.2259882688522339,0.15928633511066437
3731,0.22598734498023987,0.15928561985492706
3732,0.22598640620708466,0.15928490459918976
3733,0.22598545253276825,0.15928418934345245
3734,0.22598449885845184,0.15928345918655396
3735,0.22598354518413544,0.15928275883197784
3736,0.22598260641098022,0.15928204357624054
3737,0.225981667637825,0.15928132832050323
3738,0.2259807139635086,0.15928059816360474
3739,0.22597980499267578,0.15927989780902863
3740,0.22597885131835938,0.15927918255329132
3741,0.22597789764404297,0.15927846729755402
3742,0.22597698867321014,0.1592777520418167
3743,0.22597604990005493,0.1592770516872406
3744,0.22597511112689972,0.1592763215303421
3745,0.2259741574525833,0.159275621175766
3746,0.2259732484817505,0.15927492082118988
3747,0.22597229480743408,0.15927420556545258
3748,0.22597137093544006,0.15927350521087646
3749,0.22597044706344604,0.15927278995513916
3750,0.22596950829029083,0.15927208960056305
3751,0.22596858441829681,0.15927137434482574
3752,0.2259676605463028,0.15927067399024963
3753,0.22596672177314758,0.15926997363567352
3754,0.22596578299999237,0.15926925837993622
3755,0.22596484422683716,0.1592685580253601
3756,0.22596393525600433,0.1592678427696228
3757,0.22596299648284912,0.1592671424150467
3758,0.2259620875120163,0.15926644206047058
3759,0.22596114873886108,0.15926572680473328
3760,0.22596023976802826,0.15926504135131836
3761,0.22595931589603424,0.15926434099674225
3762,0.22595840692520142,0.15926364064216614
3763,0.225957453250885,0.15926294028759003
3764,0.225956529378891,0.15926223993301392
3765,0.22595562040805817,0.1592615246772766
3766,0.22595471143722534,0.1592608392238617
3767,0.22595378756523132,0.15926013886928558
3768,0.2259528785943985,0.15925943851470947
3769,0.22595195472240448,0.15925873816013336
3770,0.22595101594924927,0.15925805270671844
3771,0.22595010697841644,0.15925733745098114
3772,0.2259492129087448,0.15925665199756622
3773,0.2259482890367508,0.1592559516429901
3774,0.22594736516475677,0.159255251288414
3775,0.22594647109508514,0.15925456583499908
3776,0.22594553232192993,0.15925386548042297
3777,0.2259446382522583,0.15925318002700806
3778,0.22594371438026428,0.15925247967243195
3779,0.22594280540943146,0.15925177931785583
3780,0.22594188153743744,0.1592511087656021
3781,0.22594097256660461,0.1592503935098648
3782,0.2259400486946106,0.15924972295761108
3783,0.22593913972377777,0.15924902260303497
3784,0.22593824565410614,0.15924833714962006
3785,0.2259373515844345,0.15924765169620514
3786,0.2259364277124405,0.15924695134162903
3787,0.22593551874160767,0.1592462658882141
3788,0.22593462467193604,0.159245565533638
3789,0.2259337306022644,0.15924489498138428
3790,0.22593280673027039,0.15924417972564697
3791,0.22593189775943756,0.15924350917339325
3792,0.22593098878860474,0.15924283862113953
3793,0.2259300947189331,0.15924213826656342
3794,0.22592918574810028,0.1592414677143097
3795,0.22592830657958984,0.15924078226089478
3796,0.22592739760875702,0.15924008190631866
3797,0.2259264886379242,0.15923941135406494
3798,0.22592559456825256,0.15923872590065002
3799,0.22592468559741974,0.1592380553483963
3800,0.2259238064289093,0.15923736989498138
3801,0.22592291235923767,0.15923669934272766
3802,0.22592201828956604,0.15923598408699036
3803,0.22592109441757202,0.15923531353473663
3804,0.2259202003479004,0.1592346429824829
3805,0.22591930627822876,0.159233957529068
3806,0.22591842710971832,0.15923328697681427
3807,0.22591754794120789,0.15923260152339935
3808,0.22591663897037506,0.15923193097114563
3809,0.22591572999954224,0.1592312604188919
3810,0.2259148359298706,0.15923058986663818
3811,0.22591395676136017,0.15922988951206207
3812,0.22591309249401093,0.15922921895980835
3813,0.2259121686220169,0.15922853350639343
3814,0.22591128945350647,0.1592278629541397
3815,0.22591039538383484,0.159227192401886
3816,0.2259095162153244,0.15922653675079346
3817,0.22590862214565277,0.15922585129737854
3818,0.22590774297714233,0.15922518074512482
3819,0.2259068489074707,0.1592245101928711
3820,0.22590596973896027,0.15922383964061737
3821,0.22590509057044983,0.15922316908836365
3822,0.2259042114019394,0.15922249853610992
3823,0.22590331733226776,0.1592218279838562
3824,0.22590243816375732,0.15922115743160248
3825,0.2259015440940857,0.15922048687934875
3826,0.22590069472789764,0.15921981632709503
3827,0.2258998155593872,0.1592191457748413
3828,0.22589892148971558,0.15921849012374878
3829,0.22589804232120514,0.15921781957149506
3830,0.2258971631526947,0.15921713411808014
3831,0.22589626908302307,0.1592164933681488
3832,0.22589538991451263,0.15921582281589508
3833,0.2258945256471634,0.15921515226364136
3834,0.22589363157749176,0.15921448171138763
3835,0.2258927971124649,0.1592138111591339
3836,0.22589188814163208,0.15921315550804138
3837,0.22589103877544403,0.15921249985694885
3838,0.2258901596069336,0.15921182930469513
3839,0.22588928043842316,0.1592111736536026
3840,0.22588840126991272,0.15921051800251007
3841,0.22588752210140228,0.15920984745025635
3842,0.22588667273521423,0.15920917689800262
3843,0.2258857935667038,0.1592085212469101
3844,0.22588492929935455,0.15920788049697876
3845,0.22588405013084412,0.15920720994472504
3846,0.22588318586349487,0.1592065691947937
3847,0.22588232159614563,0.15920588374137878
3848,0.2258814424276352,0.15920522809028625
3849,0.22588057816028595,0.15920458734035492
3850,0.2258797287940979,0.1592039167881012
3851,0.22587884962558746,0.15920326113700867
3852,0.22587798535823822,0.15920260548591614
3853,0.22587713599205017,0.1592019647359848
3854,0.22587625682353973,0.15920127928256989
3855,0.2258753925561905,0.15920063853263855
3856,0.22587451338768005,0.15919999778270721
3857,0.225873664021492,0.15919934213161469
3858,0.22587279975414276,0.15919868648052216
3859,0.22587192058563232,0.15919803082942963
3860,0.22587108612060547,0.1591973900794983
3861,0.2258702516555786,0.15919673442840576
3862,0.22586937248706818,0.15919607877731323
3863,0.22586850821971893,0.1591954082250595
3864,0.22586765885353088,0.15919476747512817
3865,0.22586680948734283,0.15919412672519684
3866,0.22586596012115479,0.15919345617294312
3867,0.22586508095264435,0.15919283032417297
3868,0.2258642613887787,0.15919218957424164
3869,0.22586338222026825,0.15919151902198792
3870,0.225862517952919,0.15919087827205658
3871,0.22586166858673096,0.15919025242328644
3872,0.2258608192205429,0.15918958187103271
3873,0.22585998475551605,0.15918894112110138
3874,0.22585910558700562,0.15918830037117004
3875,0.22585827112197876,0.1591876596212387
3876,0.2258574366569519,0.15918700397014618
3877,0.22585655748844147,0.15918636322021484
3878,0.22585570812225342,0.1591857224702835
3879,0.22585487365722656,0.15918509662151337
3880,0.2258540391921997,0.15918444097042084
3881,0.22585318982601166,0.1591838002204895
3882,0.22585231065750122,0.15918314456939697
3883,0.22585147619247437,0.15918251872062683
3884,0.2258506417274475,0.1591818779706955
3885,0.22584980726242065,0.15918123722076416
3886,0.2258489578962326,0.15918058156967163
3887,0.22584812343120575,0.1591799557209015
3888,0.2258472591638565,0.15917930006980896
3889,0.22584642469882965,0.15917865931987762
3890,0.2258455902338028,0.15917804837226868
3891,0.22584472596645355,0.15917740762233734
3892,0.2258438915014267,0.1591767519712448
3893,0.22584308683872223,0.15917614102363586
3894,0.2258422076702118,0.15917550027370453
3895,0.22584138810634613,0.159174844622612
3896,0.22584056854248047,0.15917423367500305
3897,0.22583970427513123,0.15917357802391052
3898,0.22583888471126556,0.15917295217514038
3899,0.22583803534507751,0.15917232632637024
3900,0.22583718597888947,0.1591716855764389
3901,0.2258363664150238,0.15917107462882996
3902,0.22583554685115814,0.15917043387889862
3903,0.2258346974849701,0.15916979312896729
3904,0.22583389282226562,0.15916916728019714
3905,0.22583302855491638,0.1591685265302658
3906,0.22583220899105072,0.15916790068149567
3907,0.22583137452602386,0.15916727483272552
3908,0.225830540060997,0.1591666340827942
3909,0.22582969069480896,0.15916602313518524
3910,0.2258288711309433,0.1591653823852539
3911,0.22582805156707764,0.15916474163532257
3912,0.22582721710205078,0.15916413068771362
3913,0.22582639753818512,0.15916350483894348
3914,0.22582556307315826,0.15916287899017334
3915,0.2258247435092926,0.159162238240242
3916,0.22582392394542694,0.15916164219379425
3917,0.22582310438156128,0.15916100144386292
3918,0.22582225501537323,0.15916036069393158
3919,0.22582145035266876,0.15915974974632263
3920,0.2258206158876419,0.1591591238975525
3921,0.22581981122493744,0.15915849804878235
3922,0.22581897675991058,0.1591578722000122
3923,0.22581815719604492,0.15915726125240326
3924,0.22581733763217926,0.15915663540363312
3925,0.2258165031671524,0.15915602445602417
3926,0.22581569850444794,0.15915538370609283
3927,0.22581487894058228,0.15915478765964508
3928,0.2258140593767166,0.15915414690971375
3929,0.22581325471401215,0.1591535359621048
3930,0.22581243515014648,0.15915291011333466
3931,0.22581160068511963,0.1591523140668869
3932,0.22581078112125397,0.15915167331695557
3933,0.2258099764585495,0.15915104746818542
3934,0.22580915689468384,0.15915043652057648
3935,0.22580833733081818,0.15914984047412872
3936,0.2258075326681137,0.15914922952651978
3937,0.22580671310424805,0.15914858877658844
3938,0.22580589354038239,0.1591479629278183
3939,0.22580508887767792,0.15914736688137054
3940,0.22580428421497345,0.1591467559337616
3941,0.22580349445343018,0.15914613008499146
3942,0.2258026897907257,0.1591455340385437
3943,0.22580185532569885,0.15914489328861237
3944,0.2258010357618332,0.1591442972421646
3945,0.22580023109912872,0.15914370119571686
3946,0.22579942643642426,0.15914307534694672
3947,0.2257986217737198,0.15914246439933777
3948,0.22579780220985413,0.15914183855056763
3949,0.22579699754714966,0.15914125740528107
3950,0.22579620778560638,0.15914061665534973
3951,0.22579538822174072,0.15914002060890198
3952,0.22579458355903625,0.15913942456245422
3953,0.2257937788963318,0.15913879871368408
3954,0.22579295933246613,0.15913818776607513
3955,0.22579218447208405,0.15913759171962738
3956,0.22579137980937958,0.15913698077201843
3957,0.22579056024551392,0.15913638472557068
3958,0.22578980028629303,0.15913575887680054
3959,0.22578898072242737,0.15913516283035278
3960,0.2257881909608841,0.15913455188274384
3961,0.22578738629817963,0.1591339409351349
3962,0.22578656673431396,0.15913334488868713
3963,0.22578579187393188,0.15913274884223938
3964,0.22578498721122742,0.15913212299346924
3965,0.22578416764736176,0.15913154184818268
3966,0.22578339278697968,0.15913094580173492
3967,0.2257825881242752,0.15913031995296478
3968,0.22578178346157074,0.15912972390651703
3969,0.22578100860118866,0.15912912786006927
3970,0.22578021883964539,0.15912853181362152
3971,0.22577941417694092,0.15912793576717377
3972,0.22577862441539764,0.15912732481956482
3973,0.22577781975269318,0.15912672877311707
3974,0.2257770150899887,0.15912611782550812
3975,0.22577625513076782,0.15912552177906036
3976,0.22577545046806335,0.1591249406337738
3977,0.2257746458053589,0.15912434458732605
3978,0.2257738709449768,0.1591237187385559
3979,0.22577308118343353,0.15912313759326935
3980,0.22577229142189026,0.1591225415468216
3981,0.22577150166034698,0.15912193059921265
3982,0.2257707267999649,0.1591213345527649
3983,0.22576993703842163,0.15912073850631714
3984,0.22576913237571716,0.15912015736103058
3985,0.22576835751533508,0.15911954641342163
3986,0.22576755285263062,0.15911896526813507
3987,0.22576679289340973,0.15911836922168732
3988,0.22576600313186646,0.15911777317523956
3989,0.22576522827148438,0.1591172069311142
3990,0.2257644236087799,0.15911658108234406
3991,0.22576366364955902,0.1591159999370575
3992,0.22576285898685455,0.15911540389060974
3993,0.22576209902763367,0.15911482274532318
3994,0.2257612943649292,0.15911424160003662
3995,0.2257605344057083,0.15911363065242767
3996,0.22575975954532623,0.1591130495071411
3997,0.22575896978378296,0.15911245346069336
3998,0.22575819492340088,0.1591118723154068
3999,0.2257574051618576,0.15911127626895905
4000,0.22575664520263672,0.15911071002483368
