file_name,color,cut_name,freshness_index,time_hours,time_days,sample_num,mode,loading,point_index,deformation,stress_pa,modified_z,is_outlier,predicted_stress_pa,split,train_variant
red1-2.xls,red,new york strip steak,1,0,0.0,2,uniaxial,compression,0,0.9784637,421.269,-0.6745,False,-105.522216796875,train,shear_only
red1-3.xls,red,new york strip steak,1,0,0.0,3,uniaxial,compression,0,0.9782,460.145,0.0,False,-106.870361328125,train,shear_only
red1-4.xls,red,new york strip steak,1,0,0.0,4,uniaxial,compression,0,0.9783143,581.204,2.100378009568886,False,-106.2860107421875,train,shear_only
red1-5.xls,red,new york strip steak,1,0,0.0,5,uniaxial,compression,0,0.9781364,453.94,-0.10765697345405885,False,-107.1956787109375,test,shear_only
red1-1.xls,red,new york strip steak,1,0,0.0,1,uniaxial,tension,0,1.0264786,1037.08,1.5549073688541708,False,120.9847412109375,train,shear_only
red1-2.xls,red,new york strip steak,1,0,0.0,2,uniaxial,tension,0,1.0262007,498.869,-0.6745,False,119.7459716796875,train,shear_only
red1-3.xls,red,new york strip steak,1,0,0.0,3,uniaxial,tension,0,1.0265202,661.703,0.0,False,121.170166015625,train,shear_only
red1-4.xls,red,new york strip steak,1,0,0.0,4,uniaxial,tension,0,1.0264493,826.788,0.683824216686933,False,120.85400390625,train,shear_only
red1-5.xls,red,new york strip steak,1,0,0.0,5,uniaxial,tension,0,1.0264784,604.604,-0.2365186355429454,False,120.983642578125,test,shear_only
red1-1.xls,red,new york strip steak,1,0,0.0,1,uniaxial,compression,1,0.9578364,1120.56,2.485324135132395,False,-216.3695068359375,train,shear_only
red1-2.xls,red,new york strip steak,1,0,0.0,2,uniaxial,compression,1,0.9580454,517.415,-1.2667053639776082,False,-215.1846923828125,train,shear_only
red1-3.xls,red,new york strip steak,1,0,0.0,3,uniaxial,compression,1,0.9581652,721.04,0.0,False,-214.506103515625,train,shear_only
red1-4.xls,red,new york strip steak,1,0,0.0,4,uniaxial,compression,1,0.9577714,804.007,0.5161190616728308,False,-216.738037109375,train,shear_only
red1-5.xls,red,new york strip steak,1,0,0.0,5,uniaxial,compression,1,0.9581091,612.613,-0.6745000000000001,False,-214.8240966796875,test,shear_only
red1-1.xls,red,new york strip steak,1,0,0.0,1,uniaxial,tension,1,1.0519206,227.126,0.0,False,233.1004638671875,train,shear_only
red1-2.xls,red,new york strip steak,1,0,0.0,2,uniaxial,tension,1,1.0512714,183.268,-0.6798166379409397,False,230.2532958984375,train,shear_only
red1-3.xls,red,new york strip steak,1,0,0.0,3,uniaxial,tension,1,1.0515477,220.07,-0.10937083764219249,False,231.464599609375,train,shear_only
red1-4.xls,red,new york strip steak,1,0,0.0,4,uniaxial,tension,1,1.0518901,375.823,2.304863300011489,False,232.9664306640625,train,shear_only
red1-5.xls,red,new york strip steak,1,0,0.0,5,uniaxial,tension,1,1.0514789,270.641,0.6745,False,231.162841796875,test,shear_only
red1-1.xls,red,new york strip steak,1,0,0.0,1,uniaxial,compression,2,0.9383182,1234.08,1.5576574232505438,False,-333.9466552734375,train,shear_only
red1-2.xls,red,new york strip steak,1,0,0.0,2,uniaxial,compression,2,0.9381454,583.557,-1.0047130852200723,False,-335.055908203125,train,shear_only
red1-3.xls,red,new york strip steak,1,0,0.0,3,uniaxial,compression,2,0.9373652,838.629,0.0,False,-340.080810546875,train,shear_only
red1-4.xls,red,new york strip steak,1,0,0.0,4,uniaxial,compression,2,0.9379153,892.143,0.21078838932719768,False,-336.534912109375,train,shear_only
red1-5.xls,red,new york strip steak,1,0,0.0,5,uniaxial,compression,2,0.9382091,667.39,-0.6745,False,-334.6470947265625,test,shear_only
red1-1.xls,red,new york strip steak,1,0,0.0,1,uniaxial,tension,2,1.0765692,41.2528,0.3062500961502674,False,341.876708984375,train,shear_only
red1-2.xls,red,new york strip steak,1,0,0.0,2,uniaxial,tension,2,1.0768515,-6.3611,-1.6859571138791358,False,343.1365966796875,train,shear_only
red1-4.xls,red,new york strip steak,1,0,0.0,4,uniaxial,tension,2,1.0770167,50.054,0.6745,False,343.87451171875,train,shear_only
red1-5.xls,red,new york strip steak,1,0,0.0,5,uniaxial,tension,2,1.0771047,33.9334,0.0,False,344.267333984375,test,shear_only
red1-1.xls,red,new york strip steak,1,0,0.0,1,uniaxial,compression,3,0.9178545,1316.69,0.9081103092396453,False,-475.576171875,train,shear_only
red1-2.xls,red,new york strip steak,1,0,0.0,2,uniaxial,compression,3,0.9180727,649.686,-0.9686618762957987,False,-473.94482421875,train,shear_only
red1-3.xls,red,new york strip steak,1,0,0.0,3,uniaxial,compression,3,0.9174348,993.948,0.0,False,-478.721923828125,train,shear_only
red1-4.xls,red,new york strip steak,1,0,0.0,4,uniaxial,compression,3,0.9173781,1020.2,0.073866158845639,False,-479.147705078125,train,shear_only
red1-5.xls,red,new york strip steak,1,0,0.0,5,uniaxial,compression,3,0.9177364,754.231,-0.6745,False,-476.46044921875,test,shear_only
red1-1.xls,red,new york strip steak,1,0,0.0,1,uniaxial,tension,3,1.102009,-138.758,-2.5214100635204493,False,457.8829345703125,train,shear_only
red1-2.xls,red,new york strip steak,1,0,0.0,2,uniaxial,tension,3,1.101758,-49.2085,0.6004022979000521,False,456.7086181640625,train,shear_only
red1-4.xls,red,new york strip steak,1,0,0.0,4,uniaxial,tension,3,1.101896,-66.4311,0.0,False,457.3541259765625,train,shear_only
red1-5.xls,red,new york strip steak,1,0,0.0,5,uniaxial,tension,3,1.102019,-47.083,0.6745,False,457.92919921875,test,shear_only
red1-1.xls,red,new york strip steak,1,0,0.0,1,uniaxial,compression,4,0.897824,1450.62,0.9385517225390642,False,-639.017578125,train,shear_only
red1-2.xls,red,new york strip steak,1,0,0.0,2,uniaxial,compression,4,0.898031,705.944,-1.002237299268945,False,-637.1748046875,train,shear_only
red1-3.xls,red,new york strip steak,1,0,0.0,3,uniaxial,compression,4,0.897078,1090.5,0.0,False,-645.68701171875,train,shear_only
red1-4.xls,red,new york strip steak,1,0,0.0,4,uniaxial,compression,4,0.897553,1127.9,0.09747260475108602,False,-641.4345703125,train,shear_only
red1-5.xls,red,new york strip steak,1,0,0.0,5,uniaxial,compression,4,0.897695,831.696,-0.6745,False,-640.1669921875,test,shear_only
red1-1.xls,red,new york strip steak,1,0,0.0,1,uniaxial,compression,5,0.87753,1548.62,0.6745,False,-838.9189453125,train,shear_only
red1-2.xls,red,new york strip steak,1,0,0.0,2,uniaxial,compression,5,0.87776,824.037,-1.0760327321895489,False,-836.414794921875,train,shear_only
red1-3.xls,red,new york strip steak,1,0,0.0,3,uniaxial,compression,5,0.877087,1269.43,0.0,False,-843.7587890625,train,shear_only
red1-4.xls,red,new york strip steak,1,0,0.0,4,uniaxial,compression,5,0.8773839999999999,1300.31,0.07460353164511599,False,-840.5111083984375,train,shear_only
red1-5.xls,red,new york strip steak,1,0,0.0,5,uniaxial,compression,5,0.877391,943.238,-0.7880529531860029,False,-840.434814453125,test,shear_only
red1-1.xls,red,new york strip steak,1,0,0.0,1,uniaxial,compression,6,0.857486,1723.52,0.684160781619947,False,-1083.5087890625,train,shear_only
red1-2.xls,red,new york strip steak,1,0,0.0,2,uniaxial,compression,6,0.857706,890.989,-0.9572474189588146,False,-1080.5048828125,train,shear_only
red1-3.xls,red,new york strip steak,1,0,0.0,3,uniaxial,compression,6,0.857037,1376.51,0.0,False,-1089.66357421875,train,shear_only
red1-4.xls,red,new york strip steak,1,0,0.0,4,uniaxial,compression,6,0.857111,1448.58,0.14209235333664602,False,-1088.64697265625,train,shear_only
red1-5.xls,red,new york strip steak,1,0,0.0,5,uniaxial,compression,6,0.857369,1034.4,-0.6745,False,-1085.109130859375,test,shear_only
red1-1.xls,red,new york strip steak,1,0,0.0,1,uniaxial,compression,7,0.837435,1858.71,0.6745,False,-1395.845458984375,train,shear_only
red1-2.xls,red,new york strip steak,1,0,0.0,2,uniaxial,compression,7,0.837643,1024.32,-1.4358005549514414,False,-1392.153076171875,train,shear_only
red1-3.xls,red,new york strip steak,1,0,0.0,3,uniaxial,compression,7,0.836631,1592.02,0.0,False,-1410.216552734375,train,shear_only
red1-4.xls,red,new york strip steak,1,0,0.0,4,uniaxial,compression,7,0.837376,1700.05,0.27322447410851536,False,-1396.89453125,train,shear_only
red1-5.xls,red,new york strip steak,1,0,0.0,5,uniaxial,compression,7,0.836917,1178.68,-1.0454003899658775,False,-1405.085205078125,test,shear_only
red1-1.xls,red,new york strip steak,1,0,0.0,1,uniaxial,compression,8,0.817503,2112.38,0.6745,False,-1809.9501953125,train,shear_only
red1-2.xls,red,new york strip steak,1,0,0.0,2,uniaxial,compression,8,0.817735,1225.39,-0.9493051107371618,False,-1804.3046875,train,shear_only
red1-3.xls,red,new york strip steak,1,0,0.0,3,uniaxial,compression,8,0.816577,1743.94,0.0,False,-1832.710693359375,train,shear_only
red1-4.xls,red,new york strip steak,1,0,0.0,4,uniaxial,compression,8,0.817138,1920.86,0.32388595157963274,False,-1818.87548828125,train,shear_only
red1-5.xls,red,new york strip steak,1,0,0.0,5,uniaxial,compression,8,0.817373,1298.76,-0.814987270654652,False,-1813.123779296875,test,shear_only
red2-1.xls,red,new york strip steak,2,24,1.0,1,uniaxial,compression,0,0.9782566,636.331,-0.2634104968756048,False,-101.114501953125,train,shear_only
red2-2.xls,red,new york strip steak,2,24,1.0,2,uniaxial,compression,0,0.9783478,1016.59,1.0095990748415467,False,-100.672119140625,train,shear_only
red2-3.xls,red,new york strip steak,2,24,1.0,3,uniaxial,compression,0,0.9781181,1589.88,2.9288269100005455,False,-101.7867431640625,train,shear_only
red2-4.xls,red,new york strip steak,2,24,1.0,4,uniaxial,compression,0,0.977766,513.535,-0.6745,False,-103.4976806640625,train,shear_only
red2-5.xls,red,new york strip steak,2,24,1.0,5,uniaxial,compression,0,0.9783609,715.014,0.0,False,-100.6085205078125,test,shear_only
red2-1.xls,red,new york strip steak,2,24,1.0,1,uniaxial,tension,0,1.0263402,1404.96,0.6745,False,114.1944580078125,train,shear_only
red2-2.xls,red,new york strip steak,2,24,1.0,2,uniaxial,tension,0,1.0264539,1016.4,0.0,False,114.6746826171875,train,shear_only
red2-3.xls,red,new york strip steak,2,24,1.0,3,uniaxial,tension,0,1.0265551,1589.76,0.9952936998147003,False,115.1024169921875,train,shear_only
red2-4.xls,red,new york strip steak,2,24,1.0,4,uniaxial,tension,0,1.0265304,551.518,-0.8069871036648134,False,114.998291015625,train,shear_only
red2-5.xls,red,new york strip steak,2,24,1.0,5,uniaxial,tension,0,1.026326,716.014,-0.5214390493102736,False,114.134033203125,test,shear_only
red2-1.xls,red,new york strip steak,2,24,1.0,1,uniaxial,compression,1,0.95823,775.934,-0.2501038854174705,False,-203.156494140625,train,shear_only
red2-2.xls,red,new york strip steak,2,24,1.0,2,uniaxial,compression,1,0.9583304,1365.03,2.304251150710997,False,-202.6177978515625,train,shear_only
red2-4.xls,red,new york strip steak,2,24,1.0,4,uniaxial,compression,1,0.958014,678.058,-0.6745,False,-204.31689453125,train,shear_only
red2-5.xls,red,new york strip steak,2,24,1.0,5,uniaxial,compression,1,0.9579458,833.614,0.0,False,-204.6834716796875,test,shear_only
red2-2.xls,red,new york strip steak,2,24,1.0,2,uniaxial,tension,1,1.0515113,234.986,0.0,False,219.4415283203125,train,shear_only
red2-4.xls,red,new york strip steak,2,24,1.0,4,uniaxial,tension,1,1.0519018,217.599,-0.6745,False,221.06640625,train,shear_only
red2-5.xls,red,new york strip steak,2,24,1.0,5,uniaxial,tension,1,1.0518585,220.656,-0.5559087249094145,False,220.886474609375,test,shear_only
red2-1.xls,red,new york strip steak,2,24,1.0,1,uniaxial,compression,2,0.9382389,946.849,-0.00995652604386991,False,-317.301513671875,train,shear_only
red2-2.xls,red,new york strip steak,2,24,1.0,2,uniaxial,compression,2,0.9379565,1515.07,1.7148932255335234,False,-319.02294921875,train,shear_only
red2-4.xls,red,new york strip steak,2,24,1.0,4,uniaxial,compression,2,0.937706,727.927,-0.6745,False,-320.552734375,train,shear_only
red2-5.xls,red,new york strip steak,2,24,1.0,5,uniaxial,compression,2,0.9378936,950.129,0.0,False,-319.4066162109375,test,shear_only
red2-1.xls,red,new york strip steak,2,24,1.0,1,uniaxial,tension,2,1.077259,34.6838,0.0,False,327.263916015625,train,shear_only
red2-2.xls,red,new york strip steak,2,24,1.0,2,uniaxial,tension,2,1.0766603,-8.70034,-0.6745,False,324.7275390625,train,shear_only
red2-3.xls,red,new york strip steak,2,24,1.0,3,uniaxial,tension,2,1.0771678,74.3703,0.617012213449431,False,326.8773193359375,train,shear_only
red2-4.xls,red,new york strip steak,2,24,1.0,4,uniaxial,tension,2,1.0769129,-45.9337,-1.2533728627558367,False,325.797607421875,train,shear_only
red2-5.xls,red,new york strip steak,2,24,1.0,5,uniaxial,tension,2,1.0767902,78.7568,0.6852098140011533,False,325.27783203125,test,shear_only
red2-1.xls,red,new york strip steak,2,24,1.0,1,uniaxial,compression,3,0.9179115,1073.69,0.0,False,-450.7794189453125,train,shear_only
red2-2.xls,red,new york strip steak,2,24,1.0,2,uniaxial,compression,3,0.9180522,1688.05,1.8256168716737737,False,-449.781982421875,train,shear_only
red2-4.xls,red,new york strip steak,2,24,1.0,4,uniaxial,compression,3,0.917756,846.706,-0.6745,False,-451.883544921875,train,shear_only
red2-5.xls,red,new york strip steak,2,24,1.0,5,uniaxial,compression,3,0.9174394,1011.61,-0.18447538152468906,False,-454.135986328125,test,shear_only
red2-1.xls,red,new york strip steak,2,24,1.0,1,uniaxial,tension,3,1.102382,-210.833,0.0,False,436.054443359375,train,shear_only
red2-2.xls,red,new york strip steak,2,24,1.0,2,uniaxial,tension,3,1.102174,-218.287,-0.4096905964797921,False,435.131103515625,train,shear_only
red2-3.xls,red,new york strip steak,2,24,1.0,3,uniaxial,tension,3,1.102101,-223.105,-0.6745000000000001,False,434.806396484375,train,shear_only
red2-1.xls,red,new york strip steak,2,24,1.0,1,uniaxial,compression,4,0.897938,1273.17,0.0,False,-605.279296875,train,shear_only
red2-2.xls,red,new york strip steak,2,24,1.0,2,uniaxial,compression,4,0.898052,1797.45,0.9922691381719613,False,-604.3175048828125,train,shear_only
red2-3.xls,red,new york strip steak,2,24,1.0,3,uniaxial,compression,4,0.897274,2625.86,2.5601444657698758,False,-610.903076171875,train,shear_only
red2-4.xls,red,new york strip steak,2,24,1.0,4,uniaxial,compression,4,0.897234,916.788,-0.6745,False,-611.2430419921875,train,shear_only
red2-5.xls,red,new york strip steak,2,24,1.0,5,uniaxial,compression,4,0.897033,1098.87,-0.32988576864151414,False,-612.95361328125,test,shear_only
red2-1.xls,red,new york strip steak,2,24,1.0,1,uniaxial,compression,5,0.877865,1443.25,0.0,False,-792.432861328125,train,shear_only
red2-2.xls,red,new york strip steak,2,24,1.0,2,uniaxial,compression,5,0.878,1949.56,0.8446222021616008,False,-791.04296875,train,shear_only
red2-3.xls,red,new york strip steak,2,24,1.0,3,uniaxial,compression,5,0.876926,2770.03,2.2133235475972604,False,-802.1573486328125,train,shear_only
red2-4.xls,red,new york strip steak,2,24,1.0,4,uniaxial,compression,5,0.87732,1038.92,-0.6745000000000001,False,-798.06494140625,train,shear_only
red2-5.xls,red,new york strip steak,2,24,1.0,5,uniaxial,compression,5,0.8770290000000001,1160.91,-0.47099727944995423,False,-801.0853271484375,test,shear_only
red2-1.xls,red,new york strip steak,2,24,1.0,1,uniaxial,compression,6,0.857827,1742.0,0.0,False,-1023.5223388671875,train,shear_only
red2-2.xls,red,new york strip steak,2,24,1.0,2,uniaxial,compression,6,0.857584,2063.44,0.4647914764079148,False,-1026.6656494140625,train,shear_only
red2-3.xls,red,new york strip steak,2,24,1.0,3,uniaxial,compression,6,0.857359,2971.84,1.7783074581430747,False,-1029.58447265625,train,shear_only
red2-4.xls,red,new york strip steak,2,24,1.0,4,uniaxial,compression,6,0.857328,1138.5,-0.8726407914764078,False,-1029.9876708984375,train,shear_only
red2-5.xls,red,new york strip steak,2,24,1.0,5,uniaxial,compression,6,0.856677,1275.53,-0.6745,False,-1038.480712890625,test,shear_only
red2-1.xls,red,new york strip steak,2,24,1.0,1,uniaxial,compression,7,0.837446,1987.29,0.0,False,-1324.068603515625,train,shear_only
red2-2.xls,red,new york strip steak,2,24,1.0,2,uniaxial,compression,7,0.837539,2217.27,0.24123150970390647,False,-1322.500732421875,train,shear_only
red2-3.xls,red,new york strip steak,2,24,1.0,3,uniaxial,compression,7,0.83728,3202.81,1.274987932321473,False,-1326.8697509765625,train,shear_only
red2-4.xls,red,new york strip steak,2,24,1.0,4,uniaxial,compression,7,0.83723,1278.05,-0.743938759641702,False,-1327.714111328125,train,shear_only
red2-5.xls,red,new york strip steak,2,24,1.0,5,uniaxial,compression,7,0.836679,1344.25,-0.6745,False,-1337.069580078125,test,shear_only
red2-1.xls,red,new york strip steak,2,24,1.0,1,uniaxial,compression,8,0.817533,2416.61,0.03169174638487226,False,-1716.42431640625,train,shear_only
red2-2.xls,red,new york strip steak,2,24,1.0,2,uniaxial,compression,8,0.81753,2374.37,0.0,False,-1716.494140625,train,shear_only
red2-3.xls,red,new york strip steak,2,24,1.0,3,uniaxial,compression,8,0.816909,3355.8,0.7363454226918801,False,-1730.927734375,train,shear_only
red2-4.xls,red,new york strip steak,2,24,1.0,4,uniaxial,compression,8,0.816944,1358.46,-0.7622150111234705,False,-1730.11083984375,train,shear_only
red2-5.xls,red,new york strip steak,2,24,1.0,5,uniaxial,compression,8,0.816707,1475.37,-0.6745,False,-1735.6572265625,test,shear_only
red3-1.xls,red,new york strip steak,3,48,2.0,1,uniaxial,compression,0,0.978594,494.602,-1.0987074108154022,False,-94.9605712890625,train,shear_only
red3-2.xls,red,new york strip steak,3,48,2.0,2,uniaxial,compression,0,0.9775985,724.736,0.0,False,-99.5753173828125,train,shear_only
red3-3.xls,red,new york strip steak,3,48,2.0,3,uniaxial,compression,0,0.9781626,1213.32,2.332601274065685,False,-96.9578857421875,train,shear_only
red3-4.xls,red,new york strip steak,3,48,2.0,4,uniaxial,compression,0,0.9784334,866.016,0.6745,False,-95.7039794921875,train,shear_only
red3-5.xls,red,new york strip steak,3,48,2.0,5,uniaxial,compression,0,0.977808,717.638,-0.03388732304643241,False,-98.6024169921875,test,shear_only
red3-2.xls,red,new york strip steak,3,48,2.0,2,uniaxial,tension,0,1.0267339,898.085,0.018975954622431134,False,110.596435546875,train,shear_only
red3-3.xls,red,new york strip steak,3,48,2.0,3,uniaxial,tension,0,1.0260458,841.623,-0.6745,False,107.8199462890625,train,shear_only
red3-4.xls,red,new york strip steak,3,48,2.0,4,uniaxial,tension,0,1.026237,1175.58,3.4272170730374976,False,108.591796875,train,shear_only
red3-5.xls,red,new york strip steak,3,48,2.0,5,uniaxial,tension,0,1.0265141,896.54,0.0,False,109.709716796875,test,shear_only
red3-2.xls,red,new york strip steak,3,48,2.0,2,uniaxial,compression,1,0.9578636,1038.55,0.0,False,-195.8096923828125,train,shear_only
red3-4.xls,red,new york strip steak,3,48,2.0,4,uniaxial,compression,1,0.9584333,1032.26,-0.18632433025911194,False,-192.8892822265625,train,shear_only
red3-5.xls,red,new york strip steak,3,48,2.0,5,uniaxial,compression,1,0.957792,1061.32,0.6745,False,-196.1778564453125,test,shear_only
red3-2.xls,red,new york strip steak,3,48,2.0,2,uniaxial,tension,1,1.0517633,355.371,0.6745,False,210.4766845703125,train,shear_only
red3-3.xls,red,new york strip steak,3,48,2.0,3,uniaxial,tension,1,1.0515579,220.648,-1.6207933442788593,False,209.660888671875,train,shear_only
red3-4.xls,red,new york strip steak,3,48,2.0,4,uniaxial,tension,1,1.0517103,315.781,0.0,False,210.26611328125,train,shear_only
red3-5.xls,red,new york strip steak,3,48,2.0,5,uniaxial,tension,1,1.0514007,336.523,0.3533841626673408,False,209.03662109375,test,shear_only
red3-2.xls,red,new york strip steak,3,48,2.0,2,uniaxial,compression,2,0.9375303,1170.23,-0.3517340309570544,False,-307.0208740234375,train,shear_only
red3-4.xls,red,new york strip steak,3,48,2.0,4,uniaxial,compression,2,0.9380333,1194.15,0.0,False,-304.0877685546875,train,shear_only
red3-5.xls,red,new york strip steak,3,48,2.0,5,uniaxial,compression,2,0.937824,1240.02,0.6745,False,-305.306884765625,test,shear_only
red3-1.xls,red,new york strip steak,3,48,2.0,1,uniaxial,tension,2,1.07679,-63.7451,-0.6745,False,310.504638671875,train,shear_only
red3-2.xls,red,new york strip steak,3,48,2.0,2,uniaxial,tension,2,1.0766696,-19.6224,0.514451390470255,False,310.01806640625,train,shear_only
red3-3.xls,red,new york strip steak,3,48,2.0,3,uniaxial,tension,2,1.0765822,-137.141,-2.6522610472572117,False,309.664794921875,train,shear_only
red3-4.xls,red,new york strip steak,3,48,2.0,4,uniaxial,tension,2,1.0772074,73.7055,3.0293096487968967,False,312.1929931640625,train,shear_only
red3-5.xls,red,new york strip steak,3,48,2.0,5,uniaxial,tension,2,1.0769176,-38.714,0.0,False,311.02099609375,test,shear_only
red3-1.xls,red,new york strip steak,3,48,2.0,1,uniaxial,compression,3,0.9180827,748.329,-2.6404388928340894,False,-429.1488037109375,train,shear_only
red3-2.xls,red,new york strip steak,3,48,2.0,2,uniaxial,compression,3,0.9175227,1354.71,0.0,False,-432.945556640625,train,shear_only
red3-3.xls,red,new york strip steak,3,48,2.0,3,uniaxial,compression,3,0.9174715,2033.6,2.956173692704973,False,-433.2933349609375,train,shear_only
red3-4.xls,red,new york strip steak,3,48,2.0,4,uniaxial,compression,3,0.9180333,1326.47,-0.12296888315041977,False,-429.4833984375,train,shear_only
red3-5.xls,red,new york strip steak,3,48,2.0,5,uniaxial,compression,3,0.91784,1509.61,0.6745,False,-430.7921142578125,test,shear_only
red3-1.xls,red,new york strip steak,3,48,2.0,1,uniaxial,tension,3,1.101647,-181.026,-0.6745,False,413.136962890625,train,shear_only
red3-2.xls,red,new york strip steak,3,48,2.0,2,uniaxial,tension,3,1.102305,-163.184,0.11273287760842571,False,415.92529296875,train,shear_only
red3-4.xls,red,new york strip steak,3,48,2.0,4,uniaxial,tension,3,1.102205,-118.346,2.091095604108065,False,415.5013427734375,train,shear_only
red3-5.xls,red,new york strip steak,3,48,2.0,5,uniaxial,tension,3,1.101964,-165.739,0.0,False,414.4794921875,test,shear_only
red3-1.xls,red,new york strip steak,3,48,2.0,1,uniaxial,compression,4,0.898218,846.997,-2.0515871306118574,False,-575.536865234375,train,shear_only
red3-2.xls,red,new york strip steak,3,48,2.0,2,uniaxial,compression,4,0.897485,1469.1,-0.06442822977836732,False,-581.449951171875,train,shear_only
red3-3.xls,red,new york strip steak,3,48,2.0,3,uniaxial,compression,4,0.897472,2281.94,2.5319942934267847,False,-581.554931640625,train,shear_only
red3-4.xls,red,new york strip steak,3,48,2.0,4,uniaxial,compression,4,0.898033,1489.27,0.0,False,-577.025146484375,train,shear_only
red3-5.xls,red,new york strip steak,3,48,2.0,5,uniaxial,compression,4,0.897896,1700.43,0.6744999999999999,False,-578.12939453125,test,shear_only
red3-1.xls,red,new york strip steak,3,48,2.0,1,uniaxial,compression,5,0.877677,896.291,-1.5941228618369583,False,-758.2958984375,train,shear_only
red3-2.xls,red,new york strip steak,3,48,2.0,2,uniaxial,compression,5,0.877189,1651.52,0.0,False,-763.11865234375,train,shear_only
red3-3.xls,red,new york strip steak,3,48,2.0,3,uniaxial,compression,5,0.877439,2468.79,1.725077812548897,False,-760.644775390625,train,shear_only
red3-4.xls,red,new york strip steak,3,48,2.0,4,uniaxial,compression,5,0.877642,1632.5,-0.04014705053982159,False,-758.6414794921875,train,shear_only
red3-5.xls,red,new york strip steak,3,48,2.0,5,uniaxial,compression,5,0.877448,1971.07,0.6745,False,-760.5556640625,test,shear_only
red3-1.xls,red,new york strip steak,3,48,2.0,1,uniaxial,compression,6,0.857391,987.439,-1.672304564755838,False,-982.429443359375,train,shear_only
red3-2.xls,red,new york strip steak,3,48,2.0,2,uniaxial,compression,6,0.857053,1805.67,-0.021944798301485956,False,-986.6282958984375,train,shear_only
red3-3.xls,red,new york strip steak,3,48,2.0,3,uniaxial,compression,6,0.856959,2780.44,1.9441518046709125,False,-987.799072265625,train,shear_only
red3-4.xls,red,new york strip steak,3,48,2.0,4,uniaxial,compression,6,0.85765,1816.55,0.0,False,-979.224609375,train,shear_only
red3-5.xls,red,new york strip steak,3,48,2.0,5,uniaxial,compression,6,0.857384,2150.96,0.6745,False,-982.516357421875,test,shear_only
red3-1.xls,red,new york strip steak,3,48,2.0,1,uniaxial,compression,7,0.837278,1052.23,-1.8067145272083271,False,-1266.64306640625,train,shear_only
red3-2.xls,red,new york strip steak,3,48,2.0,2,uniaxial,compression,7,0.837144,2050.49,0.0,False,-1268.8070068359375,train,shear_only
red3-3.xls,red,new york strip steak,3,48,2.0,3,uniaxial,compression,7,0.836967,2980.26,1.6827569630782437,False,-1271.6705322265625,train,shear_only
red3-4.xls,red,new york strip steak,3,48,2.0,4,uniaxial,compression,7,0.83765,1959.86,-0.16402794622732605,False,-1260.658447265625,train,shear_only
red3-5.xls,red,new york strip steak,3,48,2.0,5,uniaxial,compression,7,0.837008,2423.17,0.6745,False,-1271.00732421875,test,shear_only
red3-1.xls,red,new york strip steak,3,48,2.0,1,uniaxial,compression,8,0.817376,1187.27,-1.9107869451768102,False,-1641.9429931640625,train,shear_only
red3-2.xls,red,new york strip steak,3,48,2.0,2,uniaxial,compression,8,0.817076,2229.52,0.0,False,-1648.5986328125,train,shear_only
red3-3.xls,red,new york strip steak,3,48,2.0,3,uniaxial,compression,8,0.816976,3352.18,2.0582049142453323,False,-1650.826171875,train,shear_only
red3-4.xls,red,new york strip steak,3,48,2.0,4,uniaxial,compression,8,0.817652,2174.39,-0.10107141692261719,False,-1635.85205078125,train,shear_only
red3-5.xls,red,new york strip steak,3,48,2.0,5,uniaxial,compression,8,0.817032,2597.43,0.6745,False,-1649.578857421875,test,shear_only
red1-1.xls,red,new york strip steak,1,0,0.0,1,shear,shear,0,-0.00445599,5.78178,-0.6745,False,-7.0096354484558105,train,shear_only
red1-2.xls,red,new york strip steak,1,0,0.0,2,shear,shear,0,0.00018854699999999998,18.2259,0.0,False,0.29658055305480957,train,shear_only
red1-3.xls,red,new york strip steak,1,0,0.0,3,shear,shear,0,0.000752092,54.5413,1.96837842290174,False,1.1830271482467651,train,shear_only
red1-4.xls,red,new york strip steak,1,0,0.0,4,shear,shear,0,0.00137044,35.751,0.9499008326824235,False,2.1556873321533203,train,shear_only
red1-5.xls,red,new york strip steak,1,0,0.0,5,shear,shear,0,8.49255e-05,9.70022,-0.4621115161216704,False,0.1335860788822174,test,shear_only
red1-1.xls,red,new york strip steak,1,0,0.0,1,shear,shear,1,-0.0044535799999999995,5.78178,-0.6745,False,-7.005843639373779,train,shear_only
red1-2.xls,red,new york strip steak,1,0,0.0,2,shear,shear,1,0.00018854699999999998,18.2259,0.0,False,0.29658055305480957,train,shear_only
red1-3.xls,red,new york strip steak,1,0,0.0,3,shear,shear,1,0.0007517359999999999,54.5413,1.96837842290174,False,1.1824671030044556,train,shear_only
red1-4.xls,red,new york strip steak,1,0,0.0,4,shear,shear,1,0.00197358,55.6651,2.029290974371832,False,3.1044397354125977,train,shear_only
red1-5.xls,red,new york strip steak,1,0,0.0,5,shear,shear,1,8.49255e-05,9.70022,-0.4621115161216704,False,0.1335860788822174,test,shear_only
red1-1.xls,red,new york strip steak,1,0,0.0,1,shear,shear,2,0.00411022,35.6817,0.0,False,6.46565055847168,train,shear_only
red1-2.xls,red,new york strip steak,1,0,0.0,2,shear,shear,2,0.000188546,18.2259,-0.6242941048590638,False,0.296578973531723,train,shear_only
red1-3.xls,red,new york strip steak,1,0,0.0,3,shear,shear,2,0.0007517359999999999,54.5413,0.6745,False,1.1824671030044556,train,shear_only
red1-4.xls,red,new york strip steak,1,0,0.0,4,shear,shear,2,0.00197357,55.6651,0.7146918969649411,False,3.104423999786377,train,shear_only
red1-5.xls,red,new york strip steak,1,0,0.0,5,shear,shear,2,8.49252e-05,9.70022,-0.929208904748775,False,0.1335856020450592,test,shear_only
red1-1.xls,red,new york strip steak,1,0,0.0,1,shear,shear,3,0.0041102,35.6817,0.0,False,6.46561861038208,train,shear_only
red1-2.xls,red,new york strip steak,1,0,0.0,2,shear,shear,3,0.000188546,18.2259,-0.6242941048590638,False,0.296578973531723,train,shear_only
red1-3.xls,red,new york strip steak,1,0,0.0,3,shear,shear,3,0.000751729,54.5413,0.6745,False,1.182456135749817,train,shear_only
red1-4.xls,red,new york strip steak,1,0,0.0,4,shear,shear,3,0.00197357,55.6651,0.7146918969649411,False,3.104423999786377,train,shear_only
red1-5.xls,red,new york strip steak,1,0,0.0,5,shear,shear,3,8.49252e-05,9.70022,-0.929208904748775,False,0.1335856020450592,test,shear_only
red1-1.xls,red,new york strip steak,1,0,0.0,1,shear,shear,4,0.0041102,35.6817,0.0,False,6.46561861038208,train,shear_only
red1-2.xls,red,new york strip steak,1,0,0.0,2,shear,shear,4,0.000188545,18.2259,-0.6242941048590638,False,0.29657742381095886,train,shear_only
red1-3.xls,red,new york strip steak,1,0,0.0,3,shear,shear,4,0.000751729,54.5413,0.6745,False,1.182456135749817,train,shear_only
red1-4.xls,red,new york strip steak,1,0,0.0,4,shear,shear,4,0.00197357,55.6651,0.7146918969649411,False,3.104423999786377,train,shear_only
red1-5.xls,red,new york strip steak,1,0,0.0,5,shear,shear,4,8.49248e-05,9.70022,-0.929208904748775,False,0.13358497619628906,test,shear_only
red1-1.xls,red,new york strip steak,1,0,0.0,1,shear,shear,5,0.00411018,35.6817,0.0,False,6.465587139129639,train,shear_only
red1-2.xls,red,new york strip steak,1,0,0.0,2,shear,shear,5,0.009769710000000001,33.7443,-0.05029645347378201,False,15.372356414794922,train,shear_only
red1-3.xls,red,new york strip steak,1,0,0.0,3,shear,shear,5,0.00967931,69.981,0.890437259540257,False,15.230031967163086,train,shear_only
red1-4.xls,red,new york strip steak,1,0,0.0,4,shear,shear,5,0.010029300000000001,108.023,1.8780380043785034,False,15.781086921691895,train,shear_only
red1-5.xls,red,new york strip steak,1,0,0.0,5,shear,shear,5,8.49248e-05,9.70022,-0.6745,False,0.13358497619628906,test,shear_only
red1-1.xls,red,new york strip steak,1,0,0.0,1,shear,shear,6,0.00411017,35.6817,0.0,False,6.465571880340576,train,shear_only
red1-2.xls,red,new york strip steak,1,0,0.0,2,shear,shear,6,0.00976969,33.7443,-0.05029645347378201,False,15.372325897216797,train,shear_only
red1-3.xls,red,new york strip steak,1,0,0.0,3,shear,shear,6,0.00967931,69.981,0.890437259540257,False,15.230031967163086,train,shear_only
red1-4.xls,red,new york strip steak,1,0,0.0,4,shear,shear,6,0.010029300000000001,108.023,1.8780380043785034,False,15.781086921691895,train,shear_only
red1-5.xls,red,new york strip steak,1,0,0.0,5,shear,shear,6,8.49246e-05,9.70022,-0.6745,False,0.1335846483707428,test,shear_only
red1-1.xls,red,new york strip steak,1,0,0.0,1,shear,shear,7,0.0138864,96.0799,0.4857977699404197,False,21.856830596923828,train,shear_only
red1-2.xls,red,new york strip steak,1,0,0.0,2,shear,shear,7,0.00976969,33.7443,-0.6745,False,15.372325897216797,train,shear_only
red1-3.xls,red,new york strip steak,1,0,0.0,3,shear,shear,7,0.00967931,69.981,0.0,False,15.230031967163086,train,shear_only
red1-4.xls,red,new york strip steak,1,0,0.0,4,shear,shear,7,0.010029300000000001,108.023,0.7081033593014818,False,15.781086921691895,train,shear_only
red1-5.xls,red,new york strip steak,1,0,0.0,5,shear,shear,7,0.0130751,24.3278,-0.849776149594196,False,20.578388214111328,test,shear_only
red1-1.xls,red,new york strip steak,1,0,0.0,1,shear,shear,8,0.0138864,96.0799,0.4857977699404197,False,21.856830596923828,train,shear_only
red1-2.xls,red,new york strip steak,1,0,0.0,2,shear,shear,8,0.00976968,33.7443,-0.6745,False,15.372309684753418,train,shear_only
red1-3.xls,red,new york strip steak,1,0,0.0,3,shear,shear,8,0.00967931,69.981,0.0,False,15.230031967163086,train,shear_only
red1-4.xls,red,new york strip steak,1,0,0.0,4,shear,shear,8,0.010029300000000001,108.023,0.7081033593014818,False,15.781086921691895,train,shear_only
red1-5.xls,red,new york strip steak,1,0,0.0,5,shear,shear,8,0.0130751,24.3278,-0.849776149594196,False,20.578388214111328,test,shear_only
red1-1.xls,red,new york strip steak,1,0,0.0,1,shear,shear,9,0.0138864,96.0799,0.4857977699404197,False,21.856830596923828,train,shear_only
red1-2.xls,red,new york strip steak,1,0,0.0,2,shear,shear,9,0.00976968,33.7443,-0.6745,False,15.372309684753418,train,shear_only
red1-3.xls,red,new york strip steak,1,0,0.0,3,shear,shear,9,0.00967931,69.981,0.0,False,15.230031967163086,train,shear_only
red1-4.xls,red,new york strip steak,1,0,0.0,4,shear,shear,9,0.010029300000000001,108.023,0.7081033593014818,False,15.781086921691895,train,shear_only
red1-5.xls,red,new york strip steak,1,0,0.0,5,shear,shear,9,0.0130751,24.3278,-0.849776149594196,False,20.578388214111328,test,shear_only
red1-1.xls,red,new york strip steak,1,0,0.0,1,shear,shear,10,0.0138864,96.0799,0.0,False,21.856830596923828,train,shear_only
red1-2.xls,red,new york strip steak,1,0,0.0,2,shear,shear,10,0.0197698,92.1884,-0.05187579671963958,False,31.137332916259766,train,shear_only
red1-3.xls,red,new york strip steak,1,0,0.0,3,shear,shear,10,0.019153299999999998,146.678,0.6744999999999999,False,30.16399383544922,train,shear_only
red1-4.xls,red,new york strip steak,1,0,0.0,4,shear,shear,10,0.0204499,205.142,1.4538566952118757,False,32.21137619018555,train,shear_only
red1-5.xls,red,new york strip steak,1,0,0.0,5,shear,shear,10,0.0130751,24.3278,-0.9564942448431857,False,20.578388214111328,test,shear_only
red1-1.xls,red,new york strip steak,1,0,0.0,1,shear,shear,11,0.0138864,96.0799,0.0,False,21.856830596923828,train,shear_only
red1-2.xls,red,new york strip steak,1,0,0.0,2,shear,shear,11,0.0197698,92.1884,-0.05187579671963958,False,31.137332916259766,train,shear_only
red1-3.xls,red,new york strip steak,1,0,0.0,3,shear,shear,11,0.019153299999999998,146.678,0.6744999999999999,False,30.16399383544922,train,shear_only
red1-4.xls,red,new york strip steak,1,0,0.0,4,shear,shear,11,0.0204499,205.142,1.4538566952118757,False,32.21137619018555,train,shear_only
red1-5.xls,red,new york strip steak,1,0,0.0,5,shear,shear,11,0.0130751,24.3278,-0.9564942448431857,False,20.578388214111328,test,shear_only
red1-1.xls,red,new york strip steak,1,0,0.0,1,shear,shear,12,0.023806400000000002,171.322,0.3050559739840264,False,37.51657485961914,train,shear_only
red1-2.xls,red,new york strip steak,1,0,0.0,2,shear,shear,12,0.0197698,92.1884,-0.6745,False,31.137332916259766,train,shear_only
red1-3.xls,red,new york strip steak,1,0,0.0,3,shear,shear,12,0.019153299999999998,146.678,0.0,False,30.16399383544922,train,shear_only
red1-4.xls,red,new york strip steak,1,0,0.0,4,shear,shear,12,0.020449799999999997,205.142,0.7236971458773785,False,32.211219787597656,train,shear_only
red1-5.xls,red,new york strip steak,1,0,0.0,5,shear,shear,12,0.0230069,66.987,-0.986455754859643,False,36.252193450927734,test,shear_only
red1-1.xls,red,new york strip steak,1,0,0.0,1,shear,shear,13,0.023806400000000002,171.322,0.3050559739840264,False,37.51657485961914,train,shear_only
red1-2.xls,red,new york strip steak,1,0,0.0,2,shear,shear,13,0.0197698,92.1884,-0.6745,False,31.137332916259766,train,shear_only
red1-3.xls,red,new york strip steak,1,0,0.0,3,shear,shear,13,0.0191532,146.678,0.0,False,30.163835525512695,train,shear_only
red1-4.xls,red,new york strip steak,1,0,0.0,4,shear,shear,13,0.020449799999999997,205.142,0.7236971458773785,False,32.211219787597656,train,shear_only
red1-5.xls,red,new york strip steak,1,0,0.0,5,shear,shear,13,0.0230069,66.987,-0.986455754859643,False,36.252193450927734,test,shear_only
red1-1.xls,red,new york strip steak,1,0,0.0,1,shear,shear,14,0.023806400000000002,171.322,0.0,False,37.51657485961914,train,shear_only
red1-2.xls,red,new york strip steak,1,0,0.0,2,shear,shear,14,0.0197698,92.1884,-1.5782262921348318,False,31.137332916259766,train,shear_only
red1-3.xls,red,new york strip steak,1,0,0.0,3,shear,shear,14,0.0285953,188.26,0.337808426966292,False,45.10048294067383,train,shear_only
red1-4.xls,red,new york strip steak,1,0,0.0,4,shear,shear,14,0.020449799999999997,205.142,0.6745,False,32.211219787597656,train,shear_only
red1-5.xls,red,new york strip steak,1,0,0.0,5,shear,shear,14,0.023006799999999997,66.987,-2.080838483146068,False,36.25204086303711,test,shear_only
red1-1.xls,red,new york strip steak,1,0,0.0,1,shear,shear,15,0.023806400000000002,171.322,0.0,False,37.51657485961914,train,shear_only
red1-2.xls,red,new york strip steak,1,0,0.0,2,shear,shear,15,0.0296493,124.636,-0.9310971910112362,False,46.77223587036133,train,shear_only
red1-3.xls,red,new york strip steak,1,0,0.0,3,shear,shear,15,0.0285953,188.26,0.337808426966292,False,45.10048294067383,train,shear_only
red1-4.xls,red,new york strip steak,1,0,0.0,4,shear,shear,15,0.020449799999999997,205.142,0.6745,False,32.211219787597656,train,shear_only
red1-5.xls,red,new york strip steak,1,0,0.0,5,shear,shear,15,0.023006799999999997,66.987,-2.080838483146068,False,36.25204086303711,test,shear_only
red1-1.xls,red,new york strip steak,1,0,0.0,1,shear,shear,16,0.023806400000000002,171.322,0.0,False,37.51657485961914,train,shear_only
red1-2.xls,red,new york strip steak,1,0,0.0,2,shear,shear,16,0.0296493,124.636,-0.6745,False,46.77223587036133,train,shear_only
red1-3.xls,red,new york strip steak,1,0,0.0,3,shear,shear,16,0.0285953,188.26,0.24471321166945104,False,45.10048294067383,train,shear_only
red1-4.xls,red,new york strip steak,1,0,0.0,4,shear,shear,16,0.030852400000000002,267.278,1.3863325622242213,False,48.681732177734375,train,shear_only
red1-5.xls,red,new york strip steak,1,0,0.0,5,shear,shear,16,0.023006799999999997,66.987,-1.5073888853189392,False,36.25204086303711,test,shear_only
red1-1.xls,red,new york strip steak,1,0,0.0,1,shear,shear,17,0.0337716,219.266,0.32870531560417454,False,53.32086944580078,train,shear_only
red1-2.xls,red,new york strip steak,1,0,0.0,2,shear,shear,17,0.0296492,124.636,-0.6745,False,46.77207565307617,train,shear_only
red1-3.xls,red,new york strip steak,1,0,0.0,3,shear,shear,17,0.0285953,188.26,0.0,False,45.10048294067383,train,shear_only
red1-4.xls,red,new york strip steak,1,0,0.0,4,shear,shear,17,0.030852400000000002,267.278,0.8376971111530244,False,48.681732177734375,train,shear_only
red1-5.xls,red,new york strip steak,1,0,0.0,5,shear,shear,17,0.0329599,84.5135,-1.0998524809820194,False,52.03008270263672,test,shear_only
red1-1.xls,red,new york strip steak,1,0,0.0,1,shear,shear,18,0.0337716,219.266,0.32870531560417454,False,53.32086944580078,train,shear_only
red1-2.xls,red,new york strip steak,1,0,0.0,2,shear,shear,18,0.0296492,124.636,-0.6745,False,46.77207565307617,train,shear_only
red1-3.xls,red,new york strip steak,1,0,0.0,3,shear,shear,18,0.0285953,188.26,0.0,False,45.10048294067383,train,shear_only
red1-4.xls,red,new york strip steak,1,0,0.0,4,shear,shear,18,0.030852400000000002,267.278,0.8376971111530244,False,48.681732177734375,train,shear_only
red1-5.xls,red,new york strip steak,1,0,0.0,5,shear,shear,18,0.0329599,84.5135,-1.0998524809820194,False,52.03008270263672,test,shear_only
red1-1.xls,red,new york strip steak,1,0,0.0,1,shear,shear,19,0.033771499999999996,219.266,0.02183173445120714,False,53.320709228515625,train,shear_only
red1-2.xls,red,new york strip steak,1,0,0.0,2,shear,shear,19,0.0296492,124.636,-1.2645549598935864,False,46.77207565307617,train,shear_only
red1-3.xls,red,new york strip steak,1,0,0.0,3,shear,shear,19,0.0381034,217.66,0.0,False,60.22154998779297,train,shear_only
red1-4.xls,red,new york strip steak,1,0,0.0,4,shear,shear,19,0.030852300000000003,267.278,0.6744999999999999,False,48.68157196044922,train,shear_only
red1-5.xls,red,new york strip steak,1,0,0.0,5,shear,shear,19,0.0329599,84.5135,-1.8099744901043968,False,52.03008270263672,test,shear_only
red1-1.xls,red,new york strip steak,1,0,0.0,1,shear,shear,20,0.033771499999999996,219.266,0.02183173445120714,False,53.320709228515625,train,shear_only
red1-2.xls,red,new york strip steak,1,0,0.0,2,shear,shear,20,0.0396463,147.659,-0.9515835886170338,False,62.684669494628906,train,shear_only
red1-3.xls,red,new york strip steak,1,0,0.0,3,shear,shear,20,0.0381034,217.66,0.0,False,60.22154998779297,train,shear_only
red1-4.xls,red,new york strip steak,1,0,0.0,4,shear,shear,20,0.030852300000000003,267.278,0.6744999999999999,False,48.68157196044922,train,shear_only
red1-5.xls,red,new york strip steak,1,0,0.0,5,shear,shear,20,0.0329599,84.5135,-1.8099744901043968,False,52.03008270263672,test,shear_only
red1-1.xls,red,new york strip steak,1,0,0.0,1,shear,shear,21,0.033771499999999996,219.266,0.015474736075198873,False,53.320709228515625,train,shear_only
red1-2.xls,red,new york strip steak,1,0,0.0,2,shear,shear,21,0.0396463,147.659,-0.6745,False,62.684669494628906,train,shear_only
red1-3.xls,red,new york strip steak,1,0,0.0,3,shear,shear,21,0.0381034,217.66,0.0,False,60.22154998779297,train,shear_only
red1-4.xls,red,new york strip steak,1,0,0.0,4,shear,shear,21,0.041228,315.816,0.9457896601477118,False,65.21276092529297,train,shear_only
red1-5.xls,red,new york strip steak,1,0,0.0,5,shear,shear,21,0.0329599,84.5135,-1.282943304381366,False,52.03008270263672,test,shear_only
red1-1.xls,red,new york strip steak,1,0,0.0,1,shear,shear,22,0.0437002,255.93,0.36875351780688853,False,69.17070770263672,train,shear_only
red1-2.xls,red,new york strip steak,1,0,0.0,2,shear,shear,22,0.0396463,147.659,-0.6745,False,62.684669494628906,train,shear_only
red1-3.xls,red,new york strip steak,1,0,0.0,3,shear,shear,22,0.0381034,217.66,0.0,False,60.22154998779297,train,shear_only
red1-4.xls,red,new york strip steak,1,0,0.0,4,shear,shear,22,0.041228,315.816,0.9457896601477118,False,65.21276092529297,train,shear_only
red1-5.xls,red,new york strip steak,1,0,0.0,5,shear,shear,22,0.0429064,94.0514,-1.1910401379980284,False,67.89898681640625,test,shear_only
red1-1.xls,red,new york strip steak,1,0,0.0,1,shear,shear,23,0.0437001,255.93,0.1436473761680095,False,69.17054748535156,train,shear_only
red1-2.xls,red,new york strip steak,1,0,0.0,2,shear,shear,23,0.0396463,147.659,-0.816108567373277,False,62.684669494628906,train,shear_only
red1-3.xls,red,new york strip steak,1,0,0.0,3,shear,shear,23,0.0475902,239.725,0.0,False,75.4155044555664,train,shear_only
red1-4.xls,red,new york strip steak,1,0,0.0,4,shear,shear,23,0.041227900000000005,315.816,0.6745,False,65.21260070800781,train,shear_only
red1-5.xls,red,new york strip steak,1,0,0.0,5,shear,shear,23,0.0429063,94.0514,-1.2913070297407054,False,67.8988265991211,test,shear_only
red1-1.xls,red,new york strip steak,1,0,0.0,1,shear,shear,24,0.0437001,255.93,0.1436473761680095,False,69.17054748535156,train,shear_only
red1-2.xls,red,new york strip steak,1,0,0.0,2,shear,shear,24,0.0396463,147.659,-0.816108567373277,False,62.684669494628906,train,shear_only
red1-3.xls,red,new york strip steak,1,0,0.0,3,shear,shear,24,0.0475902,239.725,0.0,False,75.4155044555664,train,shear_only
red1-4.xls,red,new york strip steak,1,0,0.0,4,shear,shear,24,0.041227900000000005,315.816,0.6745,False,65.21260070800781,train,shear_only
red1-5.xls,red,new york strip steak,1,0,0.0,5,shear,shear,24,0.0429063,94.0514,-1.2913070297407054,False,67.8988265991211,test,shear_only
red1-1.xls,red,new york strip steak,1,0,0.0,1,shear,shear,25,0.0437001,255.93,0.1468392398941388,False,69.17054748535156,train,shear_only
red1-2.xls,red,new york strip steak,1,0,0.0,2,shear,shear,25,0.0495442,165.288,-0.6745,False,78.56072235107422,train,shear_only
red1-3.xls,red,new york strip steak,1,0,0.0,3,shear,shear,25,0.0475902,239.725,0.0,False,75.4155044555664,train,shear_only
red1-4.xls,red,new york strip steak,1,0,0.0,4,shear,shear,25,0.041227900000000005,315.816,0.6894874793449494,False,65.21260070800781,train,shear_only
red1-5.xls,red,new york strip steak,1,0,0.0,5,shear,shear,25,0.0429063,94.0514,-1.3200000429893737,False,67.8988265991211,test,shear_only
red1-1.xls,red,new york strip steak,1,0,0.0,1,shear,shear,26,0.0437001,255.93,0.1468392398941388,False,69.17054748535156,train,shear_only
red1-2.xls,red,new york strip steak,1,0,0.0,2,shear,shear,26,0.0495442,165.288,-0.6745,False,78.56072235107422,train,shear_only
red1-3.xls,red,new york strip steak,1,0,0.0,3,shear,shear,26,0.0475902,239.725,0.0,False,75.4155044555664,train,shear_only
red1-4.xls,red,new york strip steak,1,0,0.0,4,shear,shear,26,0.0516786,354.986,1.0444207114741326,False,82.00314331054688,train,shear_only
red1-5.xls,red,new york strip steak,1,0,0.0,5,shear,shear,26,0.0429063,94.0514,-1.3200000429893737,False,67.8988265991211,test,shear_only
red1-1.xls,red,new york strip steak,1,0,0.0,1,shear,shear,27,0.0536386,285.027,0.4104974542230343,False,85.17066192626953,train,shear_only
red1-2.xls,red,new york strip steak,1,0,0.0,2,shear,shear,27,0.0495442,165.288,-0.6745,False,78.56072235107422,train,shear_only
red1-3.xls,red,new york strip steak,1,0,0.0,3,shear,shear,27,0.0475902,239.725,0.0,False,75.4155044555664,train,shear_only
red1-4.xls,red,new york strip steak,1,0,0.0,4,shear,shear,27,0.0516786,354.986,1.0444207114741326,False,82.00314331054688,train,shear_only
red1-5.xls,red,new york strip steak,1,0,0.0,5,shear,shear,27,0.0528622,100.248,-1.2638504574338032,False,83.91520690917969,test,shear_only
red1-1.xls,red,new york strip steak,1,0,0.0,1,shear,shear,28,0.0536386,285.027,0.4104974542230343,False,85.17066192626953,train,shear_only
red1-2.xls,red,new york strip steak,1,0,0.0,2,shear,shear,28,0.0495442,165.288,-0.6745,False,78.56072235107422,train,shear_only
red1-3.xls,red,new york strip steak,1,0,0.0,3,shear,shear,28,0.0475902,239.725,0.0,False,75.4155044555664,train,shear_only
red1-4.xls,red,new york strip steak,1,0,0.0,4,shear,shear,28,0.0516786,354.986,1.0444207114741326,False,82.00314331054688,train,shear_only
red1-5.xls,red,new york strip steak,1,0,0.0,5,shear,shear,28,0.0528622,100.248,-1.2638504574338032,False,83.91520690917969,test,shear_only
red1-1.xls,red,new york strip steak,1,0,0.0,1,shear,shear,29,0.0536386,285.027,0.19796360051852638,False,85.17066192626953,train,shear_only
red1-2.xls,red,new york strip steak,1,0,0.0,2,shear,shear,29,0.049544,165.288,-0.6745,False,78.5604019165039,train,shear_only
red1-3.xls,red,new york strip steak,1,0,0.0,3,shear,shear,29,0.0571254,257.858,0.0,False,90.82178497314453,train,shear_only
red1-4.xls,red,new york strip steak,1,0,0.0,4,shear,shear,29,0.0516784,354.986,0.7077113103597278,False,82.00282287597656,train,shear_only
red1-5.xls,red,new york strip steak,1,0,0.0,5,shear,shear,29,0.0528622,100.248,-1.1484060170681647,False,83.91520690917969,test,shear_only
red1-1.xls,red,new york strip steak,1,0,0.0,1,shear,shear,30,0.0536386,285.027,0.231245226948654,False,85.17066192626953,train,shear_only
red1-2.xls,red,new york strip steak,1,0,0.0,2,shear,shear,30,0.059487899999999996,178.611,-0.6745,False,94.66307067871094,train,shear_only
red1-3.xls,red,new york strip steak,1,0,0.0,3,shear,shear,30,0.0571254,257.858,0.0,False,90.82178497314453,train,shear_only
red1-4.xls,red,new york strip steak,1,0,0.0,4,shear,shear,30,0.0516784,354.986,0.8266916854896713,False,82.00282287597656,train,shear_only
red1-5.xls,red,new york strip steak,1,0,0.0,5,shear,shear,30,0.0528622,100.248,-1.3414759549257382,False,83.91520690917969,test,shear_only
red1-1.xls,red,new york strip steak,1,0,0.0,1,shear,shear,31,0.0536386,285.027,0.231245226948654,False,85.17066192626953,train,shear_only
red1-2.xls,red,new york strip steak,1,0,0.0,2,shear,shear,31,0.059487899999999996,178.611,-0.6745,False,94.66307067871094,train,shear_only
red1-3.xls,red,new york strip steak,1,0,0.0,3,shear,shear,31,0.0571254,257.858,0.0,False,90.82178497314453,train,shear_only
red1-4.xls,red,new york strip steak,1,0,0.0,4,shear,shear,31,0.0620313,388.048,1.1080943758123334,False,98.81005859375,train,shear_only
red1-5.xls,red,new york strip steak,1,0,0.0,5,shear,shear,31,0.052862099999999995,100.248,-1.3414759549257382,False,83.91504669189453,test,shear_only
red1-1.xls,red,new york strip steak,1,0,0.0,1,shear,shear,32,0.0636034,307.582,0.42321902406400225,False,101.37969207763672,train,shear_only
red1-2.xls,red,new york strip steak,1,0,0.0,2,shear,shear,32,0.059487899999999996,178.611,-0.6745,False,94.66307067871094,train,shear_only
red1-3.xls,red,new york strip steak,1,0,0.0,3,shear,shear,32,0.0571254,257.858,0.0,False,90.82178497314453,train,shear_only
red1-4.xls,red,new york strip steak,1,0,0.0,4,shear,shear,32,0.0620313,388.048,1.1080943758123334,False,98.81005859375,train,shear_only
red1-5.xls,red,new york strip steak,1,0,0.0,5,shear,shear,32,0.0627852,103.948,-1.3099839110628795,False,100.04171752929688,test,shear_only
red1-1.xls,red,new york strip steak,1,0,0.0,1,shear,shear,33,0.0636034,307.582,0.258869164493943,False,101.37969207763672,train,shear_only
red1-2.xls,red,new york strip steak,1,0,0.0,2,shear,shear,33,0.059487899999999996,178.611,-0.6745,False,94.66307067871094,train,shear_only
red1-3.xls,red,new york strip steak,1,0,0.0,3,shear,shear,33,0.0665849,271.812,0.0,False,106.26661682128906,train,shear_only
red1-4.xls,red,new york strip steak,1,0,0.0,4,shear,shear,33,0.0620313,388.048,0.8412053733329039,False,98.81005859375,train,shear_only
red1-5.xls,red,new york strip steak,1,0,0.0,5,shear,shear,33,0.0627852,103.948,-1.2148396261842684,False,100.04171752929688,test,shear_only
red1-1.xls,red,new york strip steak,1,0,0.0,1,shear,shear,34,0.0636034,307.582,0.258869164493943,False,101.37969207763672,train,shear_only
red1-2.xls,red,new york strip steak,1,0,0.0,2,shear,shear,34,0.059487899999999996,178.611,-0.6745,False,94.66307067871094,train,shear_only
red1-3.xls,red,new york strip steak,1,0,0.0,3,shear,shear,34,0.0665849,271.812,0.0,False,106.26661682128906,train,shear_only
red1-4.xls,red,new york strip steak,1,0,0.0,4,shear,shear,34,0.0620313,388.048,0.8412053733329039,False,98.81005859375,train,shear_only
red1-5.xls,red,new york strip steak,1,0,0.0,5,shear,shear,34,0.0627852,103.948,-1.2148396261842684,False,100.04171752929688,test,shear_only
red1-1.xls,red,new york strip steak,1,0,0.0,1,shear,shear,35,0.0636034,307.582,0.2810318458724999,False,101.37969207763672,train,shear_only
red1-2.xls,red,new york strip steak,1,0,0.0,2,shear,shear,35,0.0694183,185.961,-0.6745,False,110.92802429199219,train,shear_only
red1-3.xls,red,new york strip steak,1,0,0.0,3,shear,shear,35,0.0665849,271.812,0.0,False,106.26661682128906,train,shear_only
red1-4.xls,red,new york strip steak,1,0,0.0,4,shear,shear,35,0.0620311,388.048,0.9132238646026254,False,98.80974578857422,train,shear_only
red1-5.xls,red,new york strip steak,1,0,0.0,5,shear,shear,35,0.0627853,103.948,-1.3188462335907563,False,100.0418701171875,test,shear_only
red1-1.xls,red,new york strip steak,1,0,0.0,1,shear,shear,36,0.0636034,307.582,0.2810318458724999,False,101.37969207763672,train,shear_only
red1-2.xls,red,new york strip steak,1,0,0.0,2,shear,shear,36,0.0694183,185.961,-0.6745,False,110.92802429199219,train,shear_only
red1-3.xls,red,new york strip steak,1,0,0.0,3,shear,shear,36,0.0665849,271.812,0.0,False,106.26661682128906,train,shear_only
red1-4.xls,red,new york strip steak,1,0,0.0,4,shear,shear,36,0.0724322,416.06,1.133303933559306,False,115.90570068359375,train,shear_only
red1-5.xls,red,new york strip steak,1,0,0.0,5,shear,shear,36,0.0726782,108.031,-1.2867675915248513,False,116.31292724609375,test,shear_only
red1-1.xls,red,new york strip steak,1,0,0.0,1,shear,shear,37,0.0735519,324.946,0.41745446180009566,False,117.76026153564453,train,shear_only
red1-2.xls,red,new york strip steak,1,0,0.0,2,shear,shear,37,0.0694183,185.961,-0.6745,False,110.92802429199219,train,shear_only
red1-3.xls,red,new york strip steak,1,0,0.0,3,shear,shear,37,0.0665849,271.812,0.0,False,106.26661682128906,train,shear_only
red1-4.xls,red,new york strip steak,1,0,0.0,4,shear,shear,37,0.0724322,416.06,1.133303933559306,False,115.90570068359375,train,shear_only
red1-5.xls,red,new york strip steak,1,0,0.0,5,shear,shear,37,0.072678,108.031,-1.2867675915248513,False,116.31260681152344,test,shear_only
red1-1.xls,red,new york strip steak,1,0,0.0,1,shear,shear,38,0.0735519,324.946,0.27679516971941803,False,117.76026153564453,train,shear_only
red1-2.xls,red,new york strip steak,1,0,0.0,2,shear,shear,38,0.0694183,185.961,-0.6745,False,110.92802429199219,train,shear_only
red1-3.xls,red,new york strip steak,1,0,0.0,3,shear,shear,38,0.07613260000000001,284.506,0.0,False,122.04574584960938,train,shear_only
red1-4.xls,red,new york strip steak,1,0,0.0,4,shear,shear,38,0.0724322,416.06,0.9004330305951602,False,115.90570068359375,train,shear_only
red1-5.xls,red,new york strip steak,1,0,0.0,5,shear,shear,38,0.072678,108.031,-1.2078988025775028,False,116.31260681152344,test,shear_only
red1-1.xls,red,new york strip steak,1,0,0.0,1,shear,shear,39,0.0735519,324.946,0.27679516971941803,False,117.76026153564453,train,shear_only
red1-2.xls,red,new york strip steak,1,0,0.0,2,shear,shear,39,0.0694183,185.961,-0.6745,False,110.92802429199219,train,shear_only
red1-3.xls,red,new york strip steak,1,0,0.0,3,shear,shear,39,0.07613260000000001,284.506,0.0,False,122.04574584960938,train,shear_only
red1-4.xls,red,new york strip steak,1,0,0.0,4,shear,shear,39,0.0724322,416.06,0.9004330305951602,False,115.90570068359375,train,shear_only
red1-5.xls,red,new york strip steak,1,0,0.0,5,shear,shear,39,0.072678,108.031,-1.2078988025775028,False,116.31260681152344,test,shear_only
red1-1.xls,red,new york strip steak,1,0,0.0,1,shear,shear,40,0.0735519,324.946,0.3029844380019333,False,117.76026153564453,train,shear_only
red1-2.xls,red,new york strip steak,1,0,0.0,2,shear,shear,40,0.0793451,194.479,-0.6745,False,127.4029312133789,train,shear_only
red1-3.xls,red,new york strip steak,1,0,0.0,3,shear,shear,40,0.07613260000000001,284.506,0.0,False,122.04574584960938,train,shear_only
red1-4.xls,red,new york strip steak,1,0,0.0,4,shear,shear,40,0.0724322,416.06,0.9856284559076729,False,115.90570068359375,train,shear_only
red1-5.xls,red,new york strip steak,1,0,0.0,5,shear,shear,40,0.072678,108.031,-1.322185427705022,False,116.31260681152344,test,shear_only
red1-1.xls,red,new york strip steak,1,0,0.0,1,shear,shear,41,0.0735518,324.946,0.3029844380019333,False,117.76010131835938,train,shear_only
red1-2.xls,red,new york strip steak,1,0,0.0,2,shear,shear,41,0.0793451,194.479,-0.6745,False,127.4029312133789,train,shear_only
red1-3.xls,red,new york strip steak,1,0,0.0,3,shear,shear,41,0.07613260000000001,284.506,0.0,False,122.04574584960938,train,shear_only
red1-4.xls,red,new york strip steak,1,0,0.0,4,shear,shear,41,0.08283979999999999,439.211,1.1590803036866726,False,133.26023864746094,train,shear_only
red1-5.xls,red,new york strip steak,1,0,0.0,5,shear,shear,41,0.0825937,109.792,-1.3089916691659171,False,132.84671020507812,test,shear_only
red1-1.xls,red,new york strip steak,1,0,0.0,1,shear,shear,42,0.0834277,340.554,0.4199226454285938,False,134.2487030029297,train,shear_only
red1-2.xls,red,new york strip steak,1,0,0.0,2,shear,shear,42,0.0793451,194.479,-0.6745,False,127.4029312133789,train,shear_only
red1-3.xls,red,new york strip steak,1,0,0.0,3,shear,shear,42,0.07613260000000001,284.506,0.0,False,122.04574584960938,train,shear_only
red1-4.xls,red,new york strip steak,1,0,0.0,4,shear,shear,42,0.08283979999999999,439.211,1.1590803036866726,False,133.26023864746094,train,shear_only
red1-5.xls,red,new york strip steak,1,0,0.0,5,shear,shear,42,0.0825937,109.792,-1.3089916691659171,False,132.84671020507812,test,shear_only
red1-1.xls,red,new york strip steak,1,0,0.0,1,shear,shear,43,0.0834277,340.554,0.3061569806212738,False,134.2487030029297,train,shear_only
red1-2.xls,red,new york strip steak,1,0,0.0,2,shear,shear,43,0.0793451,194.479,-0.6745000000000001,False,127.4029312133789,train,shear_only
red1-3.xls,red,new york strip steak,1,0,0.0,3,shear,shear,43,0.0855892,294.95,0.0,False,137.8909149169922,train,shear_only
red1-4.xls,red,new york strip steak,1,0,0.0,4,shear,shear,43,0.08283979999999999,439.211,0.9684789093370231,False,133.26023864746094,train,shear_only
red1-5.xls,red,new york strip steak,1,0,0.0,5,shear,shear,43,0.0825937,109.792,-1.2430360103910583,False,132.84671020507812,test,shear_only
red1-1.xls,red,new york strip steak,1,0,0.0,1,shear,shear,44,0.0834277,340.554,0.3061569806212738,False,134.2487030029297,train,shear_only
red1-2.xls,red,new york strip steak,1,0,0.0,2,shear,shear,44,0.0793451,194.479,-0.6745000000000001,False,127.4029312133789,train,shear_only
red1-3.xls,red,new york strip steak,1,0,0.0,3,shear,shear,44,0.0855892,294.95,0.0,False,137.8909149169922,train,shear_only
red1-4.xls,red,new york strip steak,1,0,0.0,4,shear,shear,44,0.08283979999999999,439.211,0.9684789093370231,False,133.26023864746094,train,shear_only
red1-5.xls,red,new york strip steak,1,0,0.0,5,shear,shear,44,0.0825937,109.792,-1.2430360103910583,False,132.84671020507812,test,shear_only
red1-1.xls,red,new york strip steak,1,0,0.0,1,shear,shear,45,0.0834277,340.554,0.3275361025630104,False,134.2487030029297,train,shear_only
red1-2.xls,red,new york strip steak,1,0,0.0,2,shear,shear,45,0.0893159,201.037,-0.6745,False,144.20071411132812,train,shear_only
red1-3.xls,red,new york strip steak,1,0,0.0,3,shear,shear,45,0.0855892,294.95,0.0,False,137.8909149169922,train,shear_only
red1-4.xls,red,new york strip steak,1,0,0.0,4,shear,shear,45,0.0828397,439.211,1.0361083609297972,False,133.26007080078125,train,shear_only
red1-5.xls,red,new york strip steak,1,0,0.0,5,shear,shear,45,0.0825937,109.792,-1.3298379457583083,False,132.84671020507812,test,shear_only
red1-1.xls,red,new york strip steak,1,0,0.0,1,shear,shear,46,0.0834277,340.554,0.3275361025630104,False,134.2487030029297,train,shear_only
red1-2.xls,red,new york strip steak,1,0,0.0,2,shear,shear,46,0.0893159,201.037,-0.6745,False,144.20071411132812,train,shear_only
red1-3.xls,red,new york strip steak,1,0,0.0,3,shear,shear,46,0.0855892,294.95,0.0,False,137.8909149169922,train,shear_only
red1-4.xls,red,new york strip steak,1,0,0.0,4,shear,shear,46,0.0828397,439.211,1.0361083609297972,False,133.26007080078125,train,shear_only
red1-5.xls,red,new york strip steak,1,0,0.0,5,shear,shear,46,0.0925407,111.699,-1.3161415299266341,False,149.6927032470703,test,shear_only
red1-1.xls,red,new york strip steak,1,0,0.0,1,shear,shear,47,0.0934333,353.728,0.4221541320158021,False,151.2181854248047,train,shear_only
red1-2.xls,red,new york strip steak,1,0,0.0,2,shear,shear,47,0.0893158,201.037,-0.6745,False,144.2005615234375,train,shear_only
red1-3.xls,red,new york strip steak,1,0,0.0,3,shear,shear,47,0.0855892,294.95,0.0,False,137.8909149169922,train,shear_only
red1-4.xls,red,new york strip steak,1,0,0.0,4,shear,shear,47,0.0932373,459.402,1.1811237421869178,False,150.88307189941406,train,shear_only
red1-5.xls,red,new york strip steak,1,0,0.0,5,shear,shear,47,0.0925409,111.699,-1.3161415299266341,False,149.69302368164062,test,shear_only
red1-1.xls,red,new york strip steak,1,0,0.0,1,shear,shear,48,0.0934333,353.728,0.32337886230851987,False,151.2181854248047,train,shear_only
red1-2.xls,red,new york strip steak,1,0,0.0,2,shear,shear,48,0.0893158,201.037,-0.6745,False,144.2005615234375,train,shear_only
red1-3.xls,red,new york strip steak,1,0,0.0,3,shear,shear,48,0.0950574,304.246,0.0,False,154.00006103515625,train,shear_only
red1-4.xls,red,new york strip steak,1,0,0.0,4,shear,shear,48,0.0932373,459.402,1.0139883343506866,False,150.88307189941406,train,shear_only
red1-5.xls,red,new york strip steak,1,0,0.0,5,shear,shear,48,0.0925409,111.699,-1.258349092617892,False,149.69302368164062,test,shear_only
red1-1.xls,red,new york strip steak,1,0,0.0,1,shear,shear,49,0.0934334,353.728,0.32337886230851987,False,151.21835327148438,train,shear_only
red1-2.xls,red,new york strip steak,1,0,0.0,2,shear,shear,49,0.0893158,201.037,-0.6745,False,144.2005615234375,train,shear_only
red1-3.xls,red,new york strip steak,1,0,0.0,3,shear,shear,49,0.0950574,304.246,0.0,False,154.00006103515625,train,shear_only
red1-4.xls,red,new york strip steak,1,0,0.0,4,shear,shear,49,0.0932373,459.402,1.0139883343506866,False,150.88307189941406,train,shear_only
red1-5.xls,red,new york strip steak,1,0,0.0,5,shear,shear,49,0.0925407,111.699,-1.258349092617892,False,149.6927032470703,test,shear_only
red1-1.xls,red,new york strip steak,1,0,0.0,1,shear,shear,50,0.0934334,353.728,0.3400296367989407,False,151.21835327148438,train,shear_only
red1-2.xls,red,new york strip steak,1,0,0.0,2,shear,shear,50,0.09916140000000001,206.091,-0.6745,False,161.06600952148438,train,shear_only
red1-3.xls,red,new york strip steak,1,0,0.0,3,shear,shear,50,0.0950574,304.246,0.0,False,154.00006103515625,train,shear_only
red1-4.xls,red,new york strip steak,1,0,0.0,4,shear,shear,50,0.0932373,459.402,1.0661985838724468,False,150.88307189941406,train,shear_only
red1-5.xls,red,new york strip steak,1,0,0.0,5,shear,shear,50,0.0925407,111.699,-1.323141475217768,False,149.6927032470703,test,shear_only
red1-1.xls,red,new york strip steak,1,0,0.0,1,shear,shear,51,0.09343320000000001,353.728,0.3400296367989407,False,151.21803283691406,train,shear_only
red1-2.xls,red,new york strip steak,1,0,0.0,2,shear,shear,51,0.09916140000000001,206.091,-0.6745,False,161.06600952148438,train,shear_only
red1-3.xls,red,new york strip steak,1,0,0.0,3,shear,shear,51,0.0950574,304.246,0.0,False,154.00006103515625,train,shear_only
red1-4.xls,red,new york strip steak,1,0,0.0,4,shear,shear,51,0.0932371,459.402,1.0661985838724468,False,150.88275146484375,train,shear_only
red1-5.xls,red,new york strip steak,1,0,0.0,5,shear,shear,51,0.10242699999999999,114.143,-1.3063468340889413,False,166.72665405273438,test,shear_only
red1-1.xls,red,new york strip steak,1,0,0.0,1,shear,shear,52,0.103276,363.122,0.33123917275170217,False,168.2040252685547,train,shear_only
red1-2.xls,red,new york strip steak,1,0,0.0,2,shear,shear,52,0.09916140000000001,206.091,-0.6745,False,161.06600952148438,train,shear_only
red1-3.xls,red,new york strip steak,1,0,0.0,3,shear,shear,52,0.10454599999999999,311.404,0.0,False,170.41856384277344,train,shear_only
red1-4.xls,red,new york strip steak,1,0,0.0,4,shear,shear,52,0.103629,476.237,1.055708777643786,False,168.81910705566406,train,shear_only
red1-5.xls,red,new york strip steak,1,0,0.0,5,shear,shear,52,0.10242699999999999,114.143,-1.263400952399039,False,166.72665405273438,test,shear_only
red1-1.xls,red,new york strip steak,1,0,0.0,1,shear,shear,53,0.103276,363.122,0.33123917275170217,False,168.2040252685547,train,shear_only
red1-2.xls,red,new york strip steak,1,0,0.0,2,shear,shear,53,0.09916140000000001,206.091,-0.6745,False,161.06600952148438,train,shear_only
red1-3.xls,red,new york strip steak,1,0,0.0,3,shear,shear,53,0.10454599999999999,311.404,0.0,False,170.41856384277344,train,shear_only
red1-4.xls,red,new york strip steak,1,0,0.0,4,shear,shear,53,0.103629,476.237,1.055708777643786,False,168.81910705566406,train,shear_only
red1-5.xls,red,new york strip steak,1,0,0.0,5,shear,shear,53,0.10242699999999999,114.143,-1.263400952399039,False,166.72665405273438,test,shear_only
red1-1.xls,red,new york strip steak,1,0,0.0,1,shear,shear,54,0.103276,363.122,0.33123917275170217,False,168.2040252685547,train,shear_only
red1-2.xls,red,new york strip steak,1,0,0.0,2,shear,shear,54,0.09916140000000001,206.091,-0.6745,False,161.06600952148438,train,shear_only
red1-3.xls,red,new york strip steak,1,0,0.0,3,shear,shear,54,0.10454599999999999,311.404,0.0,False,170.41856384277344,train,shear_only
red1-4.xls,red,new york strip steak,1,0,0.0,4,shear,shear,54,0.103629,476.237,1.055708777643786,False,168.81910705566406,train,shear_only
red1-5.xls,red,new york strip steak,1,0,0.0,5,shear,shear,54,0.10242699999999999,114.143,-1.263400952399039,False,166.72665405273438,test,shear_only
red1-1.xls,red,new york strip steak,1,0,0.0,1,shear,shear,55,0.103276,363.122,0.35390225121488517,False,168.2040252685547,train,shear_only
red1-2.xls,red,new york strip steak,1,0,0.0,2,shear,shear,55,0.109153,212.835,-0.6745,False,178.4983673095703,train,shear_only
red1-3.xls,red,new york strip steak,1,0,0.0,3,shear,shear,55,0.10454599999999999,311.404,0.0,False,170.41856384277344,train,shear_only
red1-4.xls,red,new york strip steak,1,0,0.0,4,shear,shear,55,0.103629,476.237,1.1279393977822645,False,168.81910705566406,train,shear_only
red1-5.xls,red,new york strip steak,1,0,0.0,5,shear,shear,55,0.10242699999999999,114.143,-1.3498416794326817,False,166.72665405273438,test,shear_only
red1-1.xls,red,new york strip steak,1,0,0.0,1,shear,shear,56,0.103276,363.122,0.35390225121488517,False,168.2040252685547,train,shear_only
red1-2.xls,red,new york strip steak,1,0,0.0,2,shear,shear,56,0.109153,212.835,-0.6745,False,178.4983673095703,train,shear_only
red1-3.xls,red,new york strip steak,1,0,0.0,3,shear,shear,56,0.10454599999999999,311.404,0.0,False,170.41856384277344,train,shear_only
red1-4.xls,red,new york strip steak,1,0,0.0,4,shear,shear,56,0.103629,476.237,1.1279393977822645,False,168.81910705566406,train,shear_only
red1-5.xls,red,new york strip steak,1,0,0.0,5,shear,shear,56,0.11239800000000001,114.464,-1.347645101401049,False,184.234375,test,shear_only
red1-1.xls,red,new york strip steak,1,0,0.0,1,shear,shear,57,0.113236,371.581,0.34813692886613723,False,185.72189331054688,train,shear_only
red1-2.xls,red,new york strip steak,1,0,0.0,2,shear,shear,57,0.109153,212.835,-0.6745,False,178.4983673095703,train,shear_only
red1-3.xls,red,new york strip steak,1,0,0.0,3,shear,shear,57,0.114093,317.539,0.0,False,187.24581909179688,train,shear_only
red1-4.xls,red,new york strip steak,1,0,0.0,4,shear,shear,57,0.114024,490.078,1.1114910175351467,False,187.12301635742188,train,shear_only
red1-5.xls,red,new york strip steak,1,0,0.0,5,shear,shear,57,0.11239800000000001,114.464,-1.3082030056158316,False,184.234375,test,shear_only
red1-1.xls,red,new york strip steak,1,0,0.0,1,shear,shear,58,0.113236,371.581,0.34813692886613723,False,185.72189331054688,train,shear_only
red1-2.xls,red,new york strip steak,1,0,0.0,2,shear,shear,58,0.109153,212.835,-0.6745,False,178.4983673095703,train,shear_only
red1-3.xls,red,new york strip steak,1,0,0.0,3,shear,shear,58,0.114093,317.539,0.0,False,187.24581909179688,train,shear_only
red1-4.xls,red,new york strip steak,1,0,0.0,4,shear,shear,58,0.114024,490.078,1.1114910175351467,False,187.12301635742188,train,shear_only
red1-5.xls,red,new york strip steak,1,0,0.0,5,shear,shear,58,0.11239800000000001,114.464,-1.3082030056158316,False,184.234375,test,shear_only
red1-1.xls,red,new york strip steak,1,0,0.0,1,shear,shear,59,0.113236,371.581,0.34813692886613723,False,185.72189331054688,train,shear_only
red1-2.xls,red,new york strip steak,1,0,0.0,2,shear,shear,59,0.109153,212.835,-0.6745,False,178.4983673095703,train,shear_only
red1-3.xls,red,new york strip steak,1,0,0.0,3,shear,shear,59,0.114093,317.539,0.0,False,187.24581909179688,train,shear_only
red1-4.xls,red,new york strip steak,1,0,0.0,4,shear,shear,59,0.114024,490.078,1.1114910175351467,False,187.12301635742188,train,shear_only
red1-5.xls,red,new york strip steak,1,0,0.0,5,shear,shear,59,0.11239800000000001,114.464,-1.3082030056158316,False,184.234375,test,shear_only
red1-1.xls,red,new york strip steak,1,0,0.0,1,shear,shear,60,0.113236,371.581,0.363477379468515,False,185.72189331054688,train,shear_only
red1-2.xls,red,new york strip steak,1,0,0.0,2,shear,shear,60,0.119042,217.254,-0.6745,False,196.1005096435547,train,shear_only
red1-3.xls,red,new york strip steak,1,0,0.0,3,shear,shear,60,0.114093,317.539,0.0,False,187.24581909179688,train,shear_only
red1-4.xls,red,new york strip steak,1,0,0.0,4,shear,shear,60,0.114024,490.078,1.1604682205713714,False,187.12301635742188,train,shear_only
red1-5.xls,red,new york strip steak,1,0,0.0,5,shear,shear,60,0.11239800000000001,114.464,-1.3658482076083163,False,184.234375,test,shear_only
red1-1.xls,red,new york strip steak,1,0,0.0,1,shear,shear,61,0.113236,371.581,0.363477379468515,False,185.72189331054688,train,shear_only
red1-2.xls,red,new york strip steak,1,0,0.0,2,shear,shear,61,0.119042,217.254,-0.6745,False,196.1005096435547,train,shear_only
red1-3.xls,red,new york strip steak,1,0,0.0,3,shear,shear,61,0.114093,317.539,0.0,False,187.24581909179688,train,shear_only
red1-4.xls,red,new york strip steak,1,0,0.0,4,shear,shear,61,0.114024,490.078,1.1604682205713714,False,187.12301635742188,train,shear_only
red1-5.xls,red,new york strip steak,1,0,0.0,5,shear,shear,61,0.122305,113.916,-1.369533963204866,False,201.99095153808594,test,shear_only
red1-1.xls,red,new york strip steak,1,0,0.0,1,shear,shear,62,0.123116,377.335,0.3756734603563647,False,203.46142578125,train,shear_only
red1-2.xls,red,new york strip steak,1,0,0.0,2,shear,shear,62,0.119042,217.254,-0.6744999999999999,False,196.1005096435547,train,shear_only
red1-3.xls,red,new york strip steak,1,0,0.0,3,shear,shear,62,0.12353,320.07,0.0,False,204.21327209472656,train,shear_only
red1-4.xls,red,new york strip steak,1,0,0.0,4,shear,shear,62,0.124421,500.229,1.1818904207516339,False,205.83343505859375,train,shear_only
red1-5.xls,red,new york strip steak,1,0,0.0,5,shear,shear,62,0.122305,113.916,-1.3524244572829132,False,201.99095153808594,test,shear_only
red1-1.xls,red,new york strip steak,1,0,0.0,1,shear,shear,63,0.123116,377.335,0.3756734603563647,False,203.46142578125,train,shear_only
red1-2.xls,red,new york strip steak,1,0,0.0,2,shear,shear,63,0.119042,217.254,-0.6744999999999999,False,196.1005096435547,train,shear_only
red1-3.xls,red,new york strip steak,1,0,0.0,3,shear,shear,63,0.12353,320.07,0.0,False,204.21327209472656,train,shear_only
red1-4.xls,red,new york strip steak,1,0,0.0,4,shear,shear,63,0.124421,500.229,1.1818904207516339,False,205.83343505859375,train,shear_only
red1-5.xls,red,new york strip steak,1,0,0.0,5,shear,shear,63,0.122304,113.916,-1.3524244572829132,False,201.9891357421875,test,shear_only
red1-1.xls,red,new york strip steak,1,0,0.0,1,shear,shear,64,0.123116,377.335,0.3756734603563647,False,203.46142578125,train,shear_only
red1-2.xls,red,new york strip steak,1,0,0.0,2,shear,shear,64,0.119042,217.254,-0.6744999999999999,False,196.1005096435547,train,shear_only
red1-3.xls,red,new york strip steak,1,0,0.0,3,shear,shear,64,0.12353,320.07,0.0,False,204.21327209472656,train,shear_only
red1-4.xls,red,new york strip steak,1,0,0.0,4,shear,shear,64,0.124421,500.229,1.1818904207516339,False,205.83343505859375,train,shear_only
red1-5.xls,red,new york strip steak,1,0,0.0,5,shear,shear,64,0.122304,113.916,-1.3524244572829132,False,201.9891357421875,test,shear_only
red1-1.xls,red,new york strip steak,1,0,0.0,1,shear,shear,65,0.123116,377.335,0.38030071875153837,False,203.46142578125,train,shear_only
red1-2.xls,red,new york strip steak,1,0,0.0,2,shear,shear,65,0.12893100000000002,218.505,-0.6745,False,214.0855255126953,train,shear_only
red1-3.xls,red,new york strip steak,1,0,0.0,3,shear,shear,65,0.12353,320.07,0.0,False,204.21327209472656,train,shear_only
red1-4.xls,red,new york strip steak,1,0,0.0,4,shear,shear,65,0.124421,500.229,1.1964480431250921,False,205.83343505859375,train,shear_only
red1-5.xls,red,new york strip steak,1,0,0.0,5,shear,shear,65,0.122304,113.916,-1.3690825875055384,False,201.9891357421875,test,shear_only
red1-1.xls,red,new york strip steak,1,0,0.0,1,shear,shear,66,0.123116,377.335,0.38030071875153837,False,203.46142578125,train,shear_only
red1-2.xls,red,new york strip steak,1,0,0.0,2,shear,shear,66,0.12893100000000002,218.505,-0.6745,False,214.0855255126953,train,shear_only
red1-3.xls,red,new york strip steak,1,0,0.0,3,shear,shear,66,0.12353,320.07,0.0,False,204.21327209472656,train,shear_only
red1-4.xls,red,new york strip steak,1,0,0.0,4,shear,shear,66,0.124421,500.229,1.1964480431250921,False,205.83343505859375,train,shear_only
red1-5.xls,red,new york strip steak,1,0,0.0,5,shear,shear,66,0.132185,114.643,-1.364254531580761,False,220.0933380126953,test,shear_only
red1-1.xls,red,new york strip steak,1,0,0.0,1,shear,shear,67,0.133036,383.095,0.3739578079992448,False,221.67208862304688,train,shear_only
red1-2.xls,red,new york strip steak,1,0,0.0,2,shear,shear,67,0.12893000000000002,218.505,-0.6745000000000001,False,214.0836944580078,train,shear_only
red1-3.xls,red,new york strip steak,1,0,0.0,3,shear,shear,67,0.133022,324.39,0.0,False,221.64617919921875,train,shear_only
red1-4.xls,red,new york strip steak,1,0,0.0,4,shear,shear,67,0.124421,500.229,1.1201152712848845,False,205.83343505859375,train,shear_only
red1-5.xls,red,new york strip steak,1,0,0.0,5,shear,shear,67,0.132185,114.643,-1.3361132502242998,False,220.0933380126953,test,shear_only
red1-1.xls,red,new york strip steak,1,0,0.0,1,shear,shear,68,0.133036,383.095,0.3739578079992448,False,221.67208862304688,train,shear_only
red1-2.xls,red,new york strip steak,1,0,0.0,2,shear,shear,68,0.12893000000000002,218.505,-0.6745000000000001,False,214.0836944580078,train,shear_only
red1-3.xls,red,new york strip steak,1,0,0.0,3,shear,shear,68,0.133022,324.39,0.0,False,221.64617919921875,train,shear_only
red1-4.xls,red,new york strip steak,1,0,0.0,4,shear,shear,68,0.134829,506.746,1.1616293337111017,False,225.0092315673828,train,shear_only
red1-5.xls,red,new york strip steak,1,0,0.0,5,shear,shear,68,0.132185,114.643,-1.3361132502242998,False,220.0933380126953,test,shear_only
red1-1.xls,red,new york strip steak,1,0,0.0,1,shear,shear,69,0.133036,383.095,0.3878703703703707,False,221.67208862304688,train,shear_only
red1-2.xls,red,new york strip steak,1,0,0.0,2,shear,shear,69,0.138868,222.303,-0.6745000000000001,False,232.57986450195312,train,shear_only
red1-3.xls,red,new york strip steak,1,0,0.0,3,shear,shear,69,0.133022,324.39,0.0,False,221.64617919921875,train,shear_only
red1-4.xls,red,new york strip steak,1,0,0.0,4,shear,shear,69,0.134829,506.746,1.204846082263168,False,225.0092315673828,train,shear_only
red1-5.xls,red,new york strip steak,1,0,0.0,5,shear,shear,69,0.132185,114.643,-1.385821421924437,False,220.0933380126953,test,shear_only
red1-1.xls,red,new york strip steak,1,0,0.0,1,shear,shear,70,0.133036,383.095,0.3878703703703707,False,221.67208862304688,train,shear_only
red1-2.xls,red,new york strip steak,1,0,0.0,2,shear,shear,70,0.138868,222.303,-0.6745000000000001,False,232.57986450195312,train,shear_only
red1-3.xls,red,new york strip steak,1,0,0.0,3,shear,shear,70,0.133022,324.39,0.0,False,221.64617919921875,train,shear_only
red1-4.xls,red,new york strip steak,1,0,0.0,4,shear,shear,70,0.134829,506.746,1.204846082263168,False,225.0092315673828,train,shear_only
red1-5.xls,red,new york strip steak,1,0,0.0,5,shear,shear,70,0.132185,114.643,-1.385821421924437,False,220.0933380126953,test,shear_only
red1-1.xls,red,new york strip steak,1,0,0.0,1,shear,shear,71,0.133036,383.095,0.3436868058619753,False,221.67208862304688,train,shear_only
red1-2.xls,red,new york strip steak,1,0,0.0,2,shear,shear,71,0.138868,222.303,-0.6745,False,232.57986450195312,train,shear_only
red1-3.xls,red,new york strip steak,1,0,0.0,3,shear,shear,71,0.142477,328.82,0.0,False,239.40907287597656,train,shear_only
red1-4.xls,red,new york strip steak,1,0,0.0,4,shear,shear,71,0.134829,506.746,1.126684820263432,False,225.0092315673828,train,shear_only
red1-5.xls,red,new york strip steak,1,0,0.0,5,shear,shear,71,0.142118,115.214,-1.3526220884929168,False,238.72706604003906,test,shear_only
red1-1.xls,red,new york strip steak,1,0,0.0,1,shear,shear,72,0.142944,387.255,0.37002926762864147,False,240.29725646972656,train,shear_only
red1-2.xls,red,new york strip steak,1,0,0.0,2,shear,shear,72,0.138868,222.303,-0.6745,False,232.57986450195312,train,shear_only
red1-3.xls,red,new york strip steak,1,0,0.0,3,shear,shear,72,0.142477,328.82,0.0,False,239.40907287597656,train,shear_only
red1-4.xls,red,new york strip steak,1,0,0.0,4,shear,shear,72,0.134829,506.746,1.126684820263432,False,225.0092315673828,train,shear_only
red1-5.xls,red,new york strip steak,1,0,0.0,5,shear,shear,72,0.142118,115.214,-1.3526220884929168,False,238.72706604003906,test,shear_only
red1-1.xls,red,new york strip steak,1,0,0.0,1,shear,shear,73,0.142944,387.255,0.37002926762864147,False,240.29725646972656,train,shear_only
red1-2.xls,red,new york strip steak,1,0,0.0,2,shear,shear,73,0.138868,222.303,-0.6745,False,232.57986450195312,train,shear_only
red1-3.xls,red,new york strip steak,1,0,0.0,3,shear,shear,73,0.142477,328.82,0.0,False,239.40907287597656,train,shear_only
red1-4.xls,red,new york strip steak,1,0,0.0,4,shear,shear,73,0.145221,509.863,1.1464226696208117,False,244.643310546875,train,shear_only
red1-5.xls,red,new york strip steak,1,0,0.0,5,shear,shear,73,0.142118,115.214,-1.3526220884929168,False,238.72706604003906,test,shear_only
red1-1.xls,red,new york strip steak,1,0,0.0,1,shear,shear,74,0.142944,387.255,0.3829020702183881,False,240.29725646972656,train,shear_only
red1-2.xls,red,new york strip steak,1,0,0.0,2,shear,shear,74,0.14876,225.884,-0.6745,False,251.4490509033203,train,shear_only
red1-3.xls,red,new york strip steak,1,0,0.0,3,shear,shear,74,0.142477,328.82,0.0,False,239.40907287597656,train,shear_only
red1-4.xls,red,new york strip steak,1,0,0.0,4,shear,shear,74,0.145221,509.863,1.1863051167715861,False,244.643310546875,train,shear_only
red1-5.xls,red,new york strip steak,1,0,0.0,5,shear,shear,74,0.142118,115.214,-1.3996779260899976,False,238.72706604003906,test,shear_only
red1-1.xls,red,new york strip steak,1,0,0.0,1,shear,shear,75,0.142944,387.255,0.3829020702183881,False,240.29725646972656,train,shear_only
red1-2.xls,red,new york strip steak,1,0,0.0,2,shear,shear,75,0.14876,225.884,-0.6745,False,251.4490509033203,train,shear_only
red1-3.xls,red,new york strip steak,1,0,0.0,3,shear,shear,75,0.142477,328.82,0.0,False,239.40907287597656,train,shear_only
red1-4.xls,red,new york strip steak,1,0,0.0,4,shear,shear,75,0.145221,509.863,1.1863051167715861,False,244.643310546875,train,shear_only
red1-5.xls,red,new york strip steak,1,0,0.0,5,shear,shear,75,0.142118,115.214,-1.3996779260899976,False,238.72706604003906,test,shear_only
red1-1.xls,red,new york strip steak,1,0,0.0,1,shear,shear,76,0.142944,387.255,0.36620007553447825,False,240.29725646972656,train,shear_only
red1-2.xls,red,new york strip steak,1,0,0.0,2,shear,shear,76,0.14876,225.884,-0.6745000000000001,False,251.4490509033203,train,shear_only
red1-3.xls,red,new york strip steak,1,0,0.0,3,shear,shear,76,0.151982,330.472,0.0,False,257.7003173828125,train,shear_only
red1-4.xls,red,new york strip steak,1,0,0.0,4,shear,shear,76,0.145221,509.863,1.1569131210081465,False,244.643310546875,train,shear_only
red1-5.xls,red,new york strip steak,1,0,0.0,5,shear,shear,76,0.152038,118.031,-1.3700563592381534,False,257.8095703125,test,shear_only
red1-1.xls,red,new york strip steak,1,0,0.0,1,shear,shear,77,0.152867,392.964,0.4030180709067963,False,259.42694091796875,train,shear_only
red1-2.xls,red,new york strip steak,1,0,0.0,2,shear,shear,77,0.14876,225.884,-0.6745000000000001,False,251.4490509033203,train,shear_only
red1-3.xls,red,new york strip steak,1,0,0.0,3,shear,shear,77,0.151982,330.472,0.0,False,257.7003173828125,train,shear_only
red1-4.xls,red,new york strip steak,1,0,0.0,4,shear,shear,77,0.145221,509.863,1.1569131210081465,False,244.643310546875,train,shear_only
red1-5.xls,red,new york strip steak,1,0,0.0,5,shear,shear,77,0.152038,118.031,-1.3700563592381534,False,257.8095703125,test,shear_only
red1-1.xls,red,new york strip steak,1,0,0.0,1,shear,shear,78,0.152867,392.964,0.4030180709067963,False,259.42694091796875,train,shear_only
red1-2.xls,red,new york strip steak,1,0,0.0,2,shear,shear,78,0.14876,225.884,-0.6745000000000001,False,251.4490509033203,train,shear_only
red1-3.xls,red,new york strip steak,1,0,0.0,3,shear,shear,78,0.151982,330.472,0.0,False,257.7003173828125,train,shear_only
red1-4.xls,red,new york strip steak,1,0,0.0,4,shear,shear,78,0.15561,511.074,1.164722998814396,False,264.8042907714844,train,shear_only
red1-5.xls,red,new york strip steak,1,0,0.0,5,shear,shear,78,0.152038,118.031,-1.3700563592381534,False,257.8095703125,test,shear_only
red1-1.xls,red,new york strip steak,1,0,0.0,1,shear,shear,79,0.152867,392.964,0.4098244450710253,False,259.42694091796875,train,shear_only
red1-2.xls,red,new york strip steak,1,0,0.0,2,shear,shear,79,0.158702,227.621,-0.6745,False,270.914306640625,train,shear_only
red1-3.xls,red,new york strip steak,1,0,0.0,3,shear,shear,79,0.151982,330.472,0.0,False,257.7003173828125,train,shear_only
red1-4.xls,red,new york strip steak,1,0,0.0,4,shear,shear,79,0.15561,511.074,1.184393433218929,False,264.8042907714844,train,shear_only
red1-5.xls,red,new york strip steak,1,0,0.0,5,shear,shear,79,0.152038,118.031,-1.393194567870026,False,257.8095703125,test,shear_only
red1-1.xls,red,new york strip steak,1,0,0.0,1,shear,shear,80,0.152867,392.964,0.4098244450710253,False,259.42694091796875,train,shear_only
red1-2.xls,red,new york strip steak,1,0,0.0,2,shear,shear,80,0.158702,227.621,-0.6745,False,270.914306640625,train,shear_only
red1-3.xls,red,new york strip steak,1,0,0.0,3,shear,shear,80,0.151982,330.472,0.0,False,257.7003173828125,train,shear_only
red1-4.xls,red,new york strip steak,1,0,0.0,4,shear,shear,80,0.15561,511.074,1.184393433218929,False,264.8042907714844,train,shear_only
red1-5.xls,red,new york strip steak,1,0,0.0,5,shear,shear,80,0.152038,118.031,-1.393194567870026,False,257.8095703125,test,shear_only
red1-1.xls,red,new york strip steak,1,0,0.0,1,shear,shear,81,0.152868,392.964,0.4175435304140065,False,259.4288024902344,train,shear_only
red1-2.xls,red,new york strip steak,1,0,0.0,2,shear,shear,81,0.158702,227.621,-0.6745,False,270.914306640625,train,shear_only
red1-3.xls,red,new york strip steak,1,0,0.0,3,shear,shear,81,0.161464,329.745,0.0,False,276.41668701171875,train,shear_only
red1-4.xls,red,new york strip steak,1,0,0.0,4,shear,shear,81,0.15561,511.074,1.1976265177627199,False,264.8042907714844,train,shear_only
red1-5.xls,red,new york strip steak,1,0,0.0,5,shear,shear,81,0.161945,118.068,-1.3980664339430497,False,277.3793640136719,test,shear_only
red1-1.xls,red,new york strip steak,1,0,0.0,1,shear,shear,82,0.162791,397.462,0.4472515422427636,False,279.07550048828125,train,shear_only
red1-2.xls,red,new york strip steak,1,0,0.0,2,shear,shear,82,0.158702,227.621,-0.6745,False,270.914306640625,train,shear_only
red1-3.xls,red,new york strip steak,1,0,0.0,3,shear,shear,82,0.161464,329.745,0.0,False,276.41668701171875,train,shear_only
red1-4.xls,red,new york strip steak,1,0,0.0,4,shear,shear,82,0.15561,511.074,1.1976265177627199,False,264.8042907714844,train,shear_only
red1-5.xls,red,new york strip steak,1,0,0.0,5,shear,shear,82,0.161945,118.068,-1.3980664339430497,False,277.3793640136719,test,shear_only
red1-1.xls,red,new york strip steak,1,0,0.0,1,shear,shear,83,0.162792,397.462,0.4472515422427636,False,279.0774230957031,train,shear_only
red1-2.xls,red,new york strip steak,1,0,0.0,2,shear,shear,83,0.158702,227.621,-0.6745,False,270.914306640625,train,shear_only
red1-3.xls,red,new york strip steak,1,0,0.0,3,shear,shear,83,0.161464,329.745,0.0,False,276.41668701171875,train,shear_only
red1-4.xls,red,new york strip steak,1,0,0.0,4,shear,shear,83,0.165973,510.843,1.1961008284046846,False,285.4919738769531,train,shear_only
red1-5.xls,red,new york strip steak,1,0,0.0,5,shear,shear,83,0.161945,118.068,-1.3980664339430497,False,277.3793640136719,test,shear_only
red1-1.xls,red,new york strip steak,1,0,0.0,1,shear,shear,84,0.162792,397.462,0.4566415710229544,False,279.0774230957031,train,shear_only
red1-2.xls,red,new york strip steak,1,0,0.0,2,shear,shear,84,0.168613,229.721,-0.6745,False,290.8602294921875,train,shear_only
red1-3.xls,red,new york strip steak,1,0,0.0,3,shear,shear,84,0.161464,329.745,0.0,False,276.41668701171875,train,shear_only
red1-4.xls,red,new york strip steak,1,0,0.0,4,shear,shear,84,0.165973,510.843,1.2212129188994643,False,285.4919738769531,train,shear_only
red1-5.xls,red,new york strip steak,1,0,0.0,5,shear,shear,84,0.161945,118.068,-1.427418784491722,False,277.3793640136719,test,shear_only
red1-1.xls,red,new york strip steak,1,0,0.0,1,shear,shear,85,0.162792,397.462,0.4566415710229544,False,279.0774230957031,train,shear_only
red1-2.xls,red,new york strip steak,1,0,0.0,2,shear,shear,85,0.168613,229.721,-0.6745,False,290.8602294921875,train,shear_only
red1-3.xls,red,new york strip steak,1,0,0.0,3,shear,shear,85,0.161464,329.745,0.0,False,276.41668701171875,train,shear_only
red1-4.xls,red,new york strip steak,1,0,0.0,4,shear,shear,85,0.165973,510.843,1.2212129188994643,False,285.4919738769531,train,shear_only
red1-5.xls,red,new york strip steak,1,0,0.0,5,shear,shear,85,0.161945,118.068,-1.427418784491722,False,277.3793640136719,test,shear_only
red1-1.xls,red,new york strip steak,1,0,0.0,1,shear,shear,86,0.162792,397.462,0.44023658567825347,False,279.0774230957031,train,shear_only
red1-2.xls,red,new york strip steak,1,0,0.0,2,shear,shear,86,0.168613,229.721,-0.6745,False,290.8602294921875,train,shear_only
red1-3.xls,red,new york strip steak,1,0,0.0,3,shear,shear,86,0.170982,331.217,0.0,False,295.7125549316406,train,shear_only
red1-4.xls,red,new york strip steak,1,0,0.0,4,shear,shear,86,0.165973,510.843,1.1937193288405459,False,285.4919738769531,train,shear_only
red1-5.xls,red,new york strip steak,1,0,0.0,5,shear,shear,86,0.171936,117.815,-1.4181805095767324,False,297.6761169433594,test,shear_only
red1-1.xls,red,new york strip steak,1,0,0.0,1,shear,shear,87,0.17272500000000002,403.191,0.4783091254827776,False,299.30438232421875,train,shear_only
red1-2.xls,red,new york strip steak,1,0,0.0,2,shear,shear,87,0.168613,229.721,-0.6745,False,290.8602294921875,train,shear_only
red1-3.xls,red,new york strip steak,1,0,0.0,3,shear,shear,87,0.170982,331.217,0.0,False,295.7125549316406,train,shear_only
red1-4.xls,red,new york strip steak,1,0,0.0,4,shear,shear,87,0.165973,510.843,1.1937193288405459,False,285.4919738769531,train,shear_only
red1-5.xls,red,new york strip steak,1,0,0.0,5,shear,shear,87,0.171936,117.815,-1.4181805095767324,False,297.6761169433594,test,shear_only
red1-1.xls,red,new york strip steak,1,0,0.0,1,shear,shear,88,0.17272500000000002,403.191,0.4783091254827776,False,299.30438232421875,train,shear_only
red1-2.xls,red,new york strip steak,1,0,0.0,2,shear,shear,88,0.168613,229.721,-0.6745,False,290.8602294921875,train,shear_only
red1-3.xls,red,new york strip steak,1,0,0.0,3,shear,shear,88,0.170982,331.217,0.0,False,295.7125549316406,train,shear_only
red1-4.xls,red,new york strip steak,1,0,0.0,4,shear,shear,88,0.176373,507.657,1.172546504295736,False,306.88232421875,train,shear_only
red1-5.xls,red,new york strip steak,1,0,0.0,5,shear,shear,88,0.171936,117.815,-1.4181805095767324,False,297.6761169433594,test,shear_only
red1-1.xls,red,new york strip steak,1,0,0.0,1,shear,shear,89,0.17272500000000002,403.191,0.4803916937143762,False,299.30438232421875,train,shear_only
red1-2.xls,red,new york strip steak,1,0,0.0,2,shear,shear,89,0.17854,230.161,-0.6745,False,311.4234619140625,train,shear_only
red1-3.xls,red,new york strip steak,1,0,0.0,3,shear,shear,89,0.170982,331.217,0.0,False,295.7125549316406,train,shear_only
red1-4.xls,red,new york strip steak,1,0,0.0,4,shear,shear,89,0.176373,507.657,1.1776517970234328,False,306.88232421875,train,shear_only
red1-5.xls,red,new york strip steak,1,0,0.0,5,shear,shear,89,0.171936,117.815,-1.424355298052565,False,297.6761169433594,test,shear_only
red1-1.xls,red,new york strip steak,1,0,0.0,1,shear,shear,90,0.17272500000000002,403.191,0.4599271911663212,False,299.30438232421875,train,shear_only
red1-2.xls,red,new york strip steak,1,0,0.0,2,shear,shear,90,0.17854,230.161,-0.6745,False,311.4234619140625,train,shear_only
red1-3.xls,red,new york strip steak,1,0,0.0,3,shear,shear,90,0.180453,333.04,0.0,False,315.45721435546875,train,shear_only
red1-4.xls,red,new york strip steak,1,0,0.0,4,shear,shear,90,0.176373,507.657,1.144831953071083,False,306.88232421875,train,shear_only
red1-5.xls,red,new york strip steak,1,0,0.0,5,shear,shear,90,0.171936,117.815,-1.4110679779158037,False,297.6761169433594,test,shear_only
red1-1.xls,red,new york strip steak,1,0,0.0,1,shear,shear,91,0.17272500000000002,403.191,0.4599271911663212,False,299.30438232421875,train,shear_only
red1-2.xls,red,new york strip steak,1,0,0.0,2,shear,shear,91,0.17854,230.161,-0.6745,False,311.4234619140625,train,shear_only
red1-3.xls,red,new york strip steak,1,0,0.0,3,shear,shear,91,0.180453,333.04,0.0,False,315.45721435546875,train,shear_only
red1-4.xls,red,new york strip steak,1,0,0.0,4,shear,shear,91,0.176373,507.657,1.144831953071083,False,306.88232421875,train,shear_only
red1-5.xls,red,new york strip steak,1,0,0.0,5,shear,shear,91,0.181812,118.644,-1.4056328502415458,False,318.33734130859375,test,shear_only
red1-1.xls,red,new york strip steak,1,0,0.0,1,shear,shear,92,0.18263300000000002,407.063,0.4853129744651481,False,320.0830993652344,train,shear_only
red1-2.xls,red,new york strip steak,1,0,0.0,2,shear,shear,92,0.17854,230.161,-0.6745,False,311.4234619140625,train,shear_only
red1-3.xls,red,new york strip steak,1,0,0.0,3,shear,shear,92,0.180453,333.04,0.0,False,315.45721435546875,train,shear_only
red1-4.xls,red,new york strip steak,1,0,0.0,4,shear,shear,92,0.176373,507.657,1.144831953071083,False,306.88232421875,train,shear_only
red1-5.xls,red,new york strip steak,1,0,0.0,5,shear,shear,92,0.181812,118.644,-1.4056328502415458,False,318.33734130859375,test,shear_only
red1-1.xls,red,new york strip steak,1,0,0.0,1,shear,shear,93,0.18263300000000002,407.063,0.4853129744651481,False,320.0830993652344,train,shear_only
red1-2.xls,red,new york strip steak,1,0,0.0,2,shear,shear,93,0.17854,230.161,-0.6745,False,311.4234619140625,train,shear_only
red1-3.xls,red,new york strip steak,1,0,0.0,3,shear,shear,93,0.180453,333.04,0.0,False,315.45721435546875,train,shear_only
red1-4.xls,red,new york strip steak,1,0,0.0,4,shear,shear,93,0.176373,507.657,1.144831953071083,False,306.88232421875,train,shear_only
red1-5.xls,red,new york strip steak,1,0,0.0,5,shear,shear,93,0.181813,118.644,-1.4056328502415458,False,318.3395690917969,test,shear_only
red1-1.xls,red,new york strip steak,1,0,0.0,1,shear,shear,94,0.18263300000000002,407.063,0.49681101613962436,False,320.0830993652344,train,shear_only
red1-2.xls,red,new york strip steak,1,0,0.0,2,shear,shear,94,0.188467,232.542,-0.6745,False,332.61865234375,train,shear_only
red1-3.xls,red,new york strip steak,1,0,0.0,3,shear,shear,94,0.180453,333.04,0.0,False,315.45721435546875,train,shear_only
red1-4.xls,red,new york strip steak,1,0,0.0,4,shear,shear,94,0.186785,502.113,1.1347463481860331,False,328.98095703125,train,shear_only
red1-5.xls,red,new york strip steak,1,0,0.0,5,shear,shear,94,0.181813,118.644,-1.4389351230870264,False,318.3395690917969,test,shear_only
red1-1.xls,red,new york strip steak,1,0,0.0,1,shear,shear,95,0.18263200000000002,407.063,0.45491506437932977,False,320.08111572265625,train,shear_only
red1-2.xls,red,new york strip steak,1,0,0.0,2,shear,shear,95,0.188467,232.542,-0.6745,False,332.61865234375,train,shear_only
red1-3.xls,red,new york strip steak,1,0,0.0,3,shear,shear,95,0.18996500000000002,336.768,0.0,False,335.8749084472656,train,shear_only
red1-4.xls,red,new york strip steak,1,0,0.0,4,shear,shear,95,0.186785,502.113,1.0700324535144787,False,328.98095703125,train,shear_only
red1-5.xls,red,new york strip steak,1,0,0.0,5,shear,shear,95,0.181813,118.644,-1.411592481722411,False,318.3395690917969,test,shear_only
red1-1.xls,red,new york strip steak,1,0,0.0,1,shear,shear,96,0.192584,411.764,0.4853376508740625,False,341.6056213378906,train,shear_only
red1-2.xls,red,new york strip steak,1,0,0.0,2,shear,shear,96,0.188467,232.542,-0.6745,False,332.61865234375,train,shear_only
red1-3.xls,red,new york strip steak,1,0,0.0,3,shear,shear,96,0.18996500000000002,336.768,0.0,False,335.8749084472656,train,shear_only
red1-4.xls,red,new york strip steak,1,0,0.0,4,shear,shear,96,0.186785,502.113,1.0700324535144787,False,328.98095703125,train,shear_only
red1-5.xls,red,new york strip steak,1,0,0.0,5,shear,shear,96,0.19171700000000003,120.01,-1.4027523938364708,False,339.7030029296875,test,shear_only
red1-1.xls,red,new york strip steak,1,0,0.0,1,shear,shear,97,0.192585,411.764,0.4853376508740625,False,341.607666015625,train,shear_only
red1-2.xls,red,new york strip steak,1,0,0.0,2,shear,shear,97,0.188467,232.542,-0.6745,False,332.61865234375,train,shear_only
red1-3.xls,red,new york strip steak,1,0,0.0,3,shear,shear,97,0.18996500000000002,336.768,0.0,False,335.8749084472656,train,shear_only
red1-4.xls,red,new york strip steak,1,0,0.0,4,shear,shear,97,0.186785,502.113,1.0700324535144787,False,328.98095703125,train,shear_only
red1-5.xls,red,new york strip steak,1,0,0.0,5,shear,shear,97,0.19171600000000003,120.01,-1.4027523938364708,False,339.70098876953125,test,shear_only
red1-1.xls,red,new york strip steak,1,0,0.0,1,shear,shear,98,0.192585,411.764,0.4853376508740625,False,341.607666015625,train,shear_only
red1-2.xls,red,new york strip steak,1,0,0.0,2,shear,shear,98,0.188467,232.542,-0.6745,False,332.61865234375,train,shear_only
red1-3.xls,red,new york strip steak,1,0,0.0,3,shear,shear,98,0.18996500000000002,336.768,0.0,False,335.8749084472656,train,shear_only
red1-4.xls,red,new york strip steak,1,0,0.0,4,shear,shear,98,0.186785,502.113,1.0700324535144787,False,328.98095703125,train,shear_only
red1-5.xls,red,new york strip steak,1,0,0.0,5,shear,shear,98,0.19171600000000003,120.01,-1.4027523938364708,False,339.70098876953125,test,shear_only
red1-1.xls,red,new york strip steak,1,0,0.0,1,shear,shear,99,0.192584,411.764,0.4805928649470338,False,341.6056213378906,train,shear_only
red1-2.xls,red,new york strip steak,1,0,0.0,2,shear,shear,99,0.19837,231.513,-0.6745,False,354.4406433105469,train,shear_only
red1-3.xls,red,new york strip steak,1,0,0.0,3,shear,shear,99,0.18996500000000002,336.768,0.0,False,335.8749084472656,train,shear_only
red1-4.xls,red,new york strip steak,1,0,0.0,4,shear,shear,99,0.197156,498.06,1.0335989169160615,False,351.7273864746094,train,shear_only
red1-5.xls,red,new york strip steak,1,0,0.0,5,shear,shear,99,0.19171600000000003,120.01,-1.3890387250011877,False,339.70098876953125,test,shear_only
red2-1.xls,red,new york strip steak,2,24,1.0,1,shear,shear,0,-2.41094e-05,13.5404,0.0,False,-0.03597851097583771,train,shear_only
red2-2.xls,red,new york strip steak,2,24,1.0,2,shear,shear,0,1.12871e-05,43.266,0.6785127885806334,False,0.0168437659740448,train,shear_only
red2-3.xls,red,new york strip steak,2,24,1.0,3,shear,shear,0,0.015583800000000002,89.1552,1.725973867843437,False,23.274261474609375,train,shear_only
red2-4.xls,red,new york strip steak,2,24,1.0,4,shear,shear,0,0.00124467,9.91565,-0.08273808536775208,False,1.8574327230453491,train,shear_only
red2-5.xls,red,new york strip steak,2,24,1.0,5,shear,shear,0,-0.0012962499999999999,-16.0094,-0.6744999999999999,False,-1.9344074726104736,test,shear_only
red2-1.xls,red,new york strip steak,2,24,1.0,1,shear,shear,1,-2.40954e-05,13.5404,0.0,False,-0.03595761954784393,train,shear_only
red2-2.xls,red,new york strip steak,2,24,1.0,2,shear,shear,1,1.12871e-05,43.266,0.6785127885806334,False,0.0168437659740448,train,shear_only
red2-3.xls,red,new york strip steak,2,24,1.0,3,shear,shear,1,0.015583800000000002,89.1552,1.725973867843437,False,23.274261474609375,train,shear_only
red2-4.xls,red,new york strip steak,2,24,1.0,4,shear,shear,1,0.00124467,9.91565,-0.08273808536775208,False,1.8574327230453491,train,shear_only
red2-5.xls,red,new york strip steak,2,24,1.0,5,shear,shear,1,-0.0012962499999999999,-16.0094,-0.6744999999999999,False,-1.9344074726104736,test,shear_only
red2-1.xls,red,new york strip steak,2,24,1.0,1,shear,shear,2,-2.40954e-05,13.5404,0.0,False,-0.03595761954784393,train,shear_only
red2-4.xls,red,new york strip steak,2,24,1.0,4,shear,shear,2,0.00124467,9.91565,-0.6745,False,1.8574327230453491,train,shear_only
red2-5.xls,red,new york strip steak,2,24,1.0,5,shear,shear,2,0.00361278,10.1271,-0.6351530036554244,False,5.391591548919678,test,shear_only
red2-1.xls,red,new york strip steak,2,24,1.0,1,shear,shear,3,0.00521855,49.9611,0.1362702126503898,False,7.788348197937012,train,shear_only
red2-2.xls,red,new york strip steak,2,24,1.0,2,shear,shear,3,1.12867e-05,43.266,0.0,False,0.016843168064951897,train,shear_only
red2-3.xls,red,new york strip steak,2,24,1.0,3,shear,shear,3,0.00517281,106.329,1.2835668504386084,False,7.720072269439697,train,shear_only
red2-4.xls,red,new york strip steak,2,24,1.0,4,shear,shear,3,0.0012446599999999999,9.91565,-0.6788037947849808,False,1.8574177026748657,train,shear_only
red2-5.xls,red,new york strip steak,2,24,1.0,5,shear,shear,3,0.00361278,10.1271,-0.6745,False,5.391591548919678,test,shear_only
red2-1.xls,red,new york strip steak,2,24,1.0,1,shear,shear,4,0.00521855,49.9611,0.0,False,7.788348197937012,train,shear_only
red2-2.xls,red,new york strip steak,2,24,1.0,2,shear,shear,4,0.0068359499999999995,104.057,0.9111568118225665,False,10.202865600585938,train,shear_only
red2-3.xls,red,new york strip steak,2,24,1.0,3,shear,shear,4,0.00517281,106.329,0.9494249296736581,False,7.720072269439697,train,shear_only
red2-4.xls,red,new york strip steak,2,24,1.0,4,shear,shear,4,0.0012446599999999999,9.91565,-0.6745,False,1.8574177026748657,train,shear_only
red2-5.xls,red,new york strip steak,2,24,1.0,5,shear,shear,4,0.00361276,10.1271,-0.670938471162142,False,5.391561985015869,test,shear_only
red2-1.xls,red,new york strip steak,2,24,1.0,1,shear,shear,5,0.00521855,49.9611,0.0,False,7.788348197937012,train,shear_only
red2-2.xls,red,new york strip steak,2,24,1.0,2,shear,shear,5,0.0068359499999999995,104.057,0.9159934867198873,False,10.202865600585938,train,shear_only
red2-3.xls,red,new york strip steak,2,24,1.0,3,shear,shear,5,0.00517279,106.329,0.9544647424310888,False,7.7200422286987305,train,shear_only
red2-4.xls,red,new york strip steak,2,24,1.0,4,shear,shear,5,0.0101484,40.7073,-0.15669247627654775,False,15.149592399597168,train,shear_only
red2-5.xls,red,new york strip steak,2,24,1.0,5,shear,shear,5,0.00361276,10.1271,-0.6745,False,5.391561985015869,test,shear_only
red2-1.xls,red,new york strip steak,2,24,1.0,1,shear,shear,6,0.00521855,49.9611,0.0,False,7.788348197937012,train,shear_only
red2-4.xls,red,new york strip steak,2,24,1.0,4,shear,shear,6,0.0101484,40.7073,-0.6745,False,15.149592399597168,train,shear_only
red2-5.xls,red,new york strip steak,2,24,1.0,5,shear,shear,6,0.0123539,48.1008,-0.13559536082474236,False,18.44497299194336,test,shear_only
red2-1.xls,red,new york strip steak,2,24,1.0,1,shear,shear,7,0.014713,108.082,0.6745,False,21.971824645996094,train,shear_only
red2-2.xls,red,new york strip steak,2,24,1.0,2,shear,shear,7,0.0068359499999999995,104.057,0.0,False,10.202865600585938,train,shear_only
red2-3.xls,red,new york strip steak,2,24,1.0,3,shear,shear,7,0.00517278,106.329,0.3807363975155273,False,7.720026969909668,train,shear_only
red2-1.xls,red,new york strip steak,2,24,1.0,1,shear,shear,8,0.014713,108.082,0.0,False,21.971824645996094,train,shear_only
red2-2.xls,red,new york strip steak,2,24,1.0,2,shear,shear,8,0.0163187,206.276,0.9830374458068092,False,24.373695373535156,train,shear_only
red2-3.xls,red,new york strip steak,2,24,1.0,3,shear,shear,8,0.015034400000000002,185.259,0.7726325534659153,False,22.452489852905273,train,shear_only
red2-4.xls,red,new york strip steak,2,24,1.0,4,shear,shear,8,0.010148299999999999,40.7073,-0.6745,False,15.149441719055176,train,shear_only
red2-5.xls,red,new york strip steak,2,24,1.0,5,shear,shear,8,0.0123539,48.1008,-0.600482368010544,False,18.44497299194336,test,shear_only
red2-1.xls,red,new york strip steak,2,24,1.0,1,shear,shear,9,0.014713,108.082,-0.08351293947167003,False,21.971824645996094,train,shear_only
red2-2.xls,red,new york strip steak,2,24,1.0,2,shear,shear,9,0.0163187,206.276,0.8839799319867012,False,24.373695373535156,train,shear_only
red2-3.xls,red,new york strip steak,2,24,1.0,3,shear,shear,9,0.015034400000000002,185.259,0.6769021300900415,False,22.452489852905273,train,shear_only
red2-4.xls,red,new york strip steak,2,24,1.0,4,shear,shear,9,0.0182911,116.558,0.0,False,27.32578468322754,train,shear_only
red2-5.xls,red,new york strip steak,2,24,1.0,5,shear,shear,9,0.0123539,48.1008,-0.6745,False,18.44497299194336,test,shear_only
red2-1.xls,red,new york strip steak,2,24,1.0,1,shear,shear,10,0.014713,108.082,-0.08351293947167003,False,21.971824645996094,train,shear_only
red2-2.xls,red,new york strip steak,2,24,1.0,2,shear,shear,10,0.0163187,206.276,0.8839799319867012,False,24.373695373535156,train,shear_only
red2-3.xls,red,new york strip steak,2,24,1.0,3,shear,shear,10,0.015034400000000002,185.259,0.6769021300900415,False,22.452489852905273,train,shear_only
red2-4.xls,red,new york strip steak,2,24,1.0,4,shear,shear,10,0.0182911,116.558,0.0,False,27.32578468322754,train,shear_only
red2-5.xls,red,new york strip steak,2,24,1.0,5,shear,shear,10,0.0123539,48.1008,-0.6745,False,18.44497299194336,test,shear_only
red2-1.xls,red,new york strip steak,2,24,1.0,1,shear,shear,11,0.0147128,108.082,-0.4531955608402699,False,21.971527099609375,train,shear_only
red2-4.xls,red,new york strip steak,2,24,1.0,4,shear,shear,11,0.018290999999999998,116.558,0.0,False,27.325634002685547,train,shear_only
red2-5.xls,red,new york strip steak,2,24,1.0,5,shear,shear,11,0.0212568,103.943,-0.6745,False,31.768564224243164,test,shear_only
red2-1.xls,red,new york strip steak,2,24,1.0,1,shear,shear,12,0.0244273,174.397,0.0,False,36.52425765991211,train,shear_only
red2-2.xls,red,new york strip steak,2,24,1.0,2,shear,shear,12,0.0163187,206.276,0.6745,False,24.373695373535156,train,shear_only
red2-3.xls,red,new york strip steak,2,24,1.0,3,shear,shear,12,0.015034400000000002,185.259,0.22981959910913113,False,22.452489852905273,train,shear_only
red2-4.xls,red,new york strip steak,2,24,1.0,4,shear,shear,12,0.018290999999999998,116.558,-1.2237650334075711,False,27.325634002685547,train,shear_only
red2-5.xls,red,new york strip steak,2,24,1.0,5,shear,shear,12,0.0212567,103.943,-1.4906748329621369,False,31.768413543701172,test,shear_only
red2-1.xls,red,new york strip steak,2,24,1.0,1,shear,shear,13,0.0244273,174.397,0.0,False,36.52425765991211,train,shear_only
red2-2.xls,red,new york strip steak,2,24,1.0,2,shear,shear,13,0.0257696,277.564,0.9876819130212625,False,38.53977966308594,train,shear_only
red2-3.xls,red,new york strip steak,2,24,1.0,3,shear,shear,13,0.0249191,261.847,0.8372132881028757,False,37.262577056884766,train,shear_only
red2-4.xls,red,new york strip steak,2,24,1.0,4,shear,shear,13,0.026476299999999998,160.04,-0.13744849831095468,False,39.601478576660156,train,shear_only
red2-5.xls,red,new york strip steak,2,24,1.0,5,shear,shear,13,0.0212567,103.943,-0.6745,False,31.768413543701172,test,shear_only
red2-1.xls,red,new york strip steak,2,24,1.0,1,shear,shear,14,0.0244273,174.397,0.0,False,36.52425765991211,train,shear_only
red2-2.xls,red,new york strip steak,2,24,1.0,2,shear,shear,14,0.0257696,277.564,0.9876819130212625,False,38.53977966308594,train,shear_only
red2-3.xls,red,new york strip steak,2,24,1.0,3,shear,shear,14,0.0249191,261.847,0.8372132881028757,False,37.262577056884766,train,shear_only
red2-4.xls,red,new york strip steak,2,24,1.0,4,shear,shear,14,0.026476299999999998,160.04,-0.13744849831095468,False,39.601478576660156,train,shear_only
red2-5.xls,red,new york strip steak,2,24,1.0,5,shear,shear,14,0.0212567,103.943,-0.6745,False,31.768413543701172,test,shear_only
red2-1.xls,red,new york strip steak,2,24,1.0,1,shear,shear,15,0.0244273,174.397,0.0,False,36.52425765991211,train,shear_only
red2-2.xls,red,new york strip steak,2,24,1.0,2,shear,shear,15,0.0257696,277.564,1.8366274677998315,False,38.53977966308594,train,shear_only
red2-3.xls,red,new york strip steak,2,24,1.0,3,shear,shear,15,0.024918999999999997,261.847,1.5568260399070941,False,37.26239776611328,train,shear_only
red2-4.xls,red,new york strip steak,2,24,1.0,4,shear,shear,15,0.026476299999999998,160.04,-0.25559006809543916,False,39.601478576660156,train,shear_only
red2-5.xls,red,new york strip steak,2,24,1.0,5,shear,shear,15,0.0301575,136.509,-0.6745,False,45.13840103149414,test,shear_only
red2-1.xls,red,new york strip steak,2,24,1.0,1,shear,shear,16,0.0244273,174.397,0.0,False,36.52425765991211,train,shear_only
red2-2.xls,red,new york strip steak,2,24,1.0,2,shear,shear,16,0.0257696,277.564,1.8366274677998315,False,38.53977966308594,train,shear_only
red2-3.xls,red,new york strip steak,2,24,1.0,3,shear,shear,16,0.024918999999999997,261.847,1.5568260399070941,False,37.26239776611328,train,shear_only
red2-4.xls,red,new york strip steak,2,24,1.0,4,shear,shear,16,0.026476299999999998,160.04,-0.25559006809543916,False,39.601478576660156,train,shear_only
red2-5.xls,red,new york strip steak,2,24,1.0,5,shear,shear,16,0.0301574,136.509,-0.6745,False,45.13825225830078,test,shear_only
red2-1.xls,red,new york strip steak,2,24,1.0,1,shear,shear,17,0.0340055,218.198,0.0,False,50.93905258178711,train,shear_only
red2-2.xls,red,new york strip steak,2,24,1.0,2,shear,shear,17,0.0257696,277.564,0.9173719214644099,False,38.53977966308594,train,shear_only
red2-3.xls,red,new york strip steak,2,24,1.0,3,shear,shear,17,0.024918999999999997,261.847,0.6745,False,37.26239776611328,train,shear_only
red2-4.xls,red,new york strip steak,2,24,1.0,4,shear,shear,17,0.034704399999999996,195.031,-0.35799540653852346,False,51.99417495727539,train,shear_only
red2-5.xls,red,new york strip steak,2,24,1.0,5,shear,shear,17,0.0301574,136.509,-1.2623251506334634,False,45.13825225830078,test,shear_only
red2-1.xls,red,new york strip steak,2,24,1.0,1,shear,shear,18,0.0340055,218.198,0.0,False,50.93905258178711,train,shear_only
red2-2.xls,red,new york strip steak,2,24,1.0,2,shear,shear,18,0.0352838,324.413,0.877009358665181,False,52.8692512512207,train,shear_only
red2-3.xls,red,new york strip steak,2,24,1.0,3,shear,shear,18,0.034842,313.322,0.7854317962026708,False,52.20195770263672,train,shear_only
red2-4.xls,red,new york strip steak,2,24,1.0,4,shear,shear,18,0.034704399999999996,195.031,-0.1912881966972297,False,51.99417495727539,train,shear_only
red2-5.xls,red,new york strip steak,2,24,1.0,5,shear,shear,18,0.0301573,136.509,-0.6745,False,45.138099670410156,test,shear_only
red2-1.xls,red,new york strip steak,2,24,1.0,1,shear,shear,19,0.0340055,218.198,0.0,False,50.93905258178711,train,shear_only
red2-2.xls,red,new york strip steak,2,24,1.0,2,shear,shear,19,0.0352838,324.413,0.877009358665181,False,52.8692512512207,train,shear_only
red2-3.xls,red,new york strip steak,2,24,1.0,3,shear,shear,19,0.034842,313.322,0.7854317962026708,False,52.20195770263672,train,shear_only
red2-4.xls,red,new york strip steak,2,24,1.0,4,shear,shear,19,0.034704399999999996,195.031,-0.1912881966972297,False,51.99417495727539,train,shear_only
red2-5.xls,red,new york strip steak,2,24,1.0,5,shear,shear,19,0.0301573,136.509,-0.6745,False,45.138099670410156,test,shear_only
red2-1.xls,red,new york strip steak,2,24,1.0,1,shear,shear,20,0.0340055,218.198,0.0,False,50.93905258178711,train,shear_only
red2-2.xls,red,new york strip steak,2,24,1.0,2,shear,shear,20,0.0352838,324.413,1.2688312257584613,False,52.8692512512207,train,shear_only
red2-3.xls,red,new york strip steak,2,24,1.0,3,shear,shear,20,0.034842,313.322,1.136339514372244,False,52.20195770263672,train,shear_only
red2-4.xls,red,new york strip steak,2,24,1.0,4,shear,shear,20,0.034704399999999996,195.031,-0.2767501106919576,False,51.99417495727539,train,shear_only
red2-5.xls,red,new york strip steak,2,24,1.0,5,shear,shear,20,0.0390449,161.735,-0.6745,False,58.558414459228516,test,shear_only
red2-1.xls,red,new york strip steak,2,24,1.0,1,shear,shear,21,0.0340055,218.198,-0.06595944585590341,False,50.93905258178711,train,shear_only
red2-2.xls,red,new york strip steak,2,24,1.0,2,shear,shear,21,0.0352838,324.413,1.0787926034226547,False,52.8692512512207,train,shear_only
red2-3.xls,red,new york strip steak,2,24,1.0,3,shear,shear,21,0.0348421,313.322,0.9592572743396768,False,52.20210647583008,train,shear_only
red2-4.xls,red,new york strip steak,2,24,1.0,4,shear,shear,21,0.0430069,224.318,0.0,False,64.56918334960938,train,shear_only
red2-5.xls,red,new york strip steak,2,24,1.0,5,shear,shear,21,0.0390449,161.735,-0.6745,False,58.558414459228516,test,shear_only
red2-1.xls,red,new york strip steak,2,24,1.0,1,shear,shear,22,0.043644600000000006,256.748,0.0,False,65.53846740722656,train,shear_only
red2-2.xls,red,new york strip steak,2,24,1.0,2,shear,shear,22,0.0352838,324.413,0.6745,False,52.8692512512207,train,shear_only
red2-3.xls,red,new york strip steak,2,24,1.0,3,shear,shear,22,0.0447745,351.458,0.9440906672578142,False,67.25714874267578,train,shear_only
red2-4.xls,red,new york strip steak,2,24,1.0,4,shear,shear,22,0.0430069,224.318,-0.3232695632897359,False,64.56918334960938,train,shear_only
red2-5.xls,red,new york strip steak,2,24,1.0,5,shear,shear,22,0.0390449,161.735,-0.9471110396807798,False,58.558414459228516,test,shear_only
red2-1.xls,red,new york strip steak,2,24,1.0,1,shear,shear,23,0.043644600000000006,256.748,0.0,False,65.53846740722656,train,shear_only
red2-2.xls,red,new york strip steak,2,24,1.0,2,shear,shear,23,0.0448767,357.597,0.7182203621581668,False,67.41265869140625,train,shear_only
red2-3.xls,red,new york strip steak,2,24,1.0,3,shear,shear,23,0.0447744,351.458,0.6745,False,67.25699615478516,train,shear_only
red2-4.xls,red,new york strip steak,2,24,1.0,4,shear,shear,23,0.0430069,224.318,-0.23095802977510269,False,64.56918334960938,train,shear_only
red2-5.xls,red,new york strip steak,2,24,1.0,5,shear,shear,23,0.0390449,161.735,-0.6766578872347161,False,58.558414459228516,test,shear_only
red2-1.xls,red,new york strip steak,2,24,1.0,1,shear,shear,24,0.043644600000000006,256.748,0.0,False,65.53846740722656,train,shear_only
red2-2.xls,red,new york strip steak,2,24,1.0,2,shear,shear,24,0.0448767,357.597,0.8960252186627325,False,67.41265869140625,train,shear_only
red2-3.xls,red,new york strip steak,2,24,1.0,3,shear,shear,24,0.0447744,351.458,0.8414813082881082,False,67.25699615478516,train,shear_only
red2-4.xls,red,new york strip steak,2,24,1.0,4,shear,shear,24,0.0430069,224.318,-0.2881347146846513,False,64.56918334960938,train,shear_only
red2-5.xls,red,new york strip steak,2,24,1.0,5,shear,shear,24,0.047973999999999996,180.832,-0.6745,False,72.13316345214844,test,shear_only
red2-1.xls,red,new york strip steak,2,24,1.0,1,shear,shear,25,0.043644600000000006,256.748,0.0,False,65.53846740722656,train,shear_only
red2-2.xls,red,new york strip steak,2,24,1.0,2,shear,shear,25,0.0448767,357.597,0.8960252186627325,False,67.41265869140625,train,shear_only
red2-3.xls,red,new york strip steak,2,24,1.0,3,shear,shear,25,0.0447744,351.458,0.8414813082881082,False,67.25699615478516,train,shear_only
red2-4.xls,red,new york strip steak,2,24,1.0,4,shear,shear,25,0.0430069,224.318,-0.2881347146846513,False,64.56918334960938,train,shear_only
red2-5.xls,red,new york strip steak,2,24,1.0,5,shear,shear,25,0.047973800000000004,180.832,-0.6745,False,72.13285827636719,test,shear_only
red2-1.xls,red,new york strip steak,2,24,1.0,1,shear,shear,26,0.043644600000000006,256.748,0.0,False,65.53846740722656,train,shear_only
red2-2.xls,red,new york strip steak,2,24,1.0,2,shear,shear,26,0.0448767,357.597,0.8960252186627325,False,67.41265869140625,train,shear_only
red2-3.xls,red,new york strip steak,2,24,1.0,3,shear,shear,26,0.0447744,351.458,0.8414813082881082,False,67.25699615478516,train,shear_only
red2-4.xls,red,new york strip steak,2,24,1.0,4,shear,shear,26,0.0510979,250.216,-0.05803564465988709,False,76.90801239013672,train,shear_only
red2-5.xls,red,new york strip steak,2,24,1.0,5,shear,shear,26,0.047973800000000004,180.832,-0.6745,False,72.13285827636719,test,shear_only
red2-1.xls,red,new york strip steak,2,24,1.0,1,shear,shear,27,0.053389,278.456,0.0,False,80.41928100585938,train,shear_only
red2-2.xls,red,new york strip steak,2,24,1.0,2,shear,shear,27,0.054356,381.846,0.9552691022163774,False,81.90375518798828,train,shear_only
red2-3.xls,red,new york strip steak,2,24,1.0,3,shear,shear,27,0.0447744,351.458,0.6745,False,67.25699615478516,train,shear_only
red2-4.xls,red,new york strip steak,2,24,1.0,4,shear,shear,27,0.0510978,250.216,-0.2609227144461796,False,76.9078598022461,train,shear_only
red2-5.xls,red,new york strip steak,2,24,1.0,5,shear,shear,27,0.047973800000000004,180.832,-0.9019943015259856,False,72.13285827636719,test,shear_only
red2-1.xls,red,new york strip steak,2,24,1.0,1,shear,shear,28,0.053389,278.456,0.0,False,80.41928100585938,train,shear_only
red2-2.xls,red,new york strip steak,2,24,1.0,2,shear,shear,28,0.054356,381.846,0.7143382262558385,False,81.90375518798828,train,shear_only
red2-3.xls,red,new york strip steak,2,24,1.0,3,shear,shear,28,0.0547248,381.583,0.71252111673359,False,82.4703140258789,train,shear_only
red2-4.xls,red,new york strip steak,2,24,1.0,4,shear,shear,28,0.0510978,250.216,-0.19511472588707696,False,76.9078598022461,train,shear_only
red2-5.xls,red,new york strip steak,2,24,1.0,5,shear,shear,28,0.047973800000000004,180.832,-0.6744999999999999,False,72.13285827636719,test,shear_only
red2-1.xls,red,new york strip steak,2,24,1.0,1,shear,shear,29,0.053389,278.456,0.0,False,80.41928100585938,train,shear_only
red2-2.xls,red,new york strip steak,2,24,1.0,2,shear,shear,29,0.054356,381.846,0.8648958824258958,False,81.90375518798828,train,shear_only
red2-3.xls,red,new york strip steak,2,24,1.0,3,shear,shear,29,0.0547248,381.583,0.8626957894084085,False,82.4703140258789,train,shear_only
red2-4.xls,red,new york strip steak,2,24,1.0,4,shear,shear,29,0.0510978,250.216,-0.2362381247674563,False,76.9078598022461,train,shear_only
red2-5.xls,red,new york strip steak,2,24,1.0,5,shear,shear,29,0.056935900000000005,197.826,-0.6745,False,85.87174987792969,test,shear_only
red2-1.xls,red,new york strip steak,2,24,1.0,1,shear,shear,30,0.053389,278.456,0.0,False,80.41928100585938,train,shear_only
red2-2.xls,red,new york strip steak,2,24,1.0,2,shear,shear,30,0.054356,381.846,0.8648958824258958,False,81.90375518798828,train,shear_only
red2-3.xls,red,new york strip steak,2,24,1.0,3,shear,shear,30,0.0547248,381.583,0.8626957894084085,False,82.4703140258789,train,shear_only
red2-4.xls,red,new york strip steak,2,24,1.0,4,shear,shear,30,0.0592851,272.632,-0.048719930546942916,False,89.49464416503906,train,shear_only
red2-5.xls,red,new york strip steak,2,24,1.0,5,shear,shear,30,0.056935900000000005,197.826,-0.6745,False,85.87174987792969,test,shear_only
red2-1.xls,red,new york strip steak,2,24,1.0,1,shear,shear,31,0.053389,278.456,0.0,False,80.41928100585938,train,shear_only
red2-2.xls,red,new york strip steak,2,24,1.0,2,shear,shear,31,0.054356,381.846,0.8648958824258958,False,81.90375518798828,train,shear_only
red2-3.xls,red,new york strip steak,2,24,1.0,3,shear,shear,31,0.0547248,381.583,0.8626957894084085,False,82.4703140258789,train,shear_only
red2-4.xls,red,new york strip steak,2,24,1.0,4,shear,shear,31,0.059285,272.632,-0.048719930546942916,False,89.49449157714844,train,shear_only
red2-5.xls,red,new york strip steak,2,24,1.0,5,shear,shear,31,0.056936,197.826,-0.6745,False,85.87190246582031,test,shear_only
red2-1.xls,red,new york strip steak,2,24,1.0,1,shear,shear,32,0.0630038,307.064,0.0,False,95.24962615966797,train,shear_only
red2-2.xls,red,new york strip steak,2,24,1.0,2,shear,shear,32,0.0637963,400.117,0.8422583300903124,False,96.47942352294922,train,shear_only
red2-3.xls,red,new york strip steak,2,24,1.0,3,shear,shear,32,0.0547248,381.583,0.6745,False,82.4703140258789,train,shear_only
red2-4.xls,red,new york strip steak,2,24,1.0,4,shear,shear,32,0.059285,272.632,-0.3116572149384722,False,89.49449157714844,train,shear_only
red2-5.xls,red,new york strip steak,2,24,1.0,5,shear,shear,32,0.056936,197.826,-0.9887549618218174,False,85.87190246582031,test,shear_only
red2-1.xls,red,new york strip steak,2,24,1.0,1,shear,shear,33,0.0630038,307.064,0.0,False,95.24962615966797,train,shear_only
red2-2.xls,red,new york strip steak,2,24,1.0,2,shear,shear,33,0.0637963,400.117,0.6745,False,96.47942352294922,train,shear_only
red2-3.xls,red,new york strip steak,2,24,1.0,3,shear,shear,33,0.064657,408.597,0.7359677656819229,False,97.81632995605469,train,shear_only
red2-4.xls,red,new york strip steak,2,24,1.0,4,shear,shear,33,0.059285,272.632,-0.24958232405188455,False,89.49449157714844,train,shear_only
red2-5.xls,red,new york strip steak,2,24,1.0,5,shear,shear,33,0.0657879,209.708,-0.705690541949212,False,99.5751724243164,test,shear_only
red2-1.xls,red,new york strip steak,2,24,1.0,1,shear,shear,34,0.0630038,307.064,0.0,False,95.24962615966797,train,shear_only
red2-2.xls,red,new york strip steak,2,24,1.0,2,shear,shear,34,0.0637963,400.117,0.6745,False,96.47942352294922,train,shear_only
red2-3.xls,red,new york strip steak,2,24,1.0,3,shear,shear,34,0.064657,408.597,0.7359677656819229,False,97.81632995605469,train,shear_only
red2-4.xls,red,new york strip steak,2,24,1.0,4,shear,shear,34,0.0675189,292.774,-0.10358188344276933,False,102.27220916748047,train,shear_only
red2-5.xls,red,new york strip steak,2,24,1.0,5,shear,shear,34,0.0657879,209.708,-0.705690541949212,False,99.5751724243164,test,shear_only
red2-1.xls,red,new york strip steak,2,24,1.0,1,shear,shear,35,0.0630038,307.064,0.0,False,95.24962615966797,train,shear_only
red2-2.xls,red,new york strip steak,2,24,1.0,2,shear,shear,35,0.0637963,400.117,0.6745,False,96.47942352294922,train,shear_only
red2-3.xls,red,new york strip steak,2,24,1.0,3,shear,shear,35,0.064657,408.597,0.7359677656819229,False,97.81632995605469,train,shear_only
red2-4.xls,red,new york strip steak,2,24,1.0,4,shear,shear,35,0.0675191,292.774,-0.10358188344276933,False,102.27250671386719,train,shear_only
red2-5.xls,red,new york strip steak,2,24,1.0,5,shear,shear,35,0.06578780000000001,209.708,-0.705690541949212,False,99.57501983642578,test,shear_only
red2-1.xls,red,new york strip steak,2,24,1.0,1,shear,shear,36,0.0727262,329.189,0.0,False,110.42267608642578,train,shear_only
red2-2.xls,red,new york strip steak,2,24,1.0,2,shear,shear,36,0.0637963,400.117,0.6745,False,96.47942352294922,train,shear_only
red2-3.xls,red,new york strip steak,2,24,1.0,3,shear,shear,36,0.064657,408.597,0.7551417775772611,False,97.81632995605469,train,shear_only
red2-4.xls,red,new york strip steak,2,24,1.0,4,shear,shear,36,0.0675191,292.774,-0.34629367104669545,False,102.27250671386719,train,shear_only
red2-5.xls,red,new york strip steak,2,24,1.0,5,shear,shear,36,0.06578780000000001,209.708,-1.136221724847733,False,99.57501983642578,test,shear_only
red2-1.xls,red,new york strip steak,2,24,1.0,1,shear,shear,37,0.0727262,329.189,0.0,False,110.42267608642578,train,shear_only
red2-2.xls,red,new york strip steak,2,24,1.0,2,shear,shear,37,0.0732907,415.261,0.6745,False,111.30970764160156,train,shear_only
red2-3.xls,red,new york strip steak,2,24,1.0,3,shear,shear,37,0.0745796,431.067,0.7983631262199088,False,113.33763885498047,train,shear_only
red2-4.xls,red,new york strip steak,2,24,1.0,4,shear,shear,37,0.067519,292.774,-0.28536478181057734,False,102.2723617553711,train,shear_only
red2-5.xls,red,new york strip steak,2,24,1.0,5,shear,shear,37,0.06578769999999999,209.708,-0.9363083755460546,False,99.57487487792969,test,shear_only
red2-1.xls,red,new york strip steak,2,24,1.0,1,shear,shear,38,0.0727262,329.189,0.0,False,110.42267608642578,train,shear_only
red2-2.xls,red,new york strip steak,2,24,1.0,2,shear,shear,38,0.0732907,415.261,0.6745,False,111.30970764160156,train,shear_only
red2-3.xls,red,new york strip steak,2,24,1.0,3,shear,shear,38,0.0745796,431.067,0.7983631262199088,False,113.33763885498047,train,shear_only
red2-4.xls,red,new york strip steak,2,24,1.0,4,shear,shear,38,0.0756658,310.67,-0.1451234489729529,False,115.04959106445312,train,shear_only
red2-5.xls,red,new york strip steak,2,24,1.0,5,shear,shear,38,0.0747024,220.175,-0.8542841225950367,False,113.53105926513672,test,shear_only
red2-1.xls,red,new york strip steak,2,24,1.0,1,shear,shear,39,0.0727262,329.189,0.0,False,110.42267608642578,train,shear_only
red2-2.xls,red,new york strip steak,2,24,1.0,2,shear,shear,39,0.07329,415.261,0.6745,False,111.30856323242188,train,shear_only
red2-3.xls,red,new york strip steak,2,24,1.0,3,shear,shear,39,0.0745796,431.067,0.7983631262199088,False,113.33763885498047,train,shear_only
red2-4.xls,red,new york strip steak,2,24,1.0,4,shear,shear,39,0.0756658,310.67,-0.1451234489729529,False,115.04959106445312,train,shear_only
red2-5.xls,red,new york strip steak,2,24,1.0,5,shear,shear,39,0.0747023,220.175,-0.8542841225950367,False,113.5309066772461,test,shear_only
red2-1.xls,red,new york strip steak,2,24,1.0,1,shear,shear,40,0.0727262,329.189,0.0,False,110.42267608642578,train,shear_only
red2-2.xls,red,new york strip steak,2,24,1.0,2,shear,shear,40,0.07329,415.261,0.6745,False,111.30856323242188,train,shear_only
red2-3.xls,red,new york strip steak,2,24,1.0,3,shear,shear,40,0.0745796,431.067,0.7983631262199088,False,113.33763885498047,train,shear_only
red2-4.xls,red,new york strip steak,2,24,1.0,4,shear,shear,40,0.0756658,310.67,-0.1451234489729529,False,115.04959106445312,train,shear_only
red2-5.xls,red,new york strip steak,2,24,1.0,5,shear,shear,40,0.0747023,220.175,-0.8542841225950367,False,113.5309066772461,test,shear_only
red2-1.xls,red,new york strip steak,2,24,1.0,1,shear,shear,41,0.0823311,349.211,0.0,False,125.61468505859375,train,shear_only
red2-2.xls,red,new york strip steak,2,24,1.0,2,shear,shear,41,0.0827774,427.334,0.6745,False,126.32595825195312,train,shear_only
red2-3.xls,red,new york strip steak,2,24,1.0,3,shear,shear,41,0.0745797,431.067,0.7067300538893796,False,113.3377914428711,train,shear_only
red2-4.xls,red,new york strip steak,2,24,1.0,4,shear,shear,41,0.0756658,310.67,-0.3327560961560616,False,115.04959106445312,train,shear_only
red2-5.xls,red,new york strip steak,2,24,1.0,5,shear,shear,41,0.0747025,220.175,-1.1140737298874852,False,113.53121185302734,test,shear_only
red2-1.xls,red,new york strip steak,2,24,1.0,1,shear,shear,42,0.0823311,349.211,0.0,False,125.61468505859375,train,shear_only
red2-2.xls,red,new york strip steak,2,24,1.0,2,shear,shear,42,0.0827774,427.334,0.6745,False,126.32595825195312,train,shear_only
red2-3.xls,red,new york strip steak,2,24,1.0,3,shear,shear,42,0.08446669999999999,446.874,0.8432048628444889,False,129.02268981933594,train,shear_only
red2-4.xls,red,new york strip steak,2,24,1.0,4,shear,shear,42,0.0838424,327.267,-0.18946056859055607,False,128.02520751953125,train,shear_only
red2-5.xls,red,new york strip steak,2,24,1.0,5,shear,shear,42,0.08358779999999999,227.766,-1.048534394480499,False,127.61869812011719,test,shear_only
red2-1.xls,red,new york strip steak,2,24,1.0,1,shear,shear,43,0.0823311,349.211,0.0,False,125.61468505859375,train,shear_only
red2-2.xls,red,new york strip steak,2,24,1.0,2,shear,shear,43,0.0827782,427.334,0.6745,False,126.3271713256836,train,shear_only
red2-3.xls,red,new york strip steak,2,24,1.0,3,shear,shear,43,0.0844665,446.874,0.8432048628444889,False,129.0223846435547,train,shear_only
red2-4.xls,red,new york strip steak,2,24,1.0,4,shear,shear,43,0.0838425,327.267,-0.18946056859055607,False,128.02537536621094,train,shear_only
red2-5.xls,red,new york strip steak,2,24,1.0,5,shear,shear,43,0.0835877,227.766,-1.048534394480499,False,127.61853790283203,test,shear_only
red2-1.xls,red,new york strip steak,2,24,1.0,1,shear,shear,44,0.0823311,349.211,0.0,False,125.61468505859375,train,shear_only
red2-2.xls,red,new york strip steak,2,24,1.0,2,shear,shear,44,0.0827782,427.334,0.6745,False,126.3271713256836,train,shear_only
red2-3.xls,red,new york strip steak,2,24,1.0,3,shear,shear,44,0.0844665,446.874,0.8432048628444889,False,129.0223846435547,train,shear_only
red2-4.xls,red,new york strip steak,2,24,1.0,4,shear,shear,44,0.0838425,327.267,-0.18946056859055607,False,128.02537536621094,train,shear_only
red2-5.xls,red,new york strip steak,2,24,1.0,5,shear,shear,44,0.0835877,227.766,-1.048534394480499,False,127.61853790283203,test,shear_only
red2-1.xls,red,new york strip steak,2,24,1.0,1,shear,shear,45,0.0823311,349.211,0.0,False,125.61468505859375,train,shear_only
red2-2.xls,red,new york strip steak,2,24,1.0,2,shear,shear,45,0.0827782,427.334,0.6745,False,126.3271713256836,train,shear_only
red2-3.xls,red,new york strip steak,2,24,1.0,3,shear,shear,45,0.0844665,446.874,0.8432048628444889,False,129.0223846435547,train,shear_only
red2-4.xls,red,new york strip steak,2,24,1.0,4,shear,shear,45,0.0838425,327.267,-0.18946056859055607,False,128.02537536621094,train,shear_only
red2-5.xls,red,new york strip steak,2,24,1.0,5,shear,shear,45,0.08358750000000001,227.766,-1.048534394480499,False,127.61823272705078,test,shear_only
red2-1.xls,red,new york strip steak,2,24,1.0,1,shear,shear,46,0.0919919,367.159,0.0,False,141.1262969970703,train,shear_only
red2-2.xls,red,new york strip steak,2,24,1.0,2,shear,shear,46,0.0922517,435.889,0.6745,False,141.5469207763672,train,shear_only
red2-3.xls,red,new york strip steak,2,24,1.0,3,shear,shear,46,0.0844665,446.874,0.782304197584752,False,129.0223846435547,train,shear_only
red2-4.xls,red,new york strip steak,2,24,1.0,4,shear,shear,46,0.09203070000000001,341.895,-0.24793493379892337,False,141.1890869140625,train,shear_only
red2-5.xls,red,new york strip steak,2,24,1.0,5,shear,shear,46,0.09250080000000001,231.651,-1.3298435326640472,False,141.95040893554688,test,shear_only
red2-1.xls,red,new york strip steak,2,24,1.0,1,shear,shear,47,0.0919919,367.159,0.0,False,141.1262969970703,train,shear_only
red2-2.xls,red,new york strip steak,2,24,1.0,2,shear,shear,47,0.09225080000000001,435.889,0.6745,False,141.54542541503906,train,shear_only
red2-3.xls,red,new york strip steak,2,24,1.0,3,shear,shear,47,0.09437820000000001,460.879,0.9197459624618071,False,144.99691772460938,train,shear_only
red2-4.xls,red,new york strip steak,2,24,1.0,4,shear,shear,47,0.0920308,341.895,-0.24793493379892337,False,141.18923950195312,train,shear_only
red2-5.xls,red,new york strip steak,2,24,1.0,5,shear,shear,47,0.09250069999999999,231.651,-1.3298435326640472,False,141.95025634765625,test,shear_only
red2-1.xls,red,new york strip steak,2,24,1.0,1,shear,shear,48,0.0919919,367.159,0.0,False,141.1262969970703,train,shear_only
red2-2.xls,red,new york strip steak,2,24,1.0,2,shear,shear,48,0.09225080000000001,435.889,0.6745,False,141.54542541503906,train,shear_only
red2-3.xls,red,new york strip steak,2,24,1.0,3,shear,shear,48,0.09437820000000001,460.879,0.9197459624618071,False,144.99691772460938,train,shear_only
red2-4.xls,red,new york strip steak,2,24,1.0,4,shear,shear,48,0.0920308,341.895,-0.24793493379892337,False,141.18923950195312,train,shear_only
red2-5.xls,red,new york strip steak,2,24,1.0,5,shear,shear,48,0.09250069999999999,231.651,-1.3298435326640472,False,141.95025634765625,test,shear_only
red2-1.xls,red,new york strip steak,2,24,1.0,1,shear,shear,49,0.0919919,367.159,0.0,False,141.1262969970703,train,shear_only
red2-2.xls,red,new york strip steak,2,24,1.0,2,shear,shear,49,0.09225080000000001,435.889,0.6745,False,141.54542541503906,train,shear_only
red2-3.xls,red,new york strip steak,2,24,1.0,3,shear,shear,49,0.09437820000000001,460.879,0.9197459624618071,False,144.99691772460938,train,shear_only
red2-4.xls,red,new york strip steak,2,24,1.0,4,shear,shear,49,0.0920306,341.895,-0.24793493379892337,False,141.18893432617188,train,shear_only
red2-5.xls,red,new york strip steak,2,24,1.0,5,shear,shear,49,0.09250059999999999,231.651,-1.3298435326640472,False,141.95008850097656,test,shear_only
red2-1.xls,red,new york strip steak,2,24,1.0,1,shear,shear,50,0.0919919,367.159,0.0,False,141.1262969970703,train,shear_only
red2-2.xls,red,new york strip steak,2,24,1.0,2,shear,shear,50,0.09225080000000001,435.889,0.6745,False,141.54542541503906,train,shear_only
red2-3.xls,red,new york strip steak,2,24,1.0,3,shear,shear,50,0.09437820000000001,460.879,0.9197459624618071,False,144.99691772460938,train,shear_only
red2-4.xls,red,new york strip steak,2,24,1.0,4,shear,shear,50,0.100205,355.715,-0.112308715262622,False,154.517578125,train,shear_only
red2-5.xls,red,new york strip steak,2,24,1.0,5,shear,shear,50,0.09250059999999999,231.651,-1.3298435326640472,False,141.95008850097656,test,shear_only
red2-1.xls,red,new york strip steak,2,24,1.0,1,shear,shear,51,0.10162900000000001,383.418,0.0,False,156.85997009277344,train,shear_only
red2-2.xls,red,new york strip steak,2,24,1.0,2,shear,shear,51,0.101744,444.154,0.6745,False,157.04942321777344,train,shear_only
red2-3.xls,red,new york strip steak,2,24,1.0,3,shear,shear,51,0.0943781,460.879,0.8602384829425714,False,144.99676513671875,train,shear_only
red2-4.xls,red,new york strip steak,2,24,1.0,4,shear,shear,51,0.100205,355.715,-0.30765400256849357,False,154.517578125,train,shear_only
red2-5.xls,red,new york strip steak,2,24,1.0,5,shear,shear,51,0.10138899999999999,236.281,-1.6340211159773448,False,156.46469116210938,test,shear_only
red2-1.xls,red,new york strip steak,2,24,1.0,1,shear,shear,52,0.10162900000000001,383.418,0.0,False,156.85997009277344,train,shear_only
red2-2.xls,red,new york strip steak,2,24,1.0,2,shear,shear,52,0.101744,444.154,0.6745,False,157.04942321777344,train,shear_only
red2-3.xls,red,new york strip steak,2,24,1.0,3,shear,shear,52,0.10429000000000001,472.137,0.9852635257507903,False,161.25399780273438,train,shear_only
red2-4.xls,red,new york strip steak,2,24,1.0,4,shear,shear,52,0.100205,355.715,-0.30765400256849357,False,154.517578125,train,shear_only
red2-5.xls,red,new york strip steak,2,24,1.0,5,shear,shear,52,0.10138899999999999,236.281,-1.6340211159773448,False,156.46469116210938,test,shear_only
red2-1.xls,red,new york strip steak,2,24,1.0,1,shear,shear,53,0.10162900000000001,383.418,0.0,False,156.85997009277344,train,shear_only
red2-2.xls,red,new york strip steak,2,24,1.0,2,shear,shear,53,0.101744,444.154,0.6745,False,157.04942321777344,train,shear_only
red2-3.xls,red,new york strip steak,2,24,1.0,3,shear,shear,53,0.10429000000000001,472.137,0.9852635257507903,False,161.25399780273438,train,shear_only
red2-4.xls,red,new york strip steak,2,24,1.0,4,shear,shear,53,0.100205,355.715,-0.30765400256849357,False,154.517578125,train,shear_only
red2-5.xls,red,new york strip steak,2,24,1.0,5,shear,shear,53,0.10138899999999999,236.281,-1.6340211159773448,False,156.46469116210938,test,shear_only
red2-1.xls,red,new york strip steak,2,24,1.0,1,shear,shear,54,0.10162900000000001,383.418,0.0,False,156.85997009277344,train,shear_only
red2-2.xls,red,new york strip steak,2,24,1.0,2,shear,shear,54,0.101744,444.154,0.6745,False,157.04942321777344,train,shear_only
red2-3.xls,red,new york strip steak,2,24,1.0,3,shear,shear,54,0.10429000000000001,472.137,0.9852635257507903,False,161.25399780273438,train,shear_only
red2-4.xls,red,new york strip steak,2,24,1.0,4,shear,shear,54,0.10842,368.295,-0.1679475681638566,False,168.1189727783203,train,shear_only
red2-5.xls,red,new york strip steak,2,24,1.0,5,shear,shear,54,0.10138899999999999,236.281,-1.6340211159773448,False,156.46469116210938,test,shear_only
red2-1.xls,red,new york strip steak,2,24,1.0,1,shear,shear,55,0.10162900000000001,383.418,0.0,False,156.85997009277344,train,shear_only
red2-2.xls,red,new york strip steak,2,24,1.0,2,shear,shear,55,0.101744,444.154,0.6745,False,157.04942321777344,train,shear_only
red2-3.xls,red,new york strip steak,2,24,1.0,3,shear,shear,55,0.10429000000000001,472.137,0.9852635257507903,False,161.25399780273438,train,shear_only
red2-4.xls,red,new york strip steak,2,24,1.0,4,shear,shear,55,0.10842,368.295,-0.1679475681638566,False,168.1189727783203,train,shear_only
red2-5.xls,red,new york strip steak,2,24,1.0,5,shear,shear,55,0.11028600000000001,234.73,-1.6512456533192839,False,171.23912048339844,test,shear_only
red2-1.xls,red,new york strip steak,2,24,1.0,1,shear,shear,56,0.11134000000000001,399.609,0.0,False,173.0068359375,train,shear_only
red2-2.xls,red,new york strip steak,2,24,1.0,2,shear,shear,56,0.11128199999999999,449.921,0.6744999999999999,False,172.90948486328125,train,shear_only
red2-3.xls,red,new york strip steak,2,24,1.0,3,shear,shear,56,0.10429000000000001,472.137,0.9723353474320242,False,161.25399780273438,train,shear_only
red2-4.xls,red,new york strip steak,2,24,1.0,4,shear,shear,56,0.10842,368.295,-0.41980626888217465,False,168.1189727783203,train,shear_only
red2-5.xls,red,new york strip steak,2,24,1.0,5,shear,shear,56,0.11028600000000001,234.73,-2.2104246601208453,False,171.23912048339844,test,shear_only
red2-1.xls,red,new york strip steak,2,24,1.0,1,shear,shear,57,0.11134000000000001,399.609,0.0,False,173.0068359375,train,shear_only
red2-2.xls,red,new york strip steak,2,24,1.0,2,shear,shear,57,0.11128199999999999,449.921,0.6744999999999999,False,172.90948486328125,train,shear_only
red2-3.xls,red,new york strip steak,2,24,1.0,3,shear,shear,57,0.11429299999999999,480.966,1.0906999622356497,False,177.9799346923828,train,shear_only
red2-4.xls,red,new york strip steak,2,24,1.0,4,shear,shear,57,0.10842,368.295,-0.41980626888217465,False,168.1189727783203,train,shear_only
red2-5.xls,red,new york strip steak,2,24,1.0,5,shear,shear,57,0.11028600000000001,234.73,-2.2104246601208453,False,171.23912048339844,test,shear_only
red2-1.xls,red,new york strip steak,2,24,1.0,1,shear,shear,58,0.11134000000000001,399.609,0.0,False,173.0068359375,train,shear_only
red2-2.xls,red,new york strip steak,2,24,1.0,2,shear,shear,58,0.11128199999999999,449.921,0.6744999999999999,False,172.90948486328125,train,shear_only
red2-3.xls,red,new york strip steak,2,24,1.0,3,shear,shear,58,0.11429299999999999,480.966,1.0906999622356497,False,177.9799346923828,train,shear_only
red2-4.xls,red,new york strip steak,2,24,1.0,4,shear,shear,58,0.11655900000000001,379.887,-0.2643999244712988,False,181.81689453125,train,shear_only
red2-5.xls,red,new york strip steak,2,24,1.0,5,shear,shear,58,0.11028600000000001,234.73,-2.2104246601208453,False,171.23912048339844,test,shear_only
red2-1.xls,red,new york strip steak,2,24,1.0,1,shear,shear,59,0.11134000000000001,399.609,0.0,False,173.0068359375,train,shear_only
red2-2.xls,red,new york strip steak,2,24,1.0,2,shear,shear,59,0.11128199999999999,449.921,0.6744999999999999,False,172.90948486328125,train,shear_only
red2-3.xls,red,new york strip steak,2,24,1.0,3,shear,shear,59,0.11429299999999999,480.966,1.0906999622356497,False,177.9799346923828,train,shear_only
red2-4.xls,red,new york strip steak,2,24,1.0,4,shear,shear,59,0.11655900000000001,379.887,-0.2643999244712988,False,181.81689453125,train,shear_only
red2-5.xls,red,new york strip steak,2,24,1.0,5,shear,shear,59,0.11028600000000001,234.73,-2.2104246601208453,False,171.23912048339844,test,shear_only
red2-1.xls,red,new york strip steak,2,24,1.0,1,shear,shear,60,0.11134000000000001,399.609,0.0,False,173.0068359375,train,shear_only
red2-2.xls,red,new york strip steak,2,24,1.0,2,shear,shear,60,0.120726,453.036,0.6744999999999999,False,188.9216766357422,train,shear_only
red2-3.xls,red,new york strip steak,2,24,1.0,3,shear,shear,60,0.11429299999999999,480.966,1.027107951035993,False,177.9799346923828,train,shear_only
red2-4.xls,red,new york strip steak,2,24,1.0,4,shear,shear,60,0.11655900000000001,379.887,-0.24898438991521107,False,181.81689453125,train,shear_only
red2-5.xls,red,new york strip steak,2,24,1.0,5,shear,shear,60,0.119161,235.308,-2.07425130551968,False,186.24574279785156,test,shear_only
red2-1.xls,red,new york strip steak,2,24,1.0,1,shear,shear,61,0.12096,413.403,0.0,False,189.32254028320312,train,shear_only
red2-2.xls,red,new york strip steak,2,24,1.0,2,shear,shear,61,0.120726,453.036,0.6745,False,188.9216766357422,train,shear_only
red2-3.xls,red,new york strip steak,2,24,1.0,3,shear,shear,61,0.11429299999999999,480.966,1.1498307849519345,False,177.9799346923828,train,shear_only
red2-4.xls,red,new york strip steak,2,24,1.0,4,shear,shear,61,0.11655900000000001,379.887,-0.5703969419423214,False,181.81689453125,train,shear_only
red2-5.xls,red,new york strip steak,2,24,1.0,5,shear,shear,61,0.119161,235.308,-3.030935773219289,False,186.24574279785156,test,shear_only
red2-1.xls,red,new york strip steak,2,24,1.0,1,shear,shear,62,0.12096,413.403,0.0,False,189.32254028320312,train,shear_only
red2-2.xls,red,new york strip steak,2,24,1.0,2,shear,shear,62,0.120726,453.036,0.6745,False,188.9216766357422,train,shear_only
red2-3.xls,red,new york strip steak,2,24,1.0,3,shear,shear,62,0.12414199999999999,488.634,1.280329763076225,False,194.794677734375,train,shear_only
red2-4.xls,red,new york strip steak,2,24,1.0,4,shear,shear,62,0.12479599999999999,390.688,-0.38657854565639815,False,195.9242401123047,train,shear_only
red2-5.xls,red,new york strip steak,2,24,1.0,5,shear,shear,62,0.119161,235.308,-3.030935773219289,False,186.24574279785156,test,shear_only
red2-1.xls,red,new york strip steak,2,24,1.0,1,shear,shear,63,0.12096,413.403,0.0,False,189.32254028320312,train,shear_only
red2-2.xls,red,new york strip steak,2,24,1.0,2,shear,shear,63,0.120726,453.036,0.6745,False,188.9216766357422,train,shear_only
red2-3.xls,red,new york strip steak,2,24,1.0,3,shear,shear,63,0.12414199999999999,488.634,1.280329763076225,False,194.794677734375,train,shear_only
red2-4.xls,red,new york strip steak,2,24,1.0,4,shear,shear,63,0.12479599999999999,390.688,-0.38657854565639815,False,195.9242401123047,train,shear_only
red2-5.xls,red,new york strip steak,2,24,1.0,5,shear,shear,63,0.119161,235.308,-3.030935773219289,False,186.24574279785156,test,shear_only
red2-1.xls,red,new york strip steak,2,24,1.0,1,shear,shear,64,0.12096,413.403,0.0,False,189.32254028320312,train,shear_only
red2-2.xls,red,new york strip steak,2,24,1.0,2,shear,shear,64,0.120726,453.036,0.6745,False,188.9216766357422,train,shear_only
red2-3.xls,red,new york strip steak,2,24,1.0,3,shear,shear,64,0.12414199999999999,488.634,1.280329763076225,False,194.794677734375,train,shear_only
red2-4.xls,red,new york strip steak,2,24,1.0,4,shear,shear,64,0.12479599999999999,390.688,-0.38657854565639815,False,195.9242401123047,train,shear_only
red2-5.xls,red,new york strip steak,2,24,1.0,5,shear,shear,64,0.128058,233.366,-3.063985983902305,False,201.58343505859375,test,shear_only
red2-1.xls,red,new york strip steak,2,24,1.0,1,shear,shear,65,0.130647,426.195,0.0,False,206.1054229736328,train,shear_only
red2-2.xls,red,new york strip steak,2,24,1.0,2,shear,shear,65,0.130232,451.82,0.48677901540541296,False,205.37876892089844,train,shear_only
red2-3.xls,red,new york strip steak,2,24,1.0,3,shear,shear,65,0.12414199999999999,488.634,1.1861071197228716,False,194.794677734375,train,shear_only
red2-4.xls,red,new york strip steak,2,24,1.0,4,shear,shear,65,0.12479599999999999,390.688,-0.6745,False,195.9242401123047,train,shear_only
red2-1.xls,red,new york strip steak,2,24,1.0,1,shear,shear,66,0.130647,426.195,0.0,False,206.1054229736328,train,shear_only
red2-2.xls,red,new york strip steak,2,24,1.0,2,shear,shear,66,0.130232,451.82,0.48677901540541296,False,205.37876892089844,train,shear_only
red2-3.xls,red,new york strip steak,2,24,1.0,3,shear,shear,66,0.12414199999999999,488.634,1.1861071197228716,False,194.794677734375,train,shear_only
red2-4.xls,red,new york strip steak,2,24,1.0,4,shear,shear,66,0.12479599999999999,390.688,-0.6745,False,195.9242401123047,train,shear_only
red2-1.xls,red,new york strip steak,2,24,1.0,1,shear,shear,67,0.130647,426.195,0.0,False,206.1054229736328,train,shear_only
red2-2.xls,red,new york strip steak,2,24,1.0,2,shear,shear,67,0.130232,451.82,0.6745,False,205.37876892089844,train,shear_only
red2-3.xls,red,new york strip steak,2,24,1.0,3,shear,shear,67,0.13406700000000002,496.079,1.8394832390243905,False,212.12139892578125,train,shear_only
red2-4.xls,red,new york strip steak,2,24,1.0,4,shear,shear,67,0.13298400000000002,401.356,-0.6538109463414633,False,210.21102905273438,train,shear_only
red2-1.xls,red,new york strip steak,2,24,1.0,1,shear,shear,68,0.130647,426.195,0.0,False,206.1054229736328,train,shear_only
red2-2.xls,red,new york strip steak,2,24,1.0,2,shear,shear,68,0.130232,451.82,0.6745,False,205.37876892089844,train,shear_only
red2-3.xls,red,new york strip steak,2,24,1.0,3,shear,shear,68,0.13406700000000002,496.079,1.8394832390243905,False,212.12139892578125,train,shear_only
red2-4.xls,red,new york strip steak,2,24,1.0,4,shear,shear,68,0.13298400000000002,401.356,-0.6538109463414633,False,210.21102905273438,train,shear_only
red2-1.xls,red,new york strip steak,2,24,1.0,1,shear,shear,69,0.130647,426.195,0.0,False,206.1054229736328,train,shear_only
red2-2.xls,red,new york strip steak,2,24,1.0,2,shear,shear,69,0.130232,451.82,0.6745,False,205.37876892089844,train,shear_only
red2-3.xls,red,new york strip steak,2,24,1.0,3,shear,shear,69,0.13406700000000002,496.079,1.8394832390243905,False,212.12139892578125,train,shear_only
red2-4.xls,red,new york strip steak,2,24,1.0,4,shear,shear,69,0.13298500000000002,401.356,-0.6538109463414633,False,210.21278381347656,train,shear_only
red2-1.xls,red,new york strip steak,2,24,1.0,1,shear,shear,70,0.140259,440.281,0.0,False,223.14125061035156,train,shear_only
red2-2.xls,red,new york strip steak,2,24,1.0,2,shear,shear,70,0.139731,452.013,0.20329438664097568,False,222.1950225830078,train,shear_only
red2-3.xls,red,new york strip steak,2,24,1.0,3,shear,shear,70,0.13406700000000002,496.079,0.966878638407193,False,212.12139892578125,train,shear_only
red2-4.xls,red,new york strip steak,2,24,1.0,4,shear,shear,70,0.13298500000000002,401.356,-0.6745,False,210.21278381347656,train,shear_only
red2-1.xls,red,new york strip steak,2,24,1.0,1,shear,shear,71,0.140259,440.281,0.0,False,223.14125061035156,train,shear_only
red2-2.xls,red,new york strip steak,2,24,1.0,2,shear,shear,71,0.13973000000000002,452.013,0.2694508989376186,False,222.19325256347656,train,shear_only
red2-3.xls,red,new york strip steak,2,24,1.0,3,shear,shear,71,0.13406700000000002,496.079,1.2815224393898121,False,212.12139892578125,train,shear_only
red2-4.xls,red,new york strip steak,2,24,1.0,4,shear,shear,71,0.14110799999999998,410.913,-0.6745,False,224.66543579101562,train,shear_only
red2-1.xls,red,new york strip steak,2,24,1.0,1,shear,shear,72,0.140259,440.281,0.0,False,223.14125061035156,train,shear_only
red2-2.xls,red,new york strip steak,2,24,1.0,2,shear,shear,72,0.13973000000000002,452.013,0.2694508989376186,False,222.19325256347656,train,shear_only
red2-3.xls,red,new york strip steak,2,24,1.0,3,shear,shear,72,0.143994,499.549,1.3612185371833283,False,229.87095642089844,train,shear_only
red2-4.xls,red,new york strip steak,2,24,1.0,4,shear,shear,72,0.14110799999999998,410.913,-0.6745,False,224.66543579101562,train,shear_only
red2-1.xls,red,new york strip steak,2,24,1.0,1,shear,shear,73,0.14026,440.281,0.0,False,223.14300537109375,train,shear_only
red2-2.xls,red,new york strip steak,2,24,1.0,2,shear,shear,73,0.13973000000000002,452.013,0.2694508989376186,False,222.19325256347656,train,shear_only
red2-3.xls,red,new york strip steak,2,24,1.0,3,shear,shear,73,0.143994,499.549,1.3612185371833283,False,229.87095642089844,train,shear_only
red2-4.xls,red,new york strip steak,2,24,1.0,4,shear,shear,73,0.141109,410.913,-0.6745,False,224.6671905517578,train,shear_only
red2-1.xls,red,new york strip steak,2,24,1.0,1,shear,shear,74,0.14026,440.281,0.0,False,223.14300537109375,train,shear_only
red2-2.xls,red,new york strip steak,2,24,1.0,2,shear,shear,74,0.13973000000000002,452.013,0.2694508989376186,False,222.19325256347656,train,shear_only
red2-3.xls,red,new york strip steak,2,24,1.0,3,shear,shear,74,0.143994,499.549,1.3612185371833283,False,229.87095642089844,train,shear_only
red2-4.xls,red,new york strip steak,2,24,1.0,4,shear,shear,74,0.141109,410.913,-0.6745,False,224.6671905517578,train,shear_only
red2-1.xls,red,new york strip steak,2,24,1.0,1,shear,shear,75,0.149955,452.054,0.0,False,240.74606323242188,train,shear_only
red2-2.xls,red,new york strip steak,2,24,1.0,2,shear,shear,75,0.149194,454.932,0.060664739523111064,False,239.34823608398438,train,shear_only
red2-3.xls,red,new york strip steak,2,24,1.0,3,shear,shear,75,0.143993,499.549,1.0011368324010137,False,229.8691864013672,train,shear_only
red2-4.xls,red,new york strip steak,2,24,1.0,4,shear,shear,75,0.149306,420.055,-0.6745,False,239.5539093017578,train,shear_only
red2-1.xls,red,new york strip steak,2,24,1.0,1,shear,shear,76,0.149955,452.054,0.0,False,240.74606323242188,train,shear_only
red2-2.xls,red,new york strip steak,2,24,1.0,2,shear,shear,76,0.149194,454.932,0.060664739523111064,False,239.34823608398438,train,shear_only
red2-3.xls,red,new york strip steak,2,24,1.0,3,shear,shear,76,0.143993,499.549,1.0011368324010137,False,229.8691864013672,train,shear_only
red2-4.xls,red,new york strip steak,2,24,1.0,4,shear,shear,76,0.149306,420.055,-0.6745,False,239.5539093017578,train,shear_only
red2-1.xls,red,new york strip steak,2,24,1.0,1,shear,shear,77,0.149954,452.054,0.0,False,240.74427795410156,train,shear_only
red2-2.xls,red,new york strip steak,2,24,1.0,2,shear,shear,77,0.149194,454.932,0.060664739523111064,False,239.34823608398438,train,shear_only
red2-3.xls,red,new york strip steak,2,24,1.0,3,shear,shear,77,0.153909,504.605,1.1077111628488412,False,248.0546112060547,train,shear_only
red2-4.xls,red,new york strip steak,2,24,1.0,4,shear,shear,77,0.149305,420.055,-0.6745,False,239.5519256591797,train,shear_only
red2-1.xls,red,new york strip steak,2,24,1.0,1,shear,shear,78,0.149954,452.054,0.0,False,240.74427795410156,train,shear_only
red2-2.xls,red,new york strip steak,2,24,1.0,2,shear,shear,78,0.149194,454.932,0.060664739523111064,False,239.34823608398438,train,shear_only
red2-3.xls,red,new york strip steak,2,24,1.0,3,shear,shear,78,0.153909,504.605,1.1077111628488412,False,248.0546112060547,train,shear_only
red2-4.xls,red,new york strip steak,2,24,1.0,4,shear,shear,78,0.149305,420.055,-0.6745,False,239.5519256591797,train,shear_only
red2-1.xls,red,new york strip steak,2,24,1.0,1,shear,shear,79,0.149955,452.054,0.0,False,240.74606323242188,train,shear_only
red2-2.xls,red,new york strip steak,2,24,1.0,2,shear,shear,79,0.158686,455.878,0.11043836437593715,False,256.98919677734375,train,shear_only
red2-3.xls,red,new york strip steak,2,24,1.0,3,shear,shear,79,0.153909,504.605,1.517689980732181,False,248.0546112060547,train,shear_only
red2-4.xls,red,new york strip steak,2,24,1.0,4,shear,shear,79,0.157469,428.699,-0.6745,False,254.70184326171875,train,shear_only
red2-1.xls,red,new york strip steak,2,24,1.0,1,shear,shear,80,0.159578,463.317,0.18461332278597517,False,258.6706237792969,train,shear_only
red2-2.xls,red,new york strip steak,2,24,1.0,2,shear,shear,80,0.158686,455.878,0.0,False,256.98919677734375,train,shear_only
red2-3.xls,red,new york strip steak,2,24,1.0,3,shear,shear,80,0.153909,504.605,1.209255730527247,False,248.0546112060547,train,shear_only
red2-4.xls,red,new york strip steak,2,24,1.0,4,shear,shear,80,0.157469,428.699,-0.6745,False,254.70184326171875,train,shear_only
red2-1.xls,red,new york strip steak,2,24,1.0,1,shear,shear,81,0.159578,463.317,0.18461332278597517,False,258.6706237792969,train,shear_only
red2-2.xls,red,new york strip steak,2,24,1.0,2,shear,shear,81,0.158686,455.878,0.0,False,256.98919677734375,train,shear_only
red2-3.xls,red,new york strip steak,2,24,1.0,3,shear,shear,81,0.153909,504.605,1.209255730527247,False,248.0546112060547,train,shear_only
red2-4.xls,red,new york strip steak,2,24,1.0,4,shear,shear,81,0.157469,428.699,-0.6745,False,254.70184326171875,train,shear_only
red2-1.xls,red,new york strip steak,2,24,1.0,1,shear,shear,82,0.159578,463.317,0.18461332278597517,False,258.6706237792969,train,shear_only
red2-2.xls,red,new york strip steak,2,24,1.0,2,shear,shear,82,0.158686,455.878,0.0,False,256.98919677734375,train,shear_only
red2-3.xls,red,new york strip steak,2,24,1.0,3,shear,shear,82,0.163846,504.606,1.209280547481513,False,266.7739562988281,train,shear_only
red2-4.xls,red,new york strip steak,2,24,1.0,4,shear,shear,82,0.157469,428.699,-0.6745,False,254.70184326171875,train,shear_only
red2-1.xls,red,new york strip steak,2,24,1.0,1,shear,shear,83,0.159578,463.317,0.2509430107526888,False,258.6706237792969,train,shear_only
red2-2.xls,red,new york strip steak,2,24,1.0,2,shear,shear,83,0.158686,455.878,0.0,False,256.98919677734375,train,shear_only
red2-3.xls,red,new york strip steak,2,24,1.0,3,shear,shear,83,0.163846,504.606,1.6437627406851711,False,266.7739562988281,train,shear_only
red2-4.xls,red,new york strip steak,2,24,1.0,4,shear,shear,83,0.16567900000000002,435.883,-0.6745,False,270.2845153808594,train,shear_only
red2-1.xls,red,new york strip steak,2,24,1.0,1,shear,shear,84,0.159578,463.317,0.244097746227165,False,258.6706237792969,train,shear_only
red2-2.xls,red,new york strip steak,2,24,1.0,2,shear,shear,84,0.16819299999999998,456.027,0.0,False,275.12921142578125,train,shear_only
red2-3.xls,red,new york strip steak,2,24,1.0,3,shear,shear,84,0.163846,504.606,1.6266151459491658,False,266.7739562988281,train,shear_only
red2-4.xls,red,new york strip steak,2,24,1.0,4,shear,shear,84,0.16567900000000002,435.883,-0.6745,False,270.2845153808594,train,shear_only
red2-1.xls,red,new york strip steak,2,24,1.0,1,shear,shear,85,0.169229,474.926,0.6328125248212866,False,277.1359558105469,train,shear_only
red2-2.xls,red,new york strip steak,2,24,1.0,2,shear,shear,85,0.16819299999999998,456.027,0.0,False,275.12921142578125,train,shear_only
red2-3.xls,red,new york strip steak,2,24,1.0,3,shear,shear,85,0.163846,504.606,1.6266151459491658,False,266.7739562988281,train,shear_only
red2-4.xls,red,new york strip steak,2,24,1.0,4,shear,shear,85,0.165678,435.883,-0.6745,False,270.2824401855469,train,shear_only
red2-1.xls,red,new york strip steak,2,24,1.0,1,shear,shear,86,0.169229,474.926,0.6328125248212866,False,277.1359558105469,train,shear_only
red2-2.xls,red,new york strip steak,2,24,1.0,2,shear,shear,86,0.16819299999999998,456.027,0.0,False,275.12921142578125,train,shear_only
red2-3.xls,red,new york strip steak,2,24,1.0,3,shear,shear,86,0.163846,504.606,1.6266151459491658,False,266.7739562988281,train,shear_only
red2-4.xls,red,new york strip steak,2,24,1.0,4,shear,shear,86,0.165678,435.883,-0.6745,False,270.2824401855469,train,shear_only
red2-1.xls,red,new york strip steak,2,24,1.0,1,shear,shear,87,0.169229,474.926,0.6745,False,277.1359558105469,train,shear_only
red2-2.xls,red,new york strip steak,2,24,1.0,2,shear,shear,87,0.16819299999999998,456.027,0.0,False,275.12921142578125,train,shear_only
red2-3.xls,red,new york strip steak,2,24,1.0,3,shear,shear,87,0.173765,507.037,1.820532567860733,False,285.9947814941406,train,shear_only
red2-4.xls,red,new york strip steak,2,24,1.0,4,shear,shear,87,0.17384,442.807,-0.47181808561299426,False,286.1421813964844,train,shear_only
red2-1.xls,red,new york strip steak,2,24,1.0,1,shear,shear,88,0.169229,474.926,0.6745,False,277.1359558105469,train,shear_only
red2-2.xls,red,new york strip steak,2,24,1.0,2,shear,shear,88,0.16819299999999998,456.027,0.0,False,275.12921142578125,train,shear_only
red2-3.xls,red,new york strip steak,2,24,1.0,3,shear,shear,88,0.173765,507.037,1.820532567860733,False,285.9947814941406,train,shear_only
red2-4.xls,red,new york strip steak,2,24,1.0,4,shear,shear,88,0.17384,442.807,-0.47181808561299426,False,286.1421813964844,train,shear_only
red2-1.xls,red,new york strip steak,2,24,1.0,1,shear,shear,89,0.169229,474.926,0.6745,False,277.1359558105469,train,shear_only
red2-2.xls,red,new york strip steak,2,24,1.0,2,shear,shear,89,0.17768,458.554,0.0,False,293.73760986328125,train,shear_only
red2-3.xls,red,new york strip steak,2,24,1.0,3,shear,shear,89,0.173765,507.037,1.997421420718298,False,285.9947814941406,train,shear_only
red2-4.xls,red,new york strip steak,2,24,1.0,4,shear,shear,89,0.17384,442.807,-0.6487510078182239,False,286.1421813964844,train,shear_only
red2-1.xls,red,new york strip steak,2,24,1.0,1,shear,shear,90,0.17890799999999998,485.673,0.6745,False,296.1852722167969,train,shear_only
red2-2.xls,red,new york strip steak,2,24,1.0,2,shear,shear,90,0.17768,458.554,0.0,False,293.73760986328125,train,shear_only
red2-3.xls,red,new york strip steak,2,24,1.0,3,shear,shear,90,0.173765,507.037,1.205862439617979,False,285.9947814941406,train,shear_only
red2-4.xls,red,new york strip steak,2,24,1.0,4,shear,shear,90,0.17384,442.807,-0.3916571960618002,False,286.1421813964844,train,shear_only
red2-1.xls,red,new york strip steak,2,24,1.0,1,shear,shear,91,0.17890799999999998,485.673,0.6745,False,296.1852722167969,train,shear_only
red2-2.xls,red,new york strip steak,2,24,1.0,2,shear,shear,91,0.17768,458.554,0.0,False,293.73760986328125,train,shear_only
red2-3.xls,red,new york strip steak,2,24,1.0,3,shear,shear,91,0.173765,507.037,1.205862439617979,False,285.9947814941406,train,shear_only
red2-4.xls,red,new york strip steak,2,24,1.0,4,shear,shear,91,0.18201699999999998,449.164,-0.2335467753235733,False,302.4231872558594,train,shear_only
red2-1.xls,red,new york strip steak,2,24,1.0,1,shear,shear,92,0.17890799999999998,485.673,0.6745,False,296.1852722167969,train,shear_only
red2-2.xls,red,new york strip steak,2,24,1.0,2,shear,shear,92,0.17768,458.554,0.0,False,293.73760986328125,train,shear_only
red2-3.xls,red,new york strip steak,2,24,1.0,3,shear,shear,92,0.183676,506.762,1.199022677827353,False,305.77655029296875,train,shear_only
red2-4.xls,red,new york strip steak,2,24,1.0,4,shear,shear,92,0.18201699999999998,449.164,-0.2335467753235733,False,302.4231872558594,train,shear_only
red2-1.xls,red,new york strip steak,2,24,1.0,1,shear,shear,93,0.17890799999999998,485.673,0.6745000000000001,False,296.1852722167969,train,shear_only
red2-2.xls,red,new york strip steak,2,24,1.0,2,shear,shear,93,0.187144,459.607,0.0,False,312.8427734375,train,shear_only
red2-3.xls,red,new york strip steak,2,24,1.0,3,shear,shear,93,0.183676,506.762,1.2202120578531426,False,305.77655029296875,train,shear_only
red2-4.xls,red,new york strip steak,2,24,1.0,4,shear,shear,93,0.18201799999999999,449.164,-0.27022955190669967,False,302.42529296875,train,shear_only
red2-1.xls,red,new york strip steak,2,24,1.0,1,shear,shear,94,0.18853799999999998,497.286,0.6745,False,315.7048645019531,train,shear_only
red2-2.xls,red,new york strip steak,2,24,1.0,2,shear,shear,94,0.187144,459.607,0.0,False,312.8427734375,train,shear_only
red2-3.xls,red,new york strip steak,2,24,1.0,3,shear,shear,94,0.183676,506.762,0.8441319435229173,False,305.77655029296875,train,shear_only
red2-4.xls,red,new york strip steak,2,24,1.0,4,shear,shear,94,0.18201799999999999,449.164,-0.18694242150800264,False,302.42529296875,train,shear_only
red2-1.xls,red,new york strip steak,2,24,1.0,1,shear,shear,95,0.18853799999999998,497.286,0.6745,False,315.7048645019531,train,shear_only
red2-2.xls,red,new york strip steak,2,24,1.0,2,shear,shear,95,0.187144,459.607,0.0,False,312.8427734375,train,shear_only
red2-3.xls,red,new york strip steak,2,24,1.0,3,shear,shear,95,0.183676,506.762,0.8441319435229173,False,305.77655029296875,train,shear_only
red2-4.xls,red,new york strip steak,2,24,1.0,4,shear,shear,95,0.190164,455.468,-0.07409314206852646,False,319.0595397949219,train,shear_only
red2-1.xls,red,new york strip steak,2,24,1.0,1,shear,shear,96,0.18853799999999998,497.286,0.6745,False,315.7048645019531,train,shear_only
red2-2.xls,red,new york strip steak,2,24,1.0,2,shear,shear,96,0.187144,459.607,0.0,False,312.8427734375,train,shear_only
red2-3.xls,red,new york strip steak,2,24,1.0,3,shear,shear,96,0.183676,506.762,0.8441319435229173,False,305.77655029296875,train,shear_only
red2-4.xls,red,new york strip steak,2,24,1.0,4,shear,shear,96,0.190164,455.468,-0.07409314206852646,False,319.0595397949219,train,shear_only
red2-1.xls,red,new york strip steak,2,24,1.0,1,shear,shear,97,0.18853799999999998,497.286,0.6745,False,315.7048645019531,train,shear_only
red2-2.xls,red,new york strip steak,2,24,1.0,2,shear,shear,97,0.187144,459.607,0.0,False,312.8427734375,train,shear_only
red2-3.xls,red,new york strip steak,2,24,1.0,3,shear,shear,97,0.193584,501.467,0.7493449932323042,False,326.1730041503906,train,shear_only
red2-4.xls,red,new york strip steak,2,24,1.0,4,shear,shear,97,0.190164,455.468,-0.07409314206852646,False,319.0595397949219,train,shear_only
red2-1.xls,red,new york strip steak,2,24,1.0,1,shear,shear,98,0.18853799999999998,497.286,0.6745,False,315.7048645019531,train,shear_only
red2-2.xls,red,new york strip steak,2,24,1.0,2,shear,shear,98,0.196706,462.209,0.0,False,332.7358093261719,train,shear_only
red2-3.xls,red,new york strip steak,2,24,1.0,3,shear,shear,98,0.193584,501.467,0.7548969695241893,False,326.1730041503906,train,shear_only
red2-4.xls,red,new york strip steak,2,24,1.0,4,shear,shear,98,0.190164,455.468,-0.12962352823787637,False,319.0595397949219,train,shear_only
red2-1.xls,red,new york strip steak,2,24,1.0,1,shear,shear,99,0.198196,506.516,0.761247936726273,False,335.891845703125,train,shear_only
red2-2.xls,red,new york strip steak,2,24,1.0,2,shear,shear,99,0.196706,462.209,0.0,False,332.7358093261719,train,shear_only
red2-3.xls,red,new york strip steak,2,24,1.0,3,shear,shear,99,0.193583,501.467,0.6745,False,326.1708068847656,train,shear_only
red2-4.xls,red,new york strip steak,2,24,1.0,4,shear,shear,99,0.198363,461.741,-0.008040806969280454,False,336.24664306640625,train,shear_only
red3-2.xls,red,new york strip steak,3,48,2.0,2,shear,shear,0,-0.00311724,-11.6218,-2.185211159869781,False,-4.440745830535889,train,shear_only
red3-3.xls,red,new york strip steak,3,48,2.0,3,shear,shear,0,0.00584913,25.2888,0.5529217533324533,False,8.333195686340332,train,shear_only
red3-4.xls,red,new york strip steak,3,48,2.0,4,shear,shear,0,-0.00038375,17.8353,0.0,False,-0.5466640591621399,train,shear_only
red3-5.xls,red,new york strip steak,3,48,2.0,5,shear,shear,0,0.00030741899999999996,26.9277,0.6745,False,0.4379277229309082,test,shear_only
red3-2.xls,red,new york strip steak,3,48,2.0,2,shear,shear,1,0.0027106200000000004,18.5292,0.0,False,3.861454725265503,train,shear_only
red3-3.xls,red,new york strip steak,3,48,2.0,3,shear,shear,1,0.00260104,53.9812,2.8472196225516453,False,3.7053422927856445,train,shear_only
red3-4.xls,red,new york strip steak,3,48,2.0,4,shear,shear,1,-0.00038375,17.8353,-0.0557284693695302,False,-0.5466640591621399,train,shear_only
red3-5.xls,red,new york strip steak,3,48,2.0,5,shear,shear,1,0.000307269,26.9277,0.6745,False,0.4377140402793884,test,shear_only
red3-1.xls,red,new york strip steak,3,48,2.0,1,shear,shear,2,0.00385021,2.41676,-0.6745000000000001,False,5.4850077629089355,train,shear_only
red3-2.xls,red,new york strip steak,3,48,2.0,2,shear,shear,2,0.0027106200000000004,18.5292,-0.23111264806653686,False,3.861454725265503,train,shear_only
red3-3.xls,red,new york strip steak,3,48,2.0,3,shear,shear,2,0.00260104,53.9812,0.74446699106603,False,3.7053422927856445,train,shear_only
red3-4.xls,red,new york strip steak,3,48,2.0,4,shear,shear,2,0.00404474,61.2423,0.9442802968796788,False,5.762166500091553,train,shear_only
red3-5.xls,red,new york strip steak,3,48,2.0,5,shear,shear,2,0.000307269,26.9277,0.0,False,0.4377140402793884,test,shear_only
red3-1.xls,red,new york strip steak,3,48,2.0,1,shear,shear,3,0.00385017,2.41676,-0.6745000000000001,False,5.484950542449951,train,shear_only
red3-2.xls,red,new york strip steak,3,48,2.0,2,shear,shear,3,0.0027106200000000004,18.5292,-0.23111264806653686,False,3.861454725265503,train,shear_only
red3-3.xls,red,new york strip steak,3,48,2.0,3,shear,shear,3,0.00260104,53.9812,0.74446699106603,False,3.7053422927856445,train,shear_only
red3-4.xls,red,new york strip steak,3,48,2.0,4,shear,shear,3,0.00404474,61.2423,0.9442802968796788,False,5.762166500091553,train,shear_only
red3-5.xls,red,new york strip steak,3,48,2.0,5,shear,shear,3,0.000307266,26.9277,0.0,False,0.437709778547287,test,shear_only
red3-1.xls,red,new york strip steak,3,48,2.0,1,shear,shear,4,0.00385017,2.41676,-0.6745000000000001,False,5.484950542449951,train,shear_only
red3-2.xls,red,new york strip steak,3,48,2.0,2,shear,shear,4,0.0027106,18.5292,-0.23111264806653686,False,3.86142635345459,train,shear_only
red3-3.xls,red,new york strip steak,3,48,2.0,3,shear,shear,4,0.00260104,53.9812,0.74446699106603,False,3.7053422927856445,train,shear_only
red3-4.xls,red,new york strip steak,3,48,2.0,4,shear,shear,4,0.00404474,61.2423,0.9442802968796788,False,5.762166500091553,train,shear_only
red3-5.xls,red,new york strip steak,3,48,2.0,5,shear,shear,4,0.000307266,26.9277,0.0,False,0.437709778547287,test,shear_only
red3-1.xls,red,new york strip steak,3,48,2.0,1,shear,shear,5,0.00385017,2.41676,-0.6745000000000001,False,5.484950542449951,train,shear_only
red3-2.xls,red,new york strip steak,3,48,2.0,2,shear,shear,5,0.0027106,18.5292,-0.23111264806653686,False,3.86142635345459,train,shear_only
red3-3.xls,red,new york strip steak,3,48,2.0,3,shear,shear,5,0.00260102,53.9812,0.74446699106603,False,3.7053136825561523,train,shear_only
red3-4.xls,red,new york strip steak,3,48,2.0,4,shear,shear,5,0.00404474,61.2423,0.9442802968796788,False,5.762166500091553,train,shear_only
red3-5.xls,red,new york strip steak,3,48,2.0,5,shear,shear,5,0.000307266,26.9277,0.0,False,0.437709778547287,test,shear_only
red3-1.xls,red,new york strip steak,3,48,2.0,1,shear,shear,6,0.0120208,36.3352,-1.3107568093688795,False,17.13210678100586,train,shear_only
red3-2.xls,red,new york strip steak,3,48,2.0,2,shear,shear,6,0.010886199999999999,74.0592,0.6745,False,15.51374626159668,train,shear_only
red3-4.xls,red,new york strip steak,3,48,2.0,4,shear,shear,6,0.00404474,61.2423,0.0,False,5.762166500091553,train,shear_only
red3-5.xls,red,new york strip steak,3,48,2.0,5,shear,shear,6,0.0109909,60.4692,-0.040685029141211956,False,15.663076400756836,test,shear_only
red3-1.xls,red,new york strip steak,3,48,2.0,1,shear,shear,7,0.0120208,36.3352,-0.6745,False,17.13210678100586,train,shear_only
red3-2.xls,red,new york strip steak,3,48,2.0,2,shear,shear,7,0.010886199999999999,74.0592,0.0,False,15.51374626159668,train,shear_only
red3-3.xls,red,new york strip steak,3,48,2.0,3,shear,shear,7,0.0115572,158.122,1.5030314547768,False,16.47079086303711,train,shear_only
red3-4.xls,red,new york strip steak,3,48,2.0,4,shear,shear,7,0.013106199999999998,129.803,0.9966915783055876,False,18.680686950683594,train,shear_only
red3-5.xls,red,new york strip steak,3,48,2.0,5,shear,shear,7,0.0109909,60.4692,-0.24298735552963635,False,15.663076400756836,test,shear_only
red3-1.xls,red,new york strip steak,3,48,2.0,1,shear,shear,8,0.0120208,36.3352,-0.6745,False,17.13210678100586,train,shear_only
red3-2.xls,red,new york strip steak,3,48,2.0,2,shear,shear,8,0.010886199999999999,74.0592,0.0,False,15.51374626159668,train,shear_only
red3-3.xls,red,new york strip steak,3,48,2.0,3,shear,shear,8,0.0115572,158.122,1.5030314547768,False,16.47079086303711,train,shear_only
red3-4.xls,red,new york strip steak,3,48,2.0,4,shear,shear,8,0.0131061,129.803,0.9966915783055876,False,18.680543899536133,train,shear_only
red3-5.xls,red,new york strip steak,3,48,2.0,5,shear,shear,8,0.0109909,60.4692,-0.24298735552963635,False,15.663076400756836,test,shear_only
red3-1.xls,red,new york strip steak,3,48,2.0,1,shear,shear,9,0.0120207,36.3352,-0.6745,False,17.1319637298584,train,shear_only
red3-2.xls,red,new york strip steak,3,48,2.0,2,shear,shear,9,0.010886199999999999,74.0592,0.0,False,15.51374626159668,train,shear_only
red3-3.xls,red,new york strip steak,3,48,2.0,3,shear,shear,9,0.0115572,158.122,1.5030314547768,False,16.47079086303711,train,shear_only
red3-4.xls,red,new york strip steak,3,48,2.0,4,shear,shear,9,0.0131061,129.803,0.9966915783055876,False,18.680543899536133,train,shear_only
red3-5.xls,red,new york strip steak,3,48,2.0,5,shear,shear,9,0.0109909,60.4692,-0.24298735552963635,False,15.663076400756836,test,shear_only
red3-1.xls,red,new york strip steak,3,48,2.0,1,shear,shear,10,0.0201824,95.7667,-1.462517928458919,False,28.78883171081543,train,shear_only
red3-2.xls,red,new york strip steak,3,48,2.0,2,shear,shear,10,0.0192004,170.097,1.0849027996544887,False,27.38460922241211,train,shear_only
red3-3.xls,red,new york strip steak,3,48,2.0,3,shear,shear,10,0.0115572,158.122,0.6745,False,16.47079086303711,train,shear_only
red3-4.xls,red,new york strip steak,3,48,2.0,4,shear,shear,10,0.0131061,129.803,-0.2960383618718561,False,18.680543899536133,train,shear_only
red3-5.xls,red,new york strip steak,3,48,2.0,5,shear,shear,10,0.0197387,138.441,0.0,False,28.154296875,test,shear_only
red3-1.xls,red,new york strip steak,3,48,2.0,1,shear,shear,11,0.0201824,95.7667,-1.4369260654610077,False,28.78883171081543,train,shear_only
red3-2.xls,red,new york strip steak,3,48,2.0,2,shear,shear,11,0.0192004,170.097,0.0,False,27.38460922241211,train,shear_only
red3-3.xls,red,new york strip steak,3,48,2.0,3,shear,shear,11,0.020572499999999997,276.092,2.0490564185606606,False,29.346818923950195,train,shear_only
red3-4.xls,red,new york strip steak,3,48,2.0,4,shear,shear,11,0.022172499999999998,204.988,0.6745,False,31.636322021484375,train,shear_only
red3-5.xls,red,new york strip steak,3,48,2.0,5,shear,shear,11,0.019738500000000003,138.441,-0.6119621678942997,False,28.154010772705078,test,shear_only
red3-1.xls,red,new york strip steak,3,48,2.0,1,shear,shear,12,0.0201824,95.7667,-1.4369260654610077,False,28.78883171081543,train,shear_only
red3-2.xls,red,new york strip steak,3,48,2.0,2,shear,shear,12,0.0192004,170.097,0.0,False,27.38460922241211,train,shear_only
red3-3.xls,red,new york strip steak,3,48,2.0,3,shear,shear,12,0.020572499999999997,276.092,2.0490564185606606,False,29.346818923950195,train,shear_only
red3-4.xls,red,new york strip steak,3,48,2.0,4,shear,shear,12,0.022172499999999998,204.988,0.6745,False,31.636322021484375,train,shear_only
red3-5.xls,red,new york strip steak,3,48,2.0,5,shear,shear,12,0.019738500000000003,138.441,-0.6119621678942997,False,28.154010772705078,test,shear_only
red3-1.xls,red,new york strip steak,3,48,2.0,1,shear,shear,13,0.0201824,95.7667,-1.4369260654610077,False,28.78883171081543,train,shear_only
red3-2.xls,red,new york strip steak,3,48,2.0,2,shear,shear,13,0.0192004,170.097,0.0,False,27.38460922241211,train,shear_only
red3-3.xls,red,new york strip steak,3,48,2.0,3,shear,shear,13,0.020572499999999997,276.092,2.0490564185606606,False,29.346818923950195,train,shear_only
red3-4.xls,red,new york strip steak,3,48,2.0,4,shear,shear,13,0.022172499999999998,204.988,0.6745,False,31.636322021484375,train,shear_only
red3-5.xls,red,new york strip steak,3,48,2.0,5,shear,shear,13,0.019738500000000003,138.441,-0.6119621678942997,False,28.154010772705078,test,shear_only
red3-1.xls,red,new york strip steak,3,48,2.0,1,shear,shear,14,0.028344499999999998,132.316,-1.881949781156416,False,40.48402786254883,train,shear_only
red3-2.xls,red,new york strip steak,3,48,2.0,2,shear,shear,14,0.0274859,229.142,0.6255038393611304,False,39.25154113769531,train,shear_only
red3-3.xls,red,new york strip steak,3,48,2.0,3,shear,shear,14,0.020572499999999997,276.092,1.8413440835444983,False,29.346818923950195,train,shear_only
red3-4.xls,red,new york strip steak,3,48,2.0,4,shear,shear,14,0.022172499999999998,204.988,0.0,False,31.636322021484375,train,shear_only
red3-5.xls,red,new york strip steak,3,48,2.0,5,shear,shear,14,0.0284334,178.942,-0.6745,False,40.61166763305664,test,shear_only
red3-1.xls,red,new york strip steak,3,48,2.0,1,shear,shear,15,0.028344499999999998,132.316,-1.881949781156416,False,40.48402786254883,train,shear_only
red3-2.xls,red,new york strip steak,3,48,2.0,2,shear,shear,15,0.0274859,229.142,0.6255038393611304,False,39.25154113769531,train,shear_only
red3-4.xls,red,new york strip steak,3,48,2.0,4,shear,shear,15,0.022172499999999998,204.988,0.0,False,31.636322021484375,train,shear_only
red3-5.xls,red,new york strip steak,3,48,2.0,5,shear,shear,15,0.0284334,178.942,-0.6745,False,40.61166763305664,test,shear_only
red3-1.xls,red,new york strip steak,3,48,2.0,1,shear,shear,16,0.028344499999999998,132.316,-1.3009788247011953,False,40.48402786254883,train,shear_only
red3-2.xls,red,new york strip steak,3,48,2.0,2,shear,shear,16,0.0274857,229.142,0.0,False,39.251258850097656,train,shear_only
red3-3.xls,red,new york strip steak,3,48,2.0,3,shear,shear,16,0.029358399999999996,348.633,1.6055115438247014,False,41.940189361572266,train,shear_only
red3-4.xls,red,new york strip steak,3,48,2.0,4,shear,shear,16,0.0312819,241.665,0.16826222111553785,False,44.70508575439453,train,shear_only
red3-5.xls,red,new york strip steak,3,48,2.0,5,shear,shear,16,0.0284334,178.942,-0.6745,False,40.61166763305664,test,shear_only
red3-1.xls,red,new york strip steak,3,48,2.0,1,shear,shear,17,0.028344499999999998,132.316,-1.3009788247011953,False,40.48402786254883,train,shear_only
red3-2.xls,red,new york strip steak,3,48,2.0,2,shear,shear,17,0.0274857,229.142,0.0,False,39.251258850097656,train,shear_only
red3-3.xls,red,new york strip steak,3,48,2.0,3,shear,shear,17,0.029358399999999996,348.633,1.6055115438247014,False,41.940189361572266,train,shear_only
red3-4.xls,red,new york strip steak,3,48,2.0,4,shear,shear,17,0.0312819,241.665,0.16826222111553785,False,44.70508575439453,train,shear_only
red3-5.xls,red,new york strip steak,3,48,2.0,5,shear,shear,17,0.0284334,178.942,-0.6745,False,40.61166763305664,test,shear_only
red3-1.xls,red,new york strip steak,3,48,2.0,1,shear,shear,18,0.028344499999999998,132.316,-1.1758988010777547,False,40.48402786254883,train,shear_only
red3-2.xls,red,new york strip steak,3,48,2.0,2,shear,shear,18,0.0357406,275.921,0.3683763850581127,False,51.127044677734375,train,shear_only
red3-3.xls,red,new york strip steak,3,48,2.0,3,shear,shear,18,0.029358399999999996,348.633,1.1502944055609585,False,41.940189361572266,train,shear_only
red3-4.xls,red,new york strip steak,3,48,2.0,4,shear,shear,18,0.0312819,241.665,0.0,False,44.70508575439453,train,shear_only
red3-5.xls,red,new york strip steak,3,48,2.0,5,shear,shear,18,0.0284334,178.942,-0.6745,False,40.61166763305664,test,shear_only
red3-1.xls,red,new york strip steak,3,48,2.0,1,shear,shear,19,0.0365841,157.239,-1.6623463626809898,False,52.34413146972656,train,shear_only
red3-2.xls,red,new york strip steak,3,48,2.0,2,shear,shear,19,0.0357406,275.921,0.6745,False,51.127044677734375,train,shear_only
red3-3.xls,red,new york strip steak,3,48,2.0,3,shear,shear,19,0.0382496,406.659,3.2487287774404483,False,54.74940872192383,train,shear_only
red3-4.xls,red,new york strip steak,3,48,2.0,4,shear,shear,19,0.0312819,241.665,0.0,False,44.70508575439453,train,shear_only
red3-5.xls,red,new york strip steak,3,48,2.0,5,shear,shear,19,0.037174200000000004,212.436,-0.5755184639187293,False,53.19599533081055,test,shear_only
red3-1.xls,red,new york strip steak,3,48,2.0,1,shear,shear,20,0.0365841,157.239,-1.338533682915084,False,52.34413146972656,train,shear_only
red3-2.xls,red,new york strip steak,3,48,2.0,2,shear,shear,20,0.0357403,275.921,0.08924039096081485,False,51.126617431640625,train,shear_only
red3-3.xls,red,new york strip steak,3,48,2.0,3,shear,shear,20,0.0382496,406.659,1.6620511530847029,False,54.74940872192383,train,shear_only
red3-4.xls,red,new york strip steak,3,48,2.0,4,shear,shear,20,0.0404411,268.503,0.0,False,57.91897201538086,train,shear_only
red3-5.xls,red,new york strip steak,3,48,2.0,5,shear,shear,20,0.037174200000000004,212.436,-0.6745,False,53.19599533081055,test,shear_only
red3-1.xls,red,new york strip steak,3,48,2.0,1,shear,shear,21,0.0365841,157.239,-1.338533682915084,False,52.34413146972656,train,shear_only
red3-2.xls,red,new york strip steak,3,48,2.0,2,shear,shear,21,0.0357403,275.921,0.08924039096081485,False,51.126617431640625,train,shear_only
red3-3.xls,red,new york strip steak,3,48,2.0,3,shear,shear,21,0.0382496,406.659,1.6620511530847029,False,54.74940872192383,train,shear_only
red3-4.xls,red,new york strip steak,3,48,2.0,4,shear,shear,21,0.0404411,268.503,0.0,False,57.91897201538086,train,shear_only
red3-5.xls,red,new york strip steak,3,48,2.0,5,shear,shear,21,0.037174200000000004,212.436,-0.6745,False,53.19599533081055,test,shear_only
red3-1.xls,red,new york strip steak,3,48,2.0,1,shear,shear,22,0.0447728,180.908,-1.0537897069577473,False,64.20022583007812,train,shear_only
red3-2.xls,red,new york strip steak,3,48,2.0,2,shear,shear,22,0.044053699999999994,314.262,0.550492187918027,False,63.15589904785156,train,shear_only
red3-3.xls,red,new york strip steak,3,48,2.0,3,shear,shear,22,0.0382496,406.659,1.6620511530847029,False,54.74940872192383,train,shear_only
red3-4.xls,red,new york strip steak,3,48,2.0,4,shear,shear,22,0.0404411,268.503,0.0,False,57.91897201538086,train,shear_only
red3-5.xls,red,new york strip steak,3,48,2.0,5,shear,shear,22,0.037174200000000004,212.436,-0.6745,False,53.19599533081055,test,shear_only
red3-1.xls,red,new york strip steak,3,48,2.0,1,shear,shear,23,0.0447728,180.908,-1.291173922069975,False,64.20022583007812,train,shear_only
red3-2.xls,red,new york strip steak,3,48,2.0,2,shear,shear,23,0.044053699999999994,314.262,0.6745,False,63.15589904785156,train,shear_only
red3-3.xls,red,new york strip steak,3,48,2.0,3,shear,shear,23,0.0382496,406.659,2.036456697043204,False,54.74940872192383,train,shear_only
red3-4.xls,red,new york strip steak,3,48,2.0,4,shear,shear,23,0.0404411,268.503,0.0,False,57.91897201538086,train,shear_only
red3-5.xls,red,new york strip steak,3,48,2.0,5,shear,shear,23,0.0459182,238.866,-0.4368573723201987,False,65.86502838134766,test,shear_only
red3-1.xls,red,new york strip steak,3,48,2.0,1,shear,shear,24,0.0447728,180.908,-1.291173922069975,False,64.20022583007812,train,shear_only
red3-2.xls,red,new york strip steak,3,48,2.0,2,shear,shear,24,0.044053699999999994,314.262,0.6745,False,63.15589904785156,train,shear_only
red3-3.xls,red,new york strip steak,3,48,2.0,3,shear,shear,24,0.04715,456.069,2.7647734216219755,False,67.65723419189453,train,shear_only
red3-4.xls,red,new york strip steak,3,48,2.0,4,shear,shear,24,0.0404411,268.503,0.0,False,57.91897201538086,train,shear_only
red3-5.xls,red,new york strip steak,3,48,2.0,5,shear,shear,24,0.0459182,238.866,-0.4368573723201987,False,65.86502838134766,test,shear_only
red3-1.xls,red,new york strip steak,3,48,2.0,1,shear,shear,25,0.0447728,180.908,-1.5482159108687403,False,64.20022583007812,train,shear_only
red3-2.xls,red,new york strip steak,3,48,2.0,2,shear,shear,25,0.044053699999999994,314.262,0.46209347830945685,False,63.15589904785156,train,shear_only
red3-3.xls,red,new york strip steak,3,48,2.0,3,shear,shear,25,0.04715,456.069,2.5998317055181843,False,67.65723419189453,train,shear_only
red3-4.xls,red,new york strip steak,3,48,2.0,4,shear,shear,25,0.0494907,283.609,0.0,False,71.06856536865234,train,shear_only
red3-5.xls,red,new york strip steak,3,48,2.0,5,shear,shear,25,0.0459182,238.866,-0.6745,False,65.86502838134766,test,shear_only
red3-1.xls,red,new york strip steak,3,48,2.0,1,shear,shear,26,0.0447728,180.908,-1.140840324440052,False,64.20022583007812,train,shear_only
red3-2.xls,red,new york strip steak,3,48,2.0,2,shear,shear,26,0.05229110000000001,344.329,0.6745,False,75.15998077392578,train,shear_only
red3-3.xls,red,new york strip steak,3,48,2.0,3,shear,shear,26,0.04715,456.069,1.915748847167325,False,67.65723419189453,train,shear_only
red3-4.xls,red,new york strip steak,3,48,2.0,4,shear,shear,26,0.0494907,283.609,0.0,False,71.06856536865234,train,shear_only
red3-5.xls,red,new york strip steak,3,48,2.0,5,shear,shear,26,0.0459182,238.866,-0.4970216320816858,False,65.86502838134766,test,shear_only
red3-1.xls,red,new york strip steak,3,48,2.0,1,shear,shear,27,0.0530156,198.348,-0.9471104166666658,False,76.22032928466797,train,shear_only
red3-2.xls,red,new york strip steak,3,48,2.0,2,shear,shear,27,0.05229110000000001,344.329,0.6745,False,75.15998077392578,train,shear_only
red3-3.xls,red,new york strip steak,3,48,2.0,3,shear,shear,27,0.04715,456.069,1.915748847167325,False,67.65723419189453,train,shear_only
red3-4.xls,red,new york strip steak,3,48,2.0,4,shear,shear,27,0.049490299999999994,283.609,0.0,False,71.06798553466797,train,shear_only
red3-5.xls,red,new york strip steak,3,48,2.0,5,shear,shear,27,0.0546754,261.907,-0.24107376482213427,False,78.65252685546875,test,shear_only
red3-1.xls,red,new york strip steak,3,48,2.0,1,shear,shear,28,0.0530156,198.348,-0.9471104166666658,False,76.22032928466797,train,shear_only
red3-2.xls,red,new york strip steak,3,48,2.0,2,shear,shear,28,0.05229110000000001,344.329,0.6745,False,75.15998077392578,train,shear_only
red3-3.xls,red,new york strip steak,3,48,2.0,3,shear,shear,28,0.056023699999999996,498.692,2.389220742753622,False,80.63142395019531,train,shear_only
red3-4.xls,red,new york strip steak,3,48,2.0,4,shear,shear,28,0.049490299999999994,283.609,0.0,False,71.06798553466797,train,shear_only
red3-5.xls,red,new york strip steak,3,48,2.0,5,shear,shear,28,0.0546754,261.907,-0.24107376482213427,False,78.65252685546875,test,shear_only
red3-1.xls,red,new york strip steak,3,48,2.0,1,shear,shear,29,0.0530156,198.348,-0.9761711454963031,False,76.22032928466797,train,shear_only
red3-2.xls,red,new york strip steak,3,48,2.0,2,shear,shear,29,0.05229110000000001,344.329,0.6745,False,75.15998077392578,train,shear_only
red3-3.xls,red,new york strip steak,3,48,2.0,3,shear,shear,29,0.056023699999999996,498.692,2.419950093041189,False,80.63142395019531,train,shear_only
red3-4.xls,red,new york strip steak,3,48,2.0,4,shear,shear,29,0.0586024,284.678,0.0,False,84.42430877685547,train,shear_only
red3-5.xls,red,new york strip steak,3,48,2.0,5,shear,shear,29,0.0546754,261.907,-0.25748167675311406,False,78.65252685546875,test,shear_only
red3-1.xls,red,new york strip steak,3,48,2.0,1,shear,shear,30,0.0530156,198.348,-0.7011979938104353,False,76.22032928466797,train,shear_only
red3-2.xls,red,new york strip steak,3,48,2.0,2,shear,shear,30,0.060546300000000004,367.721,0.6745,False,87.29081726074219,train,shear_only
red3-3.xls,red,new york strip steak,3,48,2.0,3,shear,shear,30,0.056023699999999996,498.692,1.7382855026913766,False,80.63142395019531,train,shear_only
red3-4.xls,red,new york strip steak,3,48,2.0,4,shear,shear,30,0.0586024,284.678,0.0,False,84.42430877685547,train,shear_only
red3-5.xls,red,new york strip steak,3,48,2.0,5,shear,shear,30,0.0546754,261.907,-0.18495284972845405,False,78.65252685546875,test,shear_only
red3-1.xls,red,new york strip steak,3,48,2.0,1,shear,shear,31,0.0611632,213.688,-0.6745,False,88.20184326171875,train,shear_only
red3-2.xls,red,new york strip steak,3,48,2.0,2,shear,shear,31,0.060546300000000004,367.721,0.7890196295252851,False,87.29081726074219,train,shear_only
red3-3.xls,red,new york strip steak,3,48,2.0,3,shear,shear,31,0.056023699999999996,498.692,2.0334193970981826,False,80.63142395019531,train,shear_only
red3-4.xls,red,new york strip steak,3,48,2.0,4,shear,shear,31,0.0586024,284.678,0.0,False,84.42430877685547,train,shear_only
red3-5.xls,red,new york strip steak,3,48,2.0,5,shear,shear,31,0.0546754,261.907,-0.21635497253134256,False,78.65252685546875,test,shear_only
red3-1.xls,red,new york strip steak,3,48,2.0,1,shear,shear,32,0.0611632,213.688,-0.6745,False,88.20184326171875,train,shear_only
red3-2.xls,red,new york strip steak,3,48,2.0,2,shear,shear,32,0.060546300000000004,367.721,0.7890196295252851,False,87.29081726074219,train,shear_only
red3-3.xls,red,new york strip steak,3,48,2.0,3,shear,shear,32,0.056023699999999996,498.692,2.0334193970981826,False,80.63142395019531,train,shear_only
red3-4.xls,red,new york strip steak,3,48,2.0,4,shear,shear,32,0.0586024,284.678,0.0,False,84.42430877685547,train,shear_only
red3-5.xls,red,new york strip steak,3,48,2.0,5,shear,shear,32,0.0633843,280.803,-0.03681768558951965,False,91.48745727539062,test,shear_only
red3-1.xls,red,new york strip steak,3,48,2.0,1,shear,shear,33,0.0611632,213.688,-0.6745,False,88.20184326171875,train,shear_only
red3-2.xls,red,new york strip steak,3,48,2.0,2,shear,shear,33,0.060546300000000004,367.721,0.7890196295252851,False,87.29081726074219,train,shear_only
red3-3.xls,red,new york strip steak,3,48,2.0,3,shear,shear,33,0.0649028,537.237,2.3996484786589654,False,93.73882293701172,train,shear_only
red3-4.xls,red,new york strip steak,3,48,2.0,4,shear,shear,33,0.0586024,284.678,0.0,False,84.42430877685547,train,shear_only
red3-5.xls,red,new york strip steak,3,48,2.0,5,shear,shear,33,0.0633843,280.803,-0.03681768558951965,False,91.48745727539062,test,shear_only
red3-1.xls,red,new york strip steak,3,48,2.0,1,shear,shear,34,0.0611632,213.688,-0.6745,False,88.20184326171875,train,shear_only
red3-2.xls,red,new york strip steak,3,48,2.0,2,shear,shear,34,0.0688311,386.837,0.9642758608593154,False,99.58306121826172,train,shear_only
red3-3.xls,red,new york strip steak,3,48,2.0,3,shear,shear,34,0.0649028,537.237,2.3877428717761617,False,93.73882293701172,train,shear_only
red3-4.xls,red,new york strip steak,3,48,2.0,4,shear,shear,34,0.067709,284.954,0.0,False,97.91069793701172,train,shear_only
red3-5.xls,red,new york strip steak,3,48,2.0,5,shear,shear,34,0.0633843,280.803,-0.03928731091965322,False,91.48745727539062,test,shear_only
red3-1.xls,red,new york strip steak,3,48,2.0,1,shear,shear,35,0.06939530000000001,225.959,-0.6745,False,100.42495727539062,train,shear_only
red3-2.xls,red,new york strip steak,3,48,2.0,2,shear,shear,35,0.0688311,386.837,1.1648458937198065,False,99.58306121826172,train,shear_only
red3-3.xls,red,new york strip steak,3,48,2.0,3,shear,shear,35,0.0649028,537.237,2.8843950080515293,False,93.73882293701172,train,shear_only
red3-4.xls,red,new york strip steak,3,48,2.0,4,shear,shear,35,0.067709,284.954,0.0,False,97.91069793701172,train,shear_only
red3-5.xls,red,new york strip steak,3,48,2.0,5,shear,shear,35,0.0633843,280.803,-0.047459098228663565,False,91.48745727539062,test,shear_only
red3-1.xls,red,new york strip steak,3,48,2.0,1,shear,shear,36,0.06939530000000001,225.959,-0.6745,False,100.42495727539062,train,shear_only
red3-2.xls,red,new york strip steak,3,48,2.0,2,shear,shear,36,0.0688311,386.837,0.8475171260256674,False,99.58306121826172,train,shear_only
red3-3.xls,red,new york strip steak,3,48,2.0,3,shear,shear,36,0.0649028,537.237,2.270405126586716,False,93.73882293701172,train,shear_only
red3-4.xls,red,new york strip steak,3,48,2.0,4,shear,shear,36,0.067709,284.954,-0.1163665053650327,False,97.91069793701172,train,shear_only
red3-5.xls,red,new york strip steak,3,48,2.0,5,shear,shear,36,0.0721365,297.254,0.0,False,104.52411651611328,test,shear_only
red3-1.xls,red,new york strip steak,3,48,2.0,1,shear,shear,37,0.06939479999999999,225.959,-0.6745,False,100.42415618896484,train,shear_only
red3-2.xls,red,new york strip steak,3,48,2.0,2,shear,shear,37,0.0688311,386.837,0.8475171260256674,False,99.58306121826172,train,shear_only
red3-3.xls,red,new york strip steak,3,48,2.0,3,shear,shear,37,0.0738075,569.857,2.5790128830913797,False,107.03047943115234,train,shear_only
red3-4.xls,red,new york strip steak,3,48,2.0,4,shear,shear,37,0.067709,284.954,-0.1163665053650327,False,97.91069793701172,train,shear_only
red3-5.xls,red,new york strip steak,3,48,2.0,5,shear,shear,37,0.0721365,297.254,0.0,False,104.52411651611328,test,shear_only
red3-1.xls,red,new york strip steak,3,48,2.0,1,shear,shear,38,0.06939479999999999,225.959,-0.6745,False,100.42415618896484,train,shear_only
red3-2.xls,red,new york strip steak,3,48,2.0,2,shear,shear,38,0.0688311,386.837,0.8475171260256674,False,99.58306121826172,train,shear_only
red3-3.xls,red,new york strip steak,3,48,2.0,3,shear,shear,38,0.0738075,569.857,2.5790128830913797,False,107.03047943115234,train,shear_only
red3-4.xls,red,new york strip steak,3,48,2.0,4,shear,shear,38,0.067709,284.954,-0.1163665053650327,False,97.91069793701172,train,shear_only
red3-5.xls,red,new york strip steak,3,48,2.0,5,shear,shear,38,0.0721365,297.254,0.0,False,104.52411651611328,test,shear_only
red3-1.xls,red,new york strip steak,3,48,2.0,1,shear,shear,39,0.07759339999999999,236.18,-0.6745,False,112.73107147216797,train,shear_only
red3-2.xls,red,new york strip steak,3,48,2.0,2,shear,shear,39,0.0771624,399.157,1.1254146363427966,False,112.08047485351562,train,shear_only
red3-3.xls,red,new york strip steak,3,48,2.0,3,shear,shear,39,0.0738075,569.857,3.0106219258604305,False,107.03047943115234,train,shear_only
red3-4.xls,red,new york strip steak,3,48,2.0,4,shear,shear,39,0.0769304,288.662,-0.09488987130366484,False,111.73046875,train,shear_only
red3-5.xls,red,new york strip steak,3,48,2.0,5,shear,shear,39,0.0721365,297.254,0.0,False,104.52411651611328,test,shear_only
red3-1.xls,red,new york strip steak,3,48,2.0,1,shear,shear,40,0.07759339999999999,236.18,-0.6745,False,112.73107147216797,train,shear_only
red3-2.xls,red,new york strip steak,3,48,2.0,2,shear,shear,40,0.0771624,399.157,1.1254146363427966,False,112.08047485351562,train,shear_only
red3-3.xls,red,new york strip steak,3,48,2.0,3,shear,shear,40,0.0738075,569.857,3.0106219258604305,False,107.03047943115234,train,shear_only
red3-4.xls,red,new york strip steak,3,48,2.0,4,shear,shear,40,0.0769304,288.662,-0.09488987130366484,False,111.73046875,train,shear_only
red3-5.xls,red,new york strip steak,3,48,2.0,5,shear,shear,40,0.0721365,297.254,0.0,False,104.52411651611328,test,shear_only
red3-1.xls,red,new york strip steak,3,48,2.0,1,shear,shear,41,0.07759339999999999,236.18,-0.6745,False,112.73107147216797,train,shear_only
red3-2.xls,red,new york strip steak,3,48,2.0,2,shear,shear,41,0.0771624,399.157,0.7825805696940771,False,112.08047485351562,train,shear_only
red3-3.xls,red,new york strip steak,3,48,2.0,3,shear,shear,41,0.0738075,569.857,2.3087078959228027,False,107.03047943115234,train,shear_only
red3-4.xls,red,new york strip steak,3,48,2.0,4,shear,shear,41,0.0769304,288.662,-0.2052896055352318,False,111.73046875,train,shear_only
red3-5.xls,red,new york strip steak,3,48,2.0,5,shear,shear,41,0.080872,311.624,0.0,False,117.69351196289062,test,shear_only
red3-1.xls,red,new york strip steak,3,48,2.0,1,shear,shear,42,0.07759339999999999,236.18,-0.6745,False,112.73107147216797,train,shear_only
red3-2.xls,red,new york strip steak,3,48,2.0,2,shear,shear,42,0.0771624,399.157,0.7825805696940771,False,112.08047485351562,train,shear_only
red3-3.xls,red,new york strip steak,3,48,2.0,3,shear,shear,42,0.082652,601.741,2.5937638049414127,False,120.39813995361328,train,shear_only
red3-4.xls,red,new york strip steak,3,48,2.0,4,shear,shear,42,0.0769304,288.662,-0.2052896055352318,False,111.73046875,train,shear_only
red3-5.xls,red,new york strip steak,3,48,2.0,5,shear,shear,42,0.080872,311.624,0.0,False,117.69351196289062,test,shear_only
red3-1.xls,red,new york strip steak,3,48,2.0,1,shear,shear,43,0.0858228,244.335,-0.6745,False,125.2347183227539,train,shear_only
red3-2.xls,red,new york strip steak,3,48,2.0,2,shear,shear,43,0.08534660000000001,411.716,1.0033148657284248,False,124.50675964355469,train,shear_only
red3-3.xls,red,new york strip steak,3,48,2.0,3,shear,shear,43,0.0826512,601.741,2.9081115264010453,False,120.39688873291016,train,shear_only
red3-4.xls,red,new york strip steak,3,48,2.0,4,shear,shear,43,0.08588520000000001,285.046,-0.2664159223647255,False,125.33015441894531,train,shear_only
red3-5.xls,red,new york strip steak,3,48,2.0,5,shear,shear,43,0.080872,311.624,0.0,False,117.69351196289062,test,shear_only
red3-1.xls,red,new york strip steak,3,48,2.0,1,shear,shear,44,0.0858228,244.335,-0.6745,False,125.2347183227539,train,shear_only
red3-2.xls,red,new york strip steak,3,48,2.0,2,shear,shear,44,0.08534660000000001,411.716,1.0033148657284248,False,124.50675964355469,train,shear_only
red3-3.xls,red,new york strip steak,3,48,2.0,3,shear,shear,44,0.0826512,601.741,2.9081115264010453,False,120.39688873291016,train,shear_only
red3-4.xls,red,new york strip steak,3,48,2.0,4,shear,shear,44,0.08588520000000001,285.046,-0.2664159223647255,False,125.33015441894531,train,shear_only
red3-5.xls,red,new york strip steak,3,48,2.0,5,shear,shear,44,0.080872,311.624,0.0,False,117.69351196289062,test,shear_only
red3-1.xls,red,new york strip steak,3,48,2.0,1,shear,shear,45,0.0858228,244.335,-0.6745,False,125.2347183227539,train,shear_only
red3-2.xls,red,new york strip steak,3,48,2.0,2,shear,shear,45,0.08534660000000001,411.716,0.8069129969820231,False,124.50675964355469,train,shear_only
red3-3.xls,red,new york strip steak,3,48,2.0,3,shear,shear,45,0.0826512,601.741,2.4887377247080433,False,120.39688873291016,train,shear_only
red3-4.xls,red,new york strip steak,3,48,2.0,4,shear,shear,45,0.0858844,285.046,-0.31418548090801746,False,125.32899475097656,train,shear_only
red3-5.xls,red,new york strip steak,3,48,2.0,5,shear,shear,45,0.0896644,320.545,0.0,False,131.12808227539062,test,shear_only
red3-1.xls,red,new york strip steak,3,48,2.0,1,shear,shear,46,0.0858228,244.335,-0.6745,False,125.2347183227539,train,shear_only
red3-2.xls,red,new york strip steak,3,48,2.0,2,shear,shear,46,0.08534660000000001,411.716,0.8069129969820231,False,124.50675964355469,train,shear_only
red3-3.xls,red,new york strip steak,3,48,2.0,3,shear,shear,46,0.091579,630.76,2.7455716769452825,False,134.0793914794922,train,shear_only
red3-4.xls,red,new york strip steak,3,48,2.0,4,shear,shear,46,0.0858844,285.046,-0.31418548090801746,False,125.32899475097656,train,shear_only
red3-5.xls,red,new york strip steak,3,48,2.0,5,shear,shear,46,0.0896644,320.545,0.0,False,131.12808227539062,test,shear_only
red3-1.xls,red,new york strip steak,3,48,2.0,1,shear,shear,47,0.09400510000000001,250.037,-0.6745,False,137.8332977294922,train,shear_only
red3-2.xls,red,new york strip steak,3,48,2.0,2,shear,shear,47,0.0936715,416.76,0.9204206260282516,False,137.31614685058594,train,shear_only
red3-3.xls,red,new york strip steak,3,48,2.0,3,shear,shear,47,0.091579,630.76,2.967606760934929,False,134.0793914794922,train,shear_only
red3-4.xls,red,new york strip steak,3,48,2.0,4,shear,shear,47,0.0858844,285.046,-0.3395937411357578,False,125.32899475097656,train,shear_only
red3-5.xls,red,new york strip steak,3,48,2.0,5,shear,shear,47,0.0896644,320.545,0.0,False,131.12808227539062,test,shear_only
red3-1.xls,red,new york strip steak,3,48,2.0,1,shear,shear,48,0.09400510000000001,250.037,-0.6745,False,137.8332977294922,train,shear_only
red3-2.xls,red,new york strip steak,3,48,2.0,2,shear,shear,48,0.0936715,416.76,0.9204206260282516,False,137.31614685058594,train,shear_only
red3-3.xls,red,new york strip steak,3,48,2.0,3,shear,shear,48,0.091579,630.76,2.967606760934929,False,134.0793914794922,train,shear_only
red3-4.xls,red,new york strip steak,3,48,2.0,4,shear,shear,48,0.094999,289.353,-0.2983917285981733,False,139.37576293945312,train,shear_only
red3-5.xls,red,new york strip steak,3,48,2.0,5,shear,shear,48,0.0896644,320.545,0.0,False,131.12808227539062,test,shear_only
red3-1.xls,red,new york strip steak,3,48,2.0,1,shear,shear,49,0.09400510000000001,250.037,-0.6745,False,137.8332977294922,train,shear_only
red3-2.xls,red,new york strip steak,3,48,2.0,2,shear,shear,49,0.0936715,416.76,0.8988206041188657,False,137.31614685058594,train,shear_only
red3-3.xls,red,new york strip steak,3,48,2.0,3,shear,shear,49,0.091579,630.76,2.918281681963178,False,134.0793914794922,train,shear_only
red3-4.xls,red,new york strip steak,3,48,2.0,4,shear,shear,49,0.094999,289.353,-0.3034853657171636,False,139.37576293945312,train,shear_only
red3-5.xls,red,new york strip steak,3,48,2.0,5,shear,shear,49,0.09836690000000001,321.513,0.0,False,144.62289428710938,test,shear_only
red3-1.xls,red,new york strip steak,3,48,2.0,1,shear,shear,50,0.09400510000000001,250.037,-0.6745,False,137.8332977294922,train,shear_only
red3-2.xls,red,new york strip steak,3,48,2.0,2,shear,shear,50,0.0936715,416.76,0.8988206041188657,False,137.31614685058594,train,shear_only
red3-3.xls,red,new york strip steak,3,48,2.0,3,shear,shear,50,0.10040900000000001,657.853,3.1739511164586727,False,147.82028198242188,train,shear_only
red3-4.xls,red,new york strip steak,3,48,2.0,4,shear,shear,50,0.094999,289.353,-0.3034853657171636,False,139.37576293945312,train,shear_only
red3-5.xls,red,new york strip steak,3,48,2.0,5,shear,shear,50,0.09836690000000001,321.513,0.0,False,144.62289428710938,test,shear_only
red3-1.xls,red,new york strip steak,3,48,2.0,1,shear,shear,51,0.102231,254.887,-0.6745,False,150.68328857421875,train,shear_only
red3-2.xls,red,new york strip steak,3,48,2.0,2,shear,shear,51,0.101926,421.183,1.0090267313060972,False,150.20333862304688,train,shear_only
red3-3.xls,red,new york strip steak,3,48,2.0,3,shear,shear,51,0.10040900000000001,657.853,3.404996998168884,False,147.82028198242188,train,shear_only
red3-4.xls,red,new york strip steak,3,48,2.0,4,shear,shear,51,0.094999,289.353,-0.32557740221535114,False,139.37576293945312,train,shear_only
red3-5.xls,red,new york strip steak,3,48,2.0,5,shear,shear,51,0.09836690000000001,321.513,0.0,False,144.62289428710938,test,shear_only
red3-1.xls,red,new york strip steak,3,48,2.0,1,shear,shear,52,0.102231,254.887,-0.6745,False,150.68328857421875,train,shear_only
red3-2.xls,red,new york strip steak,3,48,2.0,2,shear,shear,52,0.101926,421.183,1.0090267313060972,False,150.20333862304688,train,shear_only
red3-3.xls,red,new york strip steak,3,48,2.0,3,shear,shear,52,0.10040900000000001,657.853,3.404996998168884,False,147.82028198242188,train,shear_only
red3-4.xls,red,new york strip steak,3,48,2.0,4,shear,shear,52,0.104067,296.419,-0.25404351154204063,False,153.5784149169922,train,shear_only
red3-5.xls,red,new york strip steak,3,48,2.0,5,shear,shear,52,0.09836690000000001,321.513,0.0,False,144.62289428710938,test,shear_only
red3-1.xls,red,new york strip steak,3,48,2.0,1,shear,shear,53,0.102231,254.887,-0.6745,False,150.68328857421875,train,shear_only
red3-2.xls,red,new york strip steak,3,48,2.0,2,shear,shear,53,0.101926,421.183,1.0090267313060972,False,150.20333862304688,train,shear_only
red3-3.xls,red,new york strip steak,3,48,2.0,3,shear,shear,53,0.10040900000000001,657.853,3.404996998168884,False,147.82028198242188,train,shear_only
red3-4.xls,red,new york strip steak,3,48,2.0,4,shear,shear,53,0.104067,296.419,-0.25404351154204063,False,153.5784149169922,train,shear_only
red3-5.xls,red,new york strip steak,3,48,2.0,5,shear,shear,53,0.09836690000000001,321.513,0.0,False,144.62289428710938,test,shear_only
red3-1.xls,red,new york strip steak,3,48,2.0,1,shear,shear,54,0.102231,254.887,-0.6745,False,150.68328857421875,train,shear_only
red3-2.xls,red,new york strip steak,3,48,2.0,2,shear,shear,54,0.101926,421.183,1.0417936010037645,False,150.20333862304688,train,shear_only
red3-3.xls,red,new york strip steak,3,48,2.0,3,shear,shear,54,0.10040900000000001,657.853,3.4843971906845796,False,147.82028198242188,train,shear_only
red3-4.xls,red,new york strip steak,3,48,2.0,4,shear,shear,54,0.104067,296.419,-0.24586006977384714,False,153.5784149169922,train,shear_only
red3-5.xls,red,new york strip steak,3,48,2.0,5,shear,shear,54,0.107069,320.241,0.0,False,158.33445739746094,test,shear_only
red3-1.xls,red,new york strip steak,3,48,2.0,1,shear,shear,55,0.110492,258.574,-0.6745,False,163.79197692871094,train,shear_only
red3-2.xls,red,new york strip steak,3,48,2.0,2,shear,shear,55,0.110154,425.722,1.153727836606289,False,163.25137329101562,train,shear_only
red3-4.xls,red,new york strip steak,3,48,2.0,4,shear,shear,55,0.104067,296.419,-0.26055976454181345,False,153.5784149169922,train,shear_only
red3-5.xls,red,new york strip steak,3,48,2.0,5,shear,shear,55,0.107069,320.241,0.0,False,158.33445739746094,test,shear_only
red3-1.xls,red,new york strip steak,3,48,2.0,1,shear,shear,56,0.110492,258.574,-0.6745,False,163.79197692871094,train,shear_only
red3-2.xls,red,new york strip steak,3,48,2.0,2,shear,shear,56,0.110154,425.722,1.153727836606289,False,163.25137329101562,train,shear_only
red3-4.xls,red,new york strip steak,3,48,2.0,4,shear,shear,56,0.104067,296.419,-0.26055976454181345,False,153.5784149169922,train,shear_only
red3-5.xls,red,new york strip steak,3,48,2.0,5,shear,shear,56,0.107069,320.241,0.0,False,158.33445739746094,test,shear_only
red3-1.xls,red,new york strip steak,3,48,2.0,1,shear,shear,57,0.110492,258.574,-0.6745,False,163.79197692871094,train,shear_only
red3-2.xls,red,new york strip steak,3,48,2.0,2,shear,shear,57,0.110154,425.722,1.153727836606289,False,163.25137329101562,train,shear_only
red3-4.xls,red,new york strip steak,3,48,2.0,4,shear,shear,57,0.113172,302.475,-0.19432057664553132,False,168.09153747558594,train,shear_only
red3-5.xls,red,new york strip steak,3,48,2.0,5,shear,shear,57,0.107069,320.241,0.0,False,158.33445739746094,test,shear_only
red3-1.xls,red,new york strip steak,3,48,2.0,1,shear,shear,58,0.110492,258.574,-0.6745,False,163.79197692871094,train,shear_only
red3-2.xls,red,new york strip steak,3,48,2.0,2,shear,shear,58,0.110154,425.722,1.4510906108597295,False,163.25137329101562,train,shear_only
red3-4.xls,red,new york strip steak,3,48,2.0,4,shear,shear,58,0.113172,302.475,-0.1162189950980387,False,168.09153747558594,train,shear_only
red3-5.xls,red,new york strip steak,3,48,2.0,5,shear,shear,58,0.115775,311.614,0.0,False,172.29058837890625,test,shear_only
red3-1.xls,red,new york strip steak,3,48,2.0,1,shear,shear,59,0.118621,261.895,-0.6745,False,176.90826416015625,train,shear_only
red3-2.xls,red,new york strip steak,3,48,2.0,2,shear,shear,59,0.11843500000000001,422.848,1.5090273939540224,False,176.6055908203125,train,shear_only
red3-4.xls,red,new york strip steak,3,48,2.0,4,shear,shear,59,0.113172,302.475,-0.12398188821174941,False,168.09153747558594,train,shear_only
red3-5.xls,red,new york strip steak,3,48,2.0,5,shear,shear,59,0.115775,311.614,0.0,False,172.29058837890625,test,shear_only
red3-1.xls,red,new york strip steak,3,48,2.0,1,shear,shear,60,0.118621,261.895,-0.6745,False,176.90826416015625,train,shear_only
red3-2.xls,red,new york strip steak,3,48,2.0,2,shear,shear,60,0.11843500000000001,422.848,1.5090273939540224,False,176.6055908203125,train,shear_only
red3-4.xls,red,new york strip steak,3,48,2.0,4,shear,shear,60,0.113172,302.475,-0.12398188821174941,False,168.09153747558594,train,shear_only
red3-5.xls,red,new york strip steak,3,48,2.0,5,shear,shear,60,0.115775,311.614,0.0,False,172.29058837890625,test,shear_only
red3-1.xls,red,new york strip steak,3,48,2.0,1,shear,shear,61,0.118621,261.895,-0.6745,False,176.90826416015625,train,shear_only
red3-2.xls,red,new york strip steak,3,48,2.0,2,shear,shear,61,0.11843500000000001,422.848,1.5090273939540224,False,176.6055908203125,train,shear_only
red3-4.xls,red,new york strip steak,3,48,2.0,4,shear,shear,61,0.12224299999999999,306.936,-0.06346288139343105,False,182.826416015625,train,shear_only
red3-5.xls,red,new york strip steak,3,48,2.0,5,shear,shear,61,0.115775,311.614,0.0,False,172.29058837890625,test,shear_only
red3-1.xls,red,new york strip steak,3,48,2.0,1,shear,shear,62,0.118621,261.895,-0.6745,False,176.90826416015625,train,shear_only
red3-2.xls,red,new york strip steak,3,48,2.0,2,shear,shear,62,0.11843500000000001,422.848,1.7358105725894193,False,176.6055908203125,train,shear_only
red3-4.xls,red,new york strip steak,3,48,2.0,4,shear,shear,62,0.12224299999999999,306.936,0.0,False,182.826416015625,train,shear_only
red3-5.xls,red,new york strip steak,3,48,2.0,5,shear,shear,62,0.124523,304.438,-0.03740816145289833,False,186.57627868652344,test,shear_only
red3-1.xls,red,new york strip steak,3,48,2.0,1,shear,shear,63,0.118621,261.895,-0.6745,False,176.90826416015625,train,shear_only
red3-2.xls,red,new york strip steak,3,48,2.0,2,shear,shear,63,0.11843500000000001,422.848,1.7358105725894193,False,176.6055908203125,train,shear_only
red3-4.xls,red,new york strip steak,3,48,2.0,4,shear,shear,63,0.12224299999999999,306.936,0.0,False,182.826416015625,train,shear_only
red3-5.xls,red,new york strip steak,3,48,2.0,5,shear,shear,63,0.124523,304.438,-0.03740816145289833,False,186.57627868652344,test,shear_only
red3-1.xls,red,new york strip steak,3,48,2.0,1,shear,shear,64,0.126886,263.395,-0.6745,False,190.48313903808594,train,shear_only
red3-2.xls,red,new york strip steak,3,48,2.0,2,shear,shear,64,0.126758,415.414,1.6804485657196668,False,190.27084350585938,train,shear_only
red3-4.xls,red,new york strip steak,3,48,2.0,4,shear,shear,64,0.12224299999999999,306.936,0.0,False,182.826416015625,train,shear_only
red3-5.xls,red,new york strip steak,3,48,2.0,5,shear,shear,64,0.124523,304.438,-0.03869688339725761,False,186.57627868652344,test,shear_only
red3-1.xls,red,new york strip steak,3,48,2.0,1,shear,shear,65,0.126886,263.395,-0.6745,False,190.48313903808594,train,shear_only
red3-2.xls,red,new york strip steak,3,48,2.0,2,shear,shear,65,0.126758,415.414,1.6804485657196668,False,190.27084350585938,train,shear_only
red3-4.xls,red,new york strip steak,3,48,2.0,4,shear,shear,65,0.12224299999999999,306.936,0.0,False,182.826416015625,train,shear_only
red3-5.xls,red,new york strip steak,3,48,2.0,5,shear,shear,65,0.124523,304.438,-0.03869688339725761,False,186.57627868652344,test,shear_only
red3-1.xls,red,new york strip steak,3,48,2.0,1,shear,shear,66,0.126886,263.395,-0.6745,False,190.48313903808594,train,shear_only
red3-2.xls,red,new york strip steak,3,48,2.0,2,shear,shear,66,0.126758,415.414,1.6853263676325045,False,190.27084350585938,train,shear_only
red3-4.xls,red,new york strip steak,3,48,2.0,4,shear,shear,66,0.131386,306.846,0.0,False,197.98223876953125,train,shear_only
red3-5.xls,red,new york strip steak,3,48,2.0,5,shear,shear,66,0.124523,304.438,-0.037379945225656706,False,186.57627868652344,test,shear_only
red3-1.xls,red,new york strip steak,3,48,2.0,1,shear,shear,67,0.126886,263.395,-0.6745,False,190.48313903808594,train,shear_only
red3-2.xls,red,new york strip steak,3,48,2.0,2,shear,shear,67,0.126758,415.414,1.6853263676325045,False,190.27084350585938,train,shear_only
red3-4.xls,red,new york strip steak,3,48,2.0,4,shear,shear,67,0.131386,306.846,0.0,False,197.98223876953125,train,shear_only
red3-5.xls,red,new york strip steak,3,48,2.0,5,shear,shear,67,0.133267,301.879,-0.07710389864444979,False,201.14053344726562,test,shear_only
red3-1.xls,red,new york strip steak,3,48,2.0,1,shear,shear,68,0.135058,267.399,-0.6745,False,204.16102600097656,train,shear_only
red3-2.xls,red,new york strip steak,3,48,2.0,2,shear,shear,68,0.135055,410.105,1.765614508074125,False,204.1558837890625,train,shear_only
red3-4.xls,red,new york strip steak,3,48,2.0,4,shear,shear,68,0.131386,306.846,0.0,False,197.98223876953125,train,shear_only
red3-5.xls,red,new york strip steak,3,48,2.0,5,shear,shear,68,0.133267,301.879,-0.08493019748016298,False,201.14053344726562,test,shear_only
red3-1.xls,red,new york strip steak,3,48,2.0,1,shear,shear,69,0.135058,267.399,-0.6745,False,204.16102600097656,train,shear_only
red3-2.xls,red,new york strip steak,3,48,2.0,2,shear,shear,69,0.135055,410.105,1.765614508074125,False,204.1558837890625,train,shear_only
red3-4.xls,red,new york strip steak,3,48,2.0,4,shear,shear,69,0.131385,306.846,0.0,False,197.98057556152344,train,shear_only
red3-5.xls,red,new york strip steak,3,48,2.0,5,shear,shear,69,0.133267,301.879,-0.08493019748016298,False,201.14053344726562,test,shear_only
red3-1.xls,red,new york strip steak,3,48,2.0,1,shear,shear,70,0.135058,267.399,-0.6745,False,204.16102600097656,train,shear_only
red3-2.xls,red,new york strip steak,3,48,2.0,2,shear,shear,70,0.135055,410.105,1.76920755794765,False,204.1558837890625,train,shear_only
red3-4.xls,red,new york strip steak,3,48,2.0,4,shear,shear,70,0.14044700000000002,306.788,0.0,False,213.329345703125,train,shear_only
red3-5.xls,red,new york strip steak,3,48,2.0,5,shear,shear,70,0.133267,301.879,-0.08406206047373617,False,201.14053344726562,test,shear_only
red3-1.xls,red,new york strip steak,3,48,2.0,1,shear,shear,71,0.135058,267.399,-0.6745,False,204.16102600097656,train,shear_only
red3-2.xls,red,new york strip steak,3,48,2.0,2,shear,shear,71,0.135055,410.105,1.76920755794765,False,204.1558837890625,train,shear_only
red3-4.xls,red,new york strip steak,3,48,2.0,4,shear,shear,71,0.14044700000000002,306.788,0.0,False,213.329345703125,train,shear_only
red3-5.xls,red,new york strip steak,3,48,2.0,5,shear,shear,71,0.141956,292.703,-0.2411925283708655,False,215.91879272460938,test,shear_only
red3-1.xls,red,new york strip steak,3,48,2.0,1,shear,shear,72,0.14321899999999999,267.969,-0.6745,False,218.093505859375,train,shear_only
red3-2.xls,red,new york strip steak,3,48,2.0,2,shear,shear,72,0.143227,405.527,1.7156406785337064,False,218.1073760986328,train,shear_only
red3-4.xls,red,new york strip steak,3,48,2.0,4,shear,shear,72,0.14044700000000002,306.788,0.0,False,213.329345703125,train,shear_only
red3-5.xls,red,new york strip steak,3,48,2.0,5,shear,shear,72,0.141956,292.703,-0.2447340864009897,False,215.91879272460938,test,shear_only
red3-1.xls,red,new york strip steak,3,48,2.0,1,shear,shear,73,0.14321899999999999,267.969,-0.6745,False,218.093505859375,train,shear_only
red3-2.xls,red,new york strip steak,3,48,2.0,2,shear,shear,73,0.143227,405.527,1.7156406785337064,False,218.1073760986328,train,shear_only
red3-4.xls,red,new york strip steak,3,48,2.0,4,shear,shear,73,0.14044700000000002,306.788,0.0,False,213.329345703125,train,shear_only
red3-5.xls,red,new york strip steak,3,48,2.0,5,shear,shear,73,0.141956,292.703,-0.2447340864009897,False,215.91879272460938,test,shear_only
red3-1.xls,red,new york strip steak,3,48,2.0,1,shear,shear,74,0.14321899999999999,267.969,-0.6745,False,218.093505859375,train,shear_only
red3-2.xls,red,new york strip steak,3,48,2.0,2,shear,shear,74,0.143227,405.527,1.7156406785337064,False,218.1073760986328,train,shear_only
red3-4.xls,red,new york strip steak,3,48,2.0,4,shear,shear,74,0.14044700000000002,306.788,0.0,False,213.329345703125,train,shear_only
red3-5.xls,red,new york strip steak,3,48,2.0,5,shear,shear,74,0.141956,292.703,-0.2447340864009897,False,215.91879272460938,test,shear_only
red3-1.xls,red,new york strip steak,3,48,2.0,1,shear,shear,75,0.14321799999999998,267.969,-0.6745,False,218.09181213378906,train,shear_only
red3-2.xls,red,new york strip steak,3,48,2.0,2,shear,shear,75,0.143227,405.527,1.613046129191321,False,218.1073760986328,train,shear_only
red3-4.xls,red,new york strip steak,3,48,2.0,4,shear,shear,75,0.149507,308.529,0.0,False,229.0270538330078,train,shear_only
red3-5.xls,red,new york strip steak,3,48,2.0,5,shear,shear,75,0.141956,292.703,-0.2631813856015783,False,215.91879272460938,test,shear_only
red3-1.xls,red,new york strip steak,3,48,2.0,1,shear,shear,76,0.151503,270.123,-0.6745,False,232.53546142578125,train,shear_only
red3-2.xls,red,new york strip steak,3,48,2.0,2,shear,shear,76,0.15154299999999998,404.305,1.6820525959485497,False,232.6057891845703,train,shear_only
red3-4.xls,red,new york strip steak,3,48,2.0,4,shear,shear,76,0.149507,308.529,0.0,False,229.0270538330078,train,shear_only
red3-5.xls,red,new york strip steak,3,48,2.0,5,shear,shear,76,0.150738,288.705,-0.3481562255897518,False,231.1885528564453,test,shear_only
red3-1.xls,red,new york strip steak,3,48,2.0,1,shear,shear,77,0.151503,270.123,-0.6745,False,232.53546142578125,train,shear_only
red3-2.xls,red,new york strip steak,3,48,2.0,2,shear,shear,77,0.15154299999999998,404.305,1.6820525959485497,False,232.6057891845703,train,shear_only
red3-4.xls,red,new york strip steak,3,48,2.0,4,shear,shear,77,0.149507,308.529,0.0,False,229.0270538330078,train,shear_only
red3-5.xls,red,new york strip steak,3,48,2.0,5,shear,shear,77,0.150738,288.705,-0.3481562255897518,False,231.1885528564453,test,shear_only
red3-1.xls,red,new york strip steak,3,48,2.0,1,shear,shear,78,0.151503,270.123,-0.6745,False,232.53546142578125,train,shear_only
red3-2.xls,red,new york strip steak,3,48,2.0,2,shear,shear,78,0.15154299999999998,404.305,1.6820525959485497,False,232.6057891845703,train,shear_only
red3-4.xls,red,new york strip steak,3,48,2.0,4,shear,shear,78,0.149507,308.529,0.0,False,229.0270538330078,train,shear_only
red3-5.xls,red,new york strip steak,3,48,2.0,5,shear,shear,78,0.150738,288.705,-0.3481562255897518,False,231.1885528564453,test,shear_only
red3-1.xls,red,new york strip steak,3,48,2.0,1,shear,shear,79,0.151503,270.123,-0.6745,False,232.53546142578125,train,shear_only
red3-2.xls,red,new york strip steak,3,48,2.0,2,shear,shear,79,0.15154299999999998,404.305,1.6367967720516874,False,232.6057891845703,train,shear_only
red3-4.xls,red,new york strip steak,3,48,2.0,4,shear,shear,79,0.158627,309.281,0.0,False,245.21214294433594,train,shear_only
red3-5.xls,red,new york strip steak,3,48,2.0,5,shear,shear,79,0.150738,288.705,-0.3544234128402883,False,231.1885528564453,test,shear_only
red3-1.xls,red,new york strip steak,3,48,2.0,1,shear,shear,80,0.15966,273.433,-0.6745,False,247.07093811035156,train,shear_only
red3-2.xls,red,new york strip steak,3,48,2.0,2,shear,shear,80,0.159746,401.335,1.7320470598080773,False,247.22608947753906,train,shear_only
red3-4.xls,red,new york strip steak,3,48,2.0,4,shear,shear,80,0.158627,309.281,0.0,False,245.21214294433594,train,shear_only
red3-5.xls,red,new york strip steak,3,48,2.0,5,shear,shear,80,0.159413,277.451,-0.5988991017629989,False,246.62608337402344,test,shear_only
red3-1.xls,red,new york strip steak,3,48,2.0,1,shear,shear,81,0.15966,273.433,-0.6745,False,247.07093811035156,train,shear_only
red3-2.xls,red,new york strip steak,3,48,2.0,2,shear,shear,81,0.159746,401.335,1.7320470598080773,False,247.22608947753906,train,shear_only
red3-4.xls,red,new york strip steak,3,48,2.0,4,shear,shear,81,0.158627,309.281,0.0,False,245.21214294433594,train,shear_only
red3-5.xls,red,new york strip steak,3,48,2.0,5,shear,shear,81,0.159413,277.451,-0.5988991017629989,False,246.62608337402344,test,shear_only
red3-1.xls,red,new york strip steak,3,48,2.0,1,shear,shear,82,0.15966,273.433,-0.6745,False,247.07093811035156,train,shear_only
red3-2.xls,red,new york strip steak,3,48,2.0,2,shear,shear,82,0.159746,401.335,1.7320470598080773,False,247.22608947753906,train,shear_only
red3-4.xls,red,new york strip steak,3,48,2.0,4,shear,shear,82,0.158627,309.281,0.0,False,245.21214294433594,train,shear_only
red3-5.xls,red,new york strip steak,3,48,2.0,5,shear,shear,82,0.159413,277.451,-0.5988991017629989,False,246.62608337402344,test,shear_only
red3-1.xls,red,new york strip steak,3,48,2.0,1,shear,shear,83,0.15966,273.433,-0.6745,False,247.07093811035156,train,shear_only
red3-2.xls,red,new york strip steak,3,48,2.0,2,shear,shear,83,0.159746,401.335,1.7320470598080773,False,247.22608947753906,train,shear_only
red3-4.xls,red,new york strip steak,3,48,2.0,4,shear,shear,83,0.158627,309.281,0.0,False,245.21214294433594,train,shear_only
red3-5.xls,red,new york strip steak,3,48,2.0,5,shear,shear,83,0.159413,277.451,-0.5988991017629989,False,246.62608337402344,test,shear_only
red3-1.xls,red,new york strip steak,3,48,2.0,1,shear,shear,84,0.167867,275.43,-0.6226703674495405,False,262.0329284667969,train,shear_only
red3-2.xls,red,new york strip steak,3,48,2.0,2,shear,shear,84,0.168017,398.421,1.4217742563521205,False,262.3096008300781,train,shear_only
red3-4.xls,red,new york strip steak,3,48,2.0,4,shear,shear,84,0.167697,312.889,0.0,False,261.7192687988281,train,shear_only
red3-5.xls,red,new york strip steak,3,48,2.0,5,shear,shear,84,0.16814900000000002,272.312,-0.6745,False,262.5531921386719,test,shear_only
red3-1.xls,red,new york strip steak,3,48,2.0,1,shear,shear,85,0.167867,275.43,-0.6226703674495405,False,262.0329284667969,train,shear_only
red3-2.xls,red,new york strip steak,3,48,2.0,2,shear,shear,85,0.168016,398.421,1.4217742563521205,False,262.3078308105469,train,shear_only
red3-4.xls,red,new york strip steak,3,48,2.0,4,shear,shear,85,0.167697,312.889,0.0,False,261.7192687988281,train,shear_only
red3-5.xls,red,new york strip steak,3,48,2.0,5,shear,shear,85,0.16814900000000002,272.312,-0.6745,False,262.5531921386719,test,shear_only
red3-1.xls,red,new york strip steak,3,48,2.0,1,shear,shear,86,0.167867,275.43,-0.6226703674495405,False,262.0329284667969,train,shear_only
red3-2.xls,red,new york strip steak,3,48,2.0,2,shear,shear,86,0.168016,398.421,1.4217742563521205,False,262.3078308105469,train,shear_only
red3-4.xls,red,new york strip steak,3,48,2.0,4,shear,shear,86,0.167697,312.889,0.0,False,261.7192687988281,train,shear_only
red3-5.xls,red,new york strip steak,3,48,2.0,5,shear,shear,86,0.16814900000000002,272.312,-0.6745,False,262.5531921386719,test,shear_only
red3-1.xls,red,new york strip steak,3,48,2.0,1,shear,shear,87,0.167867,275.43,-0.6226703674495405,False,262.0329284667969,train,shear_only
red3-2.xls,red,new york strip steak,3,48,2.0,2,shear,shear,87,0.168016,398.421,1.4217742563521205,False,262.3078308105469,train,shear_only
red3-4.xls,red,new york strip steak,3,48,2.0,4,shear,shear,87,0.167697,312.889,0.0,False,261.7192687988281,train,shear_only
red3-5.xls,red,new york strip steak,3,48,2.0,5,shear,shear,87,0.16814900000000002,272.312,-0.6745,False,262.5531921386719,test,shear_only
red3-1.xls,red,new york strip steak,3,48,2.0,1,shear,shear,88,0.176088,278.806,-0.5572662928565699,False,277.3817138671875,train,shear_only
red3-2.xls,red,new york strip steak,3,48,2.0,2,shear,shear,88,0.176291,392.933,1.503024944463774,False,277.7655029296875,train,shear_only
red3-4.xls,red,new york strip steak,3,48,2.0,4,shear,shear,88,0.176815,309.675,0.0,False,278.7572021484375,train,shear_only
red3-5.xls,red,new york strip steak,3,48,2.0,5,shear,shear,88,0.16814900000000002,272.312,-0.6745,False,262.5531921386719,test,shear_only
red3-1.xls,red,new york strip steak,3,48,2.0,1,shear,shear,89,0.176088,278.806,-0.46636071540563573,False,277.3817138671875,train,shear_only
red3-2.xls,red,new york strip steak,3,48,2.0,2,shear,shear,89,0.176292,392.933,1.257839918469739,False,277.7673034667969,train,shear_only
red3-4.xls,red,new york strip steak,3,48,2.0,4,shear,shear,89,0.176815,309.675,0.0,False,278.7572021484375,train,shear_only
red3-5.xls,red,new york strip steak,3,48,2.0,5,shear,shear,89,0.176921,265.029,-0.6745,False,278.95794677734375,test,shear_only
red3-1.xls,red,new york strip steak,3,48,2.0,1,shear,shear,90,0.176088,278.806,-0.46636071540563573,False,277.3817138671875,train,shear_only
red3-2.xls,red,new york strip steak,3,48,2.0,2,shear,shear,90,0.176292,392.933,1.257839918469739,False,277.7673034667969,train,shear_only
red3-4.xls,red,new york strip steak,3,48,2.0,4,shear,shear,90,0.176815,309.675,0.0,False,278.7572021484375,train,shear_only
red3-5.xls,red,new york strip steak,3,48,2.0,5,shear,shear,90,0.176921,265.029,-0.6745,False,278.95794677734375,test,shear_only
red3-1.xls,red,new york strip steak,3,48,2.0,1,shear,shear,91,0.176088,278.806,-0.46636071540563573,False,277.3817138671875,train,shear_only
red3-2.xls,red,new york strip steak,3,48,2.0,2,shear,shear,91,0.176291,392.933,1.257839918469739,False,277.7655029296875,train,shear_only
red3-4.xls,red,new york strip steak,3,48,2.0,4,shear,shear,91,0.176815,309.675,0.0,False,278.7572021484375,train,shear_only
red3-5.xls,red,new york strip steak,3,48,2.0,5,shear,shear,91,0.176921,265.029,-0.6745,False,278.95794677734375,test,shear_only
red3-1.xls,red,new york strip steak,3,48,2.0,1,shear,shear,92,0.18425,280.761,-0.4368250907136134,False,293.00115966796875,train,shear_only
red3-2.xls,red,new york strip steak,3,48,2.0,2,shear,shear,92,0.18453,392.328,1.2486997379384481,False,293.5442199707031,train,shear_only
red3-4.xls,red,new york strip steak,3,48,2.0,4,shear,shear,92,0.176815,309.675,0.0,False,278.7572021484375,train,shear_only
red3-5.xls,red,new york strip steak,3,48,2.0,5,shear,shear,92,0.176921,265.029,-0.6745,False,278.95794677734375,test,shear_only
red3-1.xls,red,new york strip steak,3,48,2.0,1,shear,shear,93,0.18425,280.761,-0.40836595878700577,False,293.00115966796875,train,shear_only
red3-2.xls,red,new york strip steak,3,48,2.0,2,shear,shear,93,0.18453,392.328,0.94593875641141,False,293.5442199707031,train,shear_only
red3-4.xls,red,new york strip steak,3,48,2.0,4,shear,shear,93,0.185884,314.402,0.0,False,296.1759338378906,train,shear_only
red3-5.xls,red,new york strip steak,3,48,2.0,5,shear,shear,93,0.185619,258.837,-0.6745,False,295.659912109375,test,shear_only
red3-1.xls,red,new york strip steak,3,48,2.0,1,shear,shear,94,0.18425,280.761,-0.40836595878700577,False,293.00115966796875,train,shear_only
red3-2.xls,red,new york strip steak,3,48,2.0,2,shear,shear,94,0.18453,392.328,0.94593875641141,False,293.5442199707031,train,shear_only
red3-4.xls,red,new york strip steak,3,48,2.0,4,shear,shear,94,0.185884,314.402,0.0,False,296.1759338378906,train,shear_only
red3-5.xls,red,new york strip steak,3,48,2.0,5,shear,shear,94,0.185619,258.837,-0.6745,False,295.659912109375,test,shear_only
red3-1.xls,red,new york strip steak,3,48,2.0,1,shear,shear,95,0.18425,280.761,-0.40836595878700577,False,293.00115966796875,train,shear_only
red3-2.xls,red,new york strip steak,3,48,2.0,2,shear,shear,95,0.18453,392.328,0.94593875641141,False,293.5442199707031,train,shear_only
red3-4.xls,red,new york strip steak,3,48,2.0,4,shear,shear,95,0.185884,314.402,0.0,False,296.1759338378906,train,shear_only
red3-5.xls,red,new york strip steak,3,48,2.0,5,shear,shear,95,0.185619,258.837,-0.6745,False,295.659912109375,test,shear_only
red3-1.xls,red,new york strip steak,3,48,2.0,1,shear,shear,96,0.192447,284.254,-0.3659646540088181,False,309.0943298339844,train,shear_only
red3-2.xls,red,new york strip steak,3,48,2.0,2,shear,shear,96,0.18453,392.328,0.94593875641141,False,293.5442199707031,train,shear_only
red3-4.xls,red,new york strip steak,3,48,2.0,4,shear,shear,96,0.185884,314.402,0.0,False,296.1759338378906,train,shear_only
red3-5.xls,red,new york strip steak,3,48,2.0,5,shear,shear,96,0.185619,258.837,-0.6745,False,295.659912109375,test,shear_only
red3-1.xls,red,new york strip steak,3,48,2.0,1,shear,shear,97,0.192447,284.254,-0.3430880040492658,False,309.0943298339844,train,shear_only
red3-2.xls,red,new york strip steak,3,48,2.0,2,shear,shear,97,0.19283999999999998,390.038,0.8607471233338962,False,309.8764953613281,train,shear_only
red3-4.xls,red,new york strip steak,3,48,2.0,4,shear,shear,97,0.185882,314.402,0.0,False,296.17205810546875,train,shear_only
red3-5.xls,red,new york strip steak,3,48,2.0,5,shear,shear,97,0.194332,255.132,-0.6745,False,312.8553466796875,test,shear_only
red3-1.xls,red,new york strip steak,3,48,2.0,1,shear,shear,98,0.192447,284.254,-0.3360238054210535,False,309.0943298339844,train,shear_only
red3-2.xls,red,new york strip steak,3,48,2.0,2,shear,shear,98,0.19283999999999998,390.038,0.893471619595747,False,309.8764953613281,train,shear_only
red3-4.xls,red,new york strip steak,3,48,2.0,4,shear,shear,98,0.195,313.165,0.0,False,314.1934814453125,train,shear_only
red3-5.xls,red,new york strip steak,3,48,2.0,5,shear,shear,98,0.194332,255.132,-0.6745,False,312.8553466796875,test,shear_only
red3-1.xls,red,new york strip steak,3,48,2.0,1,shear,shear,99,0.192447,284.254,-0.3360238054210535,False,309.0943298339844,train,shear_only
red3-2.xls,red,new york strip steak,3,48,2.0,2,shear,shear,99,0.19283999999999998,390.038,0.893471619595747,False,309.8764953613281,train,shear_only
red3-4.xls,red,new york strip steak,3,48,2.0,4,shear,shear,99,0.195,313.165,0.0,False,314.1934814453125,train,shear_only
red3-5.xls,red,new york strip steak,3,48,2.0,5,shear,shear,99,0.194332,255.132,-0.6745,False,312.8553466796875,test,shear_only
