epoch,train_loss,val_loss
1,0.26335272192955017,0.08478740602731705
2,0.2633368670940399,0.0847805067896843
3,0.2633209824562073,0.08477360010147095
4,0.26330503821372986,0.084766685962677
5,0.26328906416893005,0.08475975692272186
6,0.26327306032180786,0.08475281298160553
7,0.2632569968700409,0.084745854139328
8,0.2632409334182739,0.08473888039588928
9,0.26322486996650696,0.08473189920186996
10,0.2632087171077728,0.08472490310668945
11,0.26319262385368347,0.08471789211034775
12,0.2631763815879822,0.08471087366342545
13,0.26316022872924805,0.08470383286476135
14,0.26314401626586914,0.08469679951667786
15,0.26312771439552307,0.08468973636627197
16,0.263111412525177,0.0846826583147049
17,0.2630951404571533,0.08467557281255722
18,0.2630787789821625,0.08466846495866776
19,0.26306235790252686,0.0846613422036171
20,0.26304593682289124,0.08465421944856644
21,0.2630295157432556,0.08464707434177399
22,0.2630130350589752,0.08463992178440094
23,0.26299652457237244,0.0846327543258667
24,0.2629799544811249,0.08462556451559067
25,0.2629634141921997,0.08461836725473404
26,0.262946754693985,0.08461114764213562
27,0.26293015480041504,0.0846039280295372
28,0.26291343569755554,0.0845966786146164
29,0.26289674639701843,0.0845894068479538
30,0.26288002729415894,0.0845821276307106
31,0.26286324858665466,0.08457484841346741
32,0.262846440076828,0.08456754684448242
33,0.26282960176467896,0.08456022292375565
34,0.26281267404556274,0.08455288410186768
35,0.2627957761287689,0.08454553037881851
36,0.2627788484096527,0.08453816175460815
37,0.26276183128356934,0.0845307782292366
38,0.26274481415748596,0.08452337235212326
39,0.2627277374267578,0.08451596647500992
40,0.26271066069602966,0.08450853824615479
41,0.26269349455833435,0.08450108766555786
42,0.26267632842063904,0.08449362218379974
43,0.26265913248062134,0.08448614180088043
44,0.26264190673828125,0.08447865396738052
45,0.2626246213912964,0.08447113633155823
46,0.26260727643966675,0.08446361124515533
47,0.2625899612903595,0.08445606380701065
48,0.2625725567340851,0.08444849401712418
49,0.26255515217781067,0.0844409242272377
50,0.26253771781921387,0.08443332463502884
51,0.2625201940536499,0.08442571759223938
52,0.26250264048576355,0.08441808074712753
53,0.2624850869178772,0.08441042900085449
54,0.2624674141407013,0.08440277725458145
55,0.2624497711658478,0.08439509570598602
56,0.2624320685863495,0.0843873992562294
57,0.2624143660068512,0.08437967300415039
58,0.26239660382270813,0.08437195420265198
59,0.2623787820339203,0.08436419814825058
60,0.26236096024513245,0.08435643464326859
61,0.26234307885169983,0.0843486562371254
62,0.2623251676559448,0.08434084802865982
63,0.26230716705322266,0.08433303982019424
64,0.2622891664505005,0.08432519435882568
65,0.2622711658477783,0.08431734889745712
66,0.2622530460357666,0.08430947363376617
67,0.2622349262237549,0.08430159091949463
68,0.2622167766094208,0.08429368585348129
69,0.2621985375881195,0.08428576588630676
70,0.2621803283691406,0.08427782356739044
71,0.26216205954551697,0.08426987379789352
72,0.26214373111724854,0.08426189422607422
73,0.2621254026889801,0.08425389230251312
74,0.2621069550514221,0.08424588292837143
75,0.2620885372161865,0.08423785120248795
76,0.26207002997398376,0.08422981202602386
77,0.2620515525341034,0.0842217355966568
78,0.26203295588493347,0.08421365916728973
79,0.26201438903808594,0.08420556038618088
80,0.26199573278427124,0.08419744670391083
81,0.26197701692581177,0.08418929576873779
82,0.2619583308696747,0.08418115228414536
83,0.26193952560424805,0.08417297154664993
84,0.2619207501411438,0.08416477590799332
85,0.2619019150733948,0.0841565653681755
86,0.2618829607963562,0.0841483324766159
87,0.2618640661239624,0.08414009213447571
88,0.26184508204460144,0.08413182199001312
89,0.2618260383605957,0.08412352204322815
90,0.26180702447891235,0.08411522954702377
91,0.26178792119026184,0.08410690724849701
92,0.26176881790161133,0.08409856259822845
93,0.26174959540367126,0.0840902030467987
94,0.2617303729057312,0.08408182114362717
95,0.26171112060546875,0.08407343178987503
96,0.2616918087005615,0.0840650126338005
97,0.2616724371910095,0.08405657857656479
98,0.26165300607681274,0.08404812216758728
99,0.26163360476493835,0.08403964340686798
100,0.2616141140460968,0.08403114974498749
101,0.26159459352493286,0.0840226411819458
102,0.26157501339912415,0.08401411026716232
103,0.26155540347099304,0.08400555700063705
104,0.26153576374053955,0.08399699628353119
105,0.2615160644054413,0.08398839831352234
106,0.26149630546569824,0.08397980034351349
107,0.2614765167236328,0.08397116512060165
108,0.261456698179245,0.08396252244710922
109,0.2614368796348572,0.0839538499712944
110,0.2614169418811798,0.08394515514373779
111,0.26139697432518005,0.08393646031618118
112,0.2613769769668579,0.08392773568630219
113,0.261356920003891,0.0839189887046814
114,0.2613368034362793,0.08391023427248001
115,0.2613166868686676,0.08390145003795624
116,0.26129651069641113,0.08389263600111008
117,0.2612762749195099,0.08388381451368332
118,0.26125603914260864,0.08387497812509537
119,0.26123568415641785,0.08386609703302383
120,0.26121532917022705,0.0838572159409523
121,0.26119494438171387,0.08384831994771957
122,0.2611744999885559,0.08383938670158386
123,0.2611539959907532,0.08383044600486755
124,0.26113346219062805,0.08382147550582886
125,0.26111286878585815,0.08381248265504837
126,0.26109224557876587,0.08380348980426788
127,0.2610715627670288,0.08379445970058441
128,0.2610507905483246,0.08378541469573975
129,0.26103001832962036,0.08377634733915329
130,0.2610092759132385,0.08376727253198624
131,0.26098841428756714,0.0837581530213356
132,0.2609674632549286,0.08374903351068497
133,0.2609465420246124,0.08373987674713135
134,0.2609255313873291,0.08373071253299713
135,0.260904461145401,0.08372151851654053
136,0.2608834207057953,0.08371231704950333
137,0.2608622610569,0.08370307087898254
138,0.26084110140800476,0.08369382470846176
139,0.2608198821544647,0.08368455618619919
140,0.2607985734939575,0.08367525786161423
141,0.26077720522880554,0.08366594463586807
142,0.26075583696365356,0.08365660160779953
143,0.2607344388961792,0.0836472362279892
144,0.26071298122406006,0.08363785594701767
145,0.26069149374961853,0.08362846821546555
146,0.26066988706588745,0.08361903578042984
147,0.26064828038215637,0.08360959589481354
148,0.2606266140937805,0.08360013365745544
149,0.26060494780540466,0.08359063416719437
150,0.26058313250541687,0.08358114212751389
151,0.26056137681007385,0.08357160538434982
152,0.2605395019054413,0.08356206119060516
153,0.26051759719848633,0.08355247974395752
154,0.260495662689209,0.08354289084672928
155,0.26047366857528687,0.08353328704833984
156,0.26045164465904236,0.08352363854646683
157,0.2604295015335083,0.08351397514343262
158,0.26040738821029663,0.08350429683923721
159,0.2603851556777954,0.08349458873271942
160,0.2603629231452942,0.08348486572504044
161,0.2603406608104706,0.08347512781620026
162,0.2603183090686798,0.08346536010503769
163,0.26029589772224426,0.08345554769039154
164,0.2602734863758087,0.08344573527574539
165,0.260250985622406,0.08343590050935745
166,0.2602284550666809,0.08342605084180832
167,0.26020586490631104,0.0834161639213562
168,0.2601832151412964,0.08340626955032349
169,0.26016053557395935,0.08339633792638779
170,0.26013776659965515,0.0833863914012909
171,0.26011502742767334,0.08337642252445221
172,0.2600921392440796,0.08336642384529114
173,0.26006925106048584,0.08335641026496887
174,0.2600463330745697,0.08334637433290482
175,0.2600233554840088,0.08333630859851837
176,0.2600002586841583,0.08332622051239014
177,0.25997716188430786,0.08331611007452011
178,0.2599540054798126,0.08330598473548889
179,0.259930819272995,0.08329583704471588
180,0.2599075734615326,0.08328565210103989
181,0.2598842680454254,0.0832754522562027
182,0.25986090302467346,0.08326523005962372
183,0.25983747839927673,0.08325498551130295
184,0.25981405377388,0.08324471861124039
185,0.2597905695438385,0.08323442935943604
186,0.2597670257091522,0.0832241103053093
187,0.2597433924674988,0.08321377635002136
188,0.25971972942352295,0.08320342004299164
189,0.25969600677490234,0.08319302648305893
190,0.2596721649169922,0.08318261057138443
191,0.2596484124660492,0.08317217975854874
192,0.25962451100349426,0.08316171914339066
193,0.25960057973861694,0.08315122872591019
194,0.2595766484737396,0.08314073830842972
195,0.25955259799957275,0.08313021063804626
196,0.2595284879207611,0.08311965316534042
197,0.2595043480396271,0.08310907334089279
198,0.25948014855384827,0.08309848606586456
199,0.2594558894634247,0.08308784663677216
200,0.2594315707683563,0.08307721465826035
201,0.2594072222709656,0.08306653797626495
202,0.25938281416893005,0.08305583149194717
203,0.25935834646224976,0.0830451101064682
204,0.2593338191509247,0.08303435891866684
205,0.2593092620372772,0.08302359282970428
206,0.259284645318985,0.08301279693841934
207,0.2592599093914032,0.08300197124481201
208,0.2592352032661438,0.08299113810062408
209,0.25921037793159485,0.08298027515411377
210,0.2591855823993683,0.08296937495470047
211,0.2591606676578522,0.08295845240354538
212,0.2591356933116913,0.0829475149512291
213,0.2591106593608856,0.08293654769659042
214,0.25908559560775757,0.08292555063962936
215,0.25906047224998474,0.08291453868150711
216,0.25903528928756714,0.08290348947048187
217,0.25901004672050476,0.08289243280887604
218,0.2589847445487976,0.08288133144378662
219,0.25895941257476807,0.08287022262811661
220,0.25893402099609375,0.08285906910896301
221,0.25890856981277466,0.08284790068864822
222,0.2588830590248108,0.08283672481775284
223,0.258857399225235,0.08282550424337387
224,0.25883185863494873,0.08281426131725311
225,0.25880616903305054,0.08280297368764877
226,0.2587803900241852,0.08279168605804443
227,0.2587546110153198,0.08278036117553711
228,0.2587287127971649,0.0827690064907074
229,0.2587027847766876,0.08275764435529709
230,0.25867679715156555,0.08274625241756439
231,0.2586508095264435,0.08273481577634811
232,0.2586246728897095,0.08272337168455124
233,0.25859859585762024,0.08271189779043198
234,0.2585723400115967,0.08270038664340973
235,0.2585460841655731,0.08268886804580688
236,0.2585197687149048,0.08267730474472046
237,0.2584933936595917,0.08266573399305344
238,0.2584669291973114,0.08265412598848343
239,0.25844043493270874,0.08264248073101044
240,0.25841382145881653,0.08263082057237625
241,0.2583872675895691,0.08261914551258087
242,0.2583606243133545,0.08260742574930191
243,0.25833386182785034,0.08259569853544235
244,0.2583070695400238,0.08258392661809921
245,0.2582802474498749,0.08257213234901428
246,0.2582533061504364,0.08256031572818756
247,0.25822630524635315,0.08254847675561905
248,0.2581993043422699,0.08253659307956696
249,0.2581722140312195,0.08252470195293427
250,0.2581450641155243,0.08251278102397919
251,0.25811782479286194,0.08250081539154053
252,0.2580905854701996,0.08248883485794067
253,0.25806325674057007,0.08247683197259903
254,0.2580358386039734,0.0824648067355156
255,0.2580084204673767,0.08245273679494858
256,0.25798091292381287,0.08244065195322037
257,0.25795334577560425,0.08242852985858917
258,0.25792568922042847,0.08241638541221619
259,0.2578979730606079,0.08240421116352081
260,0.25787022709846497,0.08239201456308365
261,0.25784242153167725,0.0823797881603241
262,0.25781452655792236,0.08236753940582275
263,0.2577865719795227,0.08235525339841843
264,0.25775861740112305,0.08234294503927231
265,0.25773051381111145,0.0823305994272232
266,0.25770238041877747,0.08231823146343231
267,0.2576742172241211,0.08230584859848022
268,0.25764593482017517,0.08229342103004456
269,0.25761762261390686,0.08228098601102829
270,0.25758928060531616,0.08226849883794785
271,0.2575608491897583,0.08225599676370621
272,0.25753235816955566,0.08224345743656158
273,0.2575037479400635,0.08223088830709457
274,0.2574751377105713,0.08221829682588577
275,0.25744640827178955,0.08220568299293518
276,0.2574176788330078,0.0821930393576622
277,0.2573888897895813,0.08218036592006683
278,0.25735995173454285,0.08216765522956848
279,0.2573310136795044,0.08215492218732834
280,0.25730201601982117,0.08214215934276581
281,0.25727295875549316,0.08212936669588089
282,0.2572437822818756,0.08211654424667358
283,0.25721463561058044,0.08210369944572449
284,0.25718533992767334,0.082090824842453
285,0.25715598464012146,0.08207792043685913
286,0.2571265995502472,0.08206498622894287
287,0.25709715485572815,0.08205201476812363
288,0.25706759095191956,0.08203902095556259
289,0.25703802704811096,0.08202600479125977
290,0.2570083737373352,0.08201295882463455
291,0.25697872042655945,0.08199986815452576
292,0.25694888830184937,0.08198675513267517
293,0.2569189965724945,0.0819736123085022
294,0.25688907504081726,0.08196044713258743
295,0.25685909390449524,0.08194723725318909
296,0.25682905316352844,0.08193401992321014
297,0.25679895281791687,0.08192075043916702
298,0.25676876306533813,0.08190746605396271
299,0.2567385137081146,0.081894151866436
300,0.25670817494392395,0.08188080042600632
301,0.2566778361797333,0.08186742663383484
302,0.25664737820625305,0.08185400813817978
303,0.25661686062812805,0.08184058219194412
304,0.2565862834453583,0.08182709664106369
305,0.2565556764602661,0.08181361109018326
306,0.2565249502658844,0.08180007338523865
307,0.2564941346645355,0.08178651332855225
308,0.25646328926086426,0.08177292346954346
309,0.25643235445022583,0.08175931125879288
310,0.256401389837265,0.08174565434455872
311,0.2563703656196594,0.08173198252916336
312,0.2563392221927643,0.08171825855970383
313,0.25630801916122437,0.0817045122385025
314,0.25627678632736206,0.08169074356555939
315,0.2562454342842102,0.08167693763971329
316,0.2562140226364136,0.0816631019115448
317,0.25618255138397217,0.08164923638105392
318,0.2561510503292084,0.08163534104824066
319,0.25611940026283264,0.08162140846252441
320,0.2560877501964569,0.08160745352506638
321,0.2560560405254364,0.08159345388412476
322,0.25602418184280396,0.08157943934202194
323,0.25599226355552673,0.08156538009643555
324,0.2559603750705719,0.08155129104852676
325,0.2559283673763275,0.0815371721982956
326,0.25589627027511597,0.08152303844690323
327,0.25586411356925964,0.08150885254144669
328,0.25583189725875854,0.08149465173482895
329,0.2557995617389679,0.08148039877414703
330,0.25576719641685486,0.08146612346172333
331,0.25573477149009705,0.08145181089639664
332,0.2557022273540497,0.08143747597932816
333,0.2556696832180023,0.08142311125993729
334,0.255636990070343,0.08140870928764343
335,0.2556042969226837,0.08139428496360779
336,0.2555714249610901,0.08137980103492737
337,0.25553861260414124,0.08136530965566635
338,0.25550568103790283,0.08135077357292175
339,0.25547268986701965,0.08133622258901596
340,0.2554395794868469,0.08132161945104599
341,0.2554064095020294,0.08130698651075363
342,0.25537317991256714,0.08129232376813889
343,0.2553398907184601,0.08127763867378235
344,0.25530654191970825,0.08126291632652283
345,0.25527307391166687,0.08124816417694092
346,0.2552395761013031,0.08123336732387543
347,0.2552059590816498,0.08121854066848755
348,0.2551723122596741,0.08120369166135788
349,0.2551385760307312,0.08118879050016403
350,0.25510475039482117,0.0811738669872284
351,0.25507086515426636,0.08115891367197037
352,0.2550369203090668,0.08114393055438995
353,0.2550028860569,0.08112891018390656
354,0.2549687623977661,0.08111385256052017
355,0.2549346089363098,0.0810987576842308
356,0.25490033626556396,0.08108364790678024
357,0.2548660337924957,0.0810684859752655
358,0.25483158230781555,0.08105330169200897
359,0.25479716062545776,0.08103808760643005
360,0.25476256012916565,0.08102282881736755
361,0.2547279894351959,0.08100754022598267
362,0.25469329953193665,0.0809922143816948
363,0.2546585202217102,0.08097685873508453
364,0.2546236217021942,0.08096147328615189
365,0.2545887231826782,0.08094604313373566
366,0.2545537054538727,0.08093059062957764
367,0.25451862812042236,0.08091509342193604
368,0.25448349118232727,0.08089956641197205
369,0.254448264837265,0.08088400959968567
370,0.2544129490852356,0.08086841553449631
371,0.2543776035308838,0.08085278421640396
372,0.25434210896492004,0.08083711564540863
373,0.2543066143989563,0.08082142472267151
374,0.2542709708213806,0.0808056890964508
375,0.25423526763916016,0.08078992366790771
376,0.2541995346546173,0.08077412098646164
377,0.2541637122631073,0.08075828850269318
378,0.25412777066230774,0.08074241876602173
379,0.2540917694568634,0.0807265043258667
380,0.2540557384490967,0.08071056753396988
381,0.254019558429718,0.08069458603858948
382,0.25398334860801697,0.08067858219146729
383,0.25394701957702637,0.0806625485420227
384,0.2539106607437134,0.08064645528793335
385,0.2538742125034332,0.0806303471326828
386,0.2538376450538635,0.08061419427394867
387,0.25380104780197144,0.08059801161289215
388,0.2537643313407898,0.08058179169893265
389,0.25372758507728577,0.08056553453207016
390,0.2536907196044922,0.08054924756288528
391,0.25365376472473145,0.08053290843963623
392,0.2536167502403259,0.08051655441522598
393,0.25357967615127563,0.08050015568733215
394,0.2535424828529358,0.08048371970653534
395,0.25350525975227356,0.08046724647283554
396,0.25346794724464417,0.08045075088739395
397,0.2534305155277252,0.08043420314788818
398,0.2533930242061615,0.08041763305664062
399,0.253355473279953,0.08040101826190948
400,0.25331783294677734,0.08038436621427536
401,0.25328004360198975,0.08036768436431885
402,0.25324228405952454,0.08035095781087875
403,0.2532043755054474,0.08033419400453568
404,0.2531663775444031,0.08031740039587021
405,0.25312837958335876,0.08030057698488235
406,0.2530902326107025,0.08028370887041092
407,0.2530519664287567,0.0802668109536171
408,0.2530137300491333,0.08024986833333969
409,0.25297531485557556,0.0802328959107399
410,0.2529369294643402,0.08021587878465652
411,0.25289833545684814,0.08019883185625076
412,0.2528597414493561,0.08018174022436142
413,0.25282102823257446,0.08016461879014969
414,0.2527822256088257,0.08014745265245438
415,0.2527433931827545,0.08013025671243668
416,0.2527044415473938,0.08011302351951599
417,0.25266537070274353,0.08009575307369232
418,0.2526262700557709,0.08007844537496567
419,0.25258705019950867,0.08006110042333603
420,0.2525478005409241,0.08004371076822281
421,0.2525084316730499,0.0800262913107872
422,0.252469003200531,0.0800088495016098
423,0.25242945551872253,0.07999134808778763
424,0.2523898482322693,0.07997381687164307
425,0.25235018134117126,0.07995623350143433
426,0.2523103356361389,0.07993864268064499
427,0.25227051973342896,0.07992098480463028
428,0.25223055481910706,0.07990331202745438
429,0.2521905303001404,0.0798855870962143
430,0.25215035676956177,0.07986783236265182
431,0.25211018323898315,0.07985004037618637
432,0.25206995010375977,0.07983219623565674
433,0.25202953815460205,0.07981432229280472
434,0.25198909640312195,0.07979641854763031
435,0.2519485354423523,0.07977847009897232
436,0.25190794467926025,0.07976047694683075
437,0.2518672049045563,0.07974245399236679
438,0.2518264055252075,0.07972439378499985
439,0.251785546541214,0.07970629632472992
440,0.2517445683479309,0.07968815416097641
441,0.25170353055000305,0.07966996729373932
442,0.25166234374046326,0.07965175807476044
443,0.2516211271286011,0.07963349670171738
444,0.2515798509120941,0.07961520552635193
445,0.2515384554862976,0.0795968696475029
446,0.25149697065353394,0.07957849651575089
447,0.2514553964138031,0.07956008613109589
448,0.2514137029647827,0.0795416310429573
449,0.25137194991111755,0.07952314615249634
450,0.25133016705513,0.07950461655855179
451,0.25128820538520813,0.07948604226112366
452,0.25124621391296387,0.07946745306253433
453,0.25120410323143005,0.07944880425930023
454,0.25116196274757385,0.07943011075258255
455,0.2511196434497833,0.07941138744354248
456,0.2510772943496704,0.07939262688159943
457,0.2510348856449127,0.07937382161617279
458,0.2509923577308655,0.07935497909784317
459,0.25094977021217346,0.07933609187602997
460,0.2509070336818695,0.07931718230247498
461,0.2508642077445984,0.07929820567369461
462,0.2508212924003601,0.07927922159433365
463,0.25077834725379944,0.07926017791032791
464,0.250735342502594,0.07924108952283859
465,0.25069212913513184,0.07922197133302689
466,0.2506488859653473,0.0792028084397316
467,0.2506055533885956,0.07918361574411392
468,0.2505621612071991,0.07916437834501266
469,0.25051864981651306,0.07914509624242783
470,0.25047504901885986,0.07912576198577881
471,0.2504313886165619,0.079106405377388
472,0.2503875195980072,0.07908701151609421
473,0.2503436803817749,0.07906758040189743
474,0.25029972195625305,0.07904808223247528
475,0.25025567412376404,0.07902856171131134
476,0.25021153688430786,0.07900899648666382
477,0.2501673102378845,0.07898940145969391
478,0.2501230239868164,0.07896975427865982
479,0.2500785291194916,0.07895006984472275
480,0.2500340938568115,0.0789303407073021
481,0.24998949468135834,0.07891056686639786
482,0.249944806098938,0.07889077067375183
483,0.24990001320838928,0.07887092232704163
484,0.2498551458120346,0.07885103672742844
485,0.24981017410755157,0.07883110642433167
486,0.24976511299610138,0.07881112396717072
487,0.24971994757652283,0.07879111915826797
488,0.2496747076511383,0.07877106219530106
489,0.24962939321994781,0.07875096797943115
490,0.24958395957946777,0.07873083651065826
491,0.24953845143318176,0.0787106603384018
492,0.2494928389787674,0.07869043946266174
493,0.24944710731506348,0.07867018133401871
494,0.24940136075019836,0.07864987105131149
495,0.24935545027256012,0.07862953096628189
496,0.2493094801902771,0.07860914617776871
497,0.24926342070102692,0.07858872413635254
498,0.24921724200248718,0.07856825739145279
499,0.2491709589958191,0.07854773849248886
500,0.2491246461868286,0.07852718979120255
501,0.2490781843662262,0.07850659638643265
502,0.2490316480398178,0.07848596572875977
503,0.24898502230644226,0.0784652903676033
504,0.24893829226493835,0.07844457030296326
505,0.24889147281646729,0.07842380553483963
506,0.24884451925754547,0.07840300351381302
507,0.24879755079746246,0.07838215678930283
508,0.24875043332576752,0.07836126536130905
509,0.2487032413482666,0.07834034413099289
510,0.24865591526031494,0.07831936329603195
511,0.2486085146665573,0.07829834520816803
512,0.2485610395669937,0.07827728986740112
513,0.24851341545581818,0.07825618982315063
514,0.24846577644348145,0.07823504507541656
515,0.24841798841953278,0.07821386307477951
516,0.24837011098861694,0.07819263637065887
517,0.24832217395305634,0.07817135751247406
518,0.2482740730047226,0.07815004885196686
519,0.24822592735290527,0.07812869548797607
520,0.2481776922941208,0.07810728996992111
521,0.24812933802604675,0.07808585464954376
522,0.24808090925216675,0.07806437462568283
523,0.2480323612689972,0.07804284244775772
524,0.2479836791753769,0.07802126556634903
525,0.24793493747711182,0.07799965888261795
526,0.24788612127304077,0.07797800004482269
527,0.24783720076084137,0.07795629650354385
528,0.2477881759405136,0.07793454825878143
529,0.2477390319108963,0.07791276276111603
530,0.24768978357315063,0.07789093255996704
531,0.247640460729599,0.07786905765533447
532,0.2475910782814026,0.07784713059663773
533,0.24754157662391663,0.07782518118619919
534,0.24749189615249634,0.07780317962169647
535,0.24744220077991486,0.07778112590312958
536,0.24739240109920502,0.0777590349316597
537,0.24734251201152802,0.07773690670728683
538,0.24729250371456146,0.0777147188782692
539,0.24724237620830536,0.07769250124692917
540,0.2471921741962433,0.07767022401094437
541,0.24714185297489166,0.07764791697263718
542,0.24709147214889526,0.0776255652308464
543,0.24704094231128693,0.07760316878557205
544,0.246990367770195,0.07758072763681412
545,0.24693967401981354,0.0775582417845726
546,0.24688886106014252,0.0775357186794281
547,0.24683791399002075,0.07751312851905823
548,0.2467869520187378,0.07749050855636597
549,0.24673587083816528,0.07746785134077072
550,0.24668465554714203,0.0774451494216919
551,0.2466333508491516,0.07742238789796829
552,0.24658192694187164,0.0773995965719223
553,0.2465304434299469,0.07737675309181213
554,0.2464788407087326,0.07735386490821838
555,0.24642714858055115,0.07733093947172165
556,0.24637536704540253,0.07730796188116074
557,0.24632340669631958,0.07728493958711624
558,0.24627146124839783,0.07726187258958817
559,0.24621933698654175,0.0772387757897377
560,0.2461671382188797,0.07721561193466187
561,0.2461148202419281,0.07719242572784424
562,0.24606242775917053,0.07716917246580124
563,0.2460099309682846,0.07714589685201645
564,0.24595732986927032,0.07712255418300629
565,0.2459045946598053,0.07709918171167374
566,0.2458517998456955,0.07707574963569641
567,0.24579884111881256,0.0770522803068161
568,0.24574583768844604,0.0770287811756134
569,0.24569270014762878,0.07700521498918533
570,0.24563945829868317,0.07698161900043488
571,0.24558615684509277,0.07695796340703964
572,0.24553269147872925,0.07693427056074142
573,0.24547918140888214,0.07691054046154022
574,0.2454255372285843,0.07688674330711365
575,0.24537178874015808,0.07686293125152588
576,0.2453179806470871,0.07683904469013214
577,0.24526403844356537,0.07681512087583542
578,0.2452099621295929,0.07679115235805511
579,0.24515581130981445,0.07676713913679123
580,0.24510155618190765,0.07674308121204376
581,0.24504724144935608,0.07671897858381271
582,0.24499274790287018,0.07669483870267868
583,0.24493823945522308,0.07667064666748047
584,0.24488353729248047,0.07664640247821808
585,0.24482876062393188,0.0766221210360527
586,0.24477392435073853,0.07659779489040375
587,0.24471890926361084,0.07657340168952942
588,0.24466381967067719,0.0765489861369133
589,0.24460862576961517,0.076524518430233
590,0.2445533275604248,0.07650000602006912
591,0.24449792504310608,0.07647543400526047
592,0.2444424331188202,0.07645083963871002
593,0.24438685178756714,0.0764261856675148
594,0.24433112144470215,0.0764014720916748
595,0.2442752867937088,0.07637672871351242
596,0.24421939253807068,0.07635194063186646
597,0.24416334927082062,0.07632710784673691
598,0.2441072314977646,0.07630221545696259
599,0.24405096471309662,0.07627728581428528
600,0.2439945936203003,0.07625230401754379
601,0.24393820762634277,0.07622728496789932
602,0.24388162791728973,0.07620220631361008
603,0.24382498860359192,0.07617710530757904
604,0.24376820027828217,0.07615193724632263
605,0.24371129274368286,0.07612672448158264
606,0.24365434050559998,0.07610146701335907
607,0.24359725415706635,0.07607616484165192
608,0.24354006350040436,0.07605082541704178
609,0.2434827834367752,0.07602542638778687
610,0.2434253841638565,0.07599998265504837
611,0.24336783587932587,0.0759744942188263
612,0.24331024289131165,0.07594896107912064
613,0.24325250089168549,0.0759233683347702
614,0.24319465458393097,0.07589774578809738
615,0.24313674867153168,0.07587207108736038
616,0.24307867884635925,0.07584633678197861
617,0.24302054941654205,0.07582057267427444
618,0.24296222627162933,0.0757947638630867
619,0.24290388822555542,0.07576889544725418
620,0.24284544587135315,0.07574298232793808
621,0.24278683960437775,0.0757170245051384
622,0.24272814393043518,0.07569101452827454
623,0.24266932904720306,0.0756649598479271
624,0.24261042475700378,0.07563886791467667
625,0.24255141615867615,0.07561271637678146
626,0.24249230325222015,0.07558652758598328
627,0.24243302643299103,0.07556027919054031
628,0.24237370491027832,0.07553399354219437
629,0.24231426417827606,0.07550766319036484
630,0.24225470423698425,0.07548128068447113
631,0.2421950250864029,0.07545484602451324
632,0.24213527143001556,0.07542837411165237
633,0.2420753538608551,0.07540185004472733
634,0.24201536178588867,0.0753752663731575
635,0.2419552505016327,0.07534865289926529
636,0.24189504981040955,0.0753219872713089
637,0.24183472990989685,0.07529527693986893
638,0.2417743057012558,0.07526851445436478
639,0.2417137622833252,0.07524169981479645
640,0.24165312945842743,0.07521484047174454
641,0.24159234762191772,0.07518794387578964
642,0.24153147637844086,0.07516098022460938
643,0.24147050082683563,0.07513399422168732
644,0.24140940606594086,0.07510694116353989
645,0.24134820699691772,0.07507984340190887
646,0.24128688871860504,0.07505269348621368
647,0.2412254959344864,0.07502550631761551
648,0.2411639392375946,0.07499827444553375
649,0.24110227823257446,0.07497099041938782
650,0.24104055762290955,0.0749436542391777
651,0.2409786880016327,0.07491625845432281
652,0.24091672897338867,0.07488883286714554
653,0.2408546507358551,0.07486136257648468
654,0.24079246819019318,0.07483383268117905
655,0.24073012173175812,0.07480626553297043
656,0.24066773056983948,0.07477863878011703
657,0.2406052052974701,0.07475097477436066
658,0.24054259061813354,0.0747232511639595
659,0.24047979712486267,0.07469548285007477
660,0.2404169738292694,0.07466766983270645
661,0.24035397171974182,0.07463981211185455
662,0.24029089510440826,0.07461189478635788
663,0.24022769927978516,0.07458393275737762
664,0.24016442894935608,0.07455593347549438
665,0.24010099470615387,0.07452787458896637
666,0.2400374561548233,0.07449977844953537
667,0.23997379839420319,0.07447163015604019
668,0.2399100512266159,0.07444342970848083
669,0.23984621465206146,0.0744151845574379
670,0.2397822141647339,0.07438689470291138
671,0.23971813917160034,0.07435855269432068
672,0.23965395987033844,0.0743301585316658
673,0.2395896166563034,0.07430170476436615
674,0.23952515423297882,0.07427322864532471
675,0.23946066200733185,0.07424468547105789
676,0.23939599096775055,0.07421611249446869
677,0.23933124542236328,0.07418746501207352
678,0.23926638066768646,0.07415878772735596
679,0.2392013669013977,0.07413006573915482
680,0.23913627862930298,0.0741012915968895
681,0.2390710860490799,0.07407246530056
682,0.23900574445724487,0.07404359430074692
683,0.2389402538537979,0.07401466369628906
684,0.23887474834918976,0.07398568838834763
685,0.23880906403064728,0.07395666837692261
686,0.23874333500862122,0.07392759621143341
687,0.23867741227149963,0.07389848679304123
688,0.2386114001274109,0.07386932522058487
689,0.2385452836751938,0.07384010404348373
690,0.23847903311252594,0.07381083816289902
691,0.2384127378463745,0.07378153502941132
692,0.23834623396396637,0.07375217229127884
693,0.23827965557575226,0.07372276484966278
694,0.2382129579782486,0.07369331270456314
695,0.23814615607261658,0.07366380095481873
696,0.2380792647600174,0.07363425195217133
697,0.23801222443580627,0.07360465079545975
698,0.2379450798034668,0.0735749900341034
699,0.23787780106067657,0.07354529947042465
700,0.23781046271324158,0.07351554185152054
701,0.23774297535419464,0.07348574697971344
702,0.23767538368701935,0.07345591485500336
703,0.23760764300823212,0.0734260156750679
704,0.23753981292247772,0.07339607924222946
705,0.23747186362743378,0.07336607575416565
706,0.23740383982658386,0.07333603501319885
707,0.23733565211296082,0.07330595701932907
708,0.23726734519004822,0.07327581197023392
709,0.23719894886016846,0.07324562966823578
710,0.23713043332099915,0.07321539521217346
711,0.2370617687702179,0.07318510860204697
712,0.23699305951595306,0.07315477728843689
713,0.2369241714477539,0.07312440127134323
714,0.23685522377490997,0.07309398055076599
715,0.2367861568927765,0.07306349277496338
716,0.23671695590019226,0.07303297519683838
717,0.2366476058959961,0.073002390563488
718,0.23657813668251038,0.07297177612781525
719,0.23650862276554108,0.07294110208749771
720,0.23643891513347626,0.0729103833436966
721,0.23636914789676666,0.0728796198964119
722,0.23629923164844513,0.07284878939390182
723,0.23622925579547882,0.07281792908906937
724,0.23615910112857819,0.07278700917959213
725,0.23608887195587158,0.07275604456663132
726,0.23601846396923065,0.07272503525018692
727,0.23594804108142853,0.07269396632909775
728,0.23587745428085327,0.07266286760568619
729,0.23580671846866608,0.07263170182704926
730,0.2357359081506729,0.07260049134492874
731,0.23566493391990662,0.07256923615932465
732,0.23559385538101196,0.07253792881965637
733,0.23552268743515015,0.07250657677650452
734,0.23545144498348236,0.07247517257928848
735,0.23537999391555786,0.07244373112916946
736,0.2353084534406662,0.07241222262382507
737,0.23523685336112976,0.0723806694149971
738,0.235165074467659,0.07234908640384674
739,0.23509320616722107,0.07231742888689041
740,0.23502123355865479,0.0722857415676117
741,0.23494912683963776,0.0722540020942688
742,0.23487694561481476,0.07222220301628113
743,0.23480460047721863,0.07219036668539047
744,0.23473213613033295,0.07215847820043564
745,0.23465952277183533,0.07212653011083603
746,0.23458680510520935,0.07209455966949463
747,0.2345140427350998,0.07206252217292786
748,0.2344411015510559,0.0720304325222969
749,0.23436808586120605,0.07199829816818237
750,0.23429495096206665,0.07196611911058426
751,0.2342216670513153,0.07193388789892197
752,0.234148308634758,0.07190161943435669
753,0.23407478630542755,0.07186928391456604
754,0.23400115966796875,0.0718369111418724
755,0.2339274287223816,0.0718044862151146
756,0.2338535636663437,0.0717720240354538
757,0.23377959430217743,0.07173950225114822
758,0.233705535531044,0.07170692831277847
759,0.23363129794597626,0.07167431712150574
760,0.23355697095394135,0.07164164632558823
761,0.23348252475261688,0.07160893082618713
762,0.23340798914432526,0.07157617807388306
763,0.2333332896232605,0.07154335826635361
764,0.23325850069522858,0.07151050120592117
765,0.2331835925579071,0.07147759199142456
766,0.2331085503101349,0.07144463062286377
767,0.23303340375423431,0.0714116320014
768,0.23295816779136658,0.07137858122587204
769,0.2328827828168869,0.07134547829627991
770,0.23280729353427887,0.0713123232126236
771,0.2327316701412201,0.0712791308760643
772,0.23265592753887177,0.07124588638544083
773,0.2325800657272339,0.07121258974075317
774,0.23250408470630646,0.07117924839258194
775,0.23242805898189545,0.07114585489034653
776,0.2323518544435501,0.07111241668462753
777,0.23227553069591522,0.07107893377542496
778,0.23219910264015198,0.0710453987121582
779,0.2321225106716156,0.07101181894540787
780,0.23204587399959564,0.07097817957401276
781,0.23196907341480255,0.07094449549913406
782,0.23189213871955872,0.07091078162193298
783,0.2318151295185089,0.07087700068950653
784,0.23173800110816956,0.0708431750535965
785,0.23166075348854065,0.07080929726362228
786,0.2315833419561386,0.07077538222074509
787,0.2315058708190918,0.07074141502380371
788,0.23142823576927185,0.07070739567279816
789,0.23135051131248474,0.07067333906888962
790,0.23127266764640808,0.0706392228603363
791,0.2311946600675583,0.07060506194829941
792,0.23111660778522491,0.07057084888219833
793,0.2310383915901184,0.07053659856319427
794,0.23096007108688354,0.07050229609012604
795,0.23088161647319794,0.07046794891357422
796,0.23080305755138397,0.07043354213237762
797,0.23072440922260284,0.07039909809827805
798,0.2306455820798874,0.07036460191011429
799,0.23056671023368835,0.07033005356788635
800,0.2304876297712326,0.07029546052217484
801,0.23040851950645447,0.07026083022356033
802,0.2303292602300644,0.07022614777088165
803,0.23024985194206238,0.07019142061471939
804,0.2301703840494156,0.07015663385391235
805,0.23009075224399567,0.07012180984020233
806,0.230010986328125,0.07008693367242813
807,0.22993117570877075,0.07005201280117035
808,0.22985120117664337,0.07001703232526779
809,0.22977109253406525,0.06998202204704285
810,0.22969086468219757,0.06994695216417313
811,0.22961051762104034,0.06991184502840042
812,0.22953012585639954,0.06987668573856354
813,0.22944951057434082,0.06984148919582367
814,0.22936883568763733,0.06980622559785843
815,0.2292880415916443,0.0697709247469902
816,0.2292070984840393,0.069735586643219
817,0.22912608087062836,0.06970018893480301
818,0.22904492914676666,0.06966473907232285
819,0.22896362841129303,0.0696292519569397
820,0.22888226807117462,0.06959370523691177
821,0.22880074381828308,0.06955812871456146
822,0.22871911525726318,0.06952249258756638
823,0.22863739728927612,0.0694868192076683
824,0.22855553030967712,0.06945110112428665
825,0.22847352921962738,0.06941532343626022
826,0.22839142382144928,0.06937950104475021
827,0.22830919921398163,0.06934364140033722
828,0.22822685539722443,0.06930771470069885
829,0.22814442217350006,0.0692717656493187
830,0.22806186974048615,0.06923575699329376
831,0.2279791682958603,0.06919970363378525
832,0.2278963029384613,0.06916360557079315
833,0.22781342267990112,0.06912746280431747
834,0.2277304083108902,0.06909127533435822
835,0.22764721512794495,0.06905502825975418
836,0.22756391763687134,0.06901875138282776
837,0.22748053073883057,0.06898242235183716
838,0.22739700973033905,0.06894604861736298
839,0.22731338441371918,0.06890961527824402
840,0.22722962498664856,0.06887315213680267
841,0.2271457463502884,0.06883663684129715
842,0.22706177830696106,0.06880007684230804
843,0.2269776612520218,0.06876346468925476
844,0.22689343988895416,0.06872681528329849
845,0.22680911421775818,0.06869010627269745
846,0.22672463953495026,0.06865336745977402
847,0.22664007544517517,0.06861656159162521
848,0.22655537724494934,0.06857972592115402
849,0.22647060453891754,0.06854284554719925
850,0.22638560831546783,0.0685059130191803
851,0.22630062699317932,0.06846894323825836
852,0.2262154221534729,0.06843191385269165
853,0.22613012790679932,0.06839484721422195
854,0.22604474425315857,0.06835774332284927
855,0.2259591966867447,0.06832057982683182
856,0.22587358951568604,0.06828338652849197
857,0.22578781843185425,0.06824611872434616
858,0.2257019579410553,0.06820882111787796
859,0.2256159782409668,0.06817148625850677
860,0.22552986443042755,0.06813410669565201
861,0.22544364631175995,0.06809667497873306
862,0.2253572642803192,0.06805919855833054
863,0.22527077794075012,0.06802166998386383
864,0.22518424689769745,0.06798411160707474
865,0.22509755194187164,0.06794650107622147
866,0.2250107377767563,0.06790883839130402
867,0.22492383420467377,0.06787113845348358
868,0.2248367965221405,0.06783339381217957
869,0.2247496098279953,0.06779561191797256
870,0.22466234862804413,0.06775777041912079
871,0.22457490861415863,0.06771988421678543
872,0.22448740899562836,0.06768196076154709
873,0.22439980506896973,0.06764399260282516
874,0.22431202232837677,0.06760597229003906
875,0.22422415018081665,0.06756791472434998
876,0.22413618862628937,0.06752981245517731
877,0.22404810786247253,0.06749165803194046
878,0.22395986318588257,0.06745347380638123
879,0.22387154400348663,0.06741522997617722
880,0.22378304600715637,0.06737695634365082
881,0.22369448840618134,0.06733862310647964
882,0.22360582649707794,0.06730024516582489
883,0.2235170304775238,0.06726183742284775
884,0.22342808544635773,0.06722338497638702
885,0.2233390510082245,0.06718488037586212
886,0.2232498973608017,0.06714633107185364
887,0.22316063940525055,0.06710775196552277
888,0.22307124733924866,0.06706911325454712
889,0.22298173606395721,0.06703042984008789
890,0.2228921502828598,0.06699170917272568
891,0.22280240058898926,0.06695295125246048
892,0.22271254658699036,0.0669141411781311
893,0.2226225882768631,0.06687529385089874
894,0.22253252565860748,0.0668364018201828
895,0.22244231402873993,0.06679745763540268
896,0.22235196828842163,0.06675847619771957
897,0.22226153314113617,0.06671945750713348
898,0.22217100858688354,0.06668038666248322
899,0.22208033502101898,0.06664127111434937
900,0.22198954224586487,0.06660212576389313
901,0.2218986451625824,0.06656292825937271
902,0.22180762887001038,0.06652369350194931
903,0.2217165231704712,0.06648440659046173
904,0.22162532806396484,0.06644507497549057
905,0.2215339094400406,0.06640571355819702
906,0.22144246101379395,0.06636630743741989
907,0.22135083377361298,0.06632685661315918
908,0.22125913202762604,0.06628736108541489
909,0.22116731107234955,0.06624782085418701
910,0.2210753858089447,0.06620824337005615
911,0.2209833413362503,0.06616862118244171
912,0.22089116275310516,0.06612894684076309
913,0.22079886496067047,0.06608925014734268
914,0.2207064926624298,0.0660495012998581
915,0.2206139713525772,0.06600970774888992
916,0.22052136063575745,0.06596986949443817
917,0.22042863070964813,0.06593000888824463
918,0.22033575177192688,0.06589009612798691
919,0.22024278342723846,0.0658501386642456
920,0.2201496809720993,0.06581012904644012
921,0.22005648910999298,0.06577008962631226
922,0.21996314823627472,0.0657300129532814
923,0.2198697179555893,0.06568988412618637
924,0.2197761982679367,0.06564972549676895
925,0.21968254446983337,0.06560952216386795
926,0.2195887565612793,0.06556928157806396
927,0.21949487924575806,0.0655289888381958
928,0.21940085291862488,0.06548865884542465
929,0.21930673718452454,0.06544828414916992
930,0.21921251714229584,0.06540787220001221
931,0.2191181778907776,0.06536742299795151
932,0.2190237045288086,0.06532693654298782
933,0.21892912685871124,0.06528640538454056
934,0.21883444488048553,0.06524582952260971
935,0.21873965859413147,0.06520521640777588
936,0.21864473819732666,0.06516455858945847
937,0.2185496836900711,0.06512387841939926
938,0.21845455467700958,0.06508313119411469
939,0.2183593064546585,0.06504236161708832
940,0.2182639241218567,0.06500154733657837
941,0.2181684374809265,0.06496069580316544
942,0.21807286143302917,0.06491979956626892
943,0.2179771512746811,0.06487886607646942
944,0.21788133680820465,0.06483788788318634
945,0.21778535842895508,0.06479687988758087
946,0.21768932044506073,0.06475582718849182
947,0.21759319305419922,0.06471473723649979
948,0.21749688684940338,0.06467360258102417
949,0.21740050613880157,0.06463243067264557
950,0.2173040211200714,0.06459122151136398
951,0.2172074019908905,0.06454996764659882
952,0.21711066365242004,0.06450869143009186
953,0.2170138657093048,0.06446735560894012
954,0.21691691875457764,0.0644260048866272
955,0.2168198525905609,0.0643845871090889
956,0.21672268211841583,0.06434314697980881
957,0.21662537753582,0.06430166214704514
958,0.2165279984474182,0.06426014751195908
959,0.2164304554462433,0.06421858072280884
960,0.2163328379392624,0.06417699158191681
961,0.21623513102531433,0.0641353502869606
962,0.21613726019859314,0.064093679189682
963,0.21603932976722717,0.06405197829008102
964,0.21594125032424927,0.06401021778583527
965,0.215843066573143,0.06396842747926712
966,0.21574482321739197,0.06392660737037659
967,0.2156463861465454,0.06388475000858307
968,0.21554790437221527,0.06384284794330597
969,0.2154492437839508,0.06380091607570648
970,0.21535053849220276,0.06375893950462341
971,0.21525171399116516,0.06371693313121796
972,0.21515272557735443,0.06367488205432892
973,0.21505367755889893,0.0636327862739563
974,0.21495449542999268,0.06359066069126129
975,0.21485520899295807,0.0635485053062439
976,0.2147558182477951,0.06350629776716232
977,0.21465632319450378,0.06346407532691956
978,0.2145567089319229,0.0634218156337738
979,0.2144569605588913,0.06337949633598328
980,0.21435712277889252,0.06333715468645096
981,0.21425719559192657,0.06329477578401566
982,0.21415714919567108,0.06325235962867737
983,0.21405696868896484,0.0632099062204361
984,0.21395671367645264,0.06316743046045303
985,0.2138563096523285,0.0631248950958252
986,0.21375584602355957,0.06308233737945557
987,0.2136552482843399,0.06303974986076355
988,0.2135545164346695,0.06299711018800735
989,0.21345371007919312,0.06295444071292877
990,0.21335278451442719,0.0629117414355278
991,0.2132517397403717,0.06286900490522385
992,0.21315060555934906,0.0628262311220169
993,0.21304935216903687,0.06278342753648758
994,0.2129479944705963,0.06274058669805527
995,0.21284650266170502,0.06269770115613937
996,0.21274496614933014,0.06265479326248169
997,0.21264325082302094,0.06261184066534042
998,0.21254149079322815,0.06256886571645737
999,0.21243953704833984,0.06252585351467133
1000,0.21233755350112915,0.0624828040599823
1001,0.2122354358434677,0.06243971735239029
1002,0.21213319897651672,0.06239659711718559
1003,0.21203087270259857,0.06235344335436821
1004,0.21192845702171326,0.06231025606393814
1005,0.211825892329216,0.06226702779531479
1006,0.21172326803207397,0.06222377344965935
1007,0.2116205096244812,0.06218048930168152
1008,0.21151763200759888,0.062137164175510406
1009,0.2114146500825882,0.06209380552172661
1010,0.21131154894828796,0.06205042079091072
1011,0.21120840311050415,0.062007009983062744
1012,0.2111050933599472,0.06196355074644089
1013,0.2110016942024231,0.06192005053162575
1014,0.21089822053909302,0.061876535415649414
1015,0.2107945829629898,0.0618329755961895
1016,0.21069088578224182,0.06178939715027809
1017,0.2105870544910431,0.0617457740008831
1018,0.2104831337928772,0.06170212849974632
1019,0.21037910878658295,0.06165844574570656
1020,0.21027496457099915,0.06161472946405411
1021,0.210170716047287,0.06157097592949867
1022,0.21006636321544647,0.06152719259262085
1023,0.2099618911743164,0.06148339807987213
1024,0.20985738933086395,0.061439551413059235
1025,0.20975270867347717,0.06139567494392395
1026,0.20964793860912323,0.06135176122188568
1027,0.20954307913780212,0.06130782887339592
1028,0.20943811535835266,0.06126386299729347
1029,0.20933304727077484,0.06121985986828804
1030,0.20922784507274628,0.06117582321166992
1031,0.20912255346775055,0.06113176792860031
1032,0.20901715755462646,0.06108766794204712
1033,0.2089116871356964,0.061043545603752136
1034,0.2088060826063156,0.06099937856197357
1035,0.20870040357112885,0.06095520779490471
1036,0.20859459042549133,0.060910992324352264
1037,0.20848868787288666,0.06086674705147743
1038,0.208382710814476,0.060822464525699615
1039,0.20827655494213104,0.060778163373470306
1040,0.2081703543663025,0.06073382496833801
1041,0.20806404948234558,0.06068946421146393
1042,0.20795762538909912,0.06064505875110626
1043,0.2078510969877243,0.0606006383895874
1044,0.20774446427822113,0.06055618077516556
1045,0.20763777196407318,0.06051170080900192
1046,0.2075309157371521,0.0604671873152256
1047,0.20742399990558624,0.060422640293836594
1048,0.20731700956821442,0.060378074645996094
1049,0.20720987021923065,0.06033347547054291
1050,0.20710264146327972,0.060288846492767334
1051,0.20699529349803925,0.06024419143795967
1052,0.2068878710269928,0.06019950658082962
1053,0.2067803144454956,0.06015479192137718
1054,0.20667271316051483,0.060110051184892654
1055,0.20656496286392212,0.06006528437137604
1056,0.20645715296268463,0.060020480304956436
1057,0.2063491940498352,0.059975653886795044
1058,0.206241175532341,0.05993080511689186
1059,0.20613305270671844,0.05988591909408569
1060,0.20602479577064514,0.05984101444482803
1061,0.20591647922992706,0.05979607254266739
1062,0.20580805838108063,0.05975111573934555
1063,0.20569948852062225,0.059706125408411026
1064,0.20559090375900269,0.05966110900044441
1065,0.20548216998577118,0.05961606651544571
1066,0.2053733468055725,0.05957099050283432
1067,0.2052643895149231,0.059525903314352036
1068,0.2051554024219513,0.05948077142238617
1069,0.20504626631736755,0.05943562835454941
1070,0.20493704080581665,0.05939044803380966
1071,0.20482772588729858,0.05934524908661842
1072,0.20471833646297455,0.0593000203371048
1073,0.20460879802703857,0.05925476551055908
1074,0.20449917018413544,0.05920948460698128
1075,0.20438945293426514,0.05916418507695198
1076,0.20427964627742767,0.05911885201931
1077,0.20416978001594543,0.059073492884635925
1078,0.20405974984169006,0.05902811139822006
1079,0.2039496749639511,0.05898270383477211
1080,0.2038394659757614,0.05893727391958237
1081,0.20372916758060455,0.05889182537794113
1082,0.20361877977848053,0.05884634330868721
1083,0.20350831747055054,0.0588008351624012
1084,0.203397735953331,0.058755308389663696
1085,0.2032870650291443,0.0587097592651844
1086,0.20317628979682922,0.05866418033838272
1087,0.2030654400587082,0.05861858278512955
1088,0.2029544562101364,0.058572955429553986
1089,0.20284341275691986,0.058527301996946335
1090,0.20273227989673615,0.05848163738846779
1091,0.20262104272842407,0.058435942977666855
1092,0.20250968635082245,0.05839022621512413
1093,0.20239824056625366,0.058344483375549316
1094,0.2022867202758789,0.05829871818423271
1095,0.20217512547969818,0.058252930641174316
1096,0.20206338167190552,0.05820712074637413
1097,0.20195157825946808,0.05816129222512245
1098,0.20183968544006348,0.058115433901548386
1099,0.20172768831253052,0.058069560676813126
1100,0.2016156017780304,0.058023661375045776
1101,0.20150341093540192,0.05797774717211723
1102,0.20139117538928986,0.0579318068921566
1103,0.20127879083156586,0.05788583680987358
1104,0.2011663168668747,0.05783985182642937
1105,0.20105378329753876,0.057793840765953064
1106,0.20094114542007446,0.05774781107902527
1107,0.2008284330368042,0.05770176649093628
1108,0.200715571641922,0.0576556921005249
1109,0.2006026655435562,0.05760960280895233
1110,0.20048962533473969,0.05756348371505737
1111,0.20037657022476196,0.05751734972000122
1112,0.20026333630084991,0.05747120454907417
1113,0.20015005767345428,0.05742502585053444
1114,0.2000366896390915,0.05737883970141411
1115,0.19992324709892273,0.05733262374997139
1116,0.19980968534946442,0.05728638544678688
1117,0.19969603419303894,0.05724013224244118
1118,0.19958233833312988,0.057193856686353683
1119,0.1994684934616089,0.0571475625038147
1120,0.19935458898544312,0.05710124969482422
1121,0.1992405652999878,0.05705491825938225
1122,0.1991264820098877,0.057008568197488785
1123,0.19901230931282043,0.05696219578385353
1124,0.19889803230762482,0.05691581219434738
1125,0.19878368079662323,0.05686940625309944
1126,0.1986692249774933,0.05682298168540001
1127,0.19855467975139618,0.056776534765958786
1128,0.1984400451183319,0.05673007667064667
1129,0.19832533597946167,0.05668359622359276
1130,0.19821056723594666,0.05663709342479706
1131,0.1980956494808197,0.05659057945013046
1132,0.19798068702220917,0.056544043123722076
1133,0.19786562025547028,0.056497495621442795
1134,0.19775046408176422,0.05645092949271202
1135,0.1976352035999298,0.056404344737529755
1136,0.19751989841461182,0.056357741355895996
1137,0.19740445911884308,0.056311123073101044
1138,0.19728899002075195,0.0562644861638546
1139,0.19717340171337128,0.05621783807873726
1140,0.19705773890018463,0.056171171367168427
1141,0.19694198668003082,0.0561244860291481
1142,0.19682614505290985,0.056077782064676285
1143,0.1967102587223053,0.05603107064962387
1144,0.19659423828125,0.055984336882829666
1145,0.19647811353206635,0.055937591940164566
1146,0.1963619738817215,0.05589083209633827
1147,0.1962457150220871,0.05584404617547989
1148,0.19612933695316315,0.055797260254621506
1149,0.19601291418075562,0.05575044825673103
1150,0.19589641690254211,0.055703628808259964
1151,0.19577980041503906,0.055656787008047104
1152,0.19566313922405243,0.05560993403196335
1153,0.19554634392261505,0.0555630661547184
1154,0.19542953372001648,0.055516183376312256
1155,0.19531257450580597,0.055469293147325516
1156,0.19519557058811188,0.05542237311601639
1157,0.19507846236228943,0.05537546053528786
1158,0.1949613094329834,0.055328525602817535
1159,0.19484403729438782,0.05528157576918602
1160,0.19472669064998627,0.05523461103439331
1161,0.19460928440093994,0.055187635123729706
1162,0.19449175894260406,0.05514064058661461
1163,0.1943741887807846,0.05509364232420921
1164,0.1942565143108368,0.055046625435352325
1165,0.1941387802362442,0.05499960109591484
1166,0.19402094185352325,0.05495256185531616
1167,0.19390305876731873,0.05490550771355629
1168,0.19378502666950226,0.05485844612121582
1169,0.1936669498682022,0.05481136962771416
1170,0.1935487985610962,0.0547642782330513
1171,0.1934305727481842,0.054717183113098145
1172,0.19331228733062744,0.054670073091983795
1173,0.19319389760494232,0.05462295189499855
1174,0.19307543337345123,0.05457581579685211
1175,0.19295687973499298,0.05452866852283478
1176,0.19283826649188995,0.05448151379823685
1177,0.19271957874298096,0.05443435534834862
1178,0.1926007717847824,0.0543871745467186
1179,0.19248193502426147,0.05433998629450798
1180,0.19236299395561218,0.054292790591716766
1181,0.19224396347999573,0.054245587438344955
1182,0.19212490320205688,0.05419836938381195
1183,0.19200573861598969,0.05415114387869835
1184,0.19188645482063293,0.05410391092300415
1185,0.19176718592643738,0.054056670516729355
1186,0.19164776802062988,0.05400940775871277
1187,0.1915282905101776,0.05396215245127678
1188,0.19140875339508057,0.0539148785173893
1189,0.19128911197185516,0.05386760085821152
1190,0.19116944074630737,0.05382031202316284
1191,0.19104963541030884,0.05377301201224327
1192,0.19092978537082672,0.0537257045507431
1193,0.19080986082553864,0.05367839336395264
1194,0.19068989157676697,0.053631074726581573
1195,0.19056981801986694,0.053583744913339615
1196,0.19044966995716095,0.05353640764951706
1197,0.1903294324874878,0.05348905920982361
1198,0.19020913541316986,0.05344171077013016
1199,0.19008876383304596,0.05339435115456581
1200,0.18996833264827728,0.053346987813711166
1201,0.18984779715538025,0.053299617022275925
1202,0.18972721695899963,0.05325223505496979
1203,0.18960656225681305,0.053204845637083054
1204,0.1894858330488205,0.053157463669776917
1205,0.18936502933502197,0.053110066801309586
1206,0.1892441362142563,0.05306265503168106
1207,0.18912316858768463,0.05301525443792343
1208,0.18900218605995178,0.05296783894300461
1209,0.18888108432292938,0.05292041599750519
1210,0.1887599229812622,0.05287298932671547
1211,0.18863864243030548,0.05282555893063545
1212,0.18851734697818756,0.05277812480926514
1213,0.18839597702026367,0.05273068696260452
1214,0.1882745772600174,0.05268324539065361
1215,0.18815301358699799,0.0526357926428318
1216,0.18803143501281738,0.0525883324444294
1217,0.187909796833992,0.05254087969660759
1218,0.18778806924819946,0.052493419498205185
1219,0.18766626715660095,0.05244595184922218
1220,0.18754442036151886,0.05239848792552948
1221,0.1874224841594696,0.05235101282596588
1222,0.18730047345161438,0.05230353772640228
1223,0.18717841804027557,0.05225605517625809
1224,0.1870562583208084,0.05220857635140419
1225,0.18693408370018005,0.052161090075969696
1226,0.18681180477142334,0.052113600075244904
1227,0.18668945133686066,0.05206611752510071
1228,0.1865670531988144,0.05201862007379532
1229,0.18644456565380096,0.051971130073070526
1230,0.18632206320762634,0.05192363262176514
1231,0.18619942665100098,0.05187613144516945
1232,0.18607677519321442,0.05182863399386406
1233,0.1859540194272995,0.05178114026784897
1234,0.1858312338590622,0.05173363909125328
1235,0.18570838868618011,0.0516861267387867
1236,0.18558545410633087,0.05163862928748131
1237,0.18546243011951447,0.05159112438559532
1238,0.18533936142921448,0.051543619483709335
1239,0.1852162480354309,0.05149611458182335
1240,0.18509306013584137,0.05144861340522766
1241,0.18496979773044586,0.051401108503341675
1242,0.18484649062156677,0.05135359987616539
1243,0.18472309410572052,0.051306091248989105
1244,0.18459965288639069,0.05125859007239342
1245,0.18447615206241608,0.05121108144521713
1246,0.1843525767326355,0.051163580268621445
1247,0.18422895669937134,0.051116082817316055
1248,0.18410523235797882,0.05106858164072037
1249,0.1839815080165863,0.05102107673883438
1250,0.18385769426822662,0.05097358301281929
1251,0.18373380601406097,0.0509260892868042
1252,0.18360985815525055,0.05087859556078911
1253,0.18348585069179535,0.05083110183477402
1254,0.18336179852485657,0.05078361555933952
1255,0.18323767185211182,0.05073612928390503
1256,0.1831134706735611,0.050688643008470535
1257,0.1829892247915268,0.05064116045832634
1258,0.1828649491071701,0.050593677908182144
1259,0.18274056911468506,0.050546202808618546
1260,0.18261612951755524,0.050498731434345245
1261,0.18249167501926422,0.050451263785362244
1262,0.18236713111400604,0.05040379613637924
1263,0.1822425276041031,0.05035632848739624
1264,0.18211786448955536,0.050308872014284134
1265,0.18199315667152405,0.050261422991752625
1266,0.18186837434768677,0.050213973969221115
1267,0.1817435473203659,0.0501665323972702
1268,0.18161864578723907,0.05011909082531929
1269,0.18149369955062866,0.050071652978658676
1270,0.18136870861053467,0.05002421885728836
1271,0.1812436282634735,0.04997679218649864
1272,0.18111851811408997,0.04992937296628952
1273,0.18099334836006165,0.049881961196660995
1274,0.18086811900138855,0.04983454942703247
1275,0.18074283003807068,0.04978714510798454
1276,0.18061748147010803,0.04973975941538811
1277,0.180492103099823,0.049692362546920776
1278,0.180366650223732,0.04964498057961464
1279,0.1802411675453186,0.0495976023375988
1280,0.18011559545993805,0.04955023527145386
1281,0.1799899935722351,0.04950287193059921
1282,0.1798643320798874,0.049455512315034866
1283,0.1797385811805725,0.049408163875341415
1284,0.17961281538009644,0.049360815435647964
1285,0.17948700487613678,0.049313485622406006
1286,0.17936111986637115,0.049266159534454346
1287,0.17923517525196075,0.04921884089708328
1288,0.17910918593406677,0.049171529710292816
1289,0.1789831668138504,0.049124233424663544
1290,0.17885707318782806,0.04907693713903427
1291,0.17873093485832214,0.049029652029275894
1292,0.17860472202301025,0.04898238182067871
1293,0.17847850918769836,0.048935115337371826
1294,0.1783522218465805,0.04888785257935524
1295,0.17822588980197906,0.048840608447790146
1296,0.17809946835041046,0.04879337549209595
1297,0.17797303199768066,0.04874614253640175
1298,0.1778465211391449,0.04869892820715904
1299,0.17771996557712555,0.048651717603206635
1300,0.1775934249162674,0.04860452562570572
1301,0.1774667650461197,0.0485573373734951
1302,0.1773400753736496,0.04851015657186508
1303,0.17721332609653473,0.048462990671396255
1304,0.17708653211593628,0.04841583967208862
1305,0.17695969343185425,0.04836868867278099
1306,0.17683282494544983,0.04832156002521515
1307,0.17670586705207825,0.0482744462788105
1308,0.17657892405986786,0.048227325081825256
1309,0.1764518767595291,0.0481802336871624
1310,0.17632479965686798,0.04813314974308014
1311,0.17619769275188446,0.04808608442544937
1312,0.17607052624225616,0.0480390228331089
1313,0.1759433150291443,0.047991976141929626
1314,0.17581607401371002,0.04794493690133095
1315,0.1756887584924698,0.04789791628718376
1316,0.17556141316890717,0.04785091057419777
1317,0.17543403804302216,0.04780391976237297
1318,0.17530657351016998,0.04775694012641907
1319,0.1751791089773178,0.04770997166633606
1320,0.17505156993865967,0.047663021832704544
1321,0.17492401599884033,0.04761607572436333
1322,0.17479638755321503,0.0475691519677639
1323,0.17466872930526733,0.04752224311232567
1324,0.17454102635383606,0.04747535288333893
1325,0.1744132786989212,0.047428470104932785
1326,0.17428550124168396,0.047381602227687836
1327,0.17415767908096313,0.04733474925160408
1328,0.17402979731559753,0.047287918627262115
1329,0.17390188574790955,0.047241102904081345
1330,0.17377394437789917,0.04719430208206177
1331,0.17364594340324402,0.04714750871062279
1332,0.17351792752742767,0.0471007339656353
1333,0.17338985204696655,0.0470539890229702
1334,0.17326173186302185,0.0470072440803051
1335,0.17313358187675476,0.04696051776409149
1336,0.1730053722858429,0.046913813799619675
1337,0.17287713289260864,0.04686713218688965
1338,0.172748863697052,0.04682045802474022
1339,0.17262054979801178,0.04677380621433258
1340,0.17249219119548798,0.046727173030376434
1341,0.17236381769180298,0.04668054357171059
1342,0.172235369682312,0.04663395136594772
1343,0.17210690677165985,0.046587374061346054
1344,0.1719784140586853,0.04654080420732498
1345,0.17184986174106598,0.046494260430336
1346,0.17172126471996307,0.04644773527979851
1347,0.17159265279769897,0.04640122130513191
1348,0.1714639961719513,0.046354737132787704
1349,0.17133530974388123,0.04630826786160469
1350,0.17120660841464996,0.04626181349158287
1351,0.17107781767845154,0.04621538147330284
1352,0.17094901204109192,0.0461689792573452
1353,0.1708202064037323,0.04612258821725845
1354,0.1706913411617279,0.0460762158036232
1355,0.17056243121623993,0.046029865741729736
1356,0.17043347656726837,0.045983534306287766
1357,0.17030449211597443,0.045937225222587585
1358,0.17017550766468048,0.0458909347653389
1359,0.17004646360874176,0.0458446703851223
1360,0.16991737484931946,0.045798417180776596
1361,0.16978830099105835,0.04575219750404358
1362,0.16965912282466888,0.04570598900318146
1363,0.1695299595594406,0.045659810304641724
1364,0.16940075159072876,0.04561365023255348
1365,0.1692715287208557,0.04556751251220703
1366,0.1691422462463379,0.04552139714360237
1367,0.16901294887065887,0.0454753041267395
1368,0.16888360679149628,0.045429229736328125
1369,0.1687542349100113,0.04538319259881973
1370,0.1686248481273651,0.045337166637182236
1371,0.16849544644355774,0.04529116302728653
1372,0.1683659851551056,0.045245181769132614
1373,0.16823647916316986,0.04519922658801079
1374,0.1681070178747177,0.04515330120921135
1375,0.1679774522781372,0.0451073981821537
1376,0.16784785687923431,0.04506151005625725
1377,0.16771826148033142,0.04501565545797348
1378,0.16758862137794495,0.044969819486141205
1379,0.16745896637439728,0.04492400959134102
1380,0.16732929646968842,0.04487822949886322
1381,0.16719958186149597,0.04483247175812721
1382,0.16706983745098114,0.044786736369132996
1383,0.16694004833698273,0.04474102333188057
1384,0.16681025922298431,0.04469534009695053
1385,0.1666804403066635,0.04464968666434288
1386,0.16655059158802032,0.04460405185818672
1387,0.16642069816589355,0.04455845430493355
1388,0.16629081964492798,0.04451287165284157
1389,0.16616088151931763,0.04446732625365257
1390,0.16603092849254608,0.04442179575562477
1391,0.16590094566345215,0.04437629505991936
1392,0.16577094793319702,0.04433082416653633
1393,0.1656409204006195,0.044285379350185394
1394,0.1655108630657196,0.04423996061086655
1395,0.16538077592849731,0.044194575399160385
1396,0.16525070369243622,0.04414921626448631
1397,0.16512057185173035,0.04410387948155403
1398,0.16499042510986328,0.044058576226234436
1399,0.16486024856567383,0.04401329904794693
1400,0.16473005712032318,0.04396804794669151
1401,0.16459983587265015,0.04392283037304878
1402,0.16446959972381592,0.04387764632701874
1403,0.16433937847614288,0.04383247718214989
1404,0.16420908272266388,0.04378734901547432
1405,0.16407878696918488,0.043742239475250244
1406,0.16394846141338348,0.04369716718792915
1407,0.1638181358575821,0.04365212097764015
1408,0.16368773579597473,0.04360710829496384
1409,0.16355736553668976,0.04356212541460991
1410,0.1634269654750824,0.04351717233657837
1411,0.16329652070999146,0.04347224906086922
1412,0.1631661206483841,0.04342735931277275
1413,0.16303564608097076,0.043382495641708374
1414,0.16290518641471863,0.04333766922354698
1415,0.16277465224266052,0.04329286888241768
1416,0.1626441478729248,0.043248098343610764
1417,0.1625136137008667,0.043203361332416534
1418,0.1623830795288086,0.04315866157412529
1419,0.1622525006532669,0.04311399161815643
1420,0.16212190687656403,0.043069347739219666
1421,0.16199132800102234,0.04302474111318588
1422,0.16186071932315826,0.04298016056418419
1423,0.1617300659418106,0.04293562099337578
1424,0.16159941256046295,0.042891111224889755
1425,0.1614687442779541,0.04284663125872612
1426,0.16133809089660645,0.04280219227075577
1427,0.16120734810829163,0.042757779359817505
1428,0.16107666492462158,0.04271340370178223
1429,0.16094595193862915,0.04266906529664993
1430,0.16081520915031433,0.04262474924325943
1431,0.16068443655967712,0.04258047416806221
1432,0.1605536788702011,0.042536236345767975
1433,0.1604229062795639,0.042492032051086426
1434,0.1602921187877655,0.04244786128401756
1435,0.16016128659248352,0.042403727769851685
1436,0.16003049910068512,0.04235962778329849
1437,0.15989968180656433,0.04231555759906769
1438,0.15976880490779877,0.04227152839303017
1439,0.1596379578113556,0.04222752898931503
1440,0.15950709581375122,0.04218357801437378
1441,0.15937620401382446,0.042139653116464615
1442,0.1592453271150589,0.04209576174616814
1443,0.15911442041397095,0.04205191507935524
1444,0.1589835286140442,0.04200809821486473
1445,0.15885257720947266,0.041964322328567505
1446,0.1587216556072235,0.041920579969882965
1447,0.15859073400497437,0.04187687858939171
1448,0.15845976769924164,0.04183320701122284
1449,0.1583288162946701,0.04178958758711815
1450,0.15819786489009857,0.04174598678946495
1451,0.15806689858436584,0.04170243442058563
1452,0.15793588757514954,0.0416589193046093
1453,0.15780490636825562,0.04161544144153595
1454,0.1576738953590393,0.041572000831365585
1455,0.15754292905330658,0.041528601199388504
1456,0.15741190314292908,0.04148523882031441
1457,0.15728090703487396,0.041441917419433594
1458,0.15714983642101288,0.04139862209558487
1459,0.15701881051063538,0.04135538637638092
1460,0.15688781440258026,0.04131217673420906
1461,0.15675675868988037,0.04126901179552078
1462,0.15662570297718048,0.04122587665915489
1463,0.15649467706680298,0.04118280112743378
1464,0.1563635915517807,0.04113974794745445
1465,0.15623252093791962,0.04109674319624901
1466,0.15610149502754211,0.04105377197265625
1467,0.15597040951251984,0.04101084917783737
1468,0.15583935379981995,0.04096796363592148
1469,0.15570828318595886,0.04092511907219887
1470,0.15557719767093658,0.04088231548666954
1471,0.1554461121559143,0.040839556604623795
1472,0.15531502664089203,0.040796831250190735
1473,0.15518394112586975,0.040754158049821854
1474,0.15505284070968628,0.04071151837706566
1475,0.1549217700958252,0.040668923407793045
1476,0.15479066967964172,0.04062637314200401
1477,0.15465956926345825,0.040583863854408264
1478,0.15452848374843597,0.0405413955450058
1479,0.1543973982334137,0.04049896448850632
1480,0.15426629781723022,0.040456581860780716
1481,0.15413519740104675,0.040414243936538696
1482,0.15400411188602448,0.04037194699048996
1483,0.153873011469841,0.040329694747924805
1484,0.15374189615249634,0.04028748348355293
1485,0.15361084043979645,0.04024532809853554
1486,0.15347972512245178,0.04020319879055023
1487,0.1533486694097519,0.0401611253619194
1488,0.15321758389472961,0.04011908918619156
1489,0.15308649837970734,0.040077101439237595
1490,0.15295542776584625,0.04003515467047691
1491,0.15282432734966278,0.03999325633049011
1492,0.1526932567358017,0.03995140269398689
1493,0.1525622010231018,0.039909593760967255
1494,0.15243111550807953,0.0398678295314312
1495,0.15230005979537964,0.03982611000537872
1496,0.15216898918151855,0.03978443890810013
1497,0.15203793346881866,0.03974281623959541
1498,0.15190690755844116,0.03970123454928398
1499,0.15177583694458008,0.03965969383716583
1500,0.15164482593536377,0.03961820900440216
1501,0.15151377022266388,0.03957676887512207
1502,0.15138275921344757,0.03953537717461586
1503,0.15125173330307007,0.03949402645230293
1504,0.15112069249153137,0.03945273160934448
1505,0.15098971128463745,0.03941147401928902
1506,0.15085871517658234,0.03937026485800743
1507,0.15072773396968842,0.039329107850790024
1508,0.1505967229604721,0.0392879918217659
1509,0.15046575665473938,0.03924693539738655
1510,0.15033480525016785,0.03920591622591019
1511,0.15020382404327393,0.0391649566590786
1512,0.15007290244102478,0.039124034345149994
1513,0.14994193613529205,0.03908316791057587
1514,0.14981098473072052,0.039042338728904724
1515,0.14968007802963257,0.039001572877168655
1516,0.14954917132854462,0.03896084800362587
1517,0.14941824972629547,0.038920171558856964
1518,0.1492873728275299,0.038879554718732834
1519,0.14915649592876434,0.03883897885680199
1520,0.14902560412883759,0.03879845514893532
1521,0.1488947570323944,0.03875797986984253
1522,0.14876389503479004,0.03871755301952362
1523,0.14863306283950806,0.03867717832326889
1524,0.14850224554538727,0.03863685950636864
1525,0.14837144315242767,0.038596589118242264
1526,0.14824062585830688,0.03855636343359947
1527,0.14810986816883087,0.038516197353601456
1528,0.14797908067703247,0.03847607597708702
1529,0.14784830808639526,0.038436003029346466
1530,0.14771756529808044,0.03839598968625069
1531,0.14758680760860443,0.03835601732134819
1532,0.1474561244249344,0.03831610456109047
1533,0.14732539653778076,0.03827624395489693
1534,0.1471947282552719,0.03823643550276756
1535,0.14706404507160187,0.03819667920470238
1536,0.1469334065914154,0.03815697506070137
1537,0.14680275321006775,0.03811733052134514
1538,0.14667212963104248,0.03807772323489189
1539,0.1465415358543396,0.03803818300366402
1540,0.14641092717647552,0.037998687475919724
1541,0.14628034830093384,0.037959251552820206
1542,0.14614979922771454,0.037919867783784866
1543,0.14601925015449524,0.03788052871823311
1544,0.14588874578475952,0.03784125670790672
1545,0.1457582265138626,0.03780202940106392
1546,0.14562775194644928,0.037762854248285294
1547,0.14549729228019714,0.037723738700151443
1548,0.145366832613945,0.03768467903137207
1549,0.14523640275001526,0.037645675241947174
1550,0.1451059877872467,0.037606723606586456
1551,0.14497560262680054,0.03756782412528992
1552,0.14484521746635437,0.03752898797392845
1553,0.14471489191055298,0.03749019652605057
1554,0.144584521651268,0.03745146095752716
1555,0.144454225897789,0.03741278499364853
1556,0.1443239152431488,0.03737416863441467
1557,0.14419366419315338,0.0373356007039547
1558,0.14406339824199677,0.03729710355401039
1559,0.14393319189548492,0.03725864738225937
1560,0.14380298554897308,0.03722025081515312
1561,0.14367280900478363,0.03718191385269165
1562,0.14354266226291656,0.037143636494874954
1563,0.1434125006198883,0.03710540756583214
1564,0.14328238368034363,0.037067241966724396
1565,0.14315231144428253,0.03702913597226143
1566,0.14302225410938263,0.03699107468128204
1567,0.14289222657680511,0.03695308417081833
1568,0.1427621841430664,0.03691514581441879
1569,0.14263221621513367,0.03687726706266403
1570,0.14250226318836212,0.03683944046497345
1571,0.14237229526042938,0.03680168464779854
1572,0.14224238693714142,0.03676397353410721
1573,0.14211250841617584,0.03672632947564125
1574,0.14198262989521027,0.03668874502182007
1575,0.14185279607772827,0.036651212722063065
1576,0.14172299206256866,0.036613743752241135
1577,0.14159321784973145,0.03657633066177368
1578,0.14146344363689423,0.0365389809012413
1579,0.14133372902870178,0.036501694470644
1580,0.14120401442050934,0.03646445646882057
1581,0.14107432961463928,0.03642728924751282
1582,0.1409446895122528,0.03639017418026924
1583,0.14081507921218872,0.03635312616825104
1584,0.14068549871444702,0.03631613403558731
1585,0.14055593311786652,0.03627919778227806
1586,0.1404263824224472,0.036242324858903885
1587,0.14029689133167267,0.03620552271604538
1588,0.1401674449443817,0.036168769001960754
1589,0.14003798365592957,0.0361320823431015
1590,0.139908567070961,0.03609545901417732
1591,0.1397792100906372,0.03605889528989792
1592,0.13964983820915222,0.03602238744497299
1593,0.139520525932312,0.035985954105854034
1594,0.1393912434577942,0.03594956547021866
1595,0.13926197588443756,0.03591325134038925
1596,0.1391327828168869,0.03587699681520462
1597,0.13900357484817505,0.035840801894664764
1598,0.13887442648410797,0.03580467402935028
1599,0.1387452930212021,0.035768602043390274
1600,0.13861620426177979,0.03573259338736534
1601,0.13848716020584106,0.03569665923714638
1602,0.13835813105106354,0.035660773515701294
1603,0.1382291615009308,0.03562495857477188
1604,0.13810019195079803,0.03558920696377754
1605,0.13797128200531006,0.03555351495742798
1606,0.13784237205982208,0.035517893731594086
1607,0.1377135068178177,0.03548232838511467
1608,0.13758471608161926,0.03544682636857033
1609,0.13745594024658203,0.035411395132541656
1610,0.137327179312706,0.03537603095173836
1611,0.13719847798347473,0.035340722650289536
1612,0.13706980645656586,0.035305485129356384
1613,0.13694117963314056,0.03527030721306801
1614,0.13681256771087646,0.0352352000772953
1615,0.13668401539325714,0.035200152546167374
1616,0.13655546307563782,0.03516516834497452
1617,0.13642701506614685,0.035130251199007034
1618,0.1362985521554947,0.03509540855884552
1619,0.1361701488494873,0.035060618072748184
1620,0.1360417604446411,0.03502589836716652
1621,0.1359134465456009,0.034991249442100525
1622,0.13578513264656067,0.034956663846969604
1623,0.13565687835216522,0.034922145307064056
1624,0.13552863895893097,0.034887686371803284
1625,0.1354004591703415,0.03485329821705818
1626,0.1352723389863968,0.034818973392248154
1627,0.13514423370361328,0.034784723073244095
1628,0.13501620292663574,0.03475053980946541
1629,0.1348881721496582,0.0347164161503315
1630,0.13476021587848663,0.034682366997003555
1631,0.13463230431079865,0.03464838117361069
1632,0.13450440764427185,0.03461446985602379
1633,0.13437657058238983,0.034580621868371964
1634,0.134248748421669,0.034546829760074615
1635,0.13412100076675415,0.034513119608163834
1636,0.1339932680130005,0.03447946906089783
1637,0.1338655650615692,0.03444589301943779
1638,0.1337379813194275,0.03441238775849342
1639,0.13361035287380219,0.03437894582748413
1640,0.13348281383514404,0.03434557095170021
1641,0.1333553045988083,0.03431227058172226
1642,0.1332278549671173,0.03427903354167938
1643,0.1331004500389099,0.034245867282152176
1644,0.1329730600118637,0.03421276807785034
1645,0.13284574449062347,0.034179747104644775
1646,0.13271847367286682,0.03414678946137428
1647,0.13259124755859375,0.03411389887332916
1648,0.13246405124664307,0.03408108279109001
1649,0.13233688473701477,0.03404833748936653
1650,0.13220982253551483,0.03401565924286842
1651,0.1320827752351761,0.033983051776885986
1652,0.13195577263832092,0.03395050764083862
1653,0.13182881474494934,0.033918045461177826
1654,0.13170191645622253,0.0338856466114521
1655,0.13157504796981812,0.033853329718112946
1656,0.13144822418689728,0.033821068704128265
1657,0.1313214898109436,0.033788882195949554
1658,0.13119475543498993,0.03375677019357681
1659,0.13106809556484222,0.03372472897171974
1660,0.1309414654970169,0.03369276225566864
1661,0.13081489503383636,0.03366085886955261
1662,0.1306883841753006,0.03362903743982315
1663,0.1305619329214096,0.03359728306531906
1664,0.1304354965686798,0.03356559947133064
1665,0.1303091198205948,0.03353399038314819
1666,0.13018278777599335,0.03350245580077171
1667,0.13005653023719788,0.03347098454833031
1668,0.129930317401886,0.03343959152698517
1669,0.12980414927005768,0.033408273011446
1670,0.12967804074287415,0.0333770215511322
1671,0.1295519769191742,0.03334584832191467
1672,0.12942597270011902,0.033314742147922516
1673,0.12930001318454742,0.03328371047973633
1674,0.1291741132736206,0.03325276076793671
1675,0.12904827296733856,0.03322187438607216
1676,0.1289224624633789,0.033191073685884476
1677,0.1287967413663864,0.03316033259034157
1678,0.1286710500717163,0.033129673451185226
1679,0.12854540348052979,0.033099088817834854
1680,0.12841981649398804,0.03306857496500015
1681,0.12829427421092987,0.03303813934326172
1682,0.12816880643367767,0.033007774502038956
1683,0.12804338335990906,0.03297748416662216
1684,0.12791801989078522,0.03294726461172104
1685,0.12779268622398376,0.032917123287916183
1686,0.12766745686531067,0.032887060195207596
1687,0.12754227221012115,0.03285707160830498
1688,0.12741708755493164,0.03282715380191803
1689,0.12729205191135406,0.03279731422662735
1690,0.1271670162677765,0.03276754915714264
1691,0.1270420253276825,0.0327378585934639
1692,0.12691710889339447,0.03270824998617172
1693,0.12679225206375122,0.03267870470881462
1694,0.12666746973991394,0.032649241387844086
1695,0.12654270231723785,0.03261985629796982
1696,0.12641802430152893,0.03259055316448212
1697,0.1262933760881424,0.03256131708621979
1698,0.12616883218288422,0.032532159239053726
1699,0.12604430317878723,0.032503075897693634
1700,0.1259198784828186,0.03247407078742981
1701,0.12579546868801117,0.03244514390826225
1702,0.1256711483001709,0.03241628780961037
1703,0.1255468875169754,0.032387517392635345
1704,0.1254226565361023,0.03235882520675659
1705,0.12529850006103516,0.03233020380139351
1706,0.12517443299293518,0.032301660627126694
1707,0.1250503957271576,0.03227319195866585
1708,0.12492644041776657,0.03224480524659157
1709,0.12480251491069794,0.03221649304032326
1710,0.12467867136001587,0.03218826651573181
1711,0.12455489486455917,0.03216010704636574
1712,0.12443117052316666,0.03213203325867653
1713,0.12430749833583832,0.03210403770208359
1714,0.12418389320373535,0.032076120376586914
1715,0.12406035512685776,0.03204827755689621
1716,0.12393689900636673,0.032020509243011475
1717,0.12381348013877869,0.031992826610803604
1718,0.12369014322757721,0.0319652184844017
1719,0.1235668733716011,0.031937696039676666
1720,0.12344363331794739,0.0319102443754673
1721,0.12332050502300262,0.031882885843515396
1722,0.12319742143154144,0.031855590641498566
1723,0.12307438999414444,0.0318283811211586
1724,0.12295142561197281,0.0318012461066246
1725,0.12282852828502655,0.03177420049905777
1726,0.12270571291446686,0.031747229397296906
1727,0.12258294969797134,0.03172033652663231
1728,0.12246023863554001,0.03169352188706398
1729,0.12233760952949524,0.031666796654462814
1730,0.12221504747867584,0.03164013847708702
1731,0.12209255993366241,0.03161357343196869
1732,0.12197013199329376,0.03158707544207573
1733,0.12184775620698929,0.03156066685914993
1734,0.12172545492649078,0.031534336507320404
1735,0.12160321325063705,0.03150808438658714
1736,0.12148106098175049,0.031481917947530746
1737,0.1213589757680893,0.031455833464860916
1738,0.12123695015907288,0.031429823487997055
1739,0.12111496925354004,0.03140389546751976
1740,0.12099308520555496,0.03137805685400963
1741,0.12087126821279526,0.03135228902101517
1742,0.12074951827526093,0.03132660686969757
1743,0.12062785029411316,0.03130100667476654
1744,0.12050623446702957,0.03127548098564148
1745,0.12038468569517136,0.03125004842877388
1746,0.12026321142911911,0.0312246922403574
1747,0.12014181166887283,0.031199419870972633
1748,0.12002048641443253,0.031174225732684135
1749,0.1198992133140564,0.03114911913871765
1750,0.11977802962064743,0.031124088913202286
1751,0.11965691298246384,0.031099146232008934
1752,0.11953585594892502,0.03107428550720215
1753,0.11941488087177277,0.03104950487613678
1754,0.11929398775100708,0.03102480247616768
1755,0.11917315423488617,0.03100019134581089
1756,0.11905241012573242,0.03097566030919552
1757,0.11893169581890106,0.030951211228966713
1758,0.11881109327077866,0.030926842242479324
1759,0.11869054287672043,0.030902566388249397
1760,0.11857010424137115,0.03087836317718029
1761,0.11844968795776367,0.030854247510433197
1762,0.11832936108112335,0.03083021752536297
1763,0.1182091161608696,0.03080626390874386
1764,0.11808895319700241,0.03078240342438221
1765,0.1179688572883606,0.03075861930847168
1766,0.11784881353378296,0.030734922736883163
1767,0.11772889643907547,0.030711304396390915
1768,0.11760899424552917,0.030687779188156128
1769,0.11748921126127243,0.03066432848572731
1770,0.11736948788166046,0.030640967190265656
1771,0.11724983155727386,0.030617691576480865
1772,0.11713027954101562,0.03059449978172779
1773,0.11701077222824097,0.030571388080716133
1774,0.11689135432243347,0.030548369511961937
1775,0.11677204817533493,0.030525431036949158
1776,0.11665274947881699,0.030502572655677795
1777,0.116533562541008,0.030479803681373596
1778,0.11641447991132736,0.030457116663455963
1779,0.11629543453454971,0.030434520915150642
1780,0.11617647111415863,0.03041200526058674
1781,0.11605758965015411,0.030389579012989998
1782,0.11593879014253616,0.030367232859134674
1783,0.11582006514072418,0.030344974249601364
1784,0.11570143699645996,0.03032280132174492
1785,0.11558288335800171,0.030300715938210487
1786,0.11546438932418823,0.030278712511062622
1787,0.11534598469734192,0.03025679662823677
1788,0.11522765457630157,0.030234968289732933
1789,0.11510942131280899,0.03021322190761566
1790,0.11499124765396118,0.030191568657755852
1791,0.11487316340208054,0.03016999363899231
1792,0.11475516110658646,0.03014850802719593
1793,0.11463722586631775,0.030127111822366714
1794,0.1145193874835968,0.030105793848633766
1795,0.11440162360668182,0.03008456714451313
1796,0.11428392678499222,0.03006342239677906
1797,0.11416634172201157,0.0300423726439476
1798,0.1140488013625145,0.030021410435438156
1799,0.11393137276172638,0.030000528320670128
1800,0.11381402611732483,0.029979735612869263
1801,0.11369673162698746,0.029959028586745262
1802,0.11357954144477844,0.029938412830233574
1803,0.11346246302127838,0.029917879030108452
1804,0.1133454218506813,0.029897432774305344
1805,0.11322848498821259,0.029877077788114548
1806,0.11311164498329163,0.029856808483600616
1807,0.11299485713243484,0.02983662486076355
1808,0.11287817358970642,0.029816528782248497
1809,0.11276154220104218,0.02979651838541031
1810,0.11264502257108688,0.02977660298347473
1811,0.11252859234809875,0.029756765812635422
1812,0.112412229180336,0.029737025499343872
1813,0.11229594051837921,0.02971736527979374
1814,0.11217977851629257,0.029697800055146217
1815,0.1120636835694313,0.029678314924240112
1816,0.11194765567779541,0.02965892106294632
1817,0.11183173209428787,0.02963961847126484
1818,0.1117158830165863,0.02962040901184082
1819,0.1116001307964325,0.02960127964615822
1820,0.11148446798324585,0.02958223968744278
1821,0.11136886477470398,0.029563287273049355
1822,0.11125338077545166,0.029544426128268242
1823,0.11113797873258591,0.029525648802518845
1824,0.11102264374494553,0.02950696460902691
1825,0.11090739816427231,0.029488371685147285
1826,0.11079225689172745,0.029469862580299377
1827,0.11067717522382736,0.029451442882418633
1828,0.11056219786405563,0.029433120042085648
1829,0.11044731736183167,0.02941487729549408
1830,0.11033251881599426,0.029396725818514824
1831,0.11021782457828522,0.02937866561114788
1832,0.11010318994522095,0.029360689222812653
1833,0.10998865216970444,0.029342804104089737
1834,0.10987420380115509,0.029325013980269432
1835,0.1097598522901535,0.029307309538125992
1836,0.10964558273553848,0.029289696365594864
1837,0.10953141748905182,0.0292721726000309
1838,0.10941733419895172,0.02925473265349865
1839,0.10930333286523819,0.02923738956451416
1840,0.10918942838907242,0.029220135882496834
1841,0.10907561331987381,0.029202967882156372
1842,0.10896188020706177,0.029185893014073372
1843,0.10884823650121689,0.029168905690312386
1844,0.10873469710350037,0.02915201149880886
1845,0.10862124711275101,0.02913520485162735
1846,0.10850787162780762,0.02911848947405815
1847,0.10839462280273438,0.029101863503456116
1848,0.10828143358230591,0.029085328802466393
1849,0.1081683337688446,0.029068883508443832
1850,0.10805533826351166,0.029052527621388435
1851,0.10794245451688766,0.0290362611413002
1852,0.10782963782548904,0.029020091518759727
1853,0.10771691799163818,0.029004007577896118
1854,0.10760430246591568,0.02898801676928997
1855,0.10749177634716034,0.028972117230296135
1856,0.10737932473421097,0.028956305235624313
1857,0.10726699233055115,0.028940584510564804
1858,0.1071547269821167,0.028924960643053055
1859,0.1070425808429718,0.02890941873192787
1860,0.10693050175905228,0.02889397367835045
1861,0.10681851953268051,0.02887861430644989
1862,0.1067066416144371,0.028863346204161644
1863,0.10659487545490265,0.028848174959421158
1864,0.10648318380117416,0.028833093121647835
1865,0.10637159645557404,0.028818102553486824
1866,0.10626009106636047,0.028803201392292976
1867,0.10614871233701706,0.02878839336335659
1868,0.10603739321231842,0.028773676604032516
1869,0.10592616349458694,0.028759049251675606
1870,0.10581506043672562,0.028744515031576157
1871,0.10570404678583145,0.02873007394373417
1872,0.10559311509132385,0.028715722262859344
1873,0.10548228770494461,0.02870146557688713
1874,0.10537154972553253,0.02868729643523693
1875,0.10526090860366821,0.028673218563199043
1876,0.10515037924051285,0.028659237548708916
1877,0.10503994673490524,0.0286453478038311
1878,0.1049296036362648,0.028631541877985
1879,0.10481934994459152,0.02861783280968666
1880,0.1047092005610466,0.028604216873645782
1881,0.10459915548563004,0.028590695932507515
1882,0.10448920726776123,0.02857726439833641
1883,0.10437936335802078,0.02856392040848732
1884,0.10426957160234451,0.02855067327618599
1885,0.10415992140769958,0.02853751927614212
1886,0.10405036062002182,0.028524454683065414
1887,0.1039409264922142,0.02851148508489132
1888,0.10383155196905136,0.028498603031039238
1889,0.10372228175401688,0.028485815972089767
1890,0.10361310839653015,0.02847312018275261
1891,0.10350404679775238,0.02846052497625351
1892,0.10339508205652237,0.028448011726140976
1893,0.10328622162342072,0.028435595333576202
1894,0.10317743569612503,0.02842327393591404
1895,0.10306879132986069,0.02841104008257389
1896,0.10296019911766052,0.028398903086781502
1897,0.1028517484664917,0.028386857360601425
1898,0.10274338722229004,0.02837490290403366
1899,0.10263511538505554,0.028363043442368507
1900,0.10252695530653,0.028351275250315666
1901,0.10241888463497162,0.028339598327875137
1902,0.10231094062328339,0.02832801826298237
1903,0.10220307111740112,0.028316525742411613
1904,0.10209529846906662,0.028305133804678917
1905,0.10198765993118286,0.028293827548623085
1906,0.10188010334968567,0.028282616287469864
1907,0.10177265852689743,0.028271498158574104
1908,0.10166529566049576,0.028260473161935806
1909,0.10155803710222244,0.02824954316020012
1910,0.10145089030265808,0.028238708153367043
1911,0.10134384036064148,0.02822796255350113
1912,0.10123693197965622,0.028217311948537827
1913,0.10113007575273514,0.028206750750541687
1914,0.10102333873510361,0.028196288272738457
1915,0.10091670602560043,0.02818591706454754
1916,0.10081018507480621,0.028175635263323784
1917,0.10070375353097916,0.02816545031964779
1918,0.10059744864702225,0.028155358508229256
1919,0.10049121081829071,0.028145361691713333
1920,0.10038511455059052,0.028135454282164574
1921,0.10027909278869629,0.028125641867518425
1922,0.10017319768667221,0.028115926310420036
1923,0.10006740689277649,0.02810630202293396
1924,0.09996169060468674,0.028096769005060196
1925,0.09985611587762833,0.028087330982089043
1926,0.09975063800811768,0.02807798981666565
1927,0.09964525699615479,0.02806873805820942
1928,0.09953998029232025,0.02805957943201065
1929,0.09943480044603348,0.028050517663359642
1930,0.09932976216077805,0.028041545301675797
1931,0.09922478348016739,0.02803267166018486
1932,0.09911993145942688,0.028023889288306236
1933,0.09901519119739532,0.028015196323394775
1934,0.09891055524349213,0.028006603941321373
1935,0.09880602359771729,0.027998104691505432
1936,0.0987015888094902,0.027989696711301804
1937,0.09859725832939148,0.027981378138065338
1938,0.09849303960800171,0.02797316387295723
1939,0.09838894754648209,0.027965039014816284
1940,0.09828495234251022,0.027957001700997353
1941,0.09818107634782791,0.02794906124472618
1942,0.09807727485895157,0.02794121950864792
1943,0.09797359257936478,0.02793346717953682
1944,0.09787000715732574,0.02792580984532833
1945,0.09776657074689865,0.027918247506022453
1946,0.09766320884227753,0.027910778298974037
1947,0.09755995869636536,0.027903404086828232
1948,0.09745683521032333,0.027896123006939888
1949,0.09735380113124847,0.02788892760872841
1950,0.09725088626146317,0.027881838381290436
1951,0.09714804589748383,0.027874842286109924
1952,0.09704536199569702,0.027867935597896576
1953,0.09694276750087738,0.02786112204194069
1954,0.0968402773141861,0.027854403480887413
1955,0.09673789143562317,0.027847781777381897
1956,0.09663563221693039,0.027841251343488693
1957,0.09653348475694656,0.0278348159044981
1958,0.0964314341545105,0.027828475460410118
1959,0.09632949531078339,0.027822226285934448
1960,0.09622766822576523,0.02781607210636139
1961,0.09612595289945602,0.02781001292169094
1962,0.09602434933185577,0.027804046869277954
1963,0.09592283517122269,0.027798175811767578
1964,0.09582147002220154,0.027792399749159813
1965,0.09572017937898636,0.02778671309351921
1966,0.09561900794506073,0.027781125158071518
1967,0.09551796317100525,0.027775630354881287
1968,0.09541701525449753,0.027770230546593666
1969,0.09531617909669876,0.027764922007918358
1970,0.09521546214818954,0.02775970660150051
1971,0.09511484950780869,0.027754586189985275
1972,0.09501434862613678,0.02774956449866295
1973,0.09491395950317383,0.027744630351662636
1974,0.09481367468833923,0.027739793062210083
1975,0.094713494181633,0.027735048905014992
1976,0.0946134477853775,0.02773039974272251
1977,0.09451350569725037,0.02772584557533264
1978,0.09441369026899338,0.027721382677555084
1979,0.09431396424770355,0.027717016637325287
1980,0.09421434998512268,0.02771274372935295
1981,0.09411486238241196,0.027708562090992928
1982,0.09401547908782959,0.027704479172825813
1983,0.09391621500253677,0.02770048938691616
1984,0.09381706267595291,0.02769659087061882
1985,0.0937180295586586,0.02769278734922409
1986,0.09361910074949265,0.027689073234796524
1987,0.09352028369903564,0.027685465291142464
1988,0.0934215784072876,0.027681943029165268
1989,0.0933230072259903,0.027678515762090683
1990,0.09322453290224075,0.02767518162727356
1991,0.09312616288661957,0.027671942487359047
1992,0.09302791208028793,0.027668796479701996
1993,0.09292978793382645,0.027665743604302406
1994,0.09283176809549332,0.027662785723805428
1995,0.09273386001586914,0.02765992283821106
1996,0.09263607114553452,0.027657151222229004
1997,0.09253840148448944,0.02765447460114956
1998,0.09244084358215332,0.027651889249682426
1999,0.09234339743852615,0.027649402618408203
2000,0.09224608540534973,0.02764700911939144
2001,0.09214885532855988,0.027644706889986992
2002,0.09205172955989838,0.027642501518130302
2003,0.09195476025342941,0.027640385553240776
2004,0.09185788780450821,0.02763836458325386
2005,0.09176113456487656,0.027636440470814705
2006,0.09166447818279266,0.02763461321592331
2007,0.09156796336174011,0.02763286978006363
2008,0.09147156774997711,0.027631225064396858
2009,0.09137526899576187,0.027629675343632698
2010,0.09127908945083618,0.0276282150298357
2011,0.09118302911520004,0.027626851573586464
2012,0.09108708053827286,0.027625583112239838
2013,0.09099125117063522,0.027624400332570076
2014,0.09089554101228714,0.02762332186102867
2015,0.09079993516206741,0.02762233093380928
2016,0.09070445597171783,0.027621431276202202
2017,0.09060908854007721,0.027620628476142883
2018,0.09051384776830673,0.027619922533631325
2019,0.09041871875524521,0.02761930413544178
2020,0.09032369405031204,0.027618780732154846
2021,0.09022880345582962,0.027618352323770523
2022,0.09013401716947556,0.027618015184998512
2023,0.09003936499357224,0.027617773041129112
2024,0.08994480967521667,0.027617622166872025
2025,0.08985038101673126,0.027617566287517548
2026,0.0897560641169548,0.027617603540420532
2027,0.08966187387704849,0.02761773206293583
2028,0.08956781029701233,0.027617957442998886
2029,0.08947385102510452,0.027618272230029106
2030,0.08938001096248627,0.02761867828667164
2031,0.08928627520799637,0.02761918306350708
2032,0.08919268101453781,0.027619780972599983
2033,0.0890992134809494,0.0276204664260149
2034,0.08900583535432816,0.027621246874332428
2035,0.08891259878873825,0.027622122317552567
2036,0.0888194665312767,0.027623089030385017
2037,0.0887264534831047,0.02762414887547493
2038,0.08863355964422226,0.027625303715467453
2039,0.08854079246520996,0.02762654609978199
2040,0.08844813704490662,0.027627887204289436
2041,0.08835560828447342,0.027629319578409195
2042,0.08826318383216858,0.027630839496850967
2043,0.08817089349031448,0.0276324562728405
2044,0.08807870745658875,0.027634166181087494
2045,0.08798664063215256,0.02763596922159195
2046,0.08789470791816711,0.027637863531708717
2047,0.08780287951231003,0.02763984724879265
2048,0.08771118521690369,0.02764192782342434
2049,0.0876196101307869,0.027644101530313492
2050,0.08752813190221786,0.02764636091887951
2051,0.08743679523468018,0.027648719027638435
2052,0.08734556287527084,0.027651164680719376
2053,0.08725447952747345,0.027653705328702927
2054,0.08716350048780441,0.02765634097158909
2055,0.08707264065742493,0.027659066021442413
2056,0.0869818851351738,0.027661878615617752
2057,0.08689125627279282,0.027664789929986
2058,0.08680075407028198,0.02766779065132141
2059,0.0867103859782219,0.027670882642269135
2060,0.08662010729312897,0.02767406590282917
2061,0.08652996271848679,0.027677346020936966
2062,0.08643994480371475,0.027680711820721626
2063,0.08635004609823227,0.027684174478054047
2064,0.08626028895378113,0.02768772654235363
2065,0.08617062121629715,0.027691368013620377
2066,0.08608108758926392,0.027695104479789734
2067,0.08599166572093964,0.027698932215571404
2068,0.0859023705124855,0.02770284377038479
2069,0.08581318706274033,0.02770686149597168
2070,0.08572414517402649,0.027710959315299988
2071,0.0856352150440216,0.027715152129530907
2072,0.08554638922214508,0.027719436213374138
2073,0.0854577124118805,0.027723809704184532
2074,0.08536914736032486,0.027728281915187836
2075,0.08528069406747818,0.027732836082577705
2076,0.08519237488508224,0.027737483382225037
2077,0.08510416001081467,0.02774222381412983
2078,0.08501610159873962,0.027747055515646935
2079,0.08492812514305115,0.027751972898840904
2080,0.08484029024839401,0.027756987139582634
2081,0.08475256711244583,0.027762092649936676
2082,0.0846649780869484,0.027767285704612732
2083,0.0845775157213211,0.02777257189154625
2084,0.08449015766382217,0.02777794562280178
2085,0.08440294116735458,0.027783412486314774
2086,0.08431582897901535,0.02778897061944008
2087,0.08422883599996567,0.02779461443424225
2088,0.08414199203252792,0.02780035138130188
2089,0.08405525237321854,0.027806177735328674
2090,0.0839686393737793,0.027812093496322632
2091,0.08388214558362961,0.02781810238957405
2092,0.08379577100276947,0.027824202552437782
2093,0.08370953053236008,0.027830392122268677
2094,0.08362339437007904,0.027836669236421585
2095,0.08353739976882935,0.027843035757541656
2096,0.08345150947570801,0.02784949541091919
2097,0.08336574584245682,0.027856040745973587
2098,0.08328012377023697,0.027862675487995148
2099,0.08319460600614548,0.02786940708756447
2100,0.08310922980308533,0.027876222506165504
2101,0.08302395045757294,0.027883125469088554
2102,0.08293882757425308,0.027890123426914215
2103,0.08285380154848099,0.02789720892906189
2104,0.08276890963315964,0.027904383838176727
2105,0.08268415182828903,0.02791164442896843
2106,0.08259949088096619,0.027919000014662743
2107,0.08251495659351349,0.02792643941938877
2108,0.08243057131767273,0.02793397568166256
2109,0.08234628289937973,0.027941597625613213
2110,0.08226213604211807,0.027949301525950432
2111,0.08217808604240417,0.027957096695899963
2112,0.08209418505430222,0.027964988723397255
2113,0.082010418176651,0.027972962707281113
2114,0.08192675560712814,0.027981024235486984
2115,0.08184322714805603,0.027989178895950317
2116,0.08175979554653168,0.027997417375445366
2117,0.08167652040719986,0.028005747124552727
2118,0.081593357026577,0.028014160692691803
2119,0.08151032030582428,0.02802266739308834
2120,0.08142741024494171,0.028031261637806892
2121,0.0813446119427681,0.028039943426847458
2122,0.08126194775104523,0.028048714622855186
2123,0.08117939531803131,0.02805757150053978
2124,0.08109698444604874,0.028066519647836685
2125,0.08101468533277512,0.028075549751520157
2126,0.08093252032995224,0.02808467112481594
2127,0.08085048198699951,0.02809387631714344
2128,0.08076854795217514,0.0281031783670187
2129,0.08068674057722092,0.028112560510635376
2130,0.08060507476329803,0.028122028335928917
2131,0.0805235207080841,0.02813158556818962
2132,0.08044210821390152,0.02814123034477234
2133,0.08036080002784729,0.02815096266567707
2134,0.0802796334028244,0.028160784393548965
2135,0.08019857853651047,0.028170689940452576
2136,0.08011765778064728,0.02818068489432335
2137,0.08003685623407364,0.02819076180458069
2138,0.07995618134737015,0.02820092998445034
2139,0.07987562566995621,0.028211185708642006
2140,0.07979520410299301,0.02822151966392994
2141,0.07971490174531937,0.028231948614120483
2142,0.07963473349809647,0.028242457658052444
2143,0.07955468446016312,0.02825305610895157
2144,0.07947473227977753,0.028263742104172707
2145,0.07939495891332626,0.02827451005578041
2146,0.07931528240442276,0.028285369277000427
2147,0.0792357325553894,0.02829630859196186
2148,0.079156294465065,0.028307337313890457
2149,0.07907698303461075,0.02831845171749592
2150,0.07899782061576843,0.028329649940133095
2151,0.07891876250505447,0.028340935707092285
2152,0.07883985340595245,0.02835230715572834
2153,0.0787610411643982,0.028363758698105812
2154,0.07868235558271408,0.028375299647450447
2155,0.0786038190126419,0.028386928141117096
2156,0.07852538675069809,0.028398636728525162
2157,0.07844708859920502,0.028410430997610092
2158,0.0783689022064209,0.028422309085726738
2159,0.07829086482524872,0.028434276580810547
2160,0.07821293920278549,0.028446326032280922
2161,0.07813514024019241,0.028458459302783012
2162,0.07805745303630829,0.028470678254961967
2163,0.0779799073934555,0.02848297916352749
2164,0.07790248095989227,0.028495369479060173
2165,0.07782519608736038,0.028507836163043976
2166,0.07774802297353745,0.028520390391349792
2167,0.07767098397016525,0.028533030301332474
2168,0.07759404927492142,0.02854575403034687
2169,0.07751724869012833,0.028558557853102684
2170,0.07744059711694717,0.02857144922018051
2171,0.07736406475305557,0.028584422543644905
2172,0.07728762179613113,0.028597481548786163
2173,0.07721132785081863,0.02861061878502369
2174,0.07713515311479568,0.02862384170293808
2175,0.07705911248922348,0.028637150302529335
2176,0.07698319107294083,0.028650537133216858
2177,0.07690739631652832,0.028664015233516693
2178,0.07683172076940536,0.028677569702267647
2179,0.07675618678331375,0.028691204264760017
2180,0.07668077945709229,0.028704924508929253
2181,0.07660548388957977,0.028718730434775352
2182,0.07653030753135681,0.02873261459171772
2183,0.07645528018474579,0.028746580705046654
2184,0.07638034969568253,0.028760628774762154
2185,0.0763055607676506,0.02877476066350937
2186,0.07623090595006943,0.02878897450864315
2187,0.0761563628911972,0.02880326844751835
2188,0.07608196139335632,0.028817644342780113
2189,0.0760076716542244,0.028832105919718742
2190,0.07593350857496262,0.02884664386510849
2191,0.07585945725440979,0.028861258178949356
2192,0.0757855698466301,0.028875969350337982
2193,0.07571177929639816,0.02889074943959713
2194,0.07563812285661697,0.028905613347887993
2195,0.07556460052728653,0.028920557349920273
2196,0.07549118250608444,0.02893558144569397
2197,0.0754178985953331,0.02895069122314453
2198,0.0753447562456131,0.02896587923169136
2199,0.07527171820402145,0.028981151059269905
2200,0.07519879192113876,0.02899649366736412
2201,0.0751260370016098,0.0290119219571352
2202,0.075053371489048,0.029027430340647697
2203,0.07498084753751755,0.029043016955256462
2204,0.07490843534469604,0.029058683663606644
2205,0.07483615726232529,0.02907443232834339
2206,0.07476401329040527,0.029090259224176407
2207,0.07469199597835541,0.02910616807639599
2208,0.0746200904250145,0.029122157022356987
2209,0.07454831153154373,0.029138216748833656
2210,0.07447666674852371,0.02915436215698719
2211,0.07440513372421265,0.029170585796236992
2212,0.07433373481035233,0.029186883941292763
2213,0.07426246255636215,0.0292032640427351
2214,0.07419132441282272,0.029219727963209152
2215,0.07412029802799225,0.029236262664198875
2216,0.07404939830303192,0.029252877458930016
2217,0.07397862523794174,0.02926957607269287
2218,0.07390798628330231,0.029286345466971397
2219,0.07383745163679123,0.02930320054292679
2220,0.07376706600189209,0.0293201245367527
2221,0.0736967921257019,0.02933713234961033
2222,0.07362665981054306,0.029354210942983627
2223,0.07355664670467377,0.029371369630098343
2224,0.07348675280809402,0.029388612136244774
2225,0.07341698557138443,0.029405923560261726
2226,0.07334735244512558,0.029423320665955544
2227,0.07327782362699509,0.02944078855216503
2228,0.07320842891931534,0.029458332806825638
2229,0.07313916087150574,0.02947595901787281
2230,0.07307001948356628,0.029493657872080803
2231,0.07300100475549698,0.029511433094739914
2232,0.07293210923671722,0.029529284685850143
2233,0.07286335527896881,0.02954721264541149
2234,0.07279470562934875,0.02956521324813366
2235,0.07272619009017944,0.029583299532532692
2236,0.07265780121088028,0.029601456597447395
2237,0.07258952409029007,0.02961968630552292
2238,0.0725213959813118,0.02963799424469471
2239,0.07245338708162308,0.02965637855231762
2240,0.07238548249006271,0.0296748336404562
2241,0.07231772691011429,0.0296933650970459
2242,0.07225008308887482,0.029711976647377014
2243,0.0721825584769249,0.0297306627035141
2244,0.07211516797542572,0.029749419540166855
2245,0.07204790413379669,0.02976825088262558
2246,0.07198075950145721,0.029787156730890274
2247,0.07191373407840729,0.02980613522231579
2248,0.0718468427658081,0.02982519194483757
2249,0.07178007811307907,0.029844321310520172
2250,0.07171344012022018,0.029863521456718445
2251,0.07164692878723145,0.029882803559303284
2252,0.07158051431179047,0.029902150854468346
2253,0.07151424884796143,0.029921576380729675
2254,0.07144810259342194,0.029941072687506676
2255,0.071382075548172,0.029960643500089645
2256,0.0713161751627922,0.029980286955833435
2257,0.07125040888786316,0.030000003054738045
2258,0.07118476182222366,0.030019789934158325
2259,0.07111924141645432,0.030039656907320023
2260,0.07105384767055511,0.030059583485126495
2261,0.07098856568336487,0.030079592019319534
2262,0.07092341780662537,0.030099669471383095
2263,0.07085838913917542,0.030119819566607475
2264,0.07079349458217621,0.030140046030282974
2265,0.07072870433330536,0.030160335823893547
2266,0.07066405564546585,0.030180703848600388
2267,0.0705995261669159,0.03020113706588745
2268,0.07053512334823608,0.030221648514270782
2269,0.07047082483768463,0.030242227017879486
2270,0.07040668278932571,0.03026287816464901
2271,0.07034264504909515,0.030283594503998756
2272,0.07027872651815414,0.03030438907444477
2273,0.07021494209766388,0.030325254425406456
2274,0.07015127688646317,0.030346184968948364
2275,0.070087730884552,0.03036719374358654
2276,0.07002431899309158,0.03038826212286949
2277,0.06996101886034012,0.03040940873324871
2278,0.06989786028862,0.030430620536208153
2279,0.06983482092618942,0.030451904982328415
2280,0.0697718933224678,0.0304732546210289
2281,0.06970908492803574,0.030494675040245056
2282,0.0696464255452156,0.030516162514686584
2283,0.06958387792110443,0.030537724494934082
2284,0.0695214569568634,0.0305593553930521
2285,0.06945912539958954,0.030581051483750343
2286,0.0693969577550888,0.030602816492319107
2287,0.06933488696813583,0.030624650418758392
2288,0.0692729502916336,0.03064655512571335
2289,0.06921114772558212,0.030668526887893677
2290,0.0691494420170784,0.03069056198000908
2291,0.06908788532018661,0.0307126697152853
2292,0.06902645528316498,0.030734842643141747
2293,0.0689651221036911,0.030757088214159012
2294,0.06890393048524857,0.030779391527175903
2295,0.06884284317493439,0.030801765620708466
2296,0.06878188252449036,0.030824214220046997
2297,0.06872106343507767,0.030846726149320602
2298,0.06866036355495453,0.03086930327117443
2299,0.06859976798295975,0.030891941860318184
2300,0.06853929162025452,0.030914653092622757
2301,0.06847896426916122,0.03093743324279785
2302,0.0684187263250351,0.030960267409682274
2303,0.0683586448431015,0.030983177945017815
2304,0.06829866766929626,0.03100615181028843
2305,0.06823880970478058,0.031029189005494118
2306,0.06817909330129623,0.03105229325592518
2307,0.06811947375535965,0.031075462698936462
2308,0.06805997341871262,0.03109869733452797
2309,0.06800063699483871,0.031122000887989998
2310,0.06794138252735138,0.03114536590874195
2311,0.06788225471973419,0.03116879239678383
2312,0.06782326102256775,0.031192287802696228
2313,0.06776437908411026,0.03121584840118885
2314,0.06770561635494232,0.031239474192261696
2315,0.06764698773622513,0.031263161450624466
2316,0.06758847087621689,0.031286902725696564
2317,0.0675300806760788,0.03131071850657463
2318,0.06747179478406906,0.03133459761738777
2319,0.06741364300251007,0.031358540058135986
2320,0.06735561788082123,0.031382542103528976
2321,0.06729771196842194,0.03140660375356674
2322,0.0672399252653122,0.03143073618412018
2323,0.067182257771492,0.03145493194460869
2324,0.06712470948696136,0.031479183584451675
2325,0.06706728041172028,0.031503502279520035
2326,0.06700997799634933,0.03152788057923317
2327,0.06695278733968735,0.03155232220888138
2328,0.06689572334289551,0.03157682344317436
2329,0.06683878600597382,0.03160138800740242
2330,0.06678196787834167,0.03162601590156555
2331,0.06672525405883789,0.03165070340037346
2332,0.06666867434978485,0.03167545050382614
2333,0.06661220639944077,0.0317002609372139
2334,0.06655586510896683,0.03172512724995613
2335,0.06649965047836304,0.03175005689263344
2336,0.0664435401558876,0.03177504986524582
2337,0.06638756394386292,0.03180009499192238
2338,0.06633170694112778,0.031825218349695206
2339,0.0662759467959404,0.03185039013624191
2340,0.06622032821178436,0.031875621527433395
2341,0.06616481393575668,0.031900908797979355
2342,0.06610943377017975,0.03192625939846039
2343,0.06605416536331177,0.0319516658782959
2344,0.06599900871515274,0.03197713941335678
2345,0.06594399362802505,0.03200266510248184
2346,0.06588909029960632,0.032028257846832275
2347,0.06583428382873535,0.03205389529466629
2348,0.06577962636947632,0.03207959979772568
2349,0.06572506576776505,0.03210536018013954
2350,0.06567063927650452,0.03213117644190788
2351,0.06561632454395294,0.032157052308321
2352,0.06556213647127151,0.03218299150466919
2353,0.06550804525613785,0.03220898285508156
2354,0.06545408815145493,0.032235037535429
2355,0.06540024280548096,0.03226114436984062
2356,0.06534652411937714,0.03228729963302612
2357,0.06529293209314346,0.03231353312730789
2358,0.06523942947387695,0.032339807599782944
2359,0.06518606841564178,0.03236614167690277
2360,0.06513281166553497,0.032392531633377075
2361,0.06507968157529831,0.032418981194496155
2362,0.0650266632437706,0.032445479184389114
2363,0.06497376412153244,0.03247204050421715
2364,0.06492097675800323,0.03249865397810936
2365,0.06486832350492477,0.03252531960606575
2366,0.06481577455997467,0.03255204111337662
2367,0.06476335972547531,0.03257882222533226
2368,0.06471104174852371,0.032605648040771484
2369,0.06465885788202286,0.03263254091143608
2370,0.06460677087306976,0.03265947848558426
2371,0.06455481797456741,0.03268647938966751
2372,0.06450298428535461,0.03271353617310524
2373,0.06445124745368958,0.03274063766002655
2374,0.06439963728189468,0.03276779502630234
2375,0.06434813886880875,0.0327950082719326
2376,0.06429677456617355,0.03282227739691734
2377,0.06424550712108612,0.032849594950675964
2378,0.06419436633586884,0.03287696838378906
2379,0.0641433373093605,0.03290438652038574
2380,0.06409242004156113,0.032931867986917496
2381,0.0640416294336319,0.03295939788222313
2382,0.06399095803499222,0.03298697993159294
2383,0.0639403834939003,0.03301461413502693
2384,0.06388994306325912,0.033042293041944504
2385,0.0638396143913269,0.03307002782821655
2386,0.06378939747810364,0.03309782221913338
2387,0.06373929232358932,0.03312566131353378
2388,0.06368931382894516,0.033153556287288666
2389,0.06363941729068756,0.03318149596452713
2390,0.0635896772146225,0.03320949152112007
2391,0.06354004144668579,0.03323753550648689
2392,0.06349051743745804,0.03326563164591789
2393,0.06344109028577805,0.03329377621412277
2394,0.0633917823433876,0.03332197293639183
2395,0.0633426085114479,0.03335021808743477
2396,0.06329353898763657,0.03337851166725159
2397,0.06324458867311478,0.033406857401132584
2398,0.06319573521614075,0.03343525901436806
2399,0.06314700841903687,0.03346369415521622
2400,0.06309840828180313,0.033492181450128555
2401,0.06304991245269775,0.03352072834968567
2402,0.06300152093172073,0.03354931250214577
2403,0.06295324116945267,0.03357795253396034
2404,0.06290508806705475,0.0336066335439682
2405,0.06285704672336578,0.033635370433330536
2406,0.06280912458896637,0.033664148300886154
2407,0.06276129931211472,0.03369297832250595
2408,0.06271359324455261,0.03372185304760933
2409,0.06266601383686066,0.03375077247619629
2410,0.06261853128671646,0.03377974033355713
2411,0.06257117539644241,0.03380875289440155
2412,0.06252393126487732,0.03383781760931015
2413,0.06247677654027939,0.03386692702770233
2414,0.0624297559261322,0.03389608487486839
2415,0.06238283962011337,0.033925287425518036
2416,0.0623360350728035,0.03395454213023186
2417,0.06228932365775108,0.033983830362558365
2418,0.06224276125431061,0.03401317819952965
2419,0.062196284532547,0.034042563289403915
2420,0.06214992702007294,0.034071989357471466
2421,0.06210368499159813,0.0341014638543129
2422,0.062057554721832275,0.034130990505218506
2423,0.06201153248548508,0.0341605506837368
2424,0.06196562945842743,0.03419015556573868
2425,0.06191981956362724,0.034219808876514435
2426,0.0618741437792778,0.03424950689077377
2427,0.06182856112718582,0.034279245883226395
2428,0.061783090233802795,0.034309033304452896
2429,0.061737727373838425,0.03433885797858238
2430,0.061692506074905396,0.03436873108148575
2431,0.061647363007068634,0.0343986414372921
2432,0.06160233914852142,0.03442859649658203
2433,0.06155742332339287,0.03445859253406525
2434,0.06151263415813446,0.034488629549741745
2435,0.061467938125133514,0.034518711268901825
2436,0.06142336130142212,0.034548837691545486
2437,0.06137889251112938,0.03457900136709213
2438,0.0613345168530941,0.03460921347141266
2439,0.06129027530550957,0.03463946655392647
2440,0.0612461231648922,0.03466976061463356
2441,0.06120207533240318,0.034700095653533936
2442,0.061158161610364914,0.034730464220047
2443,0.061114352196455,0.03476088121533394
2444,0.061070628464221954,0.03479133918881416
2445,0.06102703511714935,0.03482184186577797
2446,0.06098353862762451,0.034852370619773865
2447,0.060940150171518326,0.03488294407725334
2448,0.06089688092470169,0.0349135622382164
2449,0.060853712260723114,0.03494421765208244
2450,0.060810647904872894,0.03497490659356117
2451,0.060767706483602524,0.035005632787942886
2452,0.060724858194589615,0.03503640368580818
2453,0.060682136565446854,0.035067226737737656
2454,0.060639508068561554,0.03509806469082832
2455,0.06059699133038521,0.03512895479798317
2456,0.06055458262562752,0.035159870982170105
2457,0.060512274503707886,0.03519084304571152
2458,0.0604700893163681,0.03522183746099472
2459,0.06042799353599548,0.035252880305051804
2460,0.06038600951433182,0.035283949226140976
2461,0.060344148427248,0.03531505912542343
2462,0.06030237302184105,0.03534621372818947
2463,0.06026070564985275,0.035377394407987595
2464,0.06021915748715401,0.035408612340688705
2465,0.06017771735787392,0.0354398749768734
2466,0.060136374086141586,0.03547116369009018
2467,0.060095127671957016,0.035502493381500244
2468,0.060054004192352295,0.03553386032581329
2469,0.060012977570295334,0.03556526452302933
2470,0.05997205525636673,0.03559669479727745
2471,0.05993124097585678,0.035628173500299454
2472,0.05989053472876549,0.03565968573093414
2473,0.05984993278980255,0.03569122403860092
2474,0.05980943143367767,0.03572280704975128
2475,0.05976902320981026,0.03575441241264343
2476,0.05972874164581299,0.035786066204309464
2477,0.059688542038202286,0.035817746073007584
2478,0.059648461639881134,0.03584945574402809
2479,0.059608493000268936,0.035881198942661285
2480,0.0595686249434948,0.03591298311948776
2481,0.05952884256839752,0.03594479709863663
2482,0.059489183127880096,0.03597664088010788
2483,0.05944962427020073,0.03600851818919182
2484,0.05941017344594002,0.03604042902588844
2485,0.05937081575393677,0.036072373390197754
2486,0.059331558644771576,0.03610435500741005
2487,0.05929242819547653,0.03613635152578354
2488,0.059253379702568054,0.03616839647293091
2489,0.05921443924307823,0.03620046377182007
2490,0.05917561054229736,0.036232564598321915
2491,0.05913686379790306,0.03626469522714615
2492,0.059098243713378906,0.036296866834163666
2493,0.05905970185995102,0.036329057067632675
2494,0.05902128294110298,0.03636128082871437
2495,0.058982957154512405,0.03639352694153786
2496,0.05894474312663078,0.03642582148313522
2497,0.05890662223100662,0.036458130925893784
2498,0.05886860191822052,0.03649047762155533
2499,0.05883069336414337,0.036522842943668365
2500,0.05879286676645279,0.036555252969264984
2501,0.05875515565276146,0.0365876778960228
2502,0.058717552572488785,0.03662014752626419
2503,0.05868004634976387,0.03665263578295708
2504,0.05864263325929642,0.03668515011668205
2505,0.05860533565282822,0.036717697978019714
2506,0.05856810882687569,0.036750275641679764
2507,0.058531008660793304,0.0367828793823719
2508,0.05849399417638779,0.03681550920009613
2509,0.058457087725400925,0.03684817627072334
2510,0.058420274406671524,0.03688086196780205
2511,0.05838356167078018,0.03691358119249344
2512,0.0583469420671463,0.03694632276892662
2513,0.05831044167280197,0.03697908669710159
2514,0.058274030685424805,0.03701188415288925
2515,0.05823772773146629,0.0370447039604187
2516,0.05820150300860405,0.03707754611968994
2517,0.05816539749503136,0.03711041808128357
2518,0.05812937021255493,0.03714332357048988
2519,0.058093465864658356,0.03717624768614769
2520,0.05805763974785805,0.03720918670296669
2521,0.058021917939186096,0.03724216669797897
2522,0.0579863004386425,0.03727516159415245
2523,0.057950787246227264,0.03730819374322891
2524,0.057915348559617996,0.03734124079346657
2525,0.057880040258169174,0.03737431392073631
